Scheme evaluation results:
Order: 8, No. cycles: 18
---------------------------------------------------------------------------------------------------
Vector a: 0.287675377976794999848341236700183948, -0.392748691430170055196645387631120480, -0.017437493485205523558666121014259061, 0.940148946714327932455927616400226999, -0.229824029150596401100755907739316371, -0.366596254178472106114518624356893709, 0.346578461037374770809414895908358204, -0.272000225435568926070722749200645442, 0.113007683621632154001665896145034065, 0.591196224329883154925959144788431958
Vector b: 0.575350755953589999696682473400365874, -1.360848138813930110089973248662633991, 1.325973151843519062972641006634117018, 0.554324741585136801939214226166361631, -1.013972799886329604140726041645002702, 0.280780291529385391911688792931211144, 0.412376630545364149707140998885512439, -0.956377081416502001848586497286807993, 1.182392448659766309851918289576876435
---------------------------------------------------------------------------------------------------
| Order |                  Error^2                   |                 Efficiency                 |
---------------------------------------------------------------------------------------------------
|   2   | 5.886191401237363038880927539077064657e-70 | 1.272148469642959389114964197589260938e+32 |
|   4   | 7.251618012341703263044411932156239512e-73 | 1.118645603383157671086878728889078125e+31 |
|   6   | 9.422275797821916447412144541111805942e-74 | 9.578269738298910657614716231557969666e+28 |
|   8   | 5.451840921245969621715465368831166726e-11 | 1.228990063584136422450783912967236604e-05 |
---------------------------------------------------------------------------------------------------

Scheme evaluation results:
Order: 8, No. cycles: 18
---------------------------------------------------------------------------------------------------
Vector a: -0.922900220892443927361404619476930033, -0.021478711006049984293350886217110502, 0.891202414637776138266290282641549661, 0.787885083940575942692831147100906463, 0.101644727474953568553545170229349361, -1.334610018577895520837021105639838154, -0.348881031528922556537961155571969870, 0.662842044304355007530587571844275730, 0.778934110308636777079530322177362568, 0.405361601339014554906953272912404857
Vector b: -1.845800441784887854722809238954390082, 1.802843019772787886136107466520203655, -0.020438190497235609603526901235084542, 1.596208358378387494989189195435754113, -1.392918903428480357882098854977108811, -1.276301133727310683791943356302984653, 0.578539070669465570716021045158966335, 0.747145017939244444345154098529763274, 0.810723202678029109813906545824880781
---------------------------------------------------------------------------------------------------
| Order |                  Error^2                   |                 Efficiency                 |
---------------------------------------------------------------------------------------------------
|   2   | 2.756548711594851244669775912146243818e-68 | 1.858969027897187121863823386616718945e+31 |
|   4   | 1.705191445292350272171004278973617198e-70 | 7.294968265902608586402455111409345703e+29 |
|   6   | 3.589746852556740162253189791066769539e-71 | 4.907192079744702385065107712523587227e+27 |
|   8   | 1.011704498508829414166358891853831979e-10 | 9.021798409510948596283165150549634247e-06 |
---------------------------------------------------------------------------------------------------

Scheme evaluation results:
Order: 8, No. cycles: 18
---------------------------------------------------------------------------------------------------
Vector a: 0.589692201057009524250525238647795211, 0.054760797088015318483637507094203126, -1.033632585018609204454372623684063805, -0.322737408885006017207806686980563656, 0.490775782499526539554592909371843515, 1.310176282331495230682461626429714217, -0.000780321444842879026128829927542698, -0.666595138631663091566572088283406208, 0.453944922906916019675383305591361808, 0.124395468097158559608279641740658545
Vector b: 1.179384402114019048501050477293575706, -1.069862807937988411533775463105175484, -0.997402362099229997374969784259408799, 0.351927544329217962959356410298743325, 0.629624020669835116149829408442854167, 1.990728543993155345215093844414816182, -1.992289186882841103267351504269920020, 0.659098909619514920134207327703985443, 0.248790936194317119216559283480529577
---------------------------------------------------------------------------------------------------
| Order |                  Error^2                   |                 Efficiency                 |
---------------------------------------------------------------------------------------------------
|   2   | 1.202324775215592307712277645530994837e-65 | 8.901108433160898502478655669363413086e+29 |
|   4   | 9.309864457066824203679164652360555138e-69 | 9.872753652796485856766122714118594360e+28 |
|   6   | 1.057989039293712598923551496664581307e-70 | 2.858409095657644221991270791270049095e+27 |
|   8   | 1.025709262121218543075189600503620666e-10 | 8.959996098894236357381970544000394797e-06 |
---------------------------------------------------------------------------------------------------

Scheme evaluation results:
Order: 8, No. cycles: 18
---------------------------------------------------------------------------------------------------
Vector a: 0.134666724556365634708036092258996660, 0.916350867744208735016487514086279259, 0.027637355125825126599306367042991414, 0.157037927907794259621219718146711669, -0.007886639183592059606426299474961601, -0.770859020383103996266977686853825999, 0.424705807872926876941293385959004062, -0.247856934195978335903555775489298042, -0.079123248371525578642209545789546859, 0.445327158927079337532826230113649500
Vector b: 0.269333449112731269416072184523608417, 1.563368286375686200616902843643618260, -1.508093576124035947418290109557398826, 1.822169431939624466660729545851075182, -1.837942710306808585873582144801100179, 0.296224669540600593339626771091334137, 0.553186946205253160542960000828282283, -1.048900814597209832350071551807808301, 0.890654317854158675065652460228389461
---------------------------------------------------------------------------------------------------
| Order |                  Error^2                   |                 Efficiency                 |
---------------------------------------------------------------------------------------------------
|   2   | 2.982032403953912734607042729753562567e-65 | 5.651956499347397489063457631569283447e+29 |
|   4   | 4.189093469121714140888384535469678423e-68 | 4.654252645271545560387461734311599731e+28 |
|   6   | 2.378929851517675084506547880181083016e-70 | 1.906224957814513753859104340889516115e+27 |
|   8   | 1.082426613271150813627162497674525917e-10 | 8.722093307747342234321113300332676299e-06 |
---------------------------------------------------------------------------------------------------

Scheme evaluation results:
Order: 8, No. cycles: 18
---------------------------------------------------------------------------------------------------
Vector a: -0.949475988878672023105163618911082481, -0.023645093740827265272630612133733460, 1.753115650537645789905449317694097545, 0.101315869569788341977003850557590128, -0.755512917329109892027954666267108055, -0.681411166366051152968121571630474677, -0.301456315409110516345315685134782550, 0.675973509976839056166210525105127818, 0.753329571079246641572984652619052678, 0.427766880560251020097537808101313035
Vector b: -1.898951977757344046210327237822190576, 1.851661790275689515665066013554687894, 1.654569510799602064145832621833515670, -1.451937771660025380191824920718243089, -0.059088062998194403864084411816173793, -1.303734269733907902072158731444532021, 0.700821638915686869381527361174869180, 0.651125381037991242950893689035397339, 0.855533761120502040195075616202669499
---------------------------------------------------------------------------------------------------
| Order |                  Error^2                   |                 Efficiency                 |
---------------------------------------------------------------------------------------------------
|   2   | 1.179502200017179285868062787638134879e-67 | 8.986811081520975258328182520365539062e+30 |
|   4   | 6.125317926912630912335465220352070409e-70 | 3.848980067307671793299480713127354126e+29 |
|   6   | 2.288586394333738844616308320912478446e-71 | 6.145840903070558480399918990282125473e+27 |
|   8   | 1.093001429417274087136340280421056553e-10 | 8.679797520528542883629549998048005582e-06 |
---------------------------------------------------------------------------------------------------

Scheme evaluation results:
Order: 8, No. cycles: 18
---------------------------------------------------------------------------------------------------
Vector a: -0.515025135626392049810631683272221035, -0.426382248969550662136882258374070012, 0.402619644305545059642156748496560950, 1.165787421677015557361876371123499387, -0.018428722943100378571115549723745380, -0.683091320985702266437752772720632895, -0.557190092189760436036293651460226092, 0.042554475501430540569124126759331391, 1.188024306453707804775884135959656916, 0.401131672776806830643634533211846743
Vector b: -1.030050271252784099621263366544484440, 0.177285773313682775347498849796471743, 0.627953515297407343936814647196559277, 1.703621328056623770786938095050368815, -1.740478773942824527929169194497851264, 0.374296131971419995053663649056643732, -1.488676316350940867126250951977027258, 1.573785267353801948264499205495674079, 0.802263345553613661287269066423645531
---------------------------------------------------------------------------------------------------
| Order |                  Error^2                   |                 Efficiency                 |
---------------------------------------------------------------------------------------------------
|   2   | 9.059301350458243052456122938604146897e-68 | 1.025433819377209396725327200092455469e+31 |
|   4   | 9.325403895139422062049185832266773860e-71 | 9.864524464502944185594609006382144775e+29 |
|   6   | 3.514417680045238384483513724825502358e-72 | 1.568333003984880777087528291972097588e+28 |
|   8   | 1.683958949313961667476023837533069167e-10 | 6.992849943913334575645419842358844281e-06 |
---------------------------------------------------------------------------------------------------

Scheme evaluation results:
Order: 8, No. cycles: 18
---------------------------------------------------------------------------------------------------
Vector a: -1.187458554595369473197364015715929770, -0.001737503202748082815353550783373583, 2.043045516454086371737052101947184955, 0.018320166011172943879674312902662915, -0.623062795296096105127216685776059682, 0.487020345898533262628493063327986567, -0.316652831570185976165309591475547419, -0.067784038912102072763967735740980756, 0.584128665007565182752838191014750060, 0.064181030205143949071153910299306693
Vector b: -2.374917109190738946394728031423948590, 2.371442102785242780764020929857228469, 1.714648930122929962710083274024606333, -1.678008598100584074950734648219514256, 0.431883007508391864696301276675034189, 0.542157684288674660560684849974572207, -1.175463347429046612891304032921491147, 1.039895269604842467363368561440500207, 0.128362060410287898142307820593012589
---------------------------------------------------------------------------------------------------
| Order |                  Error^2                   |                 Efficiency                 |
---------------------------------------------------------------------------------------------------
|   2   | 2.767670274061529543463075346207360955e-65 | 5.866753149609705022631872086601343994e+29 |
|   4   | 2.864233738112030662711509537190810220e-68 | 5.628669535495417289549325722187741852e+28 |
|   6   | 8.959061891206810595795513122730333682e-70 | 9.822763798441746582388722937472245693e+26 |
|   8   | 1.814969839934068487902074353012724085e-10 | 6.735739036207679102882587259584150471e-06 |
---------------------------------------------------------------------------------------------------

Scheme evaluation results:
Order: 8, No. cycles: 18
---------------------------------------------------------------------------------------------------
Vector a: 0.268160165333447536842831444625307167, -0.107220562298121038149751509941210154, -0.153800307138132411777173278408824815, -0.526568465960787086964108474917564415, 0.025691575267424644383665967308261004, 0.979639701815785474892609600380145762, 0.378626378472494647190796184954732787, -0.635641379354368731027169834049908656, -0.018677811935234416640120318479470284, 0.789790705797491381248420218528531649
Vector b: 0.536320330666895073685662889250567727, -0.750761455263137149985165909133047570, 0.443160840986872326430819352315384939, -1.496297772908446500359036302150395807, 1.547680923443295789126368236766921859, 0.411598480188275160658850963993333698, 0.345654276756714133722741405916176896, -1.616937035465451595777081074016024347, 1.579581411594982762496840437057082750
---------------------------------------------------------------------------------------------------
| Order |                  Error^2                   |                 Efficiency                 |
---------------------------------------------------------------------------------------------------
|   2   | 1.539465443400541102476550279450924603e-70 | 2.487539681894187826995276767750354688e+32 |
|   4   | 2.723778472928347079289852286712343622e-72 | 5.771970303533692063184738070033239258e+30 |
|   6   | 2.873129133356942244224549335945665182e-73 | 5.485135954226335652467973581686138153e+28 |
|   8   | 1.921450415698713633360344444023207104e-10 | 6.546442660982903376450413585715764189e-06 |
---------------------------------------------------------------------------------------------------

Scheme evaluation results:
Order: 8, No. cycles: 18
---------------------------------------------------------------------------------------------------
Vector a: 0.461607296580366233695189914475479022, -0.457398402636938742389578764752325686, -0.013953012854774087990738759206338321, 0.968657905119455120828748821663145342, -0.492166802677693102842406080426728876, -0.293753184944562930962527647754454475, 0.503745844276302340868091885893109977, -0.524842971254458298643972774683666678, 0.040766674675798616269863039264491119, 0.807336653716504851167330365527288592
Vector b: 0.923214593160732467390379828950955636, -1.838011398434609952169537358455749141, 1.810105372725061776188059840043082168, 0.127210437513848465469437803283310639, -1.111544042869234671154249964136739358, 0.524037672980108809229194668627875667, 0.483454015572495872506989103158293683, -1.533139958081412469794934652525642301, 1.614673307433009702334660731054613007
---------------------------------------------------------------------------------------------------
| Order |                  Error^2                   |                 Efficiency                 |
---------------------------------------------------------------------------------------------------
|   2   | 5.821216903846781377644049608164944751e-68 | 1.279228418645047732799522021241504883e+31 |
|   4   | 1.139918977793714086105395973237730821e-71 | 2.821454087713979568810059985371783203e+30 |
|   6   | 1.858897498246650667419176173178386256e-73 | 6.819259979202326239746753009938297272e+28 |
|   8   | 2.354063665395036172440020997167839090e-10 | 5.914402232432529292518832226427387695e-06 |
---------------------------------------------------------------------------------------------------

Scheme evaluation results:
Order: 8, No. cycles: 18
---------------------------------------------------------------------------------------------------
Vector a: 0.332861032840635169649462283792718187, 0.516380874939550739042640170348407425, -0.545310769702502435841219565975648646, -0.564450428425413822685923638211945972, -0.269026215250914158029181546112383519, 0.265102413723651405376834958639629343, 0.063231335481832283136926955971969695, -0.404050711513116658233324505144785872, 0.918244616630949141084011872323367696, 0.687017851275328336499773014368671820
Vector b: 0.665722065681270339298924567585439744, 0.367039684197831138786355773111362588, -1.457661223602836010468794905062672592, 0.328760366752008365096947628638823645, -0.866812797253836681155310720863588131, 1.397017624701139491908980638142857794, -1.270554953737474925635126726198912843, 0.462453530711241609168477715909324729, 1.374035702550656672999546028737365018
---------------------------------------------------------------------------------------------------
| Order |                  Error^2                   |                 Efficiency                 |
---------------------------------------------------------------------------------------------------
|   2   | 1.859130914883124049049622190419263653e-68 | 2.263601658472651396881941478173244922e+31 |
|   4   | 1.016110865387880127955857232932624293e-71 | 2.988404845465487747759202173428027832e+30 |
|   6   | 4.348488988466501691802426756427171442e-73 | 4.458571976765701207838745091745686340e+28 |
|   8   | 2.596268741304436068915509397469608796e-10 | 5.631772942137237415765790330138602237e-06 |
---------------------------------------------------------------------------------------------------

Scheme evaluation results:
Order: 8, No. cycles: 18
---------------------------------------------------------------------------------------------------
Vector a: 0.235524183347486021490002908215222952, -0.304925923369627153664834682244767749, -0.218709247935068767812837392317717389, -0.195617938936383034034761928935070418, 0.172164253657294136718176076402007942, 0.974607427404562402372650379217347279, -0.430668381666948838401158342157154456, -0.073713453987549795427719372272648823, 0.741689192597237448005816749857641216, 0.099649888888997580754665604235139457
Vector b: 0.471048366694972042980005816430439164, -1.080900213434226350309675180920004320, 0.643481717564088814684000396284581387, -1.034717595436854882753524254154704890, 1.379046102751443156189876406958721111, 0.570168752057681648555424351475984522, -1.431505515391579325357741035790296226, 1.284078607416479734502302291244993887, 0.199299777777995161509331208470285367
---------------------------------------------------------------------------------------------------
| Order |                  Error^2                   |                 Efficiency                 |
---------------------------------------------------------------------------------------------------
|   2   | 9.802772602829916137828621632386034603e-70 | 9.857811869173060419018007441479537500e+31 |
|   4   | 1.130163561793879401456559550173511489e-72 | 8.960646180802712133793046784616261719e+30 |
|   6   | 2.209489507747393314521598710136161289e-74 | 1.977966799422354059526650801754860229e+29 |
|   8   | 2.840007013559092324191973530972985290e-10 | 5.384684385192556623253141479646936024e-06 |
---------------------------------------------------------------------------------------------------

Scheme evaluation results:
Order: 8, No. cycles: 18
---------------------------------------------------------------------------------------------------
Vector a: -0.504942685615217812800174172927251820, -0.354429878078448418555953120787145121, 0.311068566375719634482910075525223157, -0.408061084668296867225594422942225313, 0.059805570213736720424031765831204165, 1.001758202268492567156127250599420948, 1.143369924249256627440138154985917281, -0.008120831582266317392747800426948641, -0.509301375223495169546905823415305598, 0.268853592060519036018168093557110829
Vector b: -1.009885371230435625600348345854364010, 0.301025615073538788488442104279888157, 0.321111517677900480477378046770821722, -1.137233687014494214928566892655404612, 1.256844827441967655776630424317835957, 0.746671577095017478535624076880829139, 1.540068271403495776344652233090996756, -1.556309934568028411130147833944898528, 0.537707184121038072036336187114295228
---------------------------------------------------------------------------------------------------
| Order |                  Error^2                   |                 Efficiency                 |
---------------------------------------------------------------------------------------------------
|   2   | 4.727155035938332122963435361036336187e-67 | 4.489056450752621325571596603040092773e+30 |
|   4   | 9.329936156397135626588588589724371510e-70 | 3.118678768123570213902450132841416626e+29 |
|   6   | 5.848470428560005069490350826199317482e-71 | 3.844535010698872132742422685032496452e+27 |
|   8   | 3.002678035999477369673695000981187891e-10 | 5.236795027312124696971287889639248762e-06 |
---------------------------------------------------------------------------------------------------

Scheme evaluation results:
Order: 8, No. cycles: 18
---------------------------------------------------------------------------------------------------
Vector a: 0.696201452780272298484894404419673876, 0.146771263889968568858980563583686841, -0.366442852847045704758198232612974230, 0.460295046579874899987599735718348361, -0.545448389481691780264334184103474506, -0.394058105446295861319517287717301177, 0.538817677311819203001355896576231939, -0.523181728987997866029970014141527615, 0.176872112236645983536282115720553105, 0.810173523964450258502907002556783431
Vector b: 1.392402905560544596969788808839352374, -1.098860377780607459251827681671967907, 0.365974672086516049735431216445996961, 0.554615421073233750239768254990729756, -1.645512200036617310768436623197716709, 0.857395989144025588129402047763091532, 0.220239365479612817873309745389396901, -1.266602823455608549933249773672477649, 1.620347047928900517005814005113594788
---------------------------------------------------------------------------------------------------
| Order |                  Error^2                   |                 Efficiency                 |
---------------------------------------------------------------------------------------------------
|   2   | 6.631021005470860131108552600752585531e-69 | 3.790223220584775113773143855176231641e+31 |
|   4   | 1.018498593269992640005884051495651347e-70 | 9.439082084581858940621614247845959473e+29 |
|   6   | 8.411288123525132221369182126762991417e-73 | 3.205779995502927301873165580798448563e+28 |
|   8   | 3.313569570475419110871287962103948489e-10 | 4.985077478239276415566616204124978669e-06 |
---------------------------------------------------------------------------------------------------

Scheme evaluation results:
Order: 8, No. cycles: 18
---------------------------------------------------------------------------------------------------
Vector a: 0.745810739418144818637552165818171408, -0.044135266952931138644914092605366085, -1.424973599627612045136670004414626614, 0.103282410700385006678609770843400621, 0.182056083414064697499094649630594802, -0.298307939388165849363032007856244938, 0.514064523653625776861144743431873033, 0.667264324619028942530143728556821958, 0.483042253141776752138878445534070187, 0.071896471021683038799192601061305689
Vector b: 1.491621478836289637275104331636556594, -1.579892012742151914564932516847294012, -1.270055186513072175708407491982394862, 1.476620007913842189065627033669204314, -1.112507841085712794067437734407960784, 0.515891962309381095341373718695396182, 0.512237084997870458380915768168632032, 0.822291564240187426679371688945039713, 0.143792942043366077598385202122820823
---------------------------------------------------------------------------------------------------
| Order |                  Error^2                   |                 Efficiency                 |
---------------------------------------------------------------------------------------------------
|   2   | 1.300904897667699898544981918131599338e-68 | 2.706027559984360532242726701173116797e+31 |
|   4   | 4.398974086701658918832394657487933448e-71 | 1.436264009092175864882863283161094482e+30 |
|   6   | 8.349542206616682466081091919830351633e-73 | 3.217611735038791299125268225393182755e+28 |
|   8   | 3.393718187465871120374767822155896049e-10 | 4.925860077323200944334578047436827039e-06 |
---------------------------------------------------------------------------------------------------

Scheme evaluation results:
Order: 8, No. cycles: 18
---------------------------------------------------------------------------------------------------
Vector a: 0.910352367113702655655107411882490949, -0.026486339593626999748668696930005443, -0.952270110981505720458412807707328758, 0.813221888251369961568103759554831972, 0.097393723510015655943530316529499891, -1.374802604328783645566078722615542451, -0.314692860722003808405779158273647472, 0.637807463125016479992783828318259743, 0.759216881079791217265554237569613953, 0.450259592546024203753859831671827634
Vector b: 1.820704734227405311310214823764882327, -1.873677413414659310807552217624894524, -0.030862808548352130109273397791023690, 1.657306585051092053245480916902027326, -1.462519138031060741358420283843041579, -1.287086070626506549773737161388072598, 0.657700349182498932962178844840822625, 0.617914577067534027023388811795682994, 0.900519185092048407507719663343617135
---------------------------------------------------------------------------------------------------
| Order |                  Error^2                   |                 Efficiency                 |
---------------------------------------------------------------------------------------------------
|   2   | 2.107944753252966798059302752055696620e-66 | 2.125814561719837099182765396086925537e+30 |
|   4   | 5.711798831477145492116005827733014605e-70 | 3.985873652458857141127580936986112061e+29 |
|   6   | 2.535617302821585234930900241525190206e-71 | 5.838793502108572417326375708991438866e+27 |
|   8   | 3.638606325799900508972867555873145416e-10 | 4.757211105657423825604680420378365406e-06 |
---------------------------------------------------------------------------------------------------

Scheme evaluation results:
Order: 8, No. cycles: 18
---------------------------------------------------------------------------------------------------
Vector a: 0.749200482697225840633170854176481170, -0.055615306026681635263390178318700596, -1.425937545131023972032909304214983424, 0.138953064534224996599516519817013931, 0.162344439784891569672508194033559785, -0.501032187342036775204836848283898897, 0.263424933852397521626191202863938884, 0.503164000598678946598807230235841784, 0.750967688796509040101039053140817155, 0.414530428235814467269903276549930263
Vector b: 1.498400965394451681266341708352815007, -1.609631577447814951793122064990219149, -1.242243512814232992272696543439471135, 1.520149641882682985471729583073486238, -1.195460762312899846126713195006456225, 0.193396387628826295717039498438579539, 0.333453480075968747535342907289559121, 0.672874521121389145662271553181852265, 0.829060856471628934539806553099854267
---------------------------------------------------------------------------------------------------
| Order |                  Error^2                   |                 Efficiency                 |
---------------------------------------------------------------------------------------------------
|   2   | 7.425656844637904141357477818527989260e-69 | 3.581686351239438432014030068304580469e+31 |
|   4   | 8.040452557098873910682901620385918249e-71 | 1.062355162610214831226703649104656982e+30 |
|   6   | 1.714441521286788952326614110525054679e-72 | 2.245451253013944772119194523542306519e+28 |
|   8   | 3.771138892345431969814589256504256810e-10 | 4.672869958748994765837574894987360300e-06 |
---------------------------------------------------------------------------------------------------

Scheme evaluation results:
Order: 8, No. cycles: 18
---------------------------------------------------------------------------------------------------
Vector a: 0.807322301900384767990911735520006279, -0.034442186149795023081657479121783472, -1.545084158908799418739130838082567182, 0.076062430964826443739480664525061430, 0.224691046007571672232178299920179325, -0.430550549283597549459384447942071651, 0.531081472698936090836709051723502234, 0.536024481269365951747404854849499490, 0.481989338301906887679331750918752304, 0.352905823199200177054156407689421176
Vector b: 1.614644603800769535981823471039908943, -1.683528976100359582145138429283481267, -1.406639341717239255333123246881449911, 1.558764203646892142812084575931575925, -1.109382111631748798347727976091254108, 0.248281013064553699428959080207090920, 0.813881932333318482244459023239931122, 0.258167030205413421250350686458835542, 0.705811646398400354108312815378842737
---------------------------------------------------------------------------------------------------
| Order |                  Error^2                   |                 Efficiency                 |
---------------------------------------------------------------------------------------------------
|   2   | 3.848663608501352756191375698627311507e-69 | 4.975079363788375653990553535500709375e+31 |
|   4   | 1.867048443671477130673285192861775215e-70 | 6.971595586532700469942195129643410645e+29 |
|   6   | 3.819981824699810476906159765336914246e-72 | 1.504299534443512385794748653405575562e+28 |
|   8   | 4.148114218604400404730269596772051145e-10 | 4.455481103318588382437852912517054002e-06 |
---------------------------------------------------------------------------------------------------

Scheme evaluation results:
Order: 8, No. cycles: 18
---------------------------------------------------------------------------------------------------
Vector a: 0.732695882123960928940500349097597131, 0.100929763202081265531221977459723568, -0.274862779784529702735186732572951745, 0.414857544699037212194348470632079381, -0.481146634927171868547828003956159354, -1.323868849405378000581025549815078848, -0.044115013097940496415078912562672679, 1.050588579082144549256989789815633991, 0.567428545685681138757593299994190668, 0.257492962422114973598465311907637959
Vector b: 1.465391764247921857881000698195168454, -1.263532237843759326818556743275717946, 0.713806678274699921348183278129809449, 0.115908411123374503040513663134350457, -1.078201680977718240136169671046674282, -1.569536017833037761025881428583441044, 1.481305991637156768195723603458095734, 0.619871166527132330318255976173143744, 0.514985924844229947196930623815265518
---------------------------------------------------------------------------------------------------
| Order |                  Error^2                   |                 Efficiency                 |
---------------------------------------------------------------------------------------------------
|   2   | 1.177238280247472607776185507815412931e-69 | 8.995448095606253806330255525762314062e+31 |
|   4   | 1.366753126594402730857943736725300996e-71 | 2.576706432025848914987968638760101074e+30 |
|   6   | 4.048601408894188935953317479535123974e-72 | 1.461209403533244042676470546169728470e+28 |
|   8   | 4.315359259203612417638316684262874937e-10 | 4.368290183215020248918780303543513511e-06 |
---------------------------------------------------------------------------------------------------

Scheme evaluation results:
Order: 8, No. cycles: 18
---------------------------------------------------------------------------------------------------
Vector a: 0.254089326978780389488439456797302852, -0.931429395868138668072519789316029741, 0.060505445108403952997111353771030937, -0.031636492432974005872558169092049610, -0.048144138663975311216690156045414303, 1.388604000577818683812763624599506240, -0.661779392023474840191651412052996052, -0.032432828631316440891693580587271561, 0.895328758600265808922790757529451837, 0.106894716354610431024007914396469498
Vector b: 0.508178653957560778976878913594712496, -2.371037445693838115121918492227404839, 2.492048335910646021116141199769389964, -2.555321320776594032861257537953529893, 2.459033043448643410427877225862772077, 0.318174957706993957197650023336189655, -1.641733741753943637580952847442083054, 1.576868084491310755797565686267505422, 0.213789432709220862048015828792448173
---------------------------------------------------------------------------------------------------
| Order |                  Error^2                   |                 Efficiency                 |
---------------------------------------------------------------------------------------------------
|   2   | 1.769298578421163062363931727053656758e-67 | 7.337606630786328843152061379008506836e+30 |
|   4   | 5.355078089394805215308787394045224468e-70 | 4.116490101749988086287714313205760498e+29 |
|   6   | 1.025240496939492566475317253615103198e-70 | 2.903702330567841457050374330484673023e+27 |
|   8   | 4.246387893306097380988397581094465428e-10 | 4.403622962630586063729796338165406576e-06 |
---------------------------------------------------------------------------------------------------

Scheme evaluation results:
Order: 8, No. cycles: 18
---------------------------------------------------------------------------------------------------
Vector a: 0.866156157641684745817206907133153219, 0.030483944861678178430466380181230432, -0.585555547931873819070581928367821370, 0.533797682547041286924316137175374609, -0.315367759369321200537440767261491927, -0.566298674275671710589975625773705754, 1.091474119780182824822776364076855644, -0.006220461867091981437456992803963941, -0.556706970120672551031960575582374882, 0.508237508734044226672650101222744027
Vector b: 1.732312315283369491634413814265790289, -1.671344425560013134773481053903356165, 0.500233329696265496632317197168234679, 0.567362035397817077216315077182243946, -1.198097554136459478291196611704636057, 0.065500205585116057111245360154661775, 2.117448033975249592534307368000733608, -2.129888957709433555409221353608677045, 1.016475017468088453345300202445004839
---------------------------------------------------------------------------------------------------
| Order |                  Error^2                   |                 Efficiency                 |
---------------------------------------------------------------------------------------------------
|   2   | 5.378348918496761009311016129244077294e-67 | 4.208530733598467245303899272480255859e+30 |
|   4   | 2.325195941910965484450005103548668169e-69 | 1.975514407816098264206585720836855164e+29 |
|   6   | 1.322171864316457780326670890059106942e-70 | 2.556942806031552239558804125061515331e+27 |
|   8   | 6.239675215910890156813226773497448077e-10 | 3.632778903724375872880846656181955568e-06 |
---------------------------------------------------------------------------------------------------

Scheme evaluation results:
Order: 8, No. cycles: 18
---------------------------------------------------------------------------------------------------
Vector a: -0.576178788905879365433353794392474453, -0.168448316168015075414325918243302087, 1.411101386801484489689954285899082342, -0.013234918057805818215307267979666549, -0.764658866383966647815850261023613503, -0.590791560327994013991386546808293391, -0.841068305726973812418854132914393981, 0.884532105845519111692921652607581579, 1.270804574215335335978103902431253705, 0.387942688708295795928098080423826364
Vector b: -1.152357577811758730866707588784989351, 0.815460945475728580038055752298438621, 2.006741828127240399341852819499571122, -2.033211664242852035772467355458898689, 0.503893931474918740140766833411776936, -1.685477052130906768123539927028264628, 0.003340440676959143285831661199859372, 1.765723771014079080100011644014911112, 0.775885377416591591856196160847595528
---------------------------------------------------------------------------------------------------
| Order |                  Error^2                   |                 Efficiency                 |
---------------------------------------------------------------------------------------------------
|   2   | 1.209567054558883970928193063683882348e-67 | 8.874420744191435042953228549837175781e+30 |
|   4   | 2.071955291421432539766420005878880273e-69 | 2.092761752900257082396088568856735229e+29 |
|   6   | 2.533525140386563478213888920913271363e-71 | 5.841203816372305555930664563561223984e+27 |
|   8   | 6.385585915638799672523028672646196273e-10 | 3.591034544467045563944131216843689982e-06 |
---------------------------------------------------------------------------------------------------

Scheme evaluation results:
Order: 8, No. cycles: 18
---------------------------------------------------------------------------------------------------
Vector a: 0.374405029723997451438763550172399652, -0.142148701361625424586448591150835832, -0.108752541757969552299082336537696843, 0.537538319713190064179131301513844943, -0.992618737306191786473808994421740697, 0.014363450434588890361717862227586373, 1.236241755427141478178704003692051563, -1.113290315229049392168326676520495051, -0.009275506086977590844576222904968642, 1.203537246442895862213926103929854462
Vector b: 0.748810059447994902877527100344770127, -1.033107462171245752050424282646372987, 0.815602378655306647452259609571030866, 0.259474260771073480906002993456635091, -2.244711735383457053853620982300111428, 2.273438636252634834577056706755279386, 0.199044874601648121780351300628704549, -2.425625505059746906117004653669607767, 2.407074492885791724427852207859671947
---------------------------------------------------------------------------------------------------
| Order |                  Error^2                   |                 Efficiency                 |
---------------------------------------------------------------------------------------------------
|   2   | 2.655125105911992066153673776088300550e-68 | 1.894141830300375709563312842974150781e+31 |
|   4   | 1.399827579479961231106463371635379454e-70 | 8.051424164426034905555436840512496338e+29 |
|   6   | 1.319950490631137775016240576098837080e-71 | 8.092564107869672459236788421503648758e+27 |
|   8   | 7.136095613992794345361606808801192461e-10 | 3.396953711372870354200985546002990040e-06 |
---------------------------------------------------------------------------------------------------

Scheme evaluation results:
Order: 8, No. cycles: 18
---------------------------------------------------------------------------------------------------
Vector a: 0.676517998421402692570809916481452394, 0.088003783054412983088430412731264057, 0.265543974742378851814983158675124512, -0.007392182572367068858121352912050892, -1.440327329709733134626934520496858425, -0.485426354303321000171805066781955914, 0.274116741435705032884328853042042342, 0.578989614558034393787691277995415827, 0.724148615110246557356812592301569447, 0.325825139263240692153804728963996601
Vector b: 1.353035996842805385141619832964201902, -1.177028430733979418964759007501624557, 1.708116380218737122594725324852009647, -1.722900745363471260310968030676159500, -1.157753914055995008942901010320007517, 0.186901205449353008599290876758114787, 0.361332277422057057169366829321876188, 0.796646951694011730406015726673503742, 0.651650278526481384307609457928085260
---------------------------------------------------------------------------------------------------
| Order |                  Error^2                   |                 Efficiency                 |
---------------------------------------------------------------------------------------------------
|   2   | 6.610645727543500028281657082348088000e-70 | 1.200419517838579903440443337099352656e+32 |
|   4   | 6.003322719009882380001687583030002941e-70 | 3.887891481828543314882024686157994385e+29 |
|   6   | 3.823708570422961102797975472147886360e-71 | 4.754694055379590564692674580211553574e+27 |
|   8   | 7.209169272477687646372462328153622400e-10 | 3.379693743081896919433382082941044900e-06 |
---------------------------------------------------------------------------------------------------

Scheme evaluation results:
Order: 8, No. cycles: 18
---------------------------------------------------------------------------------------------------
Vector a: 0.333953316360846880687292604590947935, -0.447840401227600739484589116894582820, -0.643899038854423161339423438660067537, 0.376444580346052521475207368589121349, 1.178237427380239053244528346650681803, -0.003072982045096905271564364765894803, -1.357876720834941421752636937536805241, 0.376649151695282855311836018645316810, 0.989585015948278649160239424955148043, 0.197819651231362267969110094426134436
Vector b: 0.667906632721693761374585209181842040, -1.563587435176895240343763442970980524, 0.275789357468048917664916565650999091, 0.477099803224056125285498171527119866, 1.879375051536421981203558521774152307, -1.885521015626615791746687251305943789, -0.830232426043267051758586623767489988, 1.583530729433832762382258661058059185, 0.395639302462724535938220188852241812
---------------------------------------------------------------------------------------------------
| Order |                  Error^2                   |                 Efficiency                 |
---------------------------------------------------------------------------------------------------
|   2   | 1.377368787889542951098137044144033130e-68 | 2.629843296503869644080023465258674609e+31 |
|   4   | 3.666936513510664599495005866373222331e-70 | 4.974601358083196311104641206903481445e+29 |
|   6   | 3.065889299364525808710239838907818558e-71 | 5.309904797124642510197606465493229866e+27 |
|   8   | 7.377927796286109731259640387119390854e-10 | 3.340817552984675656307879170716047104e-06 |
---------------------------------------------------------------------------------------------------

Scheme evaluation results:
Order: 8, No. cycles: 18
---------------------------------------------------------------------------------------------------
Vector a: 1.017268905995556923266870409536379369, -0.004676687397936716095030612495857860, -0.264679679302638244136004983840540457, 0.760079520706759779449250514313958008, -0.698972807410061255603434328393680298, -1.290750189624443067457742694298658799, -0.223827857967841794280725666747022583, 0.756299214047213191411246659663296588, 0.670211438684984370753294569444974084, 0.279048142268406812692276132817151849
Vector b: 2.034537811991113846533740819073490591, -2.043891186786987278723802044065196196, 1.514531828181710790451792076383950326, 0.005627213231808768446708952243295509, -1.403572828051931279653577609029964268, -1.177927551196954855261907779568202858, 0.730271835261271266700456446073824988, 0.782326592833155116122036873253881473, 0.558096284536813625384552265634920478
---------------------------------------------------------------------------------------------------
| Order |                  Error^2                   |                 Efficiency                 |
---------------------------------------------------------------------------------------------------
|   2   | 8.315117416143066304820301277134066323e-65 | 3.384704795339122534258925378123082886e+29 |
|   4   | 1.223512225516898080887922841676269559e-68 | 8.612035729777103020883030646511735535e+28 |
|   6   | 9.526670572474660032142789210901299953e-71 | 3.012273460521433896852266128518841267e+27 |
|   8   | 7.573344512578781829902353460505213076e-10 | 3.297433930295227323255932756370997568e-06 |
---------------------------------------------------------------------------------------------------

Scheme evaluation results:
Order: 8, No. cycles: 18
---------------------------------------------------------------------------------------------------
Vector a: 0.449066411380120802944646663544217772, 0.505045993976895695304588291032789198, -0.483112654249697548267125248675202997, -1.372628354709747096683443421532447092, 0.054019436103979049723468872271602664, 1.785305604615921069334649440023420305, -0.035140174951547420422915367668063661, -0.670268960590377141021372205490481943, 0.515166981717145116021925080527439331, 0.252545716707307473065577895966726370
Vector b: 0.898132822760241605889293327088280024, 0.111959165193549784719883254977197007, -1.078184473692944881254133752327503105, -1.667072235726549312112753090736784412, 1.775111107934507411559690835279976775, 1.795500101297334727109608044765957492, -1.865780451200429567955438780102074920, 0.525242530019675285912694369121532812, 0.505091433414614946131155791933418265
---------------------------------------------------------------------------------------------------
| Order |                  Error^2                   |                 Efficiency                 |
---------------------------------------------------------------------------------------------------
|   2   | 1.220705539825840827140229280411674332e-68 | 2.793505508263952025080573119854251562e+31 |
|   4   | 2.659221385745305086826164229267538075e-70 | 5.841612329006369312238785242936725464e+29 |
|   6   | 2.943181643989818076499556090905741978e-71 | 5.419465254507469350525831250594433784e+27 |
|   8   | 7.860924345984337541372670572616717626e-10 | 3.236556187303558474046403126056079896e-06 |
---------------------------------------------------------------------------------------------------

Scheme evaluation results:
Order: 8, No. cycles: 18
---------------------------------------------------------------------------------------------------
Vector a: 0.335513400372345175350138450152730005, 0.518999623267968849084268850462099257, -0.651096856484726684644428677576432211, -0.738051974804959050115632196468054726, 0.452131184384799595326762684902922215, -0.365838731624092292753642103910965744, 0.048585002089908824485999876109575128, 0.274600450301994280216845576671233112, 0.314867269637673089481527666411183803, 0.810290632859088213568159873245709142
Vector b: 0.671026800744690350700276900305466174, 0.366972445791247347468260800618711829, -1.669166158760700716757118155771553909, 0.193062209150782616525853762835427605, 0.711200159618816574127671606970387744, -1.442877622867001159634955814792308447, 1.540047627046818808606955567011455368, -0.990846726442830248173264413668995500, 1.620581265718176427136319746491409232
---------------------------------------------------------------------------------------------------
| Order |                  Error^2                   |                 Efficiency                 |
---------------------------------------------------------------------------------------------------
|   2   | 3.601443569649383508558376741986074791e-68 | 1.626359993540370953387103440456185742e+31 |
|   4   | 4.641919871558731759478063199010744049e-71 | 1.398173800417810973324788486903842529e+30 |
|   6   | 7.501311235690871393275894830389456064e-73 | 3.394660733277116784599638403261450195e+28 |
|   8   | 8.239558098900283050865332413503449308e-10 | 3.161316652208744221962629150423743290e-06 |
---------------------------------------------------------------------------------------------------

Scheme evaluation results:
Order: 8, No. cycles: 18
---------------------------------------------------------------------------------------------------
Vector a: 0.393538760095186126473529479246434341, -0.417962979319333191530146464874214280, -0.532719928506013401799962716947501506, 0.413449401994466322584064655118454400, -0.339130623042576734332668114040347140, 0.361900715304017810398674684154051283, 0.991278789261851206397921494308395925, -0.753699592959495230291173046962699381, -0.012966997808447196738820142567015689, 0.896312454980344288838580172564442114
Vector b: 0.787077520190372252947058958492866082, -1.623003478829038636007351888241306293, 0.557563621817011832407426454346349696, 0.269335182171920812760702855890516204, -0.947596428257074281426039083971176731, 1.671397858865109902223388452279255320, 0.311159719658592510572454536337528392, -1.818558905577582971154800630262923736, 1.792624909960688577677160345128890969
---------------------------------------------------------------------------------------------------
| Order |                  Error^2                   |                 Efficiency                 |
---------------------------------------------------------------------------------------------------
|   2   | 2.581094929442583692549286725885292852e-68 | 1.921113398675349180031976972839572852e+31 |
|   4   | 1.089732475086349249498350805292625139e-71 | 2.885692381271366214973618293247068848e+30 |
|   6   | 1.487640486794903747835176812830408429e-72 | 2.410549059647914025408804938737324524e+28 |
|   8   | 8.343404296578069717840243616903711910e-10 | 3.141581384260460968462849381811297945e-06 |
---------------------------------------------------------------------------------------------------

Scheme evaluation results:
Order: 8, No. cycles: 18
---------------------------------------------------------------------------------------------------
Vector a: -0.570231074646925820480528879705541813, -0.286048666985044374120622842883618307, 0.493914691338051133805842582382306506, -0.559520321137082695052190549966254247, 0.056080592736858584127150433980183992, 0.897076325962876574370685067945587615, 0.944412588761866386417495228625039239, -0.025861966124021993355928370392278385, -0.424176798189850283869959365284131629, 0.474354628283272488158056695298707007
Vector b: -1.140462149293851640961057759410585966, 0.568364815323762892719812073642843026, 0.419464567352339374891873091122400343, -1.538505209626504764996254191055355653, 1.650666395100221933250555059015860282, 0.143486256825531215490815076871834576, 1.745338920698201557344175380381347900, -1.797062852946245544056032121165958844, 0.948709256566544976316113390597614311
---------------------------------------------------------------------------------------------------
| Order |                  Error^2                   |                 Efficiency                 |
---------------------------------------------------------------------------------------------------
|   2   | 7.007012800823745228607531233710246646e-67 | 3.687130714985272486302876286399478516e+30 |
|   4   | 2.404530411653303801489970249211318931e-70 | 6.143202657633883033385851176458328857e+29 |
|   6   | 1.721755411472018233469435448920611623e-71 | 7.085642572799698194722763932592906952e+27 |
|   8   | 8.490990378124305201811324370993092833e-10 | 3.114159015604891732178381885940628355e-06 |
---------------------------------------------------------------------------------------------------

Scheme evaluation results:
Order: 8, No. cycles: 18
---------------------------------------------------------------------------------------------------
Vector a: 1.003495108739792500858638085443915239, -0.022384824152018601930094838794722424, -0.135291811082820198131363055662891424, 0.105935342987093934156208852424298270, -0.674440077488523058261147381758857181, 0.632180123191644542964814180414294763, -0.201200860968594421758001673713207649, -0.646750352825648175305264782018601268, 0.507437640800145177291874025690358730, 0.431019710798928300114336587975412980
Vector b: 2.006990217479585001717276170886870210, -2.051759865783622205577465848476422213, 1.781176243617981809314739737150984491, -1.569305557643793941002322032302339466, 0.220425402666747824480027268785401518, 1.043934843716541261449601092042666923, -1.446336565653730104965604439468598380, 0.152835860002433754355074875431266060, 0.862039421597856600228673175950170952
---------------------------------------------------------------------------------------------------
| Order |                  Error^2                   |                 Efficiency                 |
---------------------------------------------------------------------------------------------------
|   2   | 7.304763528935567531251231075994637240e-67 | 3.611203054457496890004412526547843262e+30 |
|   4   | 4.774217683100965760472141738651057882e-69 | 1.378665383251875012291056328695358582e+29 |
|   6   | 8.925528783511734268421579880224984905e-71 | 3.112060218015345311947028080869804382e+27 |
|   8   | 9.588705943385079839986910489818296140e-10 | 2.930488078744237181707173822279909724e-06 |
---------------------------------------------------------------------------------------------------

Scheme evaluation results:
Order: 8, No. cycles: 18
---------------------------------------------------------------------------------------------------
Vector a: 0.826075580217702766494384511136108791, 0.070515876040628256471240548590895609, -0.607842348405896773076882396010581261, 0.582343459876814269342870232737144257, -0.225692297876928872283546942947705719, 0.377273530932651307127046552626838721, -0.008322592346229829847238485343183828, -0.989792206187886118316836418938540696, 0.515781658411352708713283313164598377, 0.459659339337792285375679084984425824
Vector b: 1.652151160435405532988769022271700278, -1.511119408354149020046287925089951984, 0.295434711542355473892523133070541914, 0.869252208211273064793217332402295557, -1.320636803965130809360311218296789674, 2.075183865830433423614404323548780387, -2.091829050522893083308881294235215530, 0.112244638147120846675208456360733313, 0.919318678675584570751358169967905535
---------------------------------------------------------------------------------------------------
| Order |                  Error^2                   |                 Efficiency                 |
---------------------------------------------------------------------------------------------------
|   2   | 6.459959227671823534486305337347715145e-67 | 3.840078490221122659435962293430826172e+30 |
|   4   | 6.251089282243757380392803789253443627e-69 | 1.204847632659441730102761309286292572e+29 |
|   6   | 1.869170373225286560187361155696962409e-70 | 2.150505338541906911878191226055423498e+27 |
|   8   | 9.932068816309669644015046444412991381e-10 | 2.879387395370262200245848841626174462e-06 |
---------------------------------------------------------------------------------------------------

Scheme evaluation results:
Order: 8, No. cycles: 18
---------------------------------------------------------------------------------------------------
Vector a: 0.644815877911718584543977321334478457, 0.071037862988595313935652579463449907, -1.113742771216699055477619470333855540, -0.302886398004449390556633244524413964, 0.420057916676359813410787433158488218, -0.608695188393339753384387168405460749, -0.008836462777795129243869270441207574, 1.199638137820261310029657308410594641, 0.557705439406415786766723986282152682, 0.140905585588932519975710525055773951
Vector b: 1.289631755823437169087954642668805920, -1.147556029846246541216649483741926954, -1.079929512587151569738589456925552244, 0.474156716578252788625322967876833949, 0.365959116774466838196251898439921149, -1.583349493561146344965026235250573979, 1.565676568005556086477287694368162769, 0.833599707634966533582026922452818320, 0.281811171177865039951421050111511117
---------------------------------------------------------------------------------------------------
| Order |                  Error^2                   |                 Efficiency                 |
---------------------------------------------------------------------------------------------------
|   2   | 3.464702815559100151808989040693669135e-68 | 1.658143051368651986999258808003347266e+31 |
|   4   | 3.467850028830752201546039435966755328e-70 | 5.115402669289806857191751941585825806e+29 |
|   6   | 3.214003842385357915499463546595674731e-72 | 1.639992166270798004085781821919303703e+28 |
|   8   | 1.012535074291931670361339777318553051e-09 | 2.851772791291389691644054824143241157e-06 |
---------------------------------------------------------------------------------------------------

Scheme evaluation results:
Order: 8, No. cycles: 18
---------------------------------------------------------------------------------------------------
Vector a: 0.325268732374554749151766585740531117, -0.445685343850185462896606624474014510, -0.575744463940213934702829948014177881, 0.988137084680804045823347191571195834, -0.068972398609719366587882128875478516, -0.586560967068611099564804927290944243, -0.152757410925797178669338451612455616, 0.421786862708312518429798504660535713, 0.972205541101175730808283942761544737, 0.122322363529679998208265855533263414
Vector b: 0.650537464749109498303533171481061367, -1.541908152449480424096746420429154617, 0.390419224569052554691086524400861495, 1.585854944792555536955607858741534650, -1.723799742011994270131372116492503623, 0.550677807874772071001762261910627462, -0.856192629726366428340439165135532917, 1.699766355142991465200036174456555714, 0.244644727059359996416531711066550517
---------------------------------------------------------------------------------------------------
| Order |                  Error^2                   |                 Efficiency                 |
---------------------------------------------------------------------------------------------------
|   2   | 1.979571446631519323537493476988071283e-68 | 2.193660419752757885869450916193385938e+31 |
|   4   | 2.079119580497345128005412511020999875e-71 | 2.089152992595670391369190886582947510e+30 |
|   6   | 5.705120417562226794878859871439872085e-73 | 3.892535317257661492358967840561562347e+28 |
|   8   | 1.020672927152906258235085192598557402e-09 | 2.840381409093949996595714173559599912e-06 |
---------------------------------------------------------------------------------------------------

Scheme evaluation results:
Order: 8, No. cycles: 18
---------------------------------------------------------------------------------------------------
Vector a: 0.680088325331340025425092841589667559, -0.075490263392930861598978271696524639, -0.645554578787412240200446508953982173, -0.466061788772137871752283818986161855, -0.359440834820239362643470641505913960, 0.460105050515432427016878868806586649, -0.316614166013481068010663062733450826, 0.169043167049087147136559087481836953, 1.141521254289792645429487371603681036, 0.412403834600549159197824134394261244
Vector b: 1.360176650662680050850185683179311044, -1.511157177448541774048142226572352017, 0.220048019873717293647249208664301678, -1.152171597417993037151816846636552493, 0.433289927777514311864875563624775851, 0.486920173253350542168882173988367691, -1.120148505280312678190208299455232605, 1.458234839378486972463326474418884651, 0.824807669201098318395648268788496103
---------------------------------------------------------------------------------------------------
| Order |                  Error^2                   |                 Efficiency                 |
---------------------------------------------------------------------------------------------------
|   2   | 3.622271631530684947003647716355116712e-70 | 1.621677467724162095627932335769453750e+32 |
|   4   | 3.351662471557933581333941612545383872e-72 | 5.203311682655957412821707011543127930e+30 |
|   6   | 1.671832824678091736156114197021963207e-72 | 2.273885254661591986634643269993927002e+28 |
|   8   | 1.023820552715419395835243068292083079e-09 | 2.836011825328847735060515074910244001e-06 |
---------------------------------------------------------------------------------------------------

Scheme evaluation results:
Order: 8, No. cycles: 18
---------------------------------------------------------------------------------------------------
Vector a: -0.513343837227694383026127926717726625, -0.409526116679707915692887027318110820, 0.504048088360134331905676725152496247, 1.397459642543261866460972914093929138, -0.007104413182673558420843652665312697, -1.848839386005071367442979778949516336, 0.020868497025284472236105480027722915, 1.011980426389040884562924867502380642, 0.495531665024949137305189374201729580, 0.348925433752476532111969024672407933
Vector b: -1.026687674455388766052255853434845041, 0.207635441095972934666481798797556508, 0.800460735624295729144871651508377454, 1.994458549462228003777074176679999090, -2.008667375827575120618761482010647457, -1.689011396182567614267198075890025722, 1.730748390233136558739409035945538382, 0.293212462544945210386440699058934110, 0.697850867504953064223938049345112748
---------------------------------------------------------------------------------------------------
| Order |                  Error^2                   |                 Efficiency                 |
---------------------------------------------------------------------------------------------------
|   2   | 1.071947899597954423079156977820260576e-66 | 2.981042385115507791164366843806269531e+30 |
|   4   | 1.652152934281351046170871522189340312e-69 | 2.343607378066793242978808813789404907e+29 |
|   6   | 6.780076453595438352943462647424549878e-71 | 3.570653220405852023071122480831445217e+27 |
|   8   | 1.094880663245517306852245020409345875e-09 | 2.742436410677556167008623238055107301e-06 |
---------------------------------------------------------------------------------------------------

Scheme evaluation results:
Order: 8, No. cycles: 18
---------------------------------------------------------------------------------------------------
Vector a: -0.710341513336891866130396775782277769, -0.186541170536358348670499258610079507, 0.616686337702157302217203066427454966, 1.259327066264522195549465227327052173, -0.002344924075455719961952120016428355, -1.856112563917289732545294116520480142, 0.103527307887023781752106473555977542, 0.910409505303808296986080742919177304, 0.492472791823166502123039355816508153, 0.372917162885317588680247404883095578
Vector b: -1.420683026673783732260793551563956381, 1.047600685601067034919795034344762210, 0.185771989803247569514611098508218060, 2.332882142725796821584319356143910981, -2.337571990876708261508223596176763436, -1.374653136957871203582364636860315328, 1.581707752731918767086577583971700384, 0.239111257875697826885583901866170937, 0.745834325770635177360494809766272718
---------------------------------------------------------------------------------------------------
| Order |                  Error^2                   |                 Efficiency                 |
---------------------------------------------------------------------------------------------------
|   2   | 1.577793876772047527373403652123185908e-64 | 2.457139743999587164465884961272204590e+29 |
|   4   | 9.095669099133796735991420304006341189e-69 | 9.988324734410247922957353058442378235e+28 |
|   6   | 3.721480060748321162411437227608723641e-70 | 1.524077744020856286854608670699973106e+27 |
|   8   | 1.087171420560509470077659891002834509e-09 | 2.752142681249870690099785625146733762e-06 |
---------------------------------------------------------------------------------------------------

Scheme evaluation results:
Order: 8, No. cycles: 18
---------------------------------------------------------------------------------------------------
Vector a: -0.648145380418524597717703236040120508, -0.640785400442119256203830463222775354, 0.606538565057948888124989170296361049, 0.842446092140351711404840932670321722, -1.112762063454955900417761965088602898, 0.242322963452254935801933129397932765, -0.002089732998215366072858447078131759, -0.238405487730110873812691642538162416, 1.656458611813746976083334477911583955, 0.294421832579623482809748043691593423
Vector b: -1.296290760837049195435406472081803138, 0.014719959952810683027745545634811021, 1.198357170163087093222232794959017288, 0.486535014117616329587449070384768166, -2.712059141027528130422973000567329732, 3.196705067932038002026839259364166460, -3.200884533928468734172556153520443564, 2.724073558468246986547172868443179071, 0.588843665159246965619496087383634240
---------------------------------------------------------------------------------------------------
| Order |                  Error^2                   |                 Efficiency                 |
---------------------------------------------------------------------------------------------------
|   2   | 5.398739591078555117548936413151369335e-65 | 4.200575547641267690098488657742922974e+29 |
|   4   | 7.096356006807337166991418055095405295e-69 | 1.130816878601181240921219446399412384e+29 |
|   6   | 1.118763551116072817121123156866369957e-69 | 8.790140463070320245255363433967946768e+26 |
|   8   | 1.138736100136335486300868415021022988e-09 | 2.689109052847986733354825541040568844e-06 |
---------------------------------------------------------------------------------------------------

Scheme evaluation results:
Order: 8, No. cycles: 18
---------------------------------------------------------------------------------------------------
Vector a: 0.434905134829732628614564072158932971, -0.417221625696468255359291129492728871, -0.772942345051830087853740056147913702, 1.466705316025129220012732255929793254, -0.000657108564802730794245261901123964, -0.980484684967095827434874143188463929, -0.163685755849607153715604422795346041, 0.297601110465711889617972512582399325, 1.002380074636507343749025668684272284, 0.133399884172722973163460504170178600
Vector b: 0.869810269659465257229128144317322059, -1.704253521052401767947710403302225999, 0.158368830948741592240230291009041452, 2.775041801101516847785234220845083986, -2.776356018231122309373724744647319299, 0.815386648296930654503976458274047146, -1.142758159996144961935185303864098422, 1.737960380927568741171130329027981679, 0.266799768345445946326921008340167689
---------------------------------------------------------------------------------------------------
| Order |                  Error^2                   |                 Efficiency                 |
---------------------------------------------------------------------------------------------------
|   2   | 2.519989470938430744171427066190204755e-65 | 6.148308159947168470039863934932649536e+29 |
|   4   | 9.729914568610414246702126219712335116e-69 | 9.657294291075567949775695148641598511e+28 |
|   6   | 1.732292244279871487815904687495575470e-70 | 2.233851961843513413471698719235793829e+27 |
|   8   | 1.194849227802437560136750700139884648e-09 | 2.625206105015984662380171951740187235e-06 |
---------------------------------------------------------------------------------------------------

Scheme evaluation results:
Order: 8, No. cycles: 18
---------------------------------------------------------------------------------------------------
Vector a: 0.458268962898531707258567859060948569, 0.519942821556996867702394765880307678, -0.462111068406666363618641524238347251, -1.761792429164607520536470027548569942, 0.036243299844165711452418917264312232, -0.017558004345385606176368118171784999, -0.032881973550158367376980237797616193, 1.452774247448925561602133347265289144, 0.500480779214127312284634985706184473, 0.306633364504070697408310032579276424
Vector b: 0.916537925797063414517135718116230666, 0.123347717316930320887653813648633977, -1.047569854130263048124936862131077753, -2.476015004198951992948003192950626189, 2.548501603887283415852841027477500295, -2.583617612578054628205577263820981074, 2.517853665477737893451616788227544666, 0.387694829420113229752649906275130557, 0.613266729008141394816620065157644771
---------------------------------------------------------------------------------------------------
| Order |                  Error^2                   |                 Efficiency                 |
---------------------------------------------------------------------------------------------------
|   2   | 7.304709194861094570977026021278891913e-66 | 1.141966921624342109128750768728229370e+30 |
|   4   | 2.701057385008360439624474865004036622e-67 | 1.832918159868471491997318405768474770e+28 |
|   6   | 7.389297515774642227099965368958794343e-69 | 3.420293640659689235455041027126533985e+26 |
|   8   | 1.208788067914701647806929125497079779e-09 | 2.610026260590216989396869900079078242e-06 |
---------------------------------------------------------------------------------------------------

Scheme evaluation results:
Order: 8, No. cycles: 18
---------------------------------------------------------------------------------------------------
Vector a: -0.533440977840341596775399624840914244, -0.332097633015936709227559593208772359, 0.505004870463223093922288297128938135, -0.575773481798274348570849739588176093, 0.042754690870960001750223392759863776, 1.865447767983308297715937747303108612, -0.028145214069541911860237270310825218, -0.903391715685272562270560932346515382, 0.513826630575700412963125205263741949, 0.445815062516175322353032517839550809
Vector b: -1.066881955680683193550799249682272608, 0.402686689648809775095680063265158528, 0.607323051277636412748896530992263127, -1.758870014874185109890596010168085683, 1.844379396616105113391042795687778303, 1.886516139350511482040832698918312965, -1.942806567489595305761307239539944714, 0.136023136119050181220185374847944852, 0.891630125032350644706065035678845085
---------------------------------------------------------------------------------------------------
| Order |                  Error^2                   |                 Efficiency                 |
---------------------------------------------------------------------------------------------------
|   2   | 5.533472701117062592166447342696985168e-67 | 4.149121035036936611427858598103254395e+30 |
|   4   | 1.684895758294393919745776321187887235e-69 | 2.320723826488259316818514569949270325e+29 |
|   6   | 3.226668019472896993194269330817824281e-71 | 5.175923240150626750455252178532958984e+27 |
|   8   | 1.267443667459820530966931541723213928e-09 | 2.548916603273425014880433454340684136e-06 |
---------------------------------------------------------------------------------------------------

Scheme evaluation results:
Order: 8, No. cycles: 18
---------------------------------------------------------------------------------------------------
Vector a: -0.600839550086967631600317261747303901, -0.168161940302506582034993692672243972, 1.467241863191784489926304578757135590, 1.035195455644050587821090018785910332, -1.045078204853146335516313247992114203, -0.811189952458394800259135667174595135, -0.607874950910765363839309518740974313, 0.042105168411598666102561746968534464, 1.286550842659094841029635449723436612, 0.402051268705252128370477594092214508
Vector b: -1.201679100173935263200634523494514587, 0.865355219568922099130647138149635775, 2.069128506814646880721962019365259405, 0.001262404473454294920218018207114211, -2.091418814179746965952844514191915177, 0.469038909262957365434573179842571555, -1.684788811084488093113192217324985534, 1.768999147907685425318315711262155127, 0.804102537410504256740955188184679193
---------------------------------------------------------------------------------------------------
| Order |                  Error^2                   |                 Efficiency                 |
---------------------------------------------------------------------------------------------------
|   2   | 5.555296887697034968972144320188024746e-66 | 1.309487487561340662877203247998994141e+30 |
|   4   | 1.358113089035795603921365211776866062e-69 | 2.584889677148841128760380342239717407e+29 |
|   6   | 3.968229935154721746346226092344799459e-71 | 4.667309005527658958998134447480942249e+27 |
|   8   | 1.284332257615675422923551795717058328e-09 | 2.532102394334672195816095473040300896e-06 |
---------------------------------------------------------------------------------------------------

Scheme evaluation results:
Order: 8, No. cycles: 18
---------------------------------------------------------------------------------------------------
Vector a: 1.176386218114330681440116029954937621, -0.002099865355880606933062904223257703, -0.406184576990950651200337323713256130, 0.068986070826672521182079369252731035, -0.732098783925261018650108471321765869, -0.667830171387013373100236620622704150, -0.288228758992737997169921299076136391, 0.665181111684090174334209926749803522, 0.750125901794618985580251064156060340, 0.435762854232131284517010228843587504
Vector b: 2.352772436228661362880232059907238643, -2.356972166940422576746357868353782398, 1.544603012958521274345683220928972371, -1.406630871305176231981524482423533894, -0.057566696545345805318692460219228634, -1.278093646228680940881780781025814130, 0.701636128243204946541938182873896393, 0.628726095124975402126481670625333554, 0.871525708464262569034020457686918090
---------------------------------------------------------------------------------------------------
| Order |                  Error^2                   |                 Efficiency                 |
---------------------------------------------------------------------------------------------------
|   2   | 1.031767851525200300304519015526591444e-66 | 3.038533255821941733265918356504268066e+30 |
|   4   | 6.815185572674538143855991476956431492e-69 | 1.153907873385133857482902815408341675e+29 |
|   6   | 7.460334103274571668036497267692083914e-70 | 1.076430093461927599565841481333809733e+27 |
|   8   | 1.561512382045788999168211520349598265e-09 | 2.296398439160229361264720915346741100e-06 |
---------------------------------------------------------------------------------------------------

Scheme evaluation results:
Order: 8, No. cycles: 18
---------------------------------------------------------------------------------------------------
Vector a: -0.669481905916874261161372204058608414, -0.218686525825307613692063730932324145, 0.575510793828229444482002504717038217, -0.595948229776105290781210671053603627, 0.108602407821375918211495541375521652, 1.740076914952927463461670022992848718, -0.026325449656101363789862356306744089, -0.851475210051103183799455791468600600, 0.511694153923370262257736514272992025, 0.426033050699588624811060170461480175
Vector b: -1.338963811833748522322744408117235124, 0.901590760183133294938616946252666953, 0.249430827473325594025388063181269032, -1.441327287025536175587809405288340844, 1.658532102668288012010800488039349095, 1.821621727237566914912539557946261867, -1.874272626549769642492264270559755937, 0.171322206447563274893352687622817265, 0.852066101399177249622120340922967669
---------------------------------------------------------------------------------------------------
| Order |                  Error^2                   |                 Efficiency                 |
---------------------------------------------------------------------------------------------------
|   2   | 8.005220305682813732878061453144807934e-68 | 1.090858313174876949137648532483630273e+31 |
|   4   | 9.435681549546618451915239267381393746e-70 | 3.101154061514704789919022952097859192e+29 |
|   6   | 3.089102305016113783899281383460373414e-71 | 5.289916582326989721748893087419397354e+27 |
|   8   | 1.570596408507809571979699343425826727e-09 | 2.289747846123778634125406805337757062e-06 |
---------------------------------------------------------------------------------------------------

Scheme evaluation results:
Order: 8, No. cycles: 18
---------------------------------------------------------------------------------------------------
Vector a: -1.282005945963374587620676080028702334, -0.003287372322339518876419639732837877, 1.280825197964515001713107598708669546, 0.972911505148324175308673489573563878, 0.025857172599281553953483896999323977, -0.718287500922936215834430698284215264, 0.563776094436253429053103138258808686, -0.335536716351634247371267087421472543, -0.088452519036675397099018554129072858, 0.584200084448585806773443936055934918
Vector b: -2.564011891926749175241352160061109773, 2.557437147282070137488512880595390749, 0.004213248646959865937702317208725678, 1.941609761649688484679644661556742994, -1.889895416451125376772676867557864176, 0.453320414605252945103815470988684557, 0.674231774267253913002390805527994695, -1.345305206970522407744924980372588377, 1.168400168897171613546887872114023603
---------------------------------------------------------------------------------------------------
| Order |                  Error^2                   |                 Efficiency                 |
---------------------------------------------------------------------------------------------------
|   2   | 3.681036649776915131570124644169474859e-65 | 5.087095832026948292962468367835959473e+29 |
|   4   | 3.244761241244776291840852026791370391e-68 | 5.288330715620750329269359595813053131e+28 |
|   6   | 2.639576185758129141838176153237054066e-69 | 5.722659007257357685561722757955958843e+26 |
|   8   | 1.592799007790788343727990639222339440e-09 | 2.273733031069615119452535937933672743e-06 |
---------------------------------------------------------------------------------------------------

Scheme evaluation results:
Order: 8, No. cycles: 18
---------------------------------------------------------------------------------------------------
Vector a: 0.659757460341360298647834220263291332, -0.052131870155499021921587760593785961, -0.428603717672966242886995999160079818, -0.856220421413028150325966614022023090, -1.138987342095847584160636584623384316, 1.151100948069292134132002725235663002, 1.409211323570566603684225307525810996, -1.297824643912435903368966535652915853, -0.001377724143113075284426943995671212, 1.555075987411670941484518185023094974
Vector b: 1.319514920682720597295668440525124349, -1.423778660993718641138843961713492354, 0.566571225647786155364851963391656292, -2.279012068473842456016785191429610081, 0.001037384282147287695512022168130434, 2.301164511856436980568493428318117683, 0.517258135284696226799957186731443563, -3.112907423109568033537890258031969717, 3.110151974823341882969036370040599743
---------------------------------------------------------------------------------------------------
| Order |                  Error^2                   |                 Efficiency                 |
---------------------------------------------------------------------------------------------------
|   2   | 8.276745787182353876505454885962787483e-65 | 3.392541598491869855357415851609689941e+29 |
|   4   | 1.072489542402856745812638617017846803e-68 | 9.198424467253529034374542202916737366e+28 |
|   6   | 7.125096502137544181338023053959359726e-70 | 1.101462190784396793839326428217759132e+27 |
|   8   | 1.660460769213588203896112764937718791e-09 | 2.226925301345820067147296865937464213e-06 |
---------------------------------------------------------------------------------------------------

Scheme evaluation results:
Order: 8, No. cycles: 18
---------------------------------------------------------------------------------------------------
Vector a: 0.345454166872122924990144008993157639, 0.518367825466804520552676870465461913, -0.824327126684692502335822909553664710, -0.570304189399644257586731666532103669, 0.507808749161679737986608259384990311, -0.505768868971481315319043840805174004, 0.117564325276759937328846239183725860, 0.063518466139279752480267737752005300, 0.353499885374129902030224401991777852, 0.994186766765041299872830899119823496
Vector b: 0.690908333744245849980288017986352737, 0.345827317189363191125065722944512203, -1.994481570558748195796711542051814516, 0.853873191759459680623248208987535437, 0.161744306563899795349968309782308781, -1.173282044506862425988055991392522311, 1.408410695060382300645748469759897090, -1.281373762781822795685212994255916413, 1.988373533530082599745661798239646992
---------------------------------------------------------------------------------------------------
| Order |                  Error^2                   |                 Efficiency                 |
---------------------------------------------------------------------------------------------------
|   2   | 3.640702237749613415016465836974393321e-68 | 1.617567488436091333569181510420318359e+31 |
|   4   | 5.990630314807831176624649769424282450e-71 | 1.230760982039753720685495556364176270e+30 |
|   6   | 3.533315541849129463217399828750931395e-72 | 1.564133283340974699212419718534529686e+28 |
|   8   | 1.903290763297559428864686881470020362e-09 | 2.080019417310271470522091496440813426e-06 |
---------------------------------------------------------------------------------------------------

Scheme evaluation results:
Order: 8, No. cycles: 18
---------------------------------------------------------------------------------------------------
Vector a: 0.342001998303906590944907852025202034, 0.517447386560242329103875603375694309, -0.857317806047567242026921344556088766, -0.316267335385943956022879748805301921, 0.043223751498150973190438996141378752, -0.250388562875047481972867202822335294, 0.502839736836903206137414661297842967, -0.481222843532156903644322412498189618, 0.469252319408606471754159835091680288, 1.030431355232906012536193760750117309
Vector b: 0.684003996607813181889815704050395113, 0.350890776512671476317935502700971982, -2.065526388607805960371778191813115954, 1.432991717835918048326018694202381245, -1.346544214839616101945140701919615774, 0.845767089089521137999406296275074994, 0.159912384584285274275423026320522996, -1.122358071648599081564067851316838508, 2.060862710465812025072387521500223833
---------------------------------------------------------------------------------------------------
| Order |                  Error^2                   |                 Efficiency                 |
---------------------------------------------------------------------------------------------------
|   2   | 6.310247628250976978944268245971001928e-67 | 3.885364686858667196091034851278803223e+30 |
|   4   | 1.251174937374831574658613174291368736e-70 | 8.516300189858051057160087616138962402e+29 |
|   6   | 3.195510288631666847853963724573115572e-72 | 1.644730928703610723765491543523371696e+28 |
|   8   | 2.178420044537142191877276666632134407e-09 | 1.944236745626517617161877744673009872e-06 |
---------------------------------------------------------------------------------------------------

Scheme evaluation results:
Order: 8, No. cycles: 18
---------------------------------------------------------------------------------------------------
Vector a: 0.091331017636922316404530662031976768, -0.659168233337145558199571108489721873, -0.273152339097444368552574673261050196, 1.507331067235125883576134349512018195, -0.006839408167624211930132503270310892, -0.915070090663142116801964530686728511, -0.515464286116163448525161403056851054, 0.172364348330255159589683810612255586, 1.204125015744309712603337917555926359, 0.394542908434906631835717479052485642
Vector b: 0.182662035273844632809061324063269205, -1.500998501948135749208203541042092415, 0.954693823753247012103054194520603987, 2.059968310717004755049214504501881163, -2.073647127052253178909479511042496543, 0.243506945725968945305550449669972611, -1.274435517958295842355873255783049393, 1.619164214618806161535240877007179183, 0.789085816869813263671434958104732083
---------------------------------------------------------------------------------------------------
| Order |                  Error^2                   |                 Efficiency                 |
---------------------------------------------------------------------------------------------------
|   2   | 1.870876130648362294990281518139545119e-66 | 2.256485113468177919946284119354735352e+30 |
|   4   | 1.918371327981995514681917198530395625e-69 | 2.174921778947527733979600968573806152e+29 |
|   6   | 4.266557868228279560251850923276265077e-72 | 1.423397337594240737706389039018686676e+28 |
|   8   | 2.215528592442690496839605087901795250e-09 | 1.927885689325497282643941460314803518e-06 |
---------------------------------------------------------------------------------------------------

Scheme evaluation results:
Order: 8, No. cycles: 18
---------------------------------------------------------------------------------------------------
Vector a: 0.406001844321688915109112366135937807, -0.331225895542749125275364427278467276, -0.233908660450844999698131480949614001, -0.206914469900961801549972823125202303, 0.325149360904271200677425656017905954, 1.052061775492042232289676620325909933, -1.029358935227460088368923894676151219, -0.206365963747596700078013959590944877, 1.032116390452344972280517353471938913, 0.192444553699265394613674589668687141
Vector b: 0.812003688643377830218224732271893043, -1.474455479728876080768953586828838766, 1.006638158827186081372690624929585198, -1.420467098629109684472636271179993416, 2.070765820437652085827487583215824198, 0.033357730546432378751865657436059694, -2.092075601001352555489713446788423293, 1.679343673506159155333685527606528580, 0.384889107398530789227349179337364845
---------------------------------------------------------------------------------------------------
| Order |                  Error^2                   |                 Efficiency                 |
---------------------------------------------------------------------------------------------------
|   2   | 5.122118478961359182872345598908407226e-68 | 1.363735606480963216215236046381109180e+31 |
|   4   | 1.535115578022711132607635681744669297e-70 | 7.688461432576275278515241710042574463e+29 |
|   6   | 1.978584176318491248144039446113015355e-72 | 2.090199327302985272665537296362997437e+28 |
|   8   | 2.256988358463171669302545837880715944e-09 | 1.910096459886664268038010819570055353e-06 |
---------------------------------------------------------------------------------------------------

Scheme evaluation results:
Order: 8, No. cycles: 18
---------------------------------------------------------------------------------------------------
Vector a: 0.340946023888540930251975670691184561, 0.517206205798489473168415769279617690, -0.876245980586628676757234628540340279, -0.339866325607586352439161676127268275, 0.217189201474125450610107684384240077, -0.399005795329880343807885427581435619, 0.457126387423313749654177957274554203, -0.329494714840629347919755535576205927, 0.360984367800648546240973316190509904, 1.051160629979606570998386870005143739
Vector b: 0.681892047777081860503951341382451071, 0.352520363819897085832880197176666538, -2.105012324993154439347349454257173955, 1.425279673777981734469026102002207537, -0.990901270829730833248810733234072655, 0.192889680169970145633039878071759961, 0.721363094676657353675316036476826157, -1.380352524357916049514827107628826151, 2.102321259959213141996773740010161521
---------------------------------------------------------------------------------------------------
| Order |                  Error^2                   |                 Efficiency                 |
---------------------------------------------------------------------------------------------------
|   2   | 5.428200431825702060894153830940414588e-68 | 1.324729025908159313011501950286821094e+31 |
|   4   | 3.017380568062181894330187013721596246e-71 | 1.734183041688885408204316749485076904e+30 |
|   6   | 3.880896731243879302578518086005385864e-72 | 1.492447030137145721031721649466552925e+28 |
|   8   | 2.259420877701140356021407726621237843e-09 | 1.909067966770921100867692068917674135e-06 |
---------------------------------------------------------------------------------------------------

Scheme evaluation results:
Order: 8, No. cycles: 18
---------------------------------------------------------------------------------------------------
Vector a: 0.338986385686930709356072252142147318, 0.975030555065261904405606023326091453, 0.016137551010379826720905149867900528, -0.448381307605884580003292861855022555, 1.098849569879342520384472201255574188, -0.001126301032595580634157345933163086, -1.352005714941770430440010387903040334, -0.230090076352475698097580894936688917, 0.398032208365117373978560784641358377, 0.204567129925693954329425079394843060
Vector b: 0.677972771373861418712144504292143667, 1.272088338756662390099067542372912347, -1.239813236735902736657257242637652206, 0.343050621524133576650671518917264900, 1.854648518234551464118272883612033103, -1.856901120299742625386587575478334184, -0.847110309583798235493433200347551881, 0.386930156878846839298271410471274126, 0.409134259851387908658850158797910419
---------------------------------------------------------------------------------------------------
| Order |                  Error^2                   |                 Efficiency                 |
---------------------------------------------------------------------------------------------------
|   2   | 3.426526993019269654082309115454257516e-64 | 1.667354366099728891632374955256308594e+29 |
|   4   | 1.706007429187470722122322703228470925e-67 | 2.306319763216332967961569247826924515e+28 |
|   6   | 4.360455166257134108952834004064316598e-69 | 4.452450056451449175036296190056396127e+26 |
|   8   | 2.174557919807699293540085883281319563e-09 | 1.945962511048661194480358938450395601e-06 |
---------------------------------------------------------------------------------------------------

Scheme evaluation results:
Order: 8, No. cycles: 18
---------------------------------------------------------------------------------------------------
Vector a: 0.378500308336731362450451275133058540, -0.330610867017798886384107806434286217, -0.284502027338445345718963958758342462, -0.208336615635316251552902700425927723, 0.192613797064894873340288324528006778, 1.070441640104024659465120807185174332, -0.651083792410751531179683719398776338, -0.884771573386039075837342690707935421, 0.864471714347570641107908078496037737, 0.853277415935129554309232390382990750
Vector b: 0.757000616673462724900902550266143080, -1.418222350709060497669118163134726107, 0.849218296032169806231190245618065450, -1.265891527302802309336995646469946077, 1.651119121432592056017572295525950196, 0.489764158775457262912669318844370445, -1.791931743596960325272036757641932847, 0.022388596824882173597351376226060522, 1.706554831870259108618464780766015203
---------------------------------------------------------------------------------------------------
| Order |                  Error^2                   |                 Efficiency                 |
---------------------------------------------------------------------------------------------------
|   2   | 2.423526113470998897354628050223845275e-68 | 1.982581904688557011985101345330678906e+31 |
|   4   | 6.523803180127407923351052051648363278e-71 | 1.179395739355406025534735781509550537e+30 |
|   6   | 9.246594538989907707620222678342788814e-73 | 3.057553481028461647360890094282168198e+28 |
|   8   | 2.430848763119451141295140842720290656e-09 | 1.840521899560214283967939038444872913e-06 |
---------------------------------------------------------------------------------------------------

Scheme evaluation results:
Order: 8, No. cycles: 18
---------------------------------------------------------------------------------------------------
Vector a: 0.037737759568766230381771898574094114, -0.574148119699626880316017558058280148, -0.309665724684431480776383235343185493, 0.531509529546425670385707162235961166, -0.600156804269446912460530704388171462, 0.058356541529299618992893779421929540, 1.828767775738718990032718964523549226, -0.026799877108541922064809337884264174, -0.456683006353606827177576923363301111, 0.511081925732443513002225954281668370
Vector b: 0.075475519137532460763543797142213561, -1.223771758536786221395578913252866812, 0.604440309167923259842812442566438049, 0.458578749924928080928601881905573261, -1.658892358463821905849663290682006511, 1.775605441522421143835450849525869069, 1.881930109955016836229987079521432376, -1.935529864172100680359605755289957547, 1.022163851464887026004451908563304578
---------------------------------------------------------------------------------------------------
| Order |                  Error^2                   |                 Efficiency                 |
---------------------------------------------------------------------------------------------------
|   2   | 5.213535559262114844222350158149919484e-67 | 4.274534432451911598811450866071575684e+30 |
|   4   | 1.857793787269141042301607172023968502e-69 | 2.210096447469682712190413052051517029e+29 |
|   6   | 4.815915579687013308375295007721113894e-71 | 4.236678771603581938593353972131545544e+27 |
|   8   | 2.513354138279057263471634365799507805e-09 | 1.810060604188897319629674987464518758e-06 |
---------------------------------------------------------------------------------------------------

Scheme evaluation results:
Order: 8, No. cycles: 18
---------------------------------------------------------------------------------------------------
Vector a: -0.548935852270161346949478858652468863, -0.520008012763018278839805975775645540, 1.398268296198800267276953617030968768, -0.023138266599969192816977407086843035, -0.909464692227912557392578276729722954, 0.708553391006885925361591139418340207, 0.533902404413353545790576917067604251, -1.032559210755216317908848637732459140, 0.026229843885920091274526601283343258, 1.367152099111317864204040881176883148
Vector b: -1.097871704540322693898957717304792510, 0.057855679014286136219345765753278931, 2.738680913383314398334561468308594032, -2.784957446583252783968516282482274210, 0.966028062127427669183359729023132887, 0.451078719886344181539822549813213234, 0.616726088940362910041331284322168842, -2.681844510450795545859028559786898862, 2.734304198222635728408081762353577554
---------------------------------------------------------------------------------------------------
| Order |                  Error^2                   |                 Efficiency                 |
---------------------------------------------------------------------------------------------------
|   2   | 1.425871005035738822538515887066028143e-66 | 2.584728139325830339624219619758907227e+30 |
|   4   | 1.809013390981242462790688908343756530e-70 | 7.082540860853966092923186788989002686e+29 |
|   6   | 3.541254870698488452528435810894999884e-71 | 4.940676026381145525983720316481251240e+27 |
|   8   | 2.944696368652118583403521049255427194e-09 | 1.672244201769727702807556749755268460e-06 |
---------------------------------------------------------------------------------------------------

Scheme evaluation results:
Order: 8, No. cycles: 18
---------------------------------------------------------------------------------------------------
Vector a: 0.277925368808579409528435285463581658, -0.385463531366776730169257886033833040, 0.181282968714071189155831325031823303, 0.885782376756870416672856822737197973, -0.832098027492463063963163708645412584, -0.392873368424081923073092065060534934, -0.168708974409854869488097074727593001, 0.133238825883848870666231686764298096, 1.041598664379667334766994172877602502, 0.259315697150139365903261441592870028
Vector b: 0.555850737617158819056870570927162545, -1.326777800350712279395386342994826700, 1.689343737778854657707048993058468010, 0.082221015734886175638664652415929717, -1.746417070719812303564992069706754837, 0.960670333871648457418807939585683235, -1.298088282691358196395002089040867409, 1.564565934459055937727465462569465911, 0.518631394300278731806522883185739479
---------------------------------------------------------------------------------------------------
| Order |                  Error^2                   |                 Efficiency                 |
---------------------------------------------------------------------------------------------------
|   2   | 1.539465443400541102476550279450924603e-70 | 2.487539681894187826995276767750354688e+32 |
|   4   | 6.124079845788572572753969832949019344e-72 | 3.849369114222845283740858325464288574e+30 |
|   6   | 2.086580636392358565418678323718768853e-73 | 6.436464570002485870040365773630532837e+28 |
|   8   | 2.961436409462490617376463631189425350e-09 | 1.667511176310384998738278992085988240e-06 |
---------------------------------------------------------------------------------------------------

Scheme evaluation results:
Order: 8, No. cycles: 18
---------------------------------------------------------------------------------------------------
Vector a: 0.343609629263780905372566818343322760, 0.516332642298567265084111469590113743, -0.832099008592566722974808824702051565, 0.061113756131609955486451905035537984, -0.035755393212735124816592261772090160, -0.574661462730930096049280794609540613, 0.579481625515196349829961293181023398, -0.558368731610656788350677594921338695, 0.444763147026324592588872974949811727, 1.055583795911409663829395014905211427
Vector b: 0.687219258527561810745133636686664395, 0.345446026069572719423089302493515425, -2.009644043254706165372706951897584273, 2.131871555517926076345610761968608577, -2.203382341943396325978795285512796083, 1.054059416481536133880233696293810769, 0.104903834548856565779688890068201348, -1.221641297770170142481044079910846394, 2.111167591822819327658790029810426321
---------------------------------------------------------------------------------------------------
| Order |                  Error^2                   |                 Efficiency                 |
---------------------------------------------------------------------------------------------------
|   2   | 9.360855463783172574294176610990710364e-68 | 1.008781757543244177977502429904751758e+31 |
|   4   | 8.225777825356356616787992422280124583e-71 | 1.050319653323687802840419435386673706e+30 |
|   6   | 2.600666111851732917335446234379183950e-72 | 1.823151126288932509430884243610212898e+28 |
|   8   | 3.007426911869791209771690541824686292e-09 | 1.654712007282099926439313682915712076e-06 |
---------------------------------------------------------------------------------------------------

Scheme evaluation results:
Order: 8, No. cycles: 18
---------------------------------------------------------------------------------------------------
Vector a: 0.309206465067548550278763175922003399, -0.231996507533643993912815424564779454, -0.158055023634400983386425061630364055, -0.407775059603751641403873439518411377, 0.071180687803520635505252040506866637, 1.167312424481538541504431906762998953, 0.320573985202060365954351724035873819, -0.894838918235586266769958887670601196, -0.042906114438728568351941878834242602, 0.867298060891443360582215844990655828
Vector b: 0.618412930135097100557526351843880457, -1.082405945202385088383157200973516066, 0.766295897933583121610307077712729986, -1.581846017141086404418053956749316333, 1.724207392748127675428558037763063762, 0.610417456214949407580305775762961299, 0.030730514189171324328397672308681500, -1.820408350660343857868315447649753768, 1.734596121782886721164431689981269093
---------------------------------------------------------------------------------------------------
| Order |                  Error^2                   |                 Efficiency                 |
---------------------------------------------------------------------------------------------------
|   2   | 1.077852202357349439542772923597919417e-68 | 2.972866335178287423742635221596762891e+31 |
|   4   | 8.464937513918876052909891587146283489e-71 | 1.035376017791540940328301040396197266e+30 |
|   6   | 1.295093330535330251092664491520333545e-72 | 2.583535514578108008985085479709048843e+28 |
|   8   | 3.372137653761671218434653396190205557e-09 | 1.562670133782668152409322092004649599e-06 |
---------------------------------------------------------------------------------------------------

Scheme evaluation results:
Order: 8, No. cycles: 18
---------------------------------------------------------------------------------------------------
Vector a: 0.209939303531449412941789740912934194, -0.447836356835289314843992980861199205, -0.589420804067309853778932179001284880, 0.403055424175630458770219326454659895, -0.219331210441199880844575011746428589, 0.238762463020810392366401429905453465, 1.180763993704543069234108362524639073, -0.431384472568308624376941007110557620, -0.081951282727482747552390912689842874, 0.737402942207157088084313231611626444
Vector b: 0.419878607062898825883579481825930739, -1.315551320733477455571565443548381437, 0.136709712598857748013701085545759919, 0.669401135752403169526737567363640617, -1.108063556634802931215887590856533376, 1.585588482676423715948690450667440548, 0.775939504732662422519526274381835095, -1.638708449869279671273408288602965839, 1.474805884414314176168626463223273880
---------------------------------------------------------------------------------------------------
| Order |                  Error^2                   |                 Efficiency                 |
---------------------------------------------------------------------------------------------------
|   2   | 3.252799925114555082409275649286894808e-68 | 1.711300645422883655084619411447497266e+31 |
|   4   | 7.074749280333369037116499446006087329e-72 | 3.581413388060195180699543414649912109e+30 |
|   6   | 3.983540698144251264017272126114969307e-73 | 4.658330955098097599830736952633525085e+28 |
|   8   | 3.912972865945739312215783595142011682e-09 | 1.450663022521423254125551330607153091e-06 |
---------------------------------------------------------------------------------------------------

Scheme evaluation results:
Order: 8, No. cycles: 18
---------------------------------------------------------------------------------------------------
Vector a: 0.255627503182623296741819547502890426, -0.766330548079107229983745235376777427, -0.023134067575144952628389684936675309, 1.336483942626949798219419543608871596, -0.471535679849867545391684024445049783, -0.819176003595425231760706779393810553, 0.887101284430600610982292719047622626, 0.194281314487823507103211516895901314, -0.148059040188211409704038557168828853, 0.554741294559759156421820954265855900
Vector b: 0.511255006365246593483639095005800786, -2.043916102523461053451129565759375863, 1.997647967373171148194350195886029367, 0.675319917880728448244488891331686188, -1.618391277580463539027856940221757731, -0.019960729610386924493556618565880589, 1.794163298471588146458142056661139634, -1.405600669495941132251719022869344324, 1.109482589119518312843641908531702556
---------------------------------------------------------------------------------------------------
| Order |                  Error^2                   |                 Efficiency                 |
---------------------------------------------------------------------------------------------------
|   2   | 1.521716312406040746236232405640784531e-67 | 7.912033942511658417478348812940277344e+30 |
|   4   | 1.728095946087429554428668945930061906e-70 | 7.246462579901670762668561356135928955e+29 |
|   6   | 2.387805607629507900028447040193819677e-72 | 1.902678827486463614028617555282476997e+28 |
|   8   | 4.056647397262383985728648441195718714e-09 | 1.424742334017121171589351068461625944e-06 |
---------------------------------------------------------------------------------------------------

Scheme evaluation results:
Order: 8, No. cycles: 18
---------------------------------------------------------------------------------------------------
Vector a: -0.566220245117781313729571553241137882, 0.624401864739449870139691102087215624, 0.054779663318190529314466310752099952, -1.051280529719667459247949254849147728, 0.318533543401047942451865773581320157, 0.452497537384157146697833231593233867, 0.742996662781076421900673626950116766, -0.679798161795554832277647632087720886, -0.050089624382533579937434158042267969, 1.154179289391615274688072553256288014
Vector b: -1.132440490235562627459143106482210861, 2.381244219714462367738525310656644035, -2.271684893078081309109592689152405035, 0.169123833638746390613694179453984346, 0.467943253163349494290037367708691549, 0.437051821604964799105629095478101186, 1.048941503957188044695718158421768923, -2.408537827548297709251013422597209346, 2.308358578783230549376145106512634962
---------------------------------------------------------------------------------------------------
| Order |                  Error^2                   |                 Efficiency                 |
---------------------------------------------------------------------------------------------------
|   2   | 9.129030079365208737685943157143982894e-68 | 1.021510113577616685118000460194154492e+31 |
|   4   | 7.152306219319023595185889071182929061e-70 | 3.561942705992382947267448076703892822e+29 |
|   6   | 6.440453466312159603340849840561909207e-72 | 1.158528564159706004562478021574263191e+28 |
|   8   | 4.125314865477231096572163706642982205e-09 | 1.412834880274737278074781746389837967e-06 |
---------------------------------------------------------------------------------------------------

Scheme evaluation results:
Order: 8, No. cycles: 18
---------------------------------------------------------------------------------------------------
Vector a: 0.365841001295920438345275465564912747, -0.423267540563769648061116512629241195, -0.721433593403271355189015168763677092, 1.161741967872776868015710644070755976, -0.036385780406077781389333434703066956, -0.449245705216608980828275290102203100, -0.273172066682051391405740272640532120, 0.086715126842353403172109860239772897, 1.165150439195480089638813410542137419, 0.124056151065248357701571298421141454
Vector b: 0.731682002591840876690550931129800264, -1.578217083719380172812783956388173550, 0.135349896912837462434753618861136977, 2.188134038832716273596667669279793367, -2.260905599644871836375334538685909090, 1.362414189211653874718783958481721099, -1.908758322575756657530264503762653991, 2.082188576260463463874484224242170269, 0.248112302130496715403142596842114775
---------------------------------------------------------------------------------------------------
| Order |                  Error^2                   |                 Efficiency                 |
---------------------------------------------------------------------------------------------------
|   2   | 2.449108406868684359792841312220603287e-68 | 1.972200139817089482407846187565781055e+31 |
|   4   | 7.343990471206993442757544351680752586e-71 | 1.111588198299387644113202162630267578e+30 |
|   6   | 3.800001242796566719291827938853839302e-72 | 1.508249187573265916693013286974427414e+28 |
|   8   | 4.606993339444191446091434952970337498e-09 | 1.336937690627702240506514845130187256e-06 |
---------------------------------------------------------------------------------------------------

Scheme evaluation results:
Order: 8, No. cycles: 18
---------------------------------------------------------------------------------------------------
Vector a: 0.342882350459293756292188591514170050, -0.738641321718615875427007999030635862, -0.026836449049477933134314266838317727, 1.237519477205028689076735773352416614, -0.850333167810342193420758401158495000, -0.739731130016296846565571054880398681, 0.403331054681513884072683649765337135, -0.322556360998102985918913168564171056, 0.630956211719012486190200426717240674, 1.063409335527987018834756449122853937
Vector b: 0.685764700918587512584377183028374575, -2.163047344355819263438393181089877121, 2.109374446256863397169764647413236202, 0.365664508153193980983706899291761211, -2.066330843773878367825223701608815440, 0.586868583741284674694081591847914656, 0.219793525621743093451285707682830512, -0.864906247617949065289112044811235674, 2.126818671055974037669512898245811104
---------------------------------------------------------------------------------------------------
| Order |                  Error^2                   |                 Efficiency                 |
---------------------------------------------------------------------------------------------------
|   2   | 4.234095949293914701333482588445723144e-69 | 4.743235001333043764518296092573168750e+31 |
|   4   | 3.679753969433393570430219274353916172e-71 | 1.570364931782338409790848905124500000e+30 |
|   6   | 5.673798653494503324430950833174469311e-72 | 1.234320691776017444006916345074679565e+28 |
|   8   | 5.020308128915445715306563451868668858e-09 | 1.280721712886618835997172036489526173e-06 |
---------------------------------------------------------------------------------------------------

Scheme evaluation results:
Order: 8, No. cycles: 18
---------------------------------------------------------------------------------------------------
Vector a: -0.665443910058239508870343849063118852, 0.404966632102493736402572311376611199, 0.101276488386602215568598848019997362, 0.070638899669857097938247395917077720, 1.034124352690806373662711477633761413, -1.115507608615767461797053774838509617, -0.624458832400588538186472573520158231, 0.675435012598493247247708094322391069, 0.654501901381419457825506096929671299, 0.464467064244923380208525973222276625
Vector b: -1.330887820116479017740687698126396209, 2.140821084321466490545832320879865704, -1.938268107548262059408634624839791968, 2.079545906887976255285129416673998422, -0.011297201506363507959706461406138670, -2.219718015725171415634401088271277802, 0.970800350923994339261455941230584917, 0.380069674272992155233960247414581830, 0.928934128489846760417051946444573665
---------------------------------------------------------------------------------------------------
| Order |                  Error^2                   |                 Efficiency                 |
---------------------------------------------------------------------------------------------------
|   2   | 2.406392768653858757555300796525485573e-66 | 1.989627307093306451237167903382957764e+30 |
|   4   | 1.600909640900236412563907077139487471e-69 | 2.380820040698047823322726608140821533e+29 |
|   6   | 1.501064547196942552560877358165945370e-71 | 7.588663324437010029148938726274547577e+27 |
|   8   | 5.425693675227356776122747418752446223e-09 | 1.231947849718346205470908871612767180e-06 |
---------------------------------------------------------------------------------------------------

Scheme evaluation results:
Order: 8, No. cycles: 18
---------------------------------------------------------------------------------------------------
Vector a: -0.491395223747249898109463279628706228, -0.304881648887493030063114663860454582, -0.474966538223254363773679743776252782, 0.019090915900898889546926472844348779, 1.107903218715007341984747063925277278, 0.604962005990999107454259121996771573, 0.359534448491079488430069280318369126, 1.189705129977244851417948683698485385, -0.001075905235582568531673320835653811, -1.008876402981649818356019614682184958
Vector b: -0.982790447494499796218926559264739752, 0.373027149719513736092697231540308158, -1.322960226166022463640056719100028256, 1.361142057967820242733909664788745424, 0.854664379462194441235584463081610003, 0.355259632519803773672933780918685309, 0.363809264462355203187204779706717689, 2.015600995492134499648692587720521332, -2.017752805963299636712039229391819810
---------------------------------------------------------------------------------------------------
| Order |                  Error^2                   |                 Efficiency                 |
---------------------------------------------------------------------------------------------------
|   2   | 3.104866351682841909173646676550951841e-64 | 1.751594344939292194809323176348032227e+29 |
|   4   | 3.648103309840502160700419334957346439e-67 | 1.577162401835971980185619956393051529e+28 |
|   6   | 9.656487549061828513185931852632506889e-69 | 2.991957202102020706310297940226440430e+26 |
|   8   | 5.311018890962960844556372243611194100e-09 | 1.245176845087153546732058489723533225e-06 |
---------------------------------------------------------------------------------------------------

Scheme evaluation results:
Order: 8, No. cycles: 18
---------------------------------------------------------------------------------------------------
Vector a: -0.763946528609123877873498583000804189, 0.184102294622145517539979863318014012, 0.919341643199245732160899082499780184, -0.850713156398837983578609328261908855, -0.317932010581576247481516279049148793, 1.545463310079817747252149821485268570, -0.030509410195290821385438348854606978, -0.864240359555709151674082514129896769, 0.693046306186745214579554128404834842, 0.485387911252583870460562157588468105
Vector b: -1.527893057218247755746997166001742037, 1.896097646462538790826956892637807712, -0.057414360064047326505158727638140353, -1.644011952733628640652059928885750633, 1.008147931570476145689027370787394402, 2.082778688589159348815272272183412753, -2.143797508979740991586148969892633901, 0.415316789868322688237983941632716285, 0.970775822505167740921124315176935826
---------------------------------------------------------------------------------------------------
| Order |                  Error^2                   |                 Efficiency                 |
---------------------------------------------------------------------------------------------------
|   2   | 3.429929007896405576317754022616660015e-67 | 5.270021951465936906997450363047567383e+30 |
|   4   | 2.462773285103648262088031830900564045e-69 | 1.919542634698200517014895110555552368e+29 |
|   6   | 1.679517638302762323695595879230027429e-71 | 7.174186870047520665838726618784617424e+27 |
|   8   | 5.671345251376981131300350127531155109e-09 | 1.204971890879631279384374277299820813e-06 |
---------------------------------------------------------------------------------------------------

Scheme evaluation results:
Order: 8, No. cycles: 18
---------------------------------------------------------------------------------------------------
Vector a: 0.254953438577559408282900217427988195, -0.400660007462586179248886695790343738, -0.178201555290435086664035762201115857, 0.492242681541306828823426060711727180, -0.692914413730969548092877718035325602, 0.142792461263311640906446887581852950, 1.177533977807059526695252371714348430, -0.573428792406861783092890722368213181, -0.061371447363214300221239108903366702, 0.839053657064829492611904469862448356
Vector b: 0.509906877155118816565800434855551625, -1.311226892080291175063573826435897249, 0.954823781499421001735502302033549979, 0.029661581583192655911349819394586322, -1.415490409045131752097105255469741404, 1.701075331571755033909999030633465359, 0.653992624042364019480505712795223702, -1.800850208856087585666287157531673463, 1.678107314129658985223808939724935231
---------------------------------------------------------------------------------------------------
| Order |                  Error^2                   |                 Efficiency                 |
---------------------------------------------------------------------------------------------------
|   2   | 3.303738119932955339476514445298138636e-68 | 1.698056679850990655671273388858274609e+31 |
|   4   | 2.692163187081857336405237929813003919e-71 | 1.835943402638775658151802043663780273e+30 |
|   6   | 1.013217425065602672964679353070391304e-72 | 2.920879524803639585697889010614264297e+28 |
|   8   | 5.858915345287932985749314908036173703e-09 | 1.185526722475083450529815474203560295e-06 |
---------------------------------------------------------------------------------------------------

Scheme evaluation results:
Order: 8, No. cycles: 18
---------------------------------------------------------------------------------------------------
Vector a: 0.034164147826202610018523806523204098, 0.256391573833889789655040991169801243, -0.431059884631703728894857248894598359, -0.165028417740866965478278712821372369, -0.222689041061973875574794581337326531, 0.140164654200011566132855363527583930, 1.182769334614976737911056512650616900, -0.566104151646624492246430099445284074, -0.063184556747501743459928488946215584, 0.834576341353590101936812457573590649
Vector b: 0.068328295652405220037047613054892568, 0.444454852015374359273034369276071135, -1.306574621278781817062748867065124613, 0.976517785797047886106191441422375830, -1.421895867920995637255780604097021332, 1.702225176321018769521491331152192370, 0.663313492908934706300621694149045957, -1.795521796202183690793481893039612275, 1.669152682707180203873624915147180143
---------------------------------------------------------------------------------------------------
| Order |                  Error^2                   |                 Efficiency                 |
---------------------------------------------------------------------------------------------------
|   2   | 1.753405861637822182158953222698148684e-68 | 2.330846978478089761548490794311362109e+31 |
|   4   | 3.339502746232360603301397629122560909e-71 | 1.648424562388540433290492441626665283e+30 |
|   6   | 8.780586883757011475634375131826079253e-73 | 3.137640607959391993944786487809997559e+28 |
|   8   | 5.970508507682121403073029593556890668e-09 | 1.174395283523222085564177030849950345e-06 |
---------------------------------------------------------------------------------------------------

Scheme evaluation results:
Order: 8, No. cycles: 18
---------------------------------------------------------------------------------------------------
Vector a: 0.862138916057050840869302165870852296, 0.055710196441807036045188027107766407, -0.271535471969065021025540033713387267, 0.581582579132774257385904530847559728, -0.923317836815961626342174120291496331, -0.740197565581834704086637095119835768, 0.513029697458810670688663650923509162, -0.348001512379153905412039820842663949, 0.319684695269165135809748337210478133, 0.950906302386407316067584358007217560
Vector b: 1.724277832114101681738604331741756208, -1.612857439230487609648228277526234888, 1.069786495292357567597148210099425398, 0.093378662973190947174660851595707323, -1.940014336605114199859009092178694039, 0.459619205441444791685734901938956732, 0.566440189476176549691592399908094236, -1.262443214234484360515672041593439661, 1.901812604772814632135168716014428571
---------------------------------------------------------------------------------------------------
| Order |                  Error^2                   |                 Efficiency                 |
---------------------------------------------------------------------------------------------------
|   2   | 2.238938829997820965807221463178100451e-67 | 6.522797192435820066872033280409455078e+30 |
|   4   | 1.096961984507189910983154228164012609e-70 | 9.095240575828890308912380450577136230e+29 |
|   6   | 1.168569035166812151427883926224978006e-71 | 8.600778877990154707983608966548546791e+27 |
|   8   | 6.137138841709065055274076435485515945e-09 | 1.158342483610815873723437082764008096e-06 |
---------------------------------------------------------------------------------------------------

Scheme evaluation results:
Order: 8, No. cycles: 18
---------------------------------------------------------------------------------------------------
Vector a: 0.249055231006718231435049964759315820, 0.466888121041161078952068385662518099, -0.774761687257841081770546579082748453, -0.348048503654475644981765758307297820, 0.865718702061626471938053297775571559, 0.396425378055438355146660480932925674, -0.196360039507880152086538324776331507, -1.007354369487972687848798803645363862, 0.356347793697376530483981641324259699, 0.992089374045848898731835695357150742
Vector b: 0.498110462013436462870099929518745945, 0.435665780068885695034036841806208978, -1.985189154584567858575129999971747532, 1.289092147275616568611598483357184730, 0.442345256847636375264508112193765072, 0.350505499263240335028812849672110446, -0.743225578279000639201889499224766430, -1.271483160696944736495708108065832545, 1.984178748091697797463671390714331336
---------------------------------------------------------------------------------------------------
| Order |                  Error^2                   |                 Efficiency                 |
---------------------------------------------------------------------------------------------------
|   2   | 4.177222924172974789315232688961710959e-68 | 1.510118970934774749219010184379767383e+31 |
|   4   | 6.612583856490634323544486287433137666e-71 | 1.171451690221574169482930294417142212e+30 |
|   6   | 6.005496212646609322196802665405378299e-72 | 1.199749342701294731141258649911061096e+28 |
|   8   | 6.367275362862099923062830440620697557e-09 | 1.137216476100507840081715050475864316e-06 |
---------------------------------------------------------------------------------------------------

Scheme evaluation results:
Order: 8, No. cycles: 18
---------------------------------------------------------------------------------------------------
Vector a: 0.364300443787378132470551954986563750, -0.485418302489922966331001531602662946, -0.095889770512585840174805934384214152, 1.024052940011997890661903303876891866, -0.342695687061928646044697244878648625, -0.245732933217725791969061427266664556, -0.270060238282566754552161049426315110, -0.615477786563257948631905692505535855, 0.844345252069703108301112273702616244, 0.822576082258908816270065347497969420
Vector b: 0.728600887574756264941103909973137900, -1.699437492554602197603106973178476022, 1.507657951529430517253495104410054867, 0.540447928494565264070311503343721064, -1.225839302618422556159705993101003485, 0.734373436182970972221583138567684870, -1.274493912748104481325905237420320867, 0.043538339621588584062093852409271691, 1.645152164517817632540130694995929789
---------------------------------------------------------------------------------------------------
| Order |                  Error^2                   |                 Efficiency                 |
---------------------------------------------------------------------------------------------------
|   2   | 2.081221444291349169862783341028286746e-68 | 2.139418976998549974916328684598302344e+31 |
|   4   | 3.399417029200183822334477983805924961e-71 | 1.633833350277194999906346716767635498e+30 |
|   6   | 8.556564671437861582051853164505036888e-73 | 3.178449025508142716330069298626215363e+28 |
|   8   | 6.838758447993204521124795484103344942e-09 | 1.097315028065041333481702034565517514e-06 |
---------------------------------------------------------------------------------------------------

Scheme evaluation results:
Order: 8, No. cycles: 18
---------------------------------------------------------------------------------------------------
Vector a: -1.439790410712812580046342942062293931, 0.017643679124334103007148297853773982, 1.477300307928353285316124234208598314, -0.557786927349468505941254107244407143, -0.352384762691963138982933829013193161, 0.537208969616898361089886290198782478, 1.791793276908363855256058205651219534, -0.014915977337579806113471075664014786, -0.976918411431941421542905668654118152, 0.517850255945815847957690594725652856
Vector b: -2.879580821425625160092685884066083502, 2.914868179674293366106982479767266630, 0.039732436182413204525265988154974038, -1.155306290881350216407774202263021435, 0.450536765497423938441906544306258589, 0.623881173736372783737866036023272652, 2.959705380080354926774250375277302115, -2.989537334755514539001192526599979104, 1.035700511891631695915381189400009915
---------------------------------------------------------------------------------------------------
| Order |                  Error^2                   |                 Efficiency                 |
---------------------------------------------------------------------------------------------------
|   2   | 2.756160630467928125911266308839032822e-63 | 5.878990079684155731280131153047714996e+28 |
|   4   | 8.740757297484085748209124363962994272e-66 | 3.222073543031983548211805232650506973e+27 |
|   6   | 6.624771373006617595499834764136255120e-69 | 3.612264324080080530282297992476798892e+26 |
|   8   | 7.389983952247791438538700508467253768e-09 | 1.055597156129920371974409156438871098e-06 |
---------------------------------------------------------------------------------------------------

Scheme evaluation results:
Order: 8, No. cycles: 18
---------------------------------------------------------------------------------------------------
Vector a: -0.815553038673628922428329868343267442, 0.266461955823284232494051539758162065, 1.073779893391410507436679355819408376, -1.058950047144668229221652778758762190, -0.318607144498480478691760910451145737, 0.922808260813874229794755119524694066, 0.562506152704406733146872152509488768, -1.166341596471841545073639131271043187, -0.002125862923707839463460729537421227, 1.536021426979351312006485250749886529
Vector b: -1.631106077347257844856659736687268085, 2.164029988993826309844762816204026224, -0.016470202211005294971404104561786505, -2.101429892078331163471901452959060286, 1.464215603081370206088379632056337789, 0.381400918546378253501130606990499449, 0.743611386862435212792613698032101819, -3.076294579806118302939891960577846209, 3.072042853958702624012970501502995910
---------------------------------------------------------------------------------------------------
| Order |                  Error^2                   |                 Efficiency                 |
---------------------------------------------------------------------------------------------------
|   2   | 1.428623931475702143098238659330458031e-65 | 8.165749055663369504633172975452832031e+29 |
|   4   | 3.114163138217142382757940726142959520e-69 | 1.707022713035219478267633943196082153e+29 |
|   6   | 3.485247417661618858354987734067329477e-70 | 1.574882518735876586411137275152054787e+27 |
|   8   | 7.705236022603459214979990575516366859e-09 | 1.033777286773830154673620309672825742e-06 |
---------------------------------------------------------------------------------------------------

Scheme evaluation results:
Order: 8, No. cycles: 18
---------------------------------------------------------------------------------------------------
Vector a: -0.588543696534434369549820856526544021, 0.372207651249820709420427056088407288, 0.953007010561379436981209469663111220, -0.915488789921364629134125460143443696, -0.646192640973151107798205619089695800, 1.262402508114391926325498549005945238, -0.029637044910837913509655484829719346, -0.671591744794502285869277032997706960, 0.811366371857043953876472490782840192, 0.452470375351654279257476888046805978
Vector b: -1.177087393068868739099641713053089583, 1.921502695568510157940495825229885188, -0.015488674445751283978076885903625390, -1.815488905396977974290174034383301874, 0.523103623450675758693762796203913934, 2.001701392778108093957234301807979046, -2.060975482599783920976545271467418022, 0.717791993010779349237991205472046569, 0.904940750703308558514953776093610126
---------------------------------------------------------------------------------------------------
| Order |                  Error^2                   |                 Efficiency                 |
---------------------------------------------------------------------------------------------------
|   2   | 4.799509911778157554779833224170529644e-68 | 1.408823357387358651093610238999496680e+31 |
|   4   | 1.988004547773676699429736344327710539e-71 | 2.136492107481285377349790682341884033e+30 |
|   6   | 2.213386443867746009308107029752502113e-72 | 1.976224806739762454894897774227895737e+28 |
|   8   | 7.784757223484493707538957516658964128e-09 | 1.028483722409333890222305692828937410e-06 |
---------------------------------------------------------------------------------------------------

Scheme evaluation results:
Order: 8, No. cycles: 18
---------------------------------------------------------------------------------------------------
Vector a: 0.612507524172328671196015233391689326, 0.129396926243470526981898696481878570, -1.148165993739033163911738802381166496, -0.512836249823665995571073444906139334, 0.783686215227660480096059677003405976, 0.120227133013102417110925472445484573, -0.292487476417425049252559075187136965, 0.437936472833509075511806451908892727, 0.544459730756469061872222967173233629, 0.325275717733583975966442824069857909
Vector b: 1.225015048344657342392030466783328963, -0.966221195857716288428233073819572305, -1.330110791620350039395244530942676331, 0.304438291973018048253097641130413889, 1.262934138482302911939021712876395801, -1.022479872456098077717170767985442856, 0.437504919621247979212052617611056260, 0.438368026045770171811560286206763477, 0.650551435467167951932885648139733151
---------------------------------------------------------------------------------------------------
| Order |                  Error^2                   |                 Efficiency                 |
---------------------------------------------------------------------------------------------------
|   2   | 5.053974493893188172306839476244476593e-68 | 1.372898614950756007723137324831499219e+31 |
|   4   | 2.706533771557534492261880819312703784e-71 | 1.831062862292338947266560091810512451e+30 |
|   6   | 2.085904944757385148263136926213526752e-73 | 6.437506974436163586505631342199168396e+28 |
|   8   | 8.134642415617726206585331864505019184e-09 | 1.006122185999773293769835424940573057e-06 |
---------------------------------------------------------------------------------------------------

Scheme evaluation results:
Order: 8, No. cycles: 18
---------------------------------------------------------------------------------------------------
Vector a: 0.183085038281073478084018695241783364, 0.374643311021295863312964409500725013, -0.674665646999160679444052636194439569, -0.335471619682471511767094109238519770, 0.767785592611681401721306126237974563, 0.507461659334863051737247693112374205, -0.224742586582267936345512301036143502, -0.911994749542646029049965265979893428, 0.448537602688673735984240115750822906, 0.865361398868958625766847272605316340
Vector b: 0.366170076562146956168037390483547228, 0.383116545480444770457891428517902412, -1.732447839478766129345996700906758873, 1.061504600113823105811808482429718274, 0.474066585109539697630803770046238315, 0.540856733560186405843691616178508217, -0.990341906724722278534716218250797677, -0.833647592360569779565214313708984943, 1.730722797737917251533694545210627095
---------------------------------------------------------------------------------------------------
| Order |                  Error^2                   |                 Efficiency                 |
---------------------------------------------------------------------------------------------------
|   2   | 9.055679078826712367509119290887791781e-70 | 1.025638885636509161191209151450883125e+32 |
|   4   | 4.432551510043866119535896793530501402e-71 | 1.430813680709501249642670992609199463e+30 |
|   6   | 8.367373206422476970449092527540651385e-73 | 3.214181516783486338395107515268298721e+28 |
|   8   | 8.146313268980047312984972417687576046e-09 | 1.005401214881209198202182738968714491e-06 |
---------------------------------------------------------------------------------------------------

Scheme evaluation results:
Order: 8, No. cycles: 18
---------------------------------------------------------------------------------------------------
Vector a: 0.355981018979211070288907567269548390, 0.498869393669553683343438059957667955, -0.790283434019209315683219242603104103, -0.824426429913266009885674880566614184, 1.068618945346517081119257860283616325, -0.055671270747176010508744275695724765, -0.636694258529737926568164662865342867, -0.116609693372791477406367115123128821, 0.502377728223219090843218477915547504, 0.997838000363679814457348211427534560
Vector b: 0.711962037958422140577815134539046224, 0.285776749380685226109060985376390846, -1.866343617419103857475499470582743159, 0.217490757592571837704149709449834159, 1.919747133100462324534366011117098287, -2.031089674594814345551854562508526547, 0.757701157535338492415525236777957235, -0.990920544280921447228259467024168920, 1.995676000727359628914696422855111875
---------------------------------------------------------------------------------------------------
| Order |                  Error^2                   |                 Efficiency                 |
---------------------------------------------------------------------------------------------------
|   2   | 1.796793624248300530548886958879150783e-67 | 7.281249130758957689591199326249486328e+30 |
|   4   | 2.038320333924311299872823545960202343e-70 | 6.672272288759516200365301298076569824e+29 |
|   6   | 5.759272339272092902635491661103627260e-72 | 1.225127142253199784191895146000870323e+28 |
|   8   | 8.815528857982075694616282982791628350e-09 | 9.664864584248388286953704865208005242e-07 |
---------------------------------------------------------------------------------------------------

Scheme evaluation results:
Order: 8, No. cycles: 18
---------------------------------------------------------------------------------------------------
Vector a: -0.503812525493597131845393135488818158, -0.192734575923867690403252100476259184, 1.451820368118676819287051231360177980, 1.141367513192970565182097001079707776, -1.087035700400005996308268239667546743, -0.747870776932178871360384364796591212, -0.820783930816044994449562576191759157, -0.046512619733941908746840170684261086, 1.459811788590971303316172719988372960, 0.345750459397017905328379634876976792
Vector b: -1.007625050987194263690786270977231292, 0.622155899139458882884282070024731221, 2.281484837097894755689820392694463693, 0.001250189288046374674373609464827073, -2.175321590088058367290910088799731419, 0.679580036223700624570141359207433383, -2.321147897855790613469266511590449608, 2.228122658387906795975586170221882719, 0.691500918794035810656759269754074340
---------------------------------------------------------------------------------------------------
| Order |                  Error^2                   |                 Efficiency                 |
---------------------------------------------------------------------------------------------------
|   2   | 9.471814699536036280933265849661958476e-66 | 1.002855575109742946302076409303036621e+30 |
|   4   | 1.342548640619062192039708912995652670e-69 | 2.599830084622219446834524247479631653e+29 |
|   6   | 3.234692879169779685582779371956197842e-70 | 1.634739073100584712055011538924076796e+27 |
|   8   | 8.851379752085113155580275188312725799e-09 | 9.645271842130503110270144928768782852e-07 |
---------------------------------------------------------------------------------------------------

Scheme evaluation results:
Order: 8, No. cycles: 18
---------------------------------------------------------------------------------------------------
Vector a: 0.158461917262962275637836455190204683, 0.627105754292065041926078274704318733, -0.682064410433814332821412072121595303, -1.152872804778130934983990731897248970, 1.182575343509510956864560260064633669, 0.498132955769948938538768908866754135, -0.142396909411772367438946372071500639, -0.760812884437999411398320839110109123, -0.016575940926886532242038271062219773, 1.288446979154116365917464387436762614
Vector b: 0.316923834525924551275672910381378542, 0.937287674058205532576483639026103367, -2.301416494925834198219307783269175142, -0.004329114630427671748673680525209744, 2.369479801649449585477794200654354787, -1.373213890109551708400256382921016287, 1.088420071286006973522363638777997338, -2.610045840162005796319005316997959627, 2.576893958308232731834928774873526769
---------------------------------------------------------------------------------------------------
| Order |                  Error^2                   |                 Efficiency                 |
---------------------------------------------------------------------------------------------------
|   2   | 2.505344173948198243595072943017016474e-66 | 1.949940195723169949092794097902849854e+30 |
|   4   | 8.423550230628925844042760065387147878e-70 | 3.282179998747641363265947796002222290e+29 |
|   6   | 4.499870659835041192751899040959827086e-71 | 4.382934231753203040599612092102303982e+27 |
|   8   | 9.198552857474159634750456040480889476e-09 | 9.461504604055785424528800919345855067e-07 |
---------------------------------------------------------------------------------------------------

Scheme evaluation results:
Order: 8, No. cycles: 18
---------------------------------------------------------------------------------------------------
Vector a: 0.267291416741013359263972241234261427, -0.503536564013610911161688749038764090, -0.732141562055274416222677706771285564, 1.061852963869197302110835288396335018, 0.372403270847419183919101802416812475, -0.104336237465974717597846320136984181, -0.484081331696459283995382489308089819, -0.207085199281997180692622234661246475, 1.076528206163301157034986152428299556, 0.253105036892385507341322015440661593
Vector b: 0.534582833482026718527944482468517750, -1.541655961509248540851321980546033411, 0.077372837398699708405966567003466074, 2.046333090339694895815704009789188110, -1.301526548644856527977500404955561522, 1.092854073712907092781807764681594676, -2.061016737105825660772572743297773930, 1.646846338541831299387328273975287866, 0.506210073784771014682644030881314327
---------------------------------------------------------------------------------------------------
| Order |                  Error^2                   |                 Efficiency                 |
---------------------------------------------------------------------------------------------------
|   2   | 8.711563273831297297543772757834055693e-69 | 3.306792486087807242287555605958587500e+31 |
|   4   | 6.398226380401490622942234186481755228e-72 | 3.765998810684258857474761732816827637e+30 |
|   6   | 8.808611250718292948443753843620866550e-73 | 3.132645470938324820529047977696632385e+28 |
|   8   | 9.354946374752707330979346806867279309e-09 | 9.382083806296995804936765556425599211e-07 |
---------------------------------------------------------------------------------------------------

Scheme evaluation results:
Order: 8, No. cycles: 18
---------------------------------------------------------------------------------------------------
Vector a: -0.858388836332915273813477171998090073, -0.104369738755854735184439390309962404, 0.899166921326236033049376341834093642, -0.556473595371305603785879388986216103, -0.403330156436515682643093782416506238, 0.424799531628210320205036283756256406, -0.426207848194326286891442570565515470, 0.289475468219967752551983670884376403, 1.288759919637521210298637183146075965, 0.446568334278982266213298824655487849
Vector b: -1.716777672665830547626954343996187464, 1.508038195154121077258075563376265015, 0.290295647498350988840677120291947162, -1.403242838240962196412435898264368728, 0.596582525367930831126248333431305986, 0.253016537888489809283824234081275727, -1.105432234277142383066709375212370849, 1.684383170717077888170676716981144647, 0.893136668557964532426597649310988601
---------------------------------------------------------------------------------------------------
| Order |                  Error^2                   |                 Efficiency                 |
---------------------------------------------------------------------------------------------------
|   2   | 4.296919722903275018383077103526257200e-68 | 1.488937162908138441473017177013087305e+31 |
|   4   | 1.542030040014661948752505010500101809e-70 | 7.671204537095822985498984406116906738e+29 |
|   6   | 1.009618099410066553141003683438947453e-71 | 9.253081887834635250274483975626704216e+27 |
|   8   | 1.215675970637900740348646651183843011e-08 | 8.230212392841052021388701337139752119e-07 |
---------------------------------------------------------------------------------------------------

Scheme evaluation results:
Order: 8, No. cycles: 18
---------------------------------------------------------------------------------------------------
Vector a: 0.317539043453743331505877690168076841, -0.691004687699877113444360675790422524, 0.318223384094621632760675559686101222, 0.844229561345160997137661565992006964, -0.415223828677637976883107354250758949, 0.460480996020500508280185053451705807, -0.934510325452362871814393000250679404, -0.313903187879486537488928311990883603, 1.213971726581635884430947104647265250, 0.200197318213702145515442368337588445
Vector b: 0.635078086907486663011755380336283105, -2.017087462307240889900476731917512184, 2.653534230496484155421827851289947087, -0.965075107806162161146504719305557024, 0.134627450450886207380290010803845402, 0.786334541590114809180080096099782421, -2.655355192494840552808866096601563971, 2.027548816735867477831009472619584143, 0.400394636427404291030884736675190949
---------------------------------------------------------------------------------------------------
| Order |                  Error^2                   |                 Efficiency                 |
---------------------------------------------------------------------------------------------------
|   2   | 1.702757448549944379887474718504213264e-66 | 2.365258410396170379603794460010833252e+30 |
|   4   | 6.803460281171960636765882928577714841e-70 | 3.652120115636855669981074682685830078e+29 |
|   6   | 1.414540919991576718135218118274339081e-71 | 7.817307790206453471986690450778232574e+27 |
|   8   | 1.173760952585090648060291748588061542e-08 | 8.375873898682812546816907562091293457e-07 |
---------------------------------------------------------------------------------------------------

Scheme evaluation results:
Order: 8, No. cycles: 18
---------------------------------------------------------------------------------------------------
Vector a: 0.207206313054007062995949555259904772, 0.519612350030346676112220521763095963, -0.761183485463167841764980688314142939, -1.057480571886863103663231504754788244, 1.275809056226287209204536093725839080, -0.018129706197259729713564668115555852, -0.469130301603136451627802012700971084, -0.075048413049656161264434327183755292, 0.247298417786010021192297052029316824, 1.131046341103432318529009978291056854
Vector b: 0.414412626108014125991899110519822206, 0.624812073952679226232541933006363411, -2.147179044879014909762503309634645149, 0.032217901105288702436040300124976493, 2.519400211347285715973031887326771277, -2.555659623741805175400161223557889739, 1.617399020535532272144557198155954022, -1.767495846634844594673425852523475149, 2.262092682206864637058019956582122568
---------------------------------------------------------------------------------------------------
| Order |                  Error^2                   |                 Efficiency                 |
---------------------------------------------------------------------------------------------------
|   2   | 1.594365497815928046204574315151931840e-67 | 7.729671652406206034800838021809600586e+30 |
|   4   | 6.244527452286248180610878236017272981e-70 | 3.812064058586044184613152599566330566e+29 |
|   6   | 3.474679564900174357696073871684557026e-71 | 4.987783443906691069809416171044939041e+27 |
|   8   | 1.375171614608829964490121861835083256e-08 | 7.738227783062240687222169364895635272e-07 |
---------------------------------------------------------------------------------------------------

Scheme evaluation results:
Order: 8, No. cycles: 18
---------------------------------------------------------------------------------------------------
Vector a: 0.907774890899699120233293953113771885, -0.053286391699233859196509461621919824, -0.941521004415431832921081658765387601, -0.794997060848385947121367280084806963, 0.096386037666656744767724786685682221, 0.270792318632880337384392266482434600, -0.329107884722194246861514244054234809, 0.556221730604694528487943046549285514, 0.766467960571270214781577163019329032, 0.521269403310044940445541428675845986
Vector b: 1.815549781799398240466587906227574392, -1.922122565197865958859606829471385235, 0.039080556367002293017443511941939382, -1.629074678063774187260178072112997105, 1.821846753397087676795627645484310703, -1.280262116131327002026843112519559273, 0.622046346686938508303814624411198856, 0.490397114522450548672071468687369525, 1.042538806620089880891082857351548876
---------------------------------------------------------------------------------------------------
| Order |                  Error^2                   |                 Efficiency                 |
---------------------------------------------------------------------------------------------------
|   2   | 1.397952346435716068309485272292221081e-66 | 2.610410490580275796708336803109902344e+30 |
|   4   | 7.132054749504069326317143091518736636e-70 | 3.566996189438879559032146443728046875e+29 |
|   6   | 2.634848444825171014544677775705041929e-71 | 5.727790824947215879108735161900423050e+27 |
|   8   | 1.404275476956505323828684626822639660e-08 | 7.657619860206002820479030287004003637e-07 |
---------------------------------------------------------------------------------------------------

Scheme evaluation results:
Order: 8, No. cycles: 18
---------------------------------------------------------------------------------------------------
Vector a: -0.625631719526783708013558041080065832, -0.204035621577759607872602411525787316, 0.606991504911519777109217506571000431, -1.005791210316419950509656658901476970, -1.191106770276841886555638300626049087, 1.208684265298516772010727105621925753, 2.554141321360273718204740270249909036, -0.007985709983760120813250963013332475, -0.844394336468167900744761435139297768, 0.509128276579422907184782927843174228
Vector b: -1.251263439053567416027116082160799385, 0.843192195898048200281911259110530389, 0.370790813924991353936523754029208179, -2.382373234557831254955837071826666767, 0.000159694004147481844560470629179022, 2.417208836592886062176893740559914744, 2.691073806127661374232586799931718125, -2.707045226095181615859088725958328810, 1.018256553158845814369565855685244321
---------------------------------------------------------------------------------------------------
| Order |                  Error^2                   |                 Efficiency                 |
---------------------------------------------------------------------------------------------------
|   2   | 1.646497231136917663961850813085714680e-65 | 7.606318162571572141224186597141468506e+29 |
|   4   | 2.483956853136286452327417909366767772e-68 | 6.044187880450987838003262153744882965e+28 |
|   6   | 1.156538392938892472407601737253344124e-68 | 2.733914586913074119816445362666785717e+26 |
|   8   | 1.492493275423828559410788568501754762e-08 | 7.427860993165173122474294073705256508e-07 |
---------------------------------------------------------------------------------------------------

Scheme evaluation results:
Order: 8, No. cycles: 18
---------------------------------------------------------------------------------------------------
Vector a: 0.770615203411883401654724546764736550, -0.365529701768314475717774183272602087, 0.333736035457030618161614079866710873, 1.468811726161500099477208040160385247, -1.549415721759877408258562998674431637, -0.112563444470624239681166279489538908, 1.438157400313603745079132081179917620, -1.211676268182470930087878217615168149, -0.493092917422640356636907709133991210, 0.720957688259909546009610640213981437
Vector b: 1.541230406823766803309449093530133501, -2.272289810360395754744997460070804228, 2.939761881274456991068225619803397343, -0.002138428951456792113809539450297144, -3.096693014568298024403316457929818306, 2.871566125627049545040983898950973383, 0.004748675000157945117280263432565240, -2.428101211365099805293036698689544273, 1.441915376519819092019221280423394567
---------------------------------------------------------------------------------------------------
| Order |                  Error^2                   |                 Efficiency                 |
---------------------------------------------------------------------------------------------------
|   2   | 7.385280288329139478924464908345707863e-65 | 3.591463843313553424534689046295954590e+29 |
|   4   | 3.915325433595293925943605914657303865e-68 | 4.814221264344024610738515179570223236e+28 |
|   6   | 2.928030362291252680797042424190525760e-69 | 5.433468848266155701655529491560226083e+26 |
|   8   | 1.818050441703791244642236894832123194e-08 | 6.730029918735975682513843136141066927e-07 |
---------------------------------------------------------------------------------------------------

Scheme evaluation results:
Order: 8, No. cycles: 18
---------------------------------------------------------------------------------------------------
Vector a: 0.129595732938476867067685515899063258, -0.850964309964482164243060427139925544, 0.152101966484746225139428009246692720, 1.097428367691657440958961564179973831, -1.059191728335003446909891383815181583, 0.572012703701146584236638940074579808, -0.004418362920089226161780524960849248, -0.826088855630543459994555122688996599, 1.281912391831869580864558383631697173, 0.507612094202221599042015045572946108
Vector b: 0.259191465876953734135371031793236292, -1.961120085805918062621491886068489077, 2.265324018775410512900347904561955695, -0.070467283392095630982424776203332326, -2.047916173277911262837357991425630329, 3.191941580680204431310635871574329454, -3.200778306520382883634196921496033626, 1.548600595259295963645086676118404429, 1.015224188404443198084030091145559416
---------------------------------------------------------------------------------------------------
| Order |                  Error^2                   |                 Efficiency                 |
---------------------------------------------------------------------------------------------------
|   2   | 9.088279523510488532032152120334987831e-66 | 1.023797705340485085984064882352141113e+30 |
|   4   | 3.402547605756731338133402034810782655e-69 | 1.633081558088111300628853205294634399e+29 |
|   6   | 1.038962373843064548661196345604068370e-70 | 2.884463577760685329144032373030208111e+27 |
|   8   | 1.956621678949236244756320225338196754e-08 | 6.487338040474530012178681506496030281e-07 |
---------------------------------------------------------------------------------------------------

Scheme evaluation results:
Order: 8, No. cycles: 18
---------------------------------------------------------------------------------------------------
Vector a: 0.116545248349238907263543621976291790, -0.865694201440574445407096579823566582, 0.548372019604786349587329641597849687, -0.007406196557244919830403934944877048, -0.377154996100356132627382307907909522, 1.134837818696683122385021150913908168, -1.082817233687444726912636804590132584, -0.273844813822775790338267408455745061, 1.295054961833775602689145848924400467, 0.512107393123912033190746772309780688
Vector b: 0.233090496698477814527087243951598227, -1.964478899579626705341280403597668204, 3.061222938789199404515939686793377979, -3.076035331903689244176747556683130326, 2.321725339702976978921982940867297801, -0.052049702309610734151940639039528536, -2.113584765065278719673332970140708976, 1.565895137419727138996798153229207202, 1.024214786247824066381493544619554827
---------------------------------------------------------------------------------------------------
| Order |                  Error^2                   |                 Efficiency                 |
---------------------------------------------------------------------------------------------------
|   2   | 5.132758901878980569904168814075200381e-68 | 1.362321332791416751789435998072621094e+31 |
|   4   | 9.041264277168033128095994423266554378e-70 | 3.168074585989620713164405392515998230e+29 |
|   6   | 1.060254070160479943385070111350135103e-70 | 2.855354239970340100987679778383244514e+27 |
|   8   | 1.960656228090802508126794457993104921e-08 | 6.480659928761359017919182456967674889e-07 |
---------------------------------------------------------------------------------------------------

Scheme evaluation results:
Order: 8, No. cycles: 18
---------------------------------------------------------------------------------------------------
Vector a: 0.046846007408283557507463474018796340, -0.600166707382861298420762909585743069, 0.633358949461691126741723059948662116, 0.077976554166917293012048421584278473, -1.009925934985322244418946710629142290, 0.496755461466678065925539285523680836, 0.900545815150463692813222239238218571, -0.698656922141218909965025390919719706, -0.070824837035116132643462062575675796, 1.224091613890484849448200593396644441
Vector b: 0.093692014816567115014926948035689969, -1.294025429582289711856452767205278573, 2.560743328505671965339898887102601072, -2.404790220171837379315802043934062204, 0.384938350201192890477908622675847247, 0.608572572732163241373169948371354476, 1.192519057568764144253274530105181562, -2.589832901851201964183325311944628679, 2.448183227780969698896401186793295045
---------------------------------------------------------------------------------------------------
| Order |                  Error^2                   |                 Efficiency                 |
---------------------------------------------------------------------------------------------------
|   2   | 3.524560854270144720558224319206437439e-67 | 5.198792492336480116247792555542908203e+30 |
|   4   | 2.728377059960563769163978011352247578e-70 | 5.767104022053400570911743833948934326e+29 |
|   6   | 1.861329443311765263025684969862950848e-71 | 6.814803625092332947821887900921447754e+27 |
|   8   | 2.179863459059211848639234325116675396e-08 | 6.146180543655556702432660313371268926e-07 |
---------------------------------------------------------------------------------------------------

Scheme evaluation results:
Order: 8, No. cycles: 18
---------------------------------------------------------------------------------------------------
Vector a: 0.761490927365020768531342415600238842, -0.428095658394912716181842026237449884, 0.267320515695694465100231672747947367, -0.089204380513092223210145840849849396, -0.101295673339478443904174385337331845, 1.889016398869297163626519281722052296, -0.000239234626380676813896328254279015, -1.605689521983226962818629704309115513, -0.427276535094856112913503374756642743, 0.733973162021934738584098289674429855
Vector b: 1.522981854730041537062684831198654021, -2.379173171519866969426368883671408784, 2.913814202911255899626832229165163810, -3.092222963937440346047123910864481267, 2.889631617258483458238775140190651625, 0.888401180480110869014263423229584435, -0.888879649732872222642056079738137124, -2.322499394233581702995203328857527972, 1.467946324043869477168196579347501159
---------------------------------------------------------------------------------------------------
| Order |                  Error^2                   |                 Efficiency                 |
---------------------------------------------------------------------------------------------------
|   2   | 4.873924501824462122324221036487435528e-64 | 1.398027103048268221921014161685970306e+29 |
|   4   | 5.057971727236576525812810298431470032e-68 | 4.235666722006773888185873368996771240e+28 |
|   6   | 2.795552883898398494976977346886058228e-69 | 5.560721097593353064653252054788428545e+26 |
|   8   | 2.189003805727394186300965118914572336e-08 | 6.133335205621209165655790358025517162e-07 |
---------------------------------------------------------------------------------------------------

Scheme evaluation results:
Order: 8, No. cycles: 18
---------------------------------------------------------------------------------------------------
Vector a: 0.744771197106446126052702940031708147, -0.438037165227633037409240124552239264, 0.258734334896682240303235325326963708, -0.102835539890219512430643015020772656, -1.544527602851361815789626562125143877, 1.456431898120921101611116884651346316, 1.456891502019376848242261751942165761, -1.164680270291846746575111820682885519, -0.415869431171143398808573455172794252, 0.749121077288778194803878075601651647
Vector b: 1.489542394212892252105405880063459434, -2.365616724668158326923886129166890737, 2.883085394461522807530356779820357567, -3.088756474241961832391642809861679783, -0.000298731460761799187610314394835804, 2.913162527702604002409844083703914673, 0.000620476336149694074679420180550348, -2.329981016919843187224903061547086912, 1.498242154577556389607756151202211292
---------------------------------------------------------------------------------------------------
| Order |                  Error^2                   |                 Efficiency                 |
---------------------------------------------------------------------------------------------------
|   2   | 3.475207403290539138155299619071098974e-67 | 5.235577894995137356082022241421313477e+30 |
|   4   | 3.496984896525261314725351627665794912e-68 | 5.094048802162942867274639396731829834e+28 |
|   6   | 4.635496289387452511565700830495193111e-70 | 1.365579065899804573056632287018887281e+27 |
|   8   | 2.202350843508385863346770585148310227e-08 | 6.114721853829176617332709432175276311e-07 |
---------------------------------------------------------------------------------------------------

Scheme evaluation results:
Order: 8, No. cycles: 18
---------------------------------------------------------------------------------------------------
Vector a: -0.573265129358002996310318485539706219, -0.311933999247061768198853055761502144, 0.432445652477878751975636433343063503, -0.511036961341028928899853950718511963, 0.131196063687017967446061116913180920, 0.935439470301609048270351014718694952, 0.869545650240780454526308036963099191, -0.087227659143188693812992186529156629, -0.359922237047674177637687101679536236, 0.474759149429670342641348178290374697
Vector b: -1.146530258716005992620636971079441519, 0.522662260221882456222930859556480564, 0.342229044733875047728342007129624390, -1.364302967415932905528049908566628093, 1.626695094789968840420172142392966437, 0.244183845813249256120529887044556454, 1.494907454668311652932086186881504128, -1.669362772954689040558070559939807902, 0.949518298859340685282696356580745349
---------------------------------------------------------------------------------------------------
| Order |                  Error^2                   |                 Efficiency                 |
---------------------------------------------------------------------------------------------------
|   2   | 1.525881924782301033925286600514592915e-68 | 2.498587284799318902655826146369627344e+31 |
|   4   | 9.750773195619465875405815361457889861e-71 | 9.646959431537471469582177889587600098e+29 |
|   6   | 1.001538747822561822832839116612501109e-71 | 9.290328943031928482764559893667314529e+27 |
|   8   | 2.294980783069183317651821291540514865e-08 | 5.990049792646619952977825754830232388e-07 |
---------------------------------------------------------------------------------------------------

Scheme evaluation results:
Order: 8, No. cycles: 18
---------------------------------------------------------------------------------------------------
Vector a: -0.506615421087602314657325288392655850, -0.392530006349440604602072928720140164, -0.691029181307858977242391572786000628, 0.015070926552533799622430184514319724, 1.008750126360178285730858565710932833, 0.631796504190030148562171340999399922, 0.692371197109625400771348365849371678, 1.253631811244925218685943629845674050, -0.003476721074342394602490070385126723, -1.007969235638048562268472226635774909
Vector b: -1.013230842175204629314650576782720169, 0.228170829476323420110504719342513724, -1.610229192092041374595287864913979067, 1.640371045197108973840148233942481948, 0.377129207523247597621568897480311824, 0.886463800856812699502773784511644998, 0.498278593362438102039922947189968427, 2.008985029127412335331964312497740292, -2.015938471276097124536944453267961810
---------------------------------------------------------------------------------------------------
| Order |                  Error^2                   |                 Efficiency                 |
---------------------------------------------------------------------------------------------------
|   2   | 2.150470222207137039337125576245705690e-65 | 6.655616246424116627161392664639587402e+29 |
|   4   | 7.093684846782181299344341756773322621e-68 | 3.576630161184947643594387439356604767e+28 |
|   6   | 1.225117433620700907348221253051549015e-68 | 2.656293804828830930513513235331273675e+26 |
|   8   | 2.368325235269113315386449008897512961e-08 | 5.896567682976880295492351049907330245e-07 |
---------------------------------------------------------------------------------------------------

Scheme evaluation results:
Order: 8, No. cycles: 18
---------------------------------------------------------------------------------------------------
Vector a: 0.382303362125434891189614823858254527, -0.547555813081345094166061982410220340, -0.114618265812329932626253522745100662, 1.022098285828736641743829893683845767, -0.581067403611607101611932422559912634, -0.466789710717785055409298278932126440, -0.178547033631164112825893118481088440, -0.427430965702578239082060792180773319, 0.991929340929666255874464239927839301, 0.919678203672971746913591159839282324
Vector b: 0.764606724250869782379229647716515987, -1.859718350413559970711353612536972267, 1.630481818788900105458846567046770148, 0.413714752868573178028813220320919844, -1.575849560091787381252678065440744726, 0.642270138656217270434081507576487995, -0.999364205918545496085867744538665502, 0.144502274513389017921746160177114868, 1.839356407345943493827182319678573700
---------------------------------------------------------------------------------------------------
| Order |                  Error^2                   |                 Efficiency                 |
---------------------------------------------------------------------------------------------------
|   2   | 1.395140558081740374119373690752400421e-69 | 8.263157061524900235548781865838676562e+31 |
|   4   | 4.722616230537534250057673270816750982e-71 | 1.386176882946511746409699117779076416e+30 |
|   6   | 5.444948822953055636302837895162121522e-72 | 1.259992814108141049970007332916361618e+28 |
|   8   | 2.700963705849607971349995953308951177e-08 | 5.521544605897370156677694349459222379e-07 |
---------------------------------------------------------------------------------------------------

Scheme evaluation results:
Order: 8, No. cycles: 18
---------------------------------------------------------------------------------------------------
Vector a: 0.826361620722687730799976549479773590, -0.061335003815088852179953066776340598, -1.540404927798025831450584980149873225, 0.191376350022628491778589801810052857, 0.917765446817244084608616318224790568, -0.639763614099681017206182164435085652, -0.411452236938324767770479923836395352, 0.821805641690197894799775750050171424, 0.707730097196418783812472036282038665, 0.187916626201943482807769679350867699
Vector b: 1.652723241445375461599953098959912528, -1.775393249075553165959859232512620447, -1.305416606520498496941310727787824923, 1.688169306565755480498490331407995542, 0.147361587068732688718742305041774022, -1.426888815268094723131106633912066394, 0.603984341391445187590146786239071348, 1.039626941988950602009404713861821931, 0.375833252403886965615539358701936273
---------------------------------------------------------------------------------------------------
| Order |                  Error^2                   |                 Efficiency                 |
---------------------------------------------------------------------------------------------------
|   2   | 8.742578974676278787402491491405346380e-68 | 1.043843058990069481252559423564654492e+31 |
|   4   | 6.309604091369564654863229536390144600e-70 | 3.792354478387181364175986029187213135e+29 |
|   6   | 5.087003014722549814588875925846861057e-72 | 1.303568843494809441085974887794264793e+28 |
|   8   | 2.434845062489125035145230943084681446e-08 | 5.815462957692464149143235982765363333e-07 |
---------------------------------------------------------------------------------------------------

Scheme evaluation results:
Order: 8, No. cycles: 18
---------------------------------------------------------------------------------------------------
Vector a: 0.452349608448524169000160835412144072, -0.310823107614468817614804815773555054, 0.226122063432857904276625090941556770, 0.253545169490667466915993008102975998, -0.529188380089508039765208117177766074, 0.688857383609246456678255656489163894, -0.534258944373667893525720861739695792, -1.024312587312629806628734276239264897, 0.884975652581793860014143052563791646, 0.892733141827184700649290427420649436
Vector b: 0.904699216897048338000321670824264360, -1.526345432125985973229931302371459978, 1.978589558991701781783181484254606741, -1.471499220010366847951195468048600626, 0.413122459831350768420779233692965441, 0.964592307387142144935732079285491096, -2.033110196134477931987173802764988318, -0.015514978490781681270294749713706757, 1.785466283654369401298580854841427909
---------------------------------------------------------------------------------------------------
| Order |                  Error^2                   |                 Efficiency                 |
---------------------------------------------------------------------------------------------------
|   2   | 4.708953120989890431104742031261651726e-70 | 1.422305227796992405470851685925824375e+32 |
|   4   | 2.752077470049680555438318284496367971e-71 | 1.815848669290113259872000656864382080e+30 |
|   6   | 3.380892123793185422571350807072023249e-72 | 1.599003125111115797335693974559480286e+28 |
|   8   | 2.877229912792416428828086155062274006e-08 | 5.349740002372870768402864666131303046e-07 |
---------------------------------------------------------------------------------------------------

Scheme evaluation results:
Order: 8, No. cycles: 18
---------------------------------------------------------------------------------------------------
Vector a: 0.609307534493516971056130030008296964, -0.366507212770045640121759634121104793, -0.653033212863830333190630597912423577, 0.448081597354851621914160001559808230, -0.624155598335524803912486435277022289, 0.180255981134824617847804921778171941, 0.153411581549890784028428884471679268, -0.670951017859395248055912951918506951, 1.014469695155947382018558118709483621, 0.909120652139764648415707662701617561
Vector b: 1.218615068987033942112260060016592196, -1.951629494527125222355779328258805152, 0.645563068799464555974518132433959828, 0.250600125910238687853801870685676855, -1.498911322581288295678774741239732411, 1.859423284850937531374384584796081013, -1.552600121751155963317526815852726184, 0.210698086032365467205700912015712355, 1.818241304279529296831415325403241477
---------------------------------------------------------------------------------------------------
| Order |                  Error^2                   |                 Efficiency                 |
---------------------------------------------------------------------------------------------------
|   2   | 9.983886184406450385178804018203790438e-70 | 9.767989387014372963725801442389364062e+31 |
|   4   | 4.902801251271024742721734116082218519e-71 | 1.360466447478682896961069734801005371e+30 |
|   6   | 4.005083755545068029485995652498472760e-72 | 1.469126417090747187369551206842925072e+28 |
|   8   | 3.614117663037369000370334473266713919e-08 | 4.773300933482046017179322965613590093e-07 |
---------------------------------------------------------------------------------------------------

Scheme evaluation results:
Order: 8, No. cycles: 18
---------------------------------------------------------------------------------------------------
Vector a: -0.519546734249220228127085282291867573, -0.371079668928527845215088938156741711, 0.392056427417653847889338100808743066, 1.248869076037015979995936342382865541, 0.104259166494263350669412043357945052, -0.750798142551489341831395308233268722, -0.863111129971035776641084385144186390, -0.095937681650092099165582736843581974, 1.386342270308338806209419523269351689, 0.468946417093093306216130640850741033
Vector b: -1.039093468498440456254170564583692582, 0.296934130641384765823992688270195149, 0.487178724193922929954683513347313323, 2.010559427880109030037189171418345970, -1.802041094891582328698365084702448451, 0.300444809788603645035574468235974949, -2.026667069730675198317743238524384128, 1.834791706430490999986577764837212645, 0.937892834186186612432261281701483222
---------------------------------------------------------------------------------------------------
| Order |                  Error^2                   |                 Efficiency                 |
---------------------------------------------------------------------------------------------------
|   2   | 4.122235673472707736813826192405031696e-67 | 4.807160042527534468045365575956136230e+30 |
|   4   | 1.015058496432430539311586153640030887e-69 | 2.989953568910296099293763793899507446e+29 |
|   6   | 9.695006000791799008681845532939042561e-72 | 9.442585550750495421124596376726811409e+27 |
|   8   | 3.645452948871202619312174085128741739e-08 | 4.752741683176278993228141185683278051e-07 |
---------------------------------------------------------------------------------------------------

Scheme evaluation results:
Order: 8, No. cycles: 18
---------------------------------------------------------------------------------------------------
Vector a: 0.841462155186936407081729517706362268, 0.147180849539649314058558732793459753, -0.512839187729583963814693386644956002, 0.417135997863517423578137242843961934, -0.343187965465232543978899865236834339, -1.435227584607582346966823317891391390, -0.108116177947361348450201335354913637, 0.876647032190978902617607569658677692, 0.622681175955241449162065069530437055, 0.494263705013436706712519772595196605
Vector b: 1.682924310373872814163459035412721455, -1.388562611294574186046341569825765116, 0.362884235835406258416954796535667452, 0.471387759891628588739319689152463117, -1.157763690822093676697119419626241428, -1.712691478393071017236527216156482611, 1.496459122498348320336124545446632587, 0.256834941883609484899090593870565882, 0.988527410026873413425039545190438662
---------------------------------------------------------------------------------------------------
| Order |                  Error^2                   |                 Efficiency                 |
---------------------------------------------------------------------------------------------------
|   2   | 6.556311653070539754076602366602761249e-68 | 1.205383368860297673654587917864091016e+31 |
|   4   | 5.393965720058168888123547090121191132e-70 | 4.101624405178904739120850797844928589e+29 |
|   6   | 9.907095187209947153403239908573660473e-72 | 9.340966219906597000134453622657644272e+27 |
|   8   | 3.579339145729195383197509421343805395e-08 | 4.796434676362196196072583053263886411e-07 |
---------------------------------------------------------------------------------------------------

Scheme evaluation results:
Order: 8, No. cycles: 18
---------------------------------------------------------------------------------------------------
Vector a: 0.178837147216525750871381340341169971, -0.523886951563174818759646796677652753, -0.506452964053424889903599926400498838, 0.355340574922359970378191543474526113, 0.889851750190832446461328874065122455, -0.326582348590647674204181927081312250, -0.535823075824070003187383852309583654, -0.060747428858328135422824271964532842, 0.473587142470136695758273564303858942, 1.055876154089790658008461452248902784
Vector b: 0.357674294433051501742762680682219331, -1.405448197559401139262056274037369029, 0.392542269452551359454856421236362060, 0.318138880392168581301526665712668500, 1.461564619989496311621131082417566251, -2.114729317170791660029494936580177271, 1.043083165522651653654727231960999754, -1.164578023239307924500375775890064187, 2.111752308179581316016922904497794783
---------------------------------------------------------------------------------------------------
| Order |                  Error^2                   |                 Efficiency                 |
---------------------------------------------------------------------------------------------------
|   2   | 1.162771832919046934769089689748219684e-67 | 9.051232866083761716451306401775807617e+30 |
|   4   | 9.466235623001058189444286149363832536e-71 | 9.790870908124612534950337242571467285e+29 |
|   6   | 3.507351135125032355168791342413765931e-72 | 1.569912132864581735367822528640242195e+28 |
|   8   | 4.232004161758463476944103352421966257e-08 | 4.411100129352071546217596099607986989e-07 |
---------------------------------------------------------------------------------------------------

Scheme evaluation results:
Order: 8, No. cycles: 18
---------------------------------------------------------------------------------------------------
Vector a: -0.537343469991813941389838539776361151, -0.495802499661789015336591128161676630, 0.370233124809893586144754836579570891, 1.283962850308003080561568596463201318, 0.109808847741823334908672834604478549, -0.618657768425058984672606819147984727, -0.744917952267265916071205056659929143, -0.090985420844819207087325405425800246, 1.302219449707362936407615925252484568, 0.421482838623664126534954756272016559
Vector b: -1.074686939983627882779677079552818791, 0.083081940660049852106494823229818541, 0.657384308959737320183014849928907903, 1.910541391656268840940122342997664120, -1.690923696172622171122776673788733576, 0.453608159322504201777563035492711014, -1.943444063857036033919973148812492215, 1.761473222167397619745322337960916952, 0.842965677247328253069909512544025991
---------------------------------------------------------------------------------------------------
| Order |                  Error^2                   |                 Efficiency                 |
---------------------------------------------------------------------------------------------------
|   2   | 2.536405153188573867015629222184761600e-67 | 6.128379855734404624258563100330750000e+30 |
|   4   | 1.024246827060263502348541207295531293e-70 | 9.412558013580464993348962073185797119e+29 |
|   6   | 4.723886266834647775817789560438311887e-72 | 1.352742868070946002414865500638520622e+28 |
|   8   | 4.263137994553611824931284294920013682e-08 | 4.394963411129482011955707666490669693e-07 |
---------------------------------------------------------------------------------------------------

Scheme evaluation results:
Order: 8, No. cycles: 18
---------------------------------------------------------------------------------------------------
Vector a: 0.156430440371108516394171542537095428, -1.004710226692596488398407987252795473, 0.094079818910882213642353059187727350, 1.202103452140965249907703298999024298, -1.160162055906289128321936164366419221, -0.150361626733340199206469117979976957, 1.412604346355848113777682389079046661, -1.370542534825269682762294843951861392, -0.002952549731549715492270826437146306, 1.823510936110241120459468650185305563
Vector b: 0.312860880742217032788343085073149073, -2.322281334127410009585159059577034271, 2.510440971949174436869865177952443495, -0.106234067667243937054458579955638351, -2.214090044145334319589413748776108931, 1.913366790678653921176475512816272403, 0.911841902033042306378889265341208280, -3.652926971683581671903478953243749313, 3.647021872220482240918937300369457495
---------------------------------------------------------------------------------------------------
| Order |                  Error^2                   |                 Efficiency                 |
---------------------------------------------------------------------------------------------------
|   2   | 3.779507198512168919183182056426659619e-64 | 1.587586515107937611620608241401738281e+29 |
|   4   | 1.238389936864426133053857538251883448e-67 | 2.706956472598691445319669805102205658e+28 |
|   6   | 4.242053375453758608272425950756570472e-69 | 4.514159551674433550740620052424264550e+26 |
|   8   | 4.414565170805812071547840952020305205e-08 | 4.318928286680666263466115725387364622e-07 |
---------------------------------------------------------------------------------------------------

Scheme evaluation results:
Order: 8, No. cycles: 18
---------------------------------------------------------------------------------------------------
Vector a: 0.162041729469004701952570711392642925, -0.514420009138584412398855797995429231, -0.523651312170105267707657714161408989, 1.218644604574697823183976996752152874, -0.147152909546306384176035128063754919, -0.565078768508320379825619070286713132, 0.853864220694168763371031540396520209, -0.847197513550404159371282830828845184, 0.154898271553238186560090590435894655, 1.208051686622611128411780702358940696
Vector b: 0.324083458938009403905141422785500013, -1.352923477215178228702853018776588672, 0.305620852874967693287537590453780275, 2.131668356274427953080416403050543721, -2.425974175367040721432486659178058470, 1.295816638350399961781248518604624887, 0.411911803037937564960814562188405132, -2.106306830138745883703380223846093959, 2.416103373245222256823561404717886784
---------------------------------------------------------------------------------------------------
| Order |                  Error^2                   |                 Efficiency                 |
---------------------------------------------------------------------------------------------------
|   2   | 8.016087120577405787719072396293873284e-68 | 1.090118664555646018058668974941256250e+31 |
|   4   | 2.712547308445817855943429843841808958e-70 | 5.783907235303838090484070907389532471e+29 |
|   6   | 6.862301692920184472943151536769163199e-72 | 1.122354534925130949010589383004989433e+28 |
|   8   | 4.747483006325902585089614349412463855e-08 | 4.164743410780652127035014474502379511e-07 |
---------------------------------------------------------------------------------------------------

Scheme evaluation results:
Order: 8, No. cycles: 18
---------------------------------------------------------------------------------------------------
Vector a: 0.159707341950417985266018990124076049, -0.339875040100436902390178429630873560, 0.466375133657918759265879116251266889, 0.314456140560255500661093829078537042, -0.441821313627172013629063999523476927, 0.388652849165294398300905049003323982, -0.788541971866060832088897647034818594, -0.538117079498413982520262046895412907, 1.104280809884896101186063540183062963, 0.674883129873300985948441598444315039
Vector b: 0.319414683900835970532037980248016706, -0.999164764101709775312394839509586785, 1.931915031417547293844153072012080311, -1.303002750297036292521965413855006129, 0.419360123042692265263837414808036530, 0.357945575287896531337972683198645137, -1.935029519020018195515767977268301632, 0.858795360023190230475243883477483329, 1.349766259746601971896883196888632581
---------------------------------------------------------------------------------------------------
| Order |                  Error^2                   |                 Efficiency                 |
---------------------------------------------------------------------------------------------------
|   2   | 2.971168305763044327779742039340284483e-68 | 1.790570243639833594559501256784994922e+31 |
|   4   | 3.711590341194893731097243521860943565e-71 | 1.563615481067253074926713010499312744e+30 |
|   6   | 6.402164473262613689691410362931192210e-73 | 3.674527955766070742091364948278083801e+28 |
|   8   | 5.171169456672998392699116853488702937e-08 | 3.990484004920160171990678057830222670e-07 |
---------------------------------------------------------------------------------------------------

Scheme evaluation results:
Order: 8, No. cycles: 18
---------------------------------------------------------------------------------------------------
Vector a: 0.255795145801109674570533958427538249, -0.238664248353816703521136255734753479, 0.202026783028597690094047590241594232, 0.801280082670634459976714273246477933, -0.610695515283273572559783078560956224, -1.260292738958905855889873407267653753, 0.080791347857286279522040825766028650, 0.882301440539465516111262660344066917, 0.572082238596279928373160704125822622, 0.315375464102622583323032729411834721
Vector b: 0.511590291602219349141067916855105868, -0.988918788309852756183340428324638297, 1.392972354367048136371435608807832876, 0.209587810974220783581992937685174918, -1.430978841540767928701559094807123260, -1.089606636377043783078187719728276305, 1.251189332091616342122269371260336182, 0.513413548987314690100255949427903386, 0.630750928205245166646065458823684657
---------------------------------------------------------------------------------------------------
| Order |                  Error^2                   |                 Efficiency                 |
---------------------------------------------------------------------------------------------------
|   2   | 5.093819481840025706723879601124382877e-68 | 1.367518514182012214921612201934510938e+31 |
|   4   | 1.091722248321443009540039820761814351e-71 | 2.883061450123020810936824772348079590e+30 |
|   6   | 5.410364020910426745137691327298651170e-73 | 3.997161780683722688104933852777017212e+28 |
|   8   | 5.142553759117133049368688274608320373e-08 | 4.001571110292925676953707139324149850e-07 |
---------------------------------------------------------------------------------------------------

Scheme evaluation results:
Order: 8, No. cycles: 18
---------------------------------------------------------------------------------------------------
Vector a: 0.199325765400153864836240591722340559, -0.550360773263361490511430122244553875, -0.387266685649540900873748802433081827, 1.129515878306998785196810978725954723, -0.304244468758284017529410530537065519, -0.995925009850924051934882305562731353, 0.414942681436083897517114496716277867, -0.152906192183521714081099634485478985, 0.577242707571587156049804244531478605, 1.069676096990808471330601083566859757
Vector b: 0.398651530800307729672481183444994225, -1.499373077327030710695341427934496262, 0.724839706027948908947843823068428328, 1.534192050586048661445778134383442215, -2.142680988102616696504599195457605897, 0.150830968400768592634834584332399195, 0.679054394471399202399394409100026105, -0.984866778838442630561593678070953933, 2.139352193981616942661202167133766121
---------------------------------------------------------------------------------------------------
| Order |                  Error^2                   |                 Efficiency                 |
---------------------------------------------------------------------------------------------------
|   2   | 3.450853286367919548581929781378167619e-67 | 5.254020246334734887576867037443886719e+30 |
|   4   | 1.712310411755685724764602756541160824e-71 | 2.302071089854903468196040290677888672e+30 |
|   6   | 1.011868779393617736755867456897616736e-71 | 9.242785434343477082199062675670359612e+27 |
|   8   | 5.875028400548385810611899612398501238e-08 | 3.743820120369175133013724689577422591e-07 |
---------------------------------------------------------------------------------------------------

Scheme evaluation results:
Order: 8, No. cycles: 18
---------------------------------------------------------------------------------------------------
Vector a: 0.269077265491119572256546058097370146, -0.566889047077227826849718389113504794, -0.523355846986356236781775944957884801, 1.165303014813653302881654943440419849, -0.234847539232491699074558521133864910, -0.705956113780974981350641281359765165, 0.411887888334989668614470064351052867, -0.476917484967331526709601812471883821, 0.577238232392738694985318343643515173, 1.084459631011881032028306539504545430
Vector b: 0.538154530982239144513092116194810782, -1.671932625136694798212528894421890956, 0.625220931163982324648977004506166325, 1.705385098463324281114332882374619351, -2.175080176928307679263449924642351434, 0.763167949366357716562167361922946001, 0.060607827303621620666772766778757485, -1.014442797238284674085976391722154500, 2.168919262023762064056613079009097024
---------------------------------------------------------------------------------------------------
| Order |                  Error^2                   |                 Efficiency                 |
---------------------------------------------------------------------------------------------------
|   2   | 2.176900353558577652720746879536073071e-67 | 6.615089354043260678476701788022668945e+30 |
|   4   | 4.568873085239289724169835342230731197e-70 | 4.456618229721838702185704756678909302e+29 |
|   6   | 1.220784821580410305160779252199045212e-71 | 8.414831207577254348864031047510888100e+27 |
|   8   | 7.679463322817884305923883274841051390e-08 | 3.274571848724400266283424692899190020e-07 |
---------------------------------------------------------------------------------------------------

Scheme evaluation results:
Order: 8, No. cycles: 18
---------------------------------------------------------------------------------------------------
Vector a: 0.204965768374455089895161843589150403, 0.262611956799758010035352691478205553, -0.768349958994261457359419039807477776, -0.514067772713533945984838741278182940, 1.158585455680818504985511013434290535, -0.242282196735997146119051041013939782, -0.629198385640408424816644995202669302, -0.091860656066454900132439246323859058, 0.533997120579396287295391177986381165, 1.085598668716227982200976337138101204
Vector b: 0.409931536748910179790323687178504810, 0.115292376850605840280381695777280045, -1.651992294839128754999219775391798448, 0.623856749412060863029542292835411478, 1.693314161949576146941479734033173732, -2.177878555421570439179581816061045689, 0.919481784140753589546291825655692736, -1.103203096273663389811170318303411190, 2.171197337432455964401952674276192393
---------------------------------------------------------------------------------------------------
| Order |                  Error^2                   |                 Efficiency                 |
---------------------------------------------------------------------------------------------------
|   2   | 1.122055235860872329286676812136565450e-68 | 2.913720378869980376493641188620183203e+31 |
|   4   | 7.823125102643633230573979153028918754e-71 | 1.077010263425943718549439894242381958e+30 |
|   6   | 2.540423114718281416003812111678042058e-71 | 5.833268157475888666722683141615877151e+27 |
|   8   | 7.733749614291486983083817843268369442e-08 | 3.263058842728956778741601191359050955e-07 |
---------------------------------------------------------------------------------------------------

Scheme evaluation results:
Order: 8, No. cycles: 18
---------------------------------------------------------------------------------------------------
Vector a: 0.510061104596873097807513128421916904, -0.428320477692693398897051415141640205, -0.962171233985300414692023389593455007, 1.102157693123319478489216278731605874, 0.407527967055974123936050676148564165, -0.526460007850947353732456895818326426, 0.685124589633125398098285269135039258, -0.654416660708721083376522931332260789, -0.140542427300672205149825684112044135, 1.007039453129042357516814963560600408
Vector b: 1.020122209193746195615026256843819364, -1.876763164579132993409129087127068671, -0.047579303391467835974917692059842065, 2.251894689638106792953350249523066380, -1.436838755526158545081248897225969153, 0.383918739824263837616335105589316542, 0.986330439441986958580235432680767029, -2.295163760859429125333281295345264147, 2.014078906258084715033629927121174624
---------------------------------------------------------------------------------------------------
| Order |                  Error^2                   |                 Efficiency                 |
---------------------------------------------------------------------------------------------------
|   2   | 2.737680355264202149447786208123745583e-69 | 5.898799299253311218532906521705468750e+31 |
|   4   | 1.605921192240420608591129526352766817e-70 | 7.517057373278393274398005633075976562e+29 |
|   6   | 4.348185898167194225613622090053482619e-72 | 1.409973394366942781951344198243352318e+28 |
|   8   | 7.812204054645009446545021820237336775e-08 | 3.246632784984214701420701150139113063e-07 |
---------------------------------------------------------------------------------------------------

Scheme evaluation results:
Order: 8, No. cycles: 18
---------------------------------------------------------------------------------------------------
Vector a: 0.597992217956233247833941058279689437, -0.490858534866607332557583072962470432, -0.830718780289791414660931469070348234, 0.538440261201719314567976590310989296, -0.298273228192381436140386327811299431, -0.460991923415278889418483481604707608, 0.363931273442286463743547213210861963, -0.175136440539077942448355859539031433, 0.667068517083653139223829525390993468, 1.088546637619244849856445823795323046
Vector b: 1.195984435912466495667882116559374060, -2.177701505645681160783048262484319546, 0.516263945066098331461185324343661501, 0.560616577337340297674767856278241113, -1.157163033722103169955540511900769967, 0.235179186891545391118573548691309686, 0.492683359993027536368520877730543760, -0.842956241071183421265232596808687948, 2.177093275238489699712891647590647632
---------------------------------------------------------------------------------------------------
| Order |                  Error^2                   |                 Efficiency                 |
---------------------------------------------------------------------------------------------------
|   2   | 5.431822703457232745841157478656769705e-68 | 1.324287247071944018648348794401490234e+31 |
|   4   | 1.029818192118526030465270450609261087e-70 | 9.387062291843180196998881462130378418e+29 |
|   6   | 6.864590277587284500768878920012805305e-72 | 1.122167428528531418239658782103797531e+28 |
|   8   | 8.603290565307282500741043615542815389e-08 | 3.093767434738169585078723713881296728e-07 |
---------------------------------------------------------------------------------------------------

Scheme evaluation results:
Order: 8, No. cycles: 18
---------------------------------------------------------------------------------------------------
Vector a: -1.592430980018893011709153416560061495, -0.014224899701863896014562909352213297, 0.942453567599994347912741934480518174, -0.628624815356362617631017383859113991, 0.479408772597281970559962345050067373, 0.622686015269316763979794318206677750, -1.359863696179136311269054253433461979, 0.018670550956145451329859986773264901, 2.030432336000753004505503390439742508, 0.501493148832764298335925988254579998
Vector b: -3.184861960037786023418306833120944592, 3.156412160634058231389181014416690980, -1.271505025434069535563697145456807879, 0.014255394721344300301662377712118803, 0.944562150473219640818262312418996866, 0.300809880065413887141326323978612182, -3.020537272423686509679434830832836798, 3.057878374335977412339154804379081839, 1.002986297665528596671851976505088579
---------------------------------------------------------------------------------------------------
| Order |                  Error^2                   |                 Efficiency                 |
---------------------------------------------------------------------------------------------------
|   2   | 9.295963373072208236139843013064137537e-65 | 3.201162994861037806386636885415444336e+29 |
|   4   | 2.171413266451117095862672286521993825e-67 | 2.044272263248768546955179774956596756e+28 |
|   6   | 7.072973047498361015269605632998800055e-68 | 1.105513289898713747321050778482101560e+26 |
|   8   | 9.375054443309696670965944077891712925e-08 | 2.963691946054817384083081004980628282e-07 |
---------------------------------------------------------------------------------------------------

Scheme evaluation results:
Order: 8, No. cycles: 18
---------------------------------------------------------------------------------------------------
Vector a: 0.457559179465736935863999021781992786, -0.323231383326862130045982564770858246, -0.417933404036781611309388336417775550, -0.298014018216843970554524902944722880, -0.326989001984642604000536512119187256, 1.183417617102591721343565395110044561, -0.235868455720796984862921997889911641, -1.139273320083326083584087370532697083, 1.023231682276484264308847824644903112, 1.077101104524440462841029443138212318
Vector b: 0.915118358931473871727998043563888890, -1.561581125585198131819963173105574086, 0.725714317511634909201186500270096267, -1.321742353945322850310236306159512078, 0.667764349976037642309163281921125915, 1.699070884229145800377967508298940096, -2.170807795670739770103811504078754568, -0.107738844495912397064363236986630547, 2.154202209048880925682058886276420015
---------------------------------------------------------------------------------------------------
| Order |                  Error^2                   |                 Efficiency                 |
---------------------------------------------------------------------------------------------------
|   2   | 5.361284623232596923193491132580310612e-67 | 4.215223024891977807555978692323643066e+30 |
|   4   | 3.945963519697437622229968555070663977e-70 | 4.795495045558937029187067419550897827e+29 |
|   6   | 1.205804968907184603570885082741599565e-71 | 8.466939075587269871001954040341386795e+27 |
|   8   | 1.001016386517376844848924581561411721e-07 | 2.868133523873774085907464207001083933e-07 |
---------------------------------------------------------------------------------------------------

Scheme evaluation results:
Order: 8, No. cycles: 18
---------------------------------------------------------------------------------------------------
Vector a: 0.295089724518491305953003357018116381, -0.553516250222618191517856176599103103, 0.446273992090597469984439028108251108, 0.288512546200167575915430590244609590, -1.156364371199908880692967976608951772, 0.947904119367263675752305368686834203, -0.214658752978350464459659758502640966, -0.812846898136947110789109974836242379, 1.129659407569170569215185349985233699, 0.629946482792134050639230192503893264
Vector b: 0.590179449036982611906006714036270030, -1.697211949482218994941719067234511768, 2.589759933663413934910597123451032956, -2.012734841263078783079735942961805976, -0.299993901136738978306200010256202291, 2.195802139871266329810810747629947589, -2.625119645827967258730130264635234962, 0.999425849554073037151910314962719003, 1.259892965584268101278460385007785372
---------------------------------------------------------------------------------------------------
| Order |                  Error^2                   |                 Efficiency                 |
---------------------------------------------------------------------------------------------------
|   2   | 1.463551685682736772699721332435412244e-66 | 2.551237898276182938903653778166631348e+30 |
|   4   | 4.663144119399731866589412697348762311e-70 | 4.411340291234633873159087053865003052e+29 |
|   6   | 2.609339092075293452031048295566799537e-71 | 5.755720668826156531908792208616159439e+27 |
|   8   | 1.384475499883296700586561953032032787e-07 | 2.438806376207488088352934360387191131e-07 |
---------------------------------------------------------------------------------------------------

Scheme evaluation results:
Order: 8, No. cycles: 18
---------------------------------------------------------------------------------------------------
Vector a: 0.556814012649797085441678603729696891, -0.534679740760115592103351629817729319, -0.896343458484255993965935715248867416, 1.407919226656182777408256186723997409, 1.212429179481123729320723939007441105, -1.230054608791805692364842540765573155, -0.838611227806705759382843402049932353, -0.267795758241301994986990253096371957, 0.465711494160040938586376574558881500, 1.124610881137040502046928236958457150
Vector b: 1.113628025299594170883357207459427485, -2.182987506819825355090060467094887085, 0.390300589851313367158189036596959709, 2.425537863461052187658323336851299393, -0.000679504498804729016875458830660090, -2.459429713084806655712809622706254663, 0.782207257471395136947122818606261401, -1.317798773953999126921103324799063670, 2.249221762274081004093856473916917382
---------------------------------------------------------------------------------------------------
| Order |                  Error^2                   |                 Efficiency                 |
---------------------------------------------------------------------------------------------------
|   2   | 1.643967979970201363197605516067769720e-66 | 2.407178593072216943671176197994647949e+30 |
|   4   | 7.798186611430458104718143492481747296e-69 | 1.078731020629577729269397327751361389e+29 |
|   6   | 1.980002970281615941529451272466258627e-70 | 2.089450314883763471695535768435579538e+27 |
|   8   | 1.430581567926194042344957251393375974e-07 | 2.399184497832832426602678522110473275e-07 |
---------------------------------------------------------------------------------------------------

Scheme evaluation results:
Order: 8, No. cycles: 18
---------------------------------------------------------------------------------------------------
Vector a: 0.562837609054798926293722369751746740, -0.538811544167818905979557285123612689, -0.915744302710760500300559525437690337, 1.446896827362849835129460064815561054, -0.012253160479875119554816528212683782, -0.860423274527853012446881240998796255, -0.260926486026831551445771017357429086, -0.678674173613818371979763592430456640, 1.126086340162668245007424701254128359, 1.131012164946640455276742053739232578
Vector b: 1.125675218109597852587444739503454768, -2.203298306445235664546559309750624101, 0.371809701023714663945440258874908701, 2.521983953701985006313479870756561999, -2.546490274661735245423112927181931182, 0.825643725606029220529350445184369101, -1.347496697659692323420892479899310088, -0.009851649567944420538634704965895633, 2.262024329893280910553484107478466312
---------------------------------------------------------------------------------------------------
| Order |                  Error^2                   |                 Efficiency                 |
---------------------------------------------------------------------------------------------------
|   2   | 5.147247988405103309692183404940620848e-68 | 1.360402569398615638893001633566275781e+31 |
|   4   | 5.994877237056484420713629761816333174e-70 | 3.890629115961604125162757211977220459e+29 |
|   6   | 1.277734955595911233437311376264299597e-70 | 2.601025328346873760561014966627196789e+27 |
|   8   | 1.456770594485292210037117062991010789e-07 | 2.377521078341038372063517728224913780e-07 |
---------------------------------------------------------------------------------------------------

Scheme evaluation results:
Order: 8, No. cycles: 18
---------------------------------------------------------------------------------------------------
Vector a: 0.809045459450208941756354106378561399, 0.077701358027390634573480113270835492, -0.161193866871848899086516136324500507, -0.542418562218756571412869092382279870, -0.825470726818029997571022748691003690, 0.526293815224311700973149074522010709, -0.463507385086922073474377357607932374, -0.670327563888616485213507498998018053, 1.141126519326592028375562136244965523, 1.108750952855670721079747403587361311
Vector b: 1.618090918900417883512708212756842959, -1.462688202845636614365747986215179895, 1.140300469101938816192715713566279269, -2.225137593539451959018453898330711319, 0.574196139903391963876408400949022007, 0.478391490545231438069889748094826463, -1.405406260719075585018644463310527122, 0.064751132941842614591629465314783841, 2.217501905711341442159494807174664074
---------------------------------------------------------------------------------------------------
| Order |                  Error^2                   |                 Efficiency                 |
---------------------------------------------------------------------------------------------------
|   2   | 2.200416140990474859396694560510650489e-65 | 6.579646766217889928239639949219595947e+29 |
|   4   | 4.479399615434573647628552613299522961e-70 | 4.500907372856323522804560656795689697e+29 |
|   6   | 2.062324877484306430882702581218111080e-71 | 6.474204735075139574004610072976106644e+27 |
|   8   | 1.903397456454467430559950033094889230e-07 | 2.079961119725778420188643436247362745e-07 |
---------------------------------------------------------------------------------------------------

Scheme evaluation results:
Order: 8, No. cycles: 18
---------------------------------------------------------------------------------------------------
Vector a: -0.536607316700523810052419197344486113, -0.400896568765608202966816039905402115, 0.275546948418556432748192746359676837, -0.500581412796870385353540830281593751, 0.119415681498934931140207996379420461, 1.153079808573699221588970126763432119, 1.111249056502364921251020744046361523, -0.070437056258179348621004217684770258, -0.469604369719332475087002289441114817, 0.318835229246958715352390961108476007
Vector b: -1.073214633401047620104838394688896537, 0.271421495869831214171206314877978436, 0.279672400967281651325179177841490313, -1.280835226561022422032260838404840218, 1.519666589558892284312676831163728662, 0.786493027588506158865263422363091183, 1.436005085416223683636778065729819737, -1.576879197932582380878786501099396100, 0.637670458493917430704781922217024428
---------------------------------------------------------------------------------------------------
| Order |                  Error^2                   |                 Efficiency                 |
---------------------------------------------------------------------------------------------------
|   2   | 1.922792338807275836993211299034204829e-67 | 7.038640729760541808123650822670257812e+30 |
|   4   | 1.594013971211061481930542589085708413e-69 | 2.385964171149262869404516599979843445e+29 |
|   6   | 6.359854699411533021819274066323495614e-71 | 3.686730336329628940677230132462610245e+27 |
|   8   | 1.904366508034958850517089706300177717e-07 | 2.079431850260246585429810486256231603e-07 |
---------------------------------------------------------------------------------------------------

Scheme evaluation results:
Order: 8, No. cycles: 18
---------------------------------------------------------------------------------------------------
Vector a: -0.573553197076832234242030648176841986, -0.286932718906854865481436392816317264, -0.309070816861087638103880932043461015, 0.141933800201301402663424442858322731, 1.157424006803876260112384733492831909, 1.127127393623843853006556006017374475, -0.064260829371910692887339231636613089, -0.600325216876238090989962373760129571, 0.289460836505954305120866078364146100, 0.118196741957947700801418317700687711
Vector b: -1.147106394153664468484061296353093868, 0.573240956339954737521188510721041259, -1.191382590062130013728950374807664866, 1.475250190464732819055799260524013061, 0.839597823143019701168970206460482006, 1.414656964104668004844141805572725141, -1.543178622848489390618820268845792622, 0.342528189096013208638895521327224542, 0.236393483915895401602836635401065443
---------------------------------------------------------------------------------------------------
| Order |                  Error^2                   |                 Efficiency                 |
---------------------------------------------------------------------------------------------------
|   2   | 8.625708644404710944265510675116971261e-66 | 1.050890818005415249132614587845838623e+30 |
|   4   | 3.383649458099034589115232598028898504e-69 | 1.637635700633404258240228629167065735e+29 |
|   6   | 4.985951586821891509784508157196785351e-71 | 4.163810353706770814686651377506539345e+27 |
|   8   | 2.530156775403858730172063181542603961e-07 | 1.804040334168419638452568711869455344e-07 |
---------------------------------------------------------------------------------------------------

Scheme evaluation results:
Order: 8, No. cycles: 18
---------------------------------------------------------------------------------------------------
Vector a: -0.521532813794207212926898660997980940, -0.348930976779297042345032737442422143, -0.455406800645619882460646056433490031, 0.103794889248828969037563065143534721, 1.161053425411216893568512849868382029, 0.600178333627617821026140896493474850, 0.865903931774058918648638684385003994, -0.063488897611817682270085681955321632, -0.550017742745448716829606816821820971, 0.208446651514667934551414457760640110
Vector b: -1.043065627588414425853797321995004885, 0.345203674029820341163731847111057746, -1.256017275321060106085023959976844453, 1.463607053818718044160150090263646721, 0.858499797003715742976875609470240191, 0.341856870251519899075406183516409883, 1.389950993296597938221871185250780711, -1.516928788520233302762042549161250762, 0.416893303029335869102828915520964752
---------------------------------------------------------------------------------------------------
| Order |                  Error^2                   |                 Efficiency                 |
---------------------------------------------------------------------------------------------------
|   2   | 4.804671648853088780829313422166335685e-67 | 4.452696898866576146220191727472342285e+30 |
|   4   | 1.882155244244138977745353018085075088e-69 | 2.195746800138562610312597414926144409e+29 |
|   6   | 1.228718630113238301240634036455797494e-70 | 2.652398342104999381722828197860162735e+27 |
|   8   | 5.243039704237152740926689375498933741e-07 | 1.253223084140240925485152087891564071e-07 |
---------------------------------------------------------------------------------------------------

Scheme evaluation results:
Order: 8, No. cycles: 18
---------------------------------------------------------------------------------------------------
Vector a: -0.523440949636069346696105408565792729, -0.349160641102570394684886833951024204, -0.517015359019538431486628840526401215, 0.092319331866858556946261723113657066, 0.944514025529541768317689647813054615, 0.610418972787676495614324059155327692, 1.191010079791242362604299181592053929, -0.065141643141772750267168503358540809, -0.595067796665176352739254580312350398, 0.211563979589808092391469555040015970
Vector b: -1.046881899272138693392210817132157845, 0.348560617066997904022437149229593143, -1.382591335106074766995694830282887407, 1.567229998839791880888218276510355060, 0.321798052219291655747161019116405375, 0.899039893356061335481487099195395600, 1.482980266226423389727111263989958526, -1.613263552509968890261448270707183483, 0.423127959179616184782939110080520934
---------------------------------------------------------------------------------------------------
| Order |                  Error^2                   |                 Efficiency                 |
---------------------------------------------------------------------------------------------------
|   2   | 1.913433294479308429761390624247072296e-65 | 7.055833540920328801149097926126083984e+29 |
|   4   | 6.286249128022651646373904717320536223e-69 | 1.201473469721638186116460588333846741e+29 |
|   6   | 3.115817636294898461680148579492697499e-70 | 1.665631608420448180412629355612874031e+27 |
|   8   | 7.185957925816174901137923264126988762e-07 | 1.070477698927756311885915149084013733e-07 |
---------------------------------------------------------------------------------------------------

Scheme evaluation results:
Order: 8, No. cycles: 18
---------------------------------------------------------------------------------------------------
Vector a: 0.618443420559381208913055603310915747, -0.520087571032792501609072940576113046, -1.275108855493361679558827848086851201, 1.080667922566232478115147123611465452, -0.113629881990212180102248737517797093, -0.806081014743646076928557742200256843, 0.789157354275048787981227765656765022, -0.549455329012821276831158083561858255, 0.481137962649143862766793216636932364, 1.294955992223027377253641642726797744
Vector b: 1.236886841118762417826111206621804147, -2.277061983184347421044257087773994610, -0.273155727802375938073398608399282499, 2.434491572934840894303692855621842516, -2.661751336915265254508190330657416552, 1.049589307427973100651074846257112600, 0.528725401122124475311380685056171021, -1.627636059147767028973696852179740293, 2.589911984446054754507283285453503814
---------------------------------------------------------------------------------------------------
| Order |                  Error^2                   |                 Efficiency                 |
---------------------------------------------------------------------------------------------------
|   2   | 9.580908465398661684824648209759283704e-68 | 9.971296820218987585584817666395567383e+30 |
|   4   | 1.578588806920784633251804521387338266e-69 | 2.397593044533656142860601023855883179e+29 |
|   6   | 1.091540975143471577147352961236214171e-70 | 2.814135130468076605107529052547946453e+27 |
|   8   | 2.008942971338156641756229942747597195e-06 | 6.402301981768072202319692950930247158e-08 |
---------------------------------------------------------------------------------------------------

Scheme evaluation results:
Order: 8, No. cycles: 18
---------------------------------------------------------------------------------------------------
Vector a: 1.243399791928767230131643205149359542, 0.063581885043520094380877201570347785, -0.926192874818476873813981661299863896, 0.479905547622182825397424556026411483, -0.378475524608266909518623853557338694, -0.545864596181391741216294154704022166, -1.198418117187146331371114527151171383, -0.058120570708832835697118729791254859, 1.759686724685122884572076836855737991, 0.560497734224521657135111126901794052
Vector b: 2.486799583857534460263286410299824568, -2.359635813770494271501532007159510982, 0.507250064133540523873568684562783595, 0.452561031110825126921280427485968581, -1.209512080327358945958528134597949716, 0.117782887964575463525939825188811552, -2.514619122338868126268168879493458596, 2.398377980921202454873931419911278670, 1.120995468449043314270222253802252279
---------------------------------------------------------------------------------------------------
| Order |                  Error^2                   |                 Efficiency                 |
---------------------------------------------------------------------------------------------------
|   2   | 7.865038393542576225429020286521864917e-67 | 3.480202913811457398306353467666576660e+30 |
|   4   | 1.180866742284623584421096632468783304e-67 | 2.772104091809554123836667653052862549e+28 |
|   6   | 1.088433362698872592170090601627606655e-69 | 8.911771585435008556127084327625422478e+26 |
|   8   | 2.051295887792137972902818079334089875e-06 | 6.335863386813953627316807016869748018e-08 |
---------------------------------------------------------------------------------------------------

Scheme evaluation results:
Order: 8, No. cycles: 18
---------------------------------------------------------------------------------------------------
Vector a: 0.311270124621127455879933514264114147, -0.607656332188757021495736737359953687, -1.052401584391639873444332333222869346, 0.914369930173224796749400613677678848, 1.578927562268989070872181876479611679, -0.277993971102526002835757957949307568, -0.298270348985246003989075975343528830, -0.655065666827652604832801813997387041, -0.039525753513230649318707082177308823, 1.126346039945710832414895895628950671
Vector b: 0.622540249242254911759867028528209900, -1.837852913619768954751340503248102927, -0.266950255163510792137324163197684106, 2.095690115509960385636125390553075890, 1.062165009028017756108238362406215261, -1.618152951233069761779754278304858323, 1.021612253262577753801602327617759736, -2.331743586917882963467205955612532663, 2.252692079891421664829791791257917134
---------------------------------------------------------------------------------------------------
| Order |                  Error^2                   |                 Efficiency                 |
---------------------------------------------------------------------------------------------------
|   2   | 4.172336217976316522987070394881868405e-67 | 4.778211188719111659642576494926075684e+30 |
|   4   | 1.827496173476113389400155763146447433e-70 | 7.046634429751148548831344282468947754e+29 |
|   6   | 1.520774065049432563425212999051927584e-71 | 7.539327701559122490404299286629415512e+27 |
|   8   | 1.068380921762121116179523929741498155e-05 | 2.776239295938553456019919873910140265e-08 |
---------------------------------------------------------------------------------------------------

Scheme evaluation results:
Order: 8, No. cycles: 18
---------------------------------------------------------------------------------------------------
Vector a: 0.881449864358557414376596190290552379, 0.279589800661777134980990433712663973, -1.649707533347904040978106514701008316, -0.804703501857280752725003632341361717, 0.238212614828130612228385696794541530, 1.032111881777990872442862559100159100, 0.198240378969314924480318822068521027, -0.434049108269490792960018321322639248, 0.831804675191901089892805805547094861, 0.427050927687003538261168960851476362
Vector b: 1.762899728717114828753192380581064506, -1.203720127393560558791211513155747151, -2.095694939302247523165001516246193985, 0.486287935587686017714994251563508298, -0.009862705931424793258222857973901487, 2.074086469487406538143947976173637136, -1.677605711548776689183310332036577219, 0.809507495009795103263273689391244026, 0.854101855374007076522337921702965917
---------------------------------------------------------------------------------------------------
| Order |                  Error^2                   |                 Efficiency                 |
---------------------------------------------------------------------------------------------------
|   2   | 3.612491498125552097646737867520957897e-67 | 5.135131541480016055398372683982456055e+30 |
|   4   | 1.301842301947344069942399854308195145e-70 | 8.348929425119422057556582685976517334e+29 |
|   6   | 4.911672195417690766557768568637026626e-72 | 1.326631430030111188116286882175654793e+28 |
|   8   | 3.831034908647974658492945175183503117e-05 | 1.466094297457401478008943473839921668e-08 |
---------------------------------------------------------------------------------------------------

Scheme evaluation results:
Order: 8, No. cycles: 18
---------------------------------------------------------------------------------------------------
Vector a: 0.029145077576096221047555412500531476, 1.231240317990979969829255611059053407, 1.201439952460740839221650115150783207, -1.134411437583422394718649401332487408, -2.109844715197567381797289848436514549, -0.293096695845003851597412170206467282, -1.744838394239469172417474910317808099, -0.000365765328851513165560495933447511, 3.124098079400199493945559227488277473, 0.696633580766297789652366460028079476
Vector b: 0.058290155152192442095110831964026835, 2.404190480829767497563400383092207544, -0.001310575908285819120100152602038437, -2.267512299258558970317198650252219245, -1.952177131136575793277381046469027699, 1.365983739446568090082556706073537341, -4.855660527925506434917506526564266600, 4.854928997267803408586385534697437247, 1.393267161532595579304732920060342841
---------------------------------------------------------------------------------------------------
| Order |                  Error^2                   |                 Efficiency                 |
---------------------------------------------------------------------------------------------------
|   2   | 6.085250411680983180985274449356731703e-61 | 3.956541838937262088139647297439956188e+27 |
|   4   | 9.293594305990969361404824057799830483e-64 | 3.124770489438156449453537938865024447e+26 |
|   6   | 2.362082356581930237555637845162280024e-65 | 6.049471729755917097409324338337640278e+24 |
|   8   | 2.709821459557618464998181040923933858e-05 | 1.743209645675723753486121638160922169e-08 |
---------------------------------------------------------------------------------------------------

