Scheme evaluation results:
Order: 8, No. cycles: 24
---------------------------------------------------------------------------------------------------
Vector a: -0.253033294950489252684628279726234400, -0.543118022752525244211880794652148015, -0.028519253360609440859580017830336639, 0.440746433141909476048162234958043040, 0.900999860634931781024167578371589547, -0.004966997821648479966323832917008098, -0.561013113348387012247608886911732781, -0.501337448625503502601838868616151380, 0.008067236302354066701588562526263640, 0.837024024560485791881292012362322591, 0.307083691126725228910120504130389703, 0.271652011497281958850589248864222027, 0.126414873595474629155940539440780747
Vector b: -0.506066589900978505369256559451534723, -0.580169455604071983054505029852543774, 0.523130948882853101335344994192851397, 0.358361917400965850760979475722525989, 1.443637803868897711287355681009919752, -1.453571799512194671220003346843745339, 0.331545572815420646724785573029152682, -1.334220470066427651928463310253146450, 1.350354942671135785331640435305365363, 0.323693106449835798430943589411574365, 0.290474275803614659389297418849468652, 0.252829747190949258311881078880112232
---------------------------------------------------------------------------------------------------
| Order |                  Error^2                   |                 Efficiency                 |
---------------------------------------------------------------------------------------------------
|   2   | 2.739342921345080491171508585493557014e-70 | 1.048948860310066187581918450347494219e+32 |
|   4   | 1.139449170224316948317774955696394479e-71 | 8.929097288446193000682920309447141113e+29 |
|   6   | 3.135854537465948401421786146632469322e-73 | 9.344468304347710760777612848891310692e+27 |
|   8   | 2.705076590969635086905974425854033718e-14 | 5.523575355251137670544858009904027573e-05 |
---------------------------------------------------------------------------------------------------

Scheme evaluation results:
Order: 8, No. cycles: 24
---------------------------------------------------------------------------------------------------
Vector a: 0.132401718449214866474878908869553702, 0.341358585634493120246151485156508867, 0.324557254707331725380674564145959453, -0.328012520656458356021311631699095123, -0.364600876693071818348408169053257746, 0.574870561507430363718006773143529682, -0.033759778282556185963897321649470357, -0.572854187731837687750572376009855459, 0.459623217216049409687890382919404205, 0.168048960551804073053944965830670947, -0.120540865151337614198032910246405913, 0.316588600694568486753780804592367824, 0.102319329754369616966894524000089946
Vector b: 0.264803436898429732949757836463624828, 0.417913734370556507542545105919420738, 0.231200775044106943218804038556863738, -0.887225816357023655261427309570253881, 0.158024062970880018564610957049451651, 0.991717060043980708871402607883254695, -1.059236616609093080799197251677127614, -0.086471758854582294701947519944313778, 1.005718193286681114077728303085481604, -0.669620272183072967969838369401951401, 0.428538541880397739573772550105591848, 0.204638659508739233933789051529957657
---------------------------------------------------------------------------------------------------
| Order |                  Error^2                   |                 Efficiency                 |
---------------------------------------------------------------------------------------------------
|   2   | 5.099479281264292401953572800681187746e-70 | 7.688021704868883133775643510646673438e+31 |
|   4   | 2.439931793794346948898353982767310329e-71 | 6.101915512288753514364000743388949585e+29 |
|   6   | 7.756374798046213179972976743384996662e-72 | 1.878897793649945460865454268113069773e+27 |
|   8   | 2.742777756859325781173660311759485621e-14 | 5.485481527585942374858308555018993907e-05 |
---------------------------------------------------------------------------------------------------

Scheme evaluation results:
Order: 8, No. cycles: 24
---------------------------------------------------------------------------------------------------
Vector a: -0.253033427522958987195772608344574328, -0.543117730110451147971797063216229465, -0.028519373136830525060312420893219630, 0.440746150017817967281334198126966567, 0.900998780335489496421956292855629006, -0.004967028875248717773843699855206611, -0.561011829434425794897949771836708615, -0.501336208990047033134339925513218071, 0.008067288050267720680950088561242626, 0.837022787426927775160170206178410291, 0.307083567404272092798769713449457803, 0.271652030531001156438476284302560093, 0.126414994304185997252358706184890375
Vector b: -0.506066855045917974391545216732433738, -0.580168605174984321552048909719094595, 0.523129858901323271431424067888330479, 0.358362441134312663131244328416387116, 1.443635119536666329712668257774765838, -1.453569177287163765260355657493234541, 0.331545518418312175464456113410562590, -1.334217936398406241733135964814113149, 1.350352512498941683095036141949514042, 0.323693062354913867225304270770851431, 0.290474072453630318372235156111921079, 0.252829988608371994504717412436543496
---------------------------------------------------------------------------------------------------
| Order |                  Error^2                   |                 Efficiency                 |
---------------------------------------------------------------------------------------------------
|   2   | 9.282071055797380176696847273159986575e-70 | 5.698428090850596131804561624552112500e+31 |
|   4   | 4.885584185639588457916563885008539642e-71 | 4.312179022728772625727396404544211426e+29 |
|   6   | 5.287961090719083515305353877647127284e-73 | 7.195954759056041813556993384505513191e+27 |
|   8   | 2.705074055881463845911221004855470998e-14 | 5.523577943488460583395218022443202924e-05 |
---------------------------------------------------------------------------------------------------

Scheme evaluation results:
Order: 8, No. cycles: 24
---------------------------------------------------------------------------------------------------
Vector a: -0.326905784968692100186202125866118134, -0.152326838105983012600675416268677921, -0.199750395292007839330279558625079034, 0.063891122374731641882635792412752466, -0.082575520722797979486683463383362663, -0.010579930129000684865030636795272889, 0.678932309826920432481225725374681224, 0.473018218861797028886899290941910909, 0.412501371359768865223657607734650731, -0.234134363675519472651318517101837695, -0.184660522638777166738110884192907588, 0.360131790673974499347489486811824382, 0.202458542435585788036392698957436231
Vector b: -0.653811569937384200372404251735800682, 0.349157893725418175171053419197624298, -0.748658684309433853831612536449179485, 0.876440929058897137596884121275105809, -1.041591970504493096570251048045651939, 1.020432110246491726840189774454962643, 0.337432509407349138122261676304065709, 0.608603928316244919651536905580060838, 0.216398814403292810795778309890133557, -0.684667541754331756098415344094432396, 0.315346496476777422622193575707956818, 0.404917084871171576072785397915154708
---------------------------------------------------------------------------------------------------
| Order |                  Error^2                   |                 Efficiency                 |
---------------------------------------------------------------------------------------------------
|   2   | 7.244543263061369894007295432710233425e-70 | 6.450182630579157594425178927949632812e+31 |
|   4   | 9.392282384430073441228177741092300154e-72 | 9.834888994613876190616933431300690918e+29 |
|   6   | 7.461818306768691844705397586644365550e-74 | 1.915623758735927213407389109788642120e+28 |
|   8   | 3.158205768254561641043138775457929323e-14 | 5.111988346323303210150084779334612181e-05 |
---------------------------------------------------------------------------------------------------

Scheme evaluation results:
Order: 8, No. cycles: 24
---------------------------------------------------------------------------------------------------
Vector a: -0.326905784797453782939808593566592626, -0.152326843999871678557038319643286775, -0.199750392908089896818785863816480853, 0.063891109332238552785330038409999630, -0.082575585059875217175449513620512775, -0.010579917109139316412011128287384443, 0.678932369027059816849319687076493727, 0.473018230031067147638308735619180277, 0.412501366177913544124268087508967320, -0.234134381253777712368572286817205741, -0.184660499252492700423181850706195292, 0.360131802999483006913982960719296069, 0.202458526812938236383638047123721571
Vector b: -0.653811569594907565879617187133894861, 0.349157881595164208765540547846895344, -0.748658667411344002403112275480152922, 0.876440886075821107973772352300216460, -1.041592056195571542324671379542176929, 1.020432221977292909500649122967388146, 0.337432516076826724197990251188558885, 0.608603943985307571078627220049126535, 0.216398788370519517169908954969153112, -0.684667550878074941907053528603619603, 0.315346552373089541060689827191067482, 0.404917053625876472767276094247438327
---------------------------------------------------------------------------------------------------
| Order |                  Error^2                   |                 Efficiency                 |
---------------------------------------------------------------------------------------------------
|   2   | 3.463797247651217480572238128764580356e-70 | 9.328273807103204351232287879063829688e+31 |
|   4   | 3.602042270307231719913142725751693056e-72 | 1.588110183691117586135718412683019775e+30 |
|   6   | 1.327779879115025990492779116703554495e-73 | 1.436049824201317178979284988173477936e+28 |
|   8   | 3.158205753197447931203856562860656592e-14 | 5.111988358509303068501944323320487893e-05 |
---------------------------------------------------------------------------------------------------

Scheme evaluation results:
Order: 8, No. cycles: 24
---------------------------------------------------------------------------------------------------
Vector a: 0.384668833397641627211553835991849237, -0.008472211490134664563226719089637555, -0.299660670476202904743934428736632081, 0.192438833925244439601588621348453482, 0.239316581917305805996380222569894405, 0.264656796607113742584786077799411065, -0.186076801833150689168324240235217703, -0.225395393050542529005258663688001790, 0.188325588259369342855879679831216418, -0.139829773926369726591463631959652551, 0.097374170188724343555867015664379691, 0.416601747934688737973574315290620540, 0.076052298546312474292577915213316943
Vector b: 0.769337666795283254423107671858122641, -0.786282089775552583549561110033265511, 0.186960748823146774061692252185283247, 0.197916919027342105141484991095140336, 0.280716244807269506851275454020721564, 0.248597348406957978318296701484388955, -0.620750952073259356654945181957330862, 0.169960165972174298644427854606939550, 0.206691010546564387067331504994528480, -0.486350558399303840250258768895909170, 0.681098898776752527361992800230106825, 0.152104597092624948585155830411274018
---------------------------------------------------------------------------------------------------
| Order |                  Error^2                   |                 Efficiency                 |
---------------------------------------------------------------------------------------------------
|   2   | 7.974657388791773578637718175538061637e-70 | 6.147825043052463316581812551890576562e+31 |
|   4   | 4.444517785193804982008832122671597635e-73 | 4.521085382612711296360177293438067871e+30 |
|   6   | 2.330559798696732773913146256541864132e-74 | 3.427696999744533417309103332415826797e+28 |
|   8   | 3.244599313567528143309150457371441215e-14 | 5.043471027273386110903670516991741198e-05 |
---------------------------------------------------------------------------------------------------

Scheme evaluation results:
Order: 8, No. cycles: 24
---------------------------------------------------------------------------------------------------
Vector a: -0.429975367226000527854832483121377507, -0.337159581944395352290306199121054237, 0.755307032424374544799764310146554624, 0.148852904712060370193798376904950651, -0.371806711366625776095800590565069133, 0.471981839732126209296230565217953173, -0.340631950863676921092866170929084714, -0.487295333240322117114910436231444702, -0.035059846267499875665433233056171023, 0.339098261771361256477524657623031845, 0.808601598851561117204876669752068720, 0.364521908969169633437663035606799413, 0.113565244447867438704291497772842829
Vector b: -0.859950734452001055709664966243651246, 0.185631570563210351129052568001047374, 1.324982494285538738470476052296315917, -1.027276684861417998082879298483553404, 0.283663262128166445891278117351137582, 0.660300417336085972701183013084349344, -1.341564319063439814886915354947233353, 0.366973652582795580657094482477544068, -0.437093345117795331987960948589009889, 1.115289868660517844943010263838724901, 0.501913329042604389466743075668945850, 0.227130488895734877408582995545382903
---------------------------------------------------------------------------------------------------
| Order |                  Error^2                   |                 Efficiency                 |
---------------------------------------------------------------------------------------------------
|   2   | 5.274933063416559954074061986942138712e-70 | 7.559081713453098302074761416900645312e+31 |
|   4   | 1.140388785363111223893016990779067163e-72 | 2.822464994166288607521411734431971191e+30 |
|   6   | 1.173492535101091545311421276171222693e-74 | 4.830503310594164208185517212516661835e+28 |
|   8   | 3.821432892996937502316135323375301549e-14 | 4.647259753463275361377357248893598885e-05 |
---------------------------------------------------------------------------------------------------

Scheme evaluation results:
Order: 8, No. cycles: 24
---------------------------------------------------------------------------------------------------
Vector a: 0.082890864553123039376497609456981894, 0.455139479037955967490654420666876037, -0.018003955575430488396976049478501217, -0.276396210564628361225441977976807568, 0.287879543944113405304395953527317624, 0.273147609022175740913968253979178996, -0.198406323869411020932728300374967075, -0.209522763905435531295059534579346737, 0.201727675095519610385118119553662306, -0.164134678798612790948291520824200008, 0.077594038978339743646400609542191373, 0.421766565208544975064170359055490805, 0.066318156873745710617292057452123570
Vector b: 0.165781729106246078752995220095314387, 0.744497228969665856228313620176499537, -0.780505140120526833022265719176183299, 0.227712718991270110571381763730207932, 0.348046368896956700037410142092230554, 0.198248849147394781790526367000335365, -0.595061496886216823655982968233444508, 0.176015969075345761065863898520835694, 0.227439381115693459704372341410938576, -0.555708738712919041600955383467247185, 0.710896816669598528893756602643028066, 0.132636313747491421234584115207484905
---------------------------------------------------------------------------------------------------
| Order |                  Error^2                   |                 Efficiency                 |
---------------------------------------------------------------------------------------------------
|   2   | 2.263919769706678091877279822721947945e-72 | 1.153843746341072806340110295382243500e+33 |
|   4   | 7.648968127561598660258437981363685896e-73 | 3.446304185767773786165626159678542480e+30 |
|   6   | 1.073807408945533499196161542685742621e-73 | 1.596869226649909104816578913517909241e+28 |
|   8   | 4.141065668623890809968201767270874056e-14 | 4.464306538981844161190191976200622405e-05 |
---------------------------------------------------------------------------------------------------

Scheme evaluation results:
Order: 8, No. cycles: 24
---------------------------------------------------------------------------------------------------
Vector a: -0.319532117436836507699083580567963116, -0.218021275688615308166909873377724609, 0.221879511656233194591476152137813529, -0.191352392515735730392666913949986119, 0.073814854028806875318740214858754635, 0.518250015659474123128678273345854751, 0.335897377899182436003720600711562615, 0.302308682803242816965143847278405029, -0.327562009952930170713869979215127937, -0.017539386089760065880324408413306572, 0.467980577515766739671788953126050255, 0.106354355831394164346079075148872060, 0.047521806289777432827227638916795464
Vector b: -0.639064234873673015398167161132079476, 0.203021683496442399064347414365316382, 0.240737339816023990118604889928103210, -0.623442124847495450903938717837662174, 0.771071832905109201541419147557671998, 0.265428198413839044715937399109338799, 0.406366557384525827291503802344186175, 0.198250808221959806638783892194387011, -0.853374828127820148066523850621371935, 0.818296055948300016305875033793988262, 0.117665099083233463037702872466776188, 0.095043612579554865654455277831345486
---------------------------------------------------------------------------------------------------
| Order |                  Error^2                   |                 Efficiency                 |
---------------------------------------------------------------------------------------------------
|   2   | 3.804800162963285868161253402062073765e-70 | 8.900442335380785437793255568491548438e+31 |
|   4   | 3.848708516577839247303427707656998069e-73 | 4.858447595918993001855457245160654297e+30 |
|   6   | 2.247759676121181898587242629735623636e-75 | 1.103716694942696729181281595625779572e+29 |
|   8   | 5.110417305738536663554879876891395901e-14 | 4.018665733469002299082246404908065915e-05 |
---------------------------------------------------------------------------------------------------

Scheme evaluation results:
Order: 8, No. cycles: 24
---------------------------------------------------------------------------------------------------
Vector a: 0.533514728838316906175605911811037120, 0.013336617222854768927142114007859858, -0.341278917400474832278131123598814089, -0.913965228221780588952653428159892292, -0.000100940286551511218762680516706205, 1.209640673647150871571533316677920489, -0.257840631281721610754806139548765650, -0.050544000067013087434686609004626147, 0.635343777885689001673697843571612606, -0.019050536947979080951436970084017489, -0.150142458595192165323247090873270826, 0.260582474366767116840101576536066123, 0.080504440839934211725643279181596427
Vector b: 1.067029457676633812351211823652571148, -1.040356223230924274496927595635189553, 0.357798388429974609940665348396041262, -2.185728844873535787845972204793724465, 2.185526964300432765408446843760254538, 0.233754382993868977734619789723060781, -0.749435645557312199244232068848770723, 0.648347645423286024374858850837235190, 0.622339910348091978972536836308559405, -0.660440984244050140875410776481538732, 0.360156067053665810228916594712114144, 0.161008881679868423451286558369387029
---------------------------------------------------------------------------------------------------
| Order |                  Error^2                   |                 Efficiency                 |
---------------------------------------------------------------------------------------------------
|   2   | 3.348903319338603567409466177761441498e-68 | 9.486941260757877684072200025617608398e+30 |
|   4   | 4.717510182241020210617359844141388874e-70 | 1.387709655441630551221163361367433014e+29 |
|   6   | 1.254492053536020009672068366077564226e-71 | 1.477401693146882923107748962251858711e+27 |
|   8   | 6.517657801375417413255999084821354563e-14 | 3.558478030412825119738669195431664676e-05 |
---------------------------------------------------------------------------------------------------

Scheme evaluation results:
Order: 8, No. cycles: 24
---------------------------------------------------------------------------------------------------
Vector a: 0.533514829821094210670333405741349007, 0.013336599041657227207325664017643666, -0.341279038226485551195425314993180126, -0.913965736040313491331950146611811469, -0.000100940016701043802876058070483957, 1.209641178178043576542186270897723750, -0.257840635533852334411069678326352448, -0.050543963212092841491205296531827075, 0.635343762895547028315536632518957370, -0.019050544173381589938038036285825391, -0.150142420956286616969190517121647414, 0.260582466206087119011681544516425205, 0.080504442016684307392691530249028731
Vector b: 1.067029659642188421340666811475309184, -1.040356461558873966926015483439697456, 0.357798385105902864535164853460560598, -2.185729857186529847199065146655745543, 2.185527977153127759593313030514771472, 0.233754379202959393491059511248049017, -0.749435650270664062313198867901455939, 0.648347723846478379330788274838869970, 0.622339801944615677300284990202417170, -0.660440890291378857176361062774276265, 0.360156048378805623237980028532442399, 0.161008884033368614785383060498755226
---------------------------------------------------------------------------------------------------
| Order |                  Error^2                   |                 Efficiency                 |
---------------------------------------------------------------------------------------------------
|   2   | 3.310631755631712174266280762358326968e-67 | 3.017324911144871131902817965407122070e+30 |
|   4   | 3.272292973515935801226575899839577592e-70 | 1.666206956159969431701762717410518799e+29 |
|   6   | 1.856578252651052547939703094541973436e-71 | 1.214439600423116118803300725478119373e+27 |
|   8   | 6.517657898023754782685703696383315556e-14 | 3.558478004029038807150932195303862845e-05 |
---------------------------------------------------------------------------------------------------

Scheme evaluation results:
Order: 8, No. cycles: 24
---------------------------------------------------------------------------------------------------
Vector a: 0.416594414363823458727795889270090544, 0.065658232522873596222118765050577616, -0.714134601972168867597527540259942390, -0.263455790887050802227051939735491819, -0.183555213113771721890199959995084386, -0.069685337041517798884354378455546385, 0.433786592942137873634161920924731880, 0.885281633517411975105465637893417593, -0.001042171925690668437639142029797082, -0.433113224487232606989733387428372239, 0.423960315849380390791924047726400418, 0.315314486375515636773555302675442450, 0.124390663856289534771484784363573806
Vector b: 0.833188828727646917455591778540343060, -0.701872363681899725011354248439176993, -0.726396840262438010183700832080981461, 0.199485258488336405729596952609856315, -0.566595684715879849509996872599763690, 0.427225010632844251741288115688673303, 0.440348175251431495527035726160794549, 1.330215091783392454683895549626664638, -1.332299435634773791559173833686260428, 0.466072986660308577579707058828921704, 0.381847645038452204004141036623788470, 0.248781327712579069542969568727140678
---------------------------------------------------------------------------------------------------
| Order |                  Error^2                   |                 Efficiency                 |
---------------------------------------------------------------------------------------------------
|   2   | 4.459921946322155840998241250762237452e-70 | 8.220796307379934823437559641773845312e+31 |
|   4   | 3.218596386461038378545988703043355315e-72 | 1.680048323054269014964970972531112793e+30 |
|   6   | 7.491650196820527850104730207551687399e-74 | 1.911805929607395620390087920188072205e+28 |
|   8   | 7.017512541962486151630970588355619582e-14 | 3.429402558799085581465162009619431553e-05 |
---------------------------------------------------------------------------------------------------

Scheme evaluation results:
Order: 8, No. cycles: 24
---------------------------------------------------------------------------------------------------
Vector a: 0.119106822815411437918661616537367742, 0.319743189606853777131799201344224907, -0.190700303579918405164077910465942198, 0.098239208530399521383489389515948850, 0.124189466778810147034725355245865381, -0.158168437153536292067001647813014852, -0.344790990024087426594264558848148633, -0.017739441899589997778477953852538246, 0.748765958510926991111060115493768474, -0.207144538062681097330079379914956412, -0.046561247628389121125519272316228755, 0.465070018978554088660270393720468748, 0.089990293127246376819414651353185042
Vector b: 0.238213645630822875837323236992583221, 0.401272733582884678426275161638934430, -0.782673340742721488754430983897139178, 0.979151757803520531521409763857453363, -0.730772824245900237451959052428785271, 0.414435949938827653317955754892146973, -1.104017929987002506506484874532226399, 1.068539046187822510949528966692513007, 0.428992870834031471272591268759002288, -0.843281946959393665932750030299035891, 0.750159451702615423681711485139422732, 0.179980586254492753638829303185130749
---------------------------------------------------------------------------------------------------
| Order |                  Error^2                   |                 Efficiency                 |
---------------------------------------------------------------------------------------------------
|   2   | 9.293390654645913567156233672273596315e-70 | 5.694956614384122387241018864987003125e+31 |
|   4   | 4.999650699915275882528666820412407320e-73 | 4.262704244590313432765007002018880859e+30 |
|   6   | 3.170088849378877473319606732063601530e-73 | 9.293875115940509087948320893988143921e+27 |
|   8   | 5.256788079572817529256783536976476987e-14 | 3.962322600676036872994886494877402967e-05 |
---------------------------------------------------------------------------------------------------

Scheme evaluation results:
Order: 8, No. cycles: 24
---------------------------------------------------------------------------------------------------
Vector a: 0.416075710811658466585296473650964132, 0.438151132242295682596052740591912969, -0.362599376646329381983609716415470710, -0.725901140363379484411918650391629552, -0.129548351076501914384078820359634233, 0.425246888596913979104260198578793728, 0.359494431840065922946987217228087912, 0.261186880633019118417835655305942220, -0.759330312231556169960335282241067719, -0.874811645545489897040861000871212794, 0.874239193357528069415770208377691413, 0.976127884436640601334631056023524979, 0.101668703945135007379969920522097656
Vector b: 0.832151421623316933170592947427897949, 0.044150842861274432021512533406173828, -0.769349596153933195988731965897926617, -0.682452684572825772835105335222773229, 0.423355982419821944066947694142315718, 0.427137794774006014141572704544179794, 0.291851068906125831752401728018934631, 0.230522692359912405083269583864830767, -1.749183316823024745003940148344128636, -0.000439974267955049077781853631588773, 1.748918360983011187909322270620535597, 0.203337407890270014759939841071549006
---------------------------------------------------------------------------------------------------
| Order |                  Error^2                   |                 Efficiency                 |
---------------------------------------------------------------------------------------------------
|   2   | 2.140988926211605471488343528348146172e-68 | 1.186507003598836548584895715382471484e+31 |
|   4   | 1.582878426386774264275012423902998675e-71 | 7.575848011527813888858551941125051270e+29 |
|   6   | 1.880427053200341743233753953908244842e-72 | 3.815964312060857651138946043022862911e+27 |
|   8   | 7.414622053024608997343346685392140060e-14 | 3.336303545778810080002366134127301946e-05 |
---------------------------------------------------------------------------------------------------

Scheme evaluation results:
Order: 8, No. cycles: 24
---------------------------------------------------------------------------------------------------
Vector a: -0.665026035008197455360768202638510553, 0.045382778912170382819491629218578633, -0.014899879223177805216139130814547140, -0.037923715991162139608464924981454014, 0.811845166678566975688972754838376627, 0.296248885624148558171593962930701333, -0.224650693041808417340162110410205667, -0.029291437683229227545896326006962667, 0.595735335536554764385905418536715590, -0.041633319254880209607088631234219581, -0.097982136412549329029011696479831945, 0.267216808392952635770364290072088267, 0.094978241470611266871202966969271148
Vector b: -1.330052070016394910721536405277824989, 1.420817627840735676360519663715352587, -1.450617386287091286792797925344473093, 1.374769954304767007575868075381236501, 0.248920379052366943802077434294976554, 0.343577392195930172541110491568687804, -0.792878778279547007221434712389920548, 0.734295902913088552129642060375889667, 0.457174768160020976642168776697553262, -0.540441406669781395856346039166004438, 0.344477133844682737798322646206038923, 0.189956482941222533742405933938487793
---------------------------------------------------------------------------------------------------
| Order |                  Error^2                   |                 Efficiency                 |
---------------------------------------------------------------------------------------------------
|   2   | 2.518610743798679377213473802778167089e-70 | 1.093948786250840519530188761295665469e+32 |
|   4   | 7.803538272360679030163602907004087448e-72 | 1.078969704852645730791448659734442871e+30 |
|   6   | 6.668552932722162383871318675249294938e-73 | 6.407915089452654997415248432169990540e+27 |
|   8   | 1.108430724923718755717283793574814720e-13 | 2.728699984982791928028121903266608797e-05 |
---------------------------------------------------------------------------------------------------

Scheme evaluation results:
Order: 8, No. cycles: 24
---------------------------------------------------------------------------------------------------
Vector a: -0.485282584822891465459043689972820539, -0.298476464985488044045102677257267392, 0.849515481320418087860240620138903966, -0.004459348282591109309067763341559574, -0.833134819733450762257129836114623648, 0.354992266028262196705822499083080287, 0.119921112803850486944826722526620871, -0.090537819849158134251547141802334499, 0.491256004704055591396336693098039510, 0.324704759698899710880371487091496284, 0.263157944695292882654514355247568567, 0.213776607390075380019523596261367442, 0.094566861032725178860255135041528737
Vector b: -0.970565169645782930918087379948302424, 0.373612239674806842827882025437839777, 1.325418722966029332892599214833161774, -1.334337419531211551510734741515874431, -0.331932219935689973003524930707620642, 1.041916751992214366415169928868833743, -0.802074526384513392525516483822544126, 0.620998886686197124022422200217926021, 0.361513122721914058770251186027084812, 0.287896396675885362990491788095467693, 0.238419492714700402318536922429876281, 0.189133722065450357720510270084151594
---------------------------------------------------------------------------------------------------
| Order |                  Error^2                   |                 Efficiency                 |
---------------------------------------------------------------------------------------------------
|   2   | 2.999693694861348471737395765106581027e-71 | 3.169852554121556964960623037748867812e+32 |
|   4   | 6.438436381194010357118033040754953888e-73 | 3.756339427707379180561087288018855957e+30 |
|   6   | 1.631609017823145547287100735856187004e-74 | 4.096608872264207150571221978779894257e+28 |
|   8   | 1.266718728510392369501700626403131823e-13 | 2.552524800858044615786801602907462274e-05 |
---------------------------------------------------------------------------------------------------

Scheme evaluation results:
Order: 8, No. cycles: 24
---------------------------------------------------------------------------------------------------
Vector a: -0.273442025129277272586229523674930616, -0.141899264236187424830304798197679201, 0.232984561282508212537822316632105956, 0.482924337809395054872841499075378732, -0.031011728602257463237481331310300533, -0.744581552124008923946279799486991017, -0.298532737417829226299421132866532199, 0.425103040580427710925181144731292013, 0.516259421402997761149065710694151948, 0.291434798489877993730474026314900475, 0.276194642468348890609669356538307520, 0.187018639480495589248087927619216095, 0.077547865995509097826574603931080681
Vector b: -0.546884050258554545172459047314872188, 0.263085521786179695511849450904838970, 0.202883600778836729563795182330160870, 0.762965074839953380181887815827870976, -0.824988532044468306656850478446487366, -0.664174572203549541235709120526824732, 0.067109097367891088636866854792436967, 0.783096983792964333213495434675561077, 0.249421859013031189084635986730263604, 0.333447737966724798376312065834727948, 0.218941546969972982843026647317840906, 0.155095731991018195653149207874483076
---------------------------------------------------------------------------------------------------
| Order |                  Error^2                   |                 Efficiency                 |
---------------------------------------------------------------------------------------------------
|   2   | 1.924331804250676378095687849313655753e-71 | 3.957651399460516889540039288019724375e+32 |
|   4   | 3.537029193424480740773234268928531648e-73 | 5.067989553107213716597734365644635742e+30 |
|   6   | 1.521905640962135534951742552449785033e-74 | 4.241687665943394982867887638702835083e+28 |
|   8   | 1.280865888849668377997029836166951326e-13 | 2.538389346146132738506657003033503752e-05 |
---------------------------------------------------------------------------------------------------

Scheme evaluation results:
Order: 8, No. cycles: 24
---------------------------------------------------------------------------------------------------
Vector a: 0.139592040711952023883396613148596534, 0.361338113947102706457692056780333218, 0.385280532643886843835250573622932419, -0.432751202884715842989779340147274783, 0.146066008935886394424062593313513909, 0.150481631076046298525632309528768282, -0.503904448125005011663054864663663956, 0.279019246817520006064648651914363258, -0.113944336393365362981997081177314870, 0.326069741579859163365003135903822880, -0.115682490629823434716667577713102687, -0.184157530535812331423196813979798380, 0.562592692856468547219009743468824223
Vector b: 0.279184081423904047766793226297858140, 0.443492146470301365148590887261889532, 0.327068918817472322521910259984183306, -1.192571324586904008501468940279084162, 1.484703342458676797349594126905757464, -1.183740080306584200298329507848034710, 0.175931184056574176972219778520656772, 0.382107309578465835157077525308722442, -0.609995982365196561121071687663595258, 1.262135465524914887851077959470817603, -1.493500446784561757284413114897167783, 1.125185385712937094438019486937996654
---------------------------------------------------------------------------------------------------
| Order |                  Error^2                   |                 Efficiency                 |
---------------------------------------------------------------------------------------------------
|   2   | 1.326656985048113361840085976115061496e-68 | 1.507294771188849335998168910678412109e+31 |
|   4   | 8.780648200553752646191215374924305136e-71 | 3.216560648542742149112030577995130005e+29 |
|   6   | 1.211930805673513603169717529610505673e-72 | 4.753282620510322687727609047131926537e+27 |
|   8   | 1.462126663732368457790018197602765000e-13 | 2.375842067088680860669897892589910687e-05 |
---------------------------------------------------------------------------------------------------

Scheme evaluation results:
Order: 8, No. cycles: 24
---------------------------------------------------------------------------------------------------
Vector a: 0.670654204338874732110773201967431118, -0.003526518524032609609207400854036706, -0.170598905519850001697713785746985186, 0.046028556237817821116333063231116430, -0.273765248267329086360466339378576379, 0.289975897216543142820918347250994662, -0.304940869647180846076709822443662263, -0.085033027450679581886403502515388621, 0.628319139119674487130858343432353761, -0.022906364373023860670594593696194521, -0.140496855563755271821817655824117045, 0.275461456893375088228954086582709804, 0.090828535539565986715076057994354870
Vector b: 1.341308408677749464221546403936601542, -1.348361445725814683439961205644616723, 1.007163634686114680044533634149870972, -0.915106522210479037811867507687620778, 0.367576025675820865090934828928900986, 0.212375768757265420550901865575139622, -0.822257508051627112704321510464371709, 0.652191453150267948931514505433163852, 0.604446825089081025330202181432964429, -0.650259553835128746671391368825662425, 0.369265842707618203027756057176531527, 0.181657071079131973430152115989098681
---------------------------------------------------------------------------------------------------
| Order |                  Error^2                   |                 Efficiency                 |
---------------------------------------------------------------------------------------------------
|   2   | 1.250815672762939645762197102053876240e-69 | 4.908862409286946271119418396176336719e+31 |
|   4   | 2.965522103122550773243667048055852406e-72 | 1.750267588091501871199971840417043213e+30 |
|   6   | 3.975872978061013748177367331658814777e-73 | 8.298819126770855628980485716275362015e+27 |
|   8   | 1.737855905137811636498585413841964276e-13 | 2.179230579162933240499905772114403242e-05 |
---------------------------------------------------------------------------------------------------

Scheme evaluation results:
Order: 8, No. cycles: 24
---------------------------------------------------------------------------------------------------
Vector a: 0.670653906661324719780912947762694926, -0.003526533033346449841416266498722776, -0.170598600686913001593860917805527265, 0.046028602427693486413448808598524516, -0.273765183047607262565548981868226550, 0.289975894860716567522881781331825079, -0.304940905059886003211148983218171043, -0.085033096551632146541356094315101924, 0.628319150622191385392483040225645708, -0.022906357793924354368473848818017711, -0.140496904975298510119027567070034926, 0.275461490090492896814915619701829622, 0.090828536486188672316190461973282257
Vector b: 1.341307813322649439561825895522832796, -1.348360879389342339244658428520263221, 1.007163678015516336056936592910568060, -0.915106473160129363230038975713673054, 0.367576107064914838098941011978706049, 0.212375682656518296946822550683703544, -0.822257492776290303369120517118883836, 0.652191299673026010286408328489201674, 0.604447001571356760498557751961193029, -0.650259717159205469235505449597231556, 0.369265907208608448997450315457385016, 0.181657072972377344632380923946461669
---------------------------------------------------------------------------------------------------
| Order |                  Error^2                   |                 Efficiency                 |
---------------------------------------------------------------------------------------------------
|   2   | 8.661757038897750379522472601734172838e-69 | 1.865410932789733485374166159003765820e+31 |
|   4   | 6.558893660200467670752921876537293861e-72 | 1.176900475449226799231612379691421021e+30 |
|   6   | 2.540202178924169709824052935794048858e-73 | 1.038241555844116786414520039947366524e+28 |
|   8   | 1.737855950224317466940288123196416232e-13 | 2.179230550894222925961811438978723783e-05 |
---------------------------------------------------------------------------------------------------

Scheme evaluation results:
Order: 8, No. cycles: 24
---------------------------------------------------------------------------------------------------
Vector a: -0.501573655000614787830181462622843220, 0.132082002360149956765930505413558103, 0.147237403595721838253146517410930198, -0.282512711300261738627799397768301913, -0.157866902382473202034096513559808944, -0.061443571058777750063667411803049680, 0.429295503008034201524152932158656149, 0.242733788481130289680752397908931992, 0.556372332931304933499256611203755339, -0.202780177522192405014802332701189587, -0.085269857338792369060448933094791324, 0.671920669039951647259586238747394330, 0.111805175186819385648170848706758611
Vector b: -1.003147310001229575660362925212126340, 1.267311314721529489192223936043580703, -0.972836507530085812685930901193271385, 0.407811084929562335430332105611275508, -0.723544889694508739498525132759168937, 0.600657747576953239371190309134354172, 0.257933258439115163677115555122908881, 0.227534318523145415684389241113926718, 0.885210347339464451314123980915544086, -1.290770702383849261343728646321493983, 1.120230987706264523222830780116534254, 0.223610350373638771296341697427936274
---------------------------------------------------------------------------------------------------
| Order |                  Error^2                   |                 Efficiency                 |
---------------------------------------------------------------------------------------------------
|   2   | 2.546909740920012853361939800562191438e-69 | 3.440097402975550717026762094906470703e+31 |
|   4   | 4.215832041854904088328601525344643055e-72 | 1.467957164814021087905850668133363525e+30 |
|   6   | 8.558717135245118617361707758960528995e-74 | 1.788661722353744584062249577059718895e+28 |
|   8   | 2.041015979022000280857431168211514158e-13 | 2.010883283842787823344321191548692493e-05 |
---------------------------------------------------------------------------------------------------

Scheme evaluation results:
Order: 8, No. cycles: 24
---------------------------------------------------------------------------------------------------
Vector a: 0.114244397116257180243827281701926607, 0.297377179876051033248405422130567283, -0.274294753067082263489788674317777857, -0.012232339109960233245277098420208761, 0.624575990386626199795598652844670658, -0.184700363469440907994262470594317413, -0.314285303670021057599807515171928607, 0.104819977597724610483180063012969073, 0.173646323289086499530199270467553423, -0.177197078480672199455064685394453470, 0.108192720837714033228073914826595978, 0.471932623586297696963018769505315983, 0.067920625107419408291897069409087102
Vector b: 0.228488794232514360487654563855386021, 0.366265565519587706009156279778662120, -0.914855071653752232988733628514641599, 0.890390393433831766498179431680912861, 0.358761587339420633093017874346590553, -0.728162314278302449081542815630953439, 0.099591706938260333881927785160428992, 0.110048248257188887084432341129689326, 0.237244398320984111975966199668233578, -0.591638555282328510886095570490992565, 0.808023996957756577342243400144224099, 0.135841250214838816583794138872460102
---------------------------------------------------------------------------------------------------
| Order |                  Error^2                   |                 Efficiency                 |
---------------------------------------------------------------------------------------------------
|   2   | 7.793543807215239331287535789720305801e-70 | 6.218849204735469567488191919375886719e+31 |
|   4   | 2.782314423394777224960720979638404730e-73 | 5.714153853738892392683221187958857422e+30 |
|   6   | 4.017162508356678642515758059393722728e-74 | 2.610795463015756934264803157770204163e+28 |
|   8   | 2.216391866682434257316724977251138048e-13 | 1.929686650438044504973527862046357968e-05 |
---------------------------------------------------------------------------------------------------

Scheme evaluation results:
Order: 8, No. cycles: 24
---------------------------------------------------------------------------------------------------
Vector a: 0.132741069858798423909571670077416976, 0.516568056398878453735834471192441857, 0.048631477501716739931496984993691540, -0.266722761546046036767624875747855546, 0.653009909133366855310779947264469620, -0.001100164400048675606868656911168288, -0.424041973077525061648080108108797335, -0.174241390963763846132859093326859538, -0.104664581692014752939266320117041407, 0.309387592671562057616355613145347967, 0.143611689353525224532801721639181098, 0.116108667839418047155162539430951151, 0.050712408922132570902696106468221977
Vector b: 0.265482139717596847819143340594948330, 0.767653973080160059652525601351867067, -0.670391018076726579789531631234167888, 0.136945494984634506254281879077206420, 1.169074323282099204367278016554545583, -1.171274652082196555581015330380832602, 0.323190705927146432284855113709036870, -0.671673487854674124550573300787741374, 0.462344324470644618672040660172727023, 0.156430860872479496560670569007872221, 0.130792517834570952504932869805640553, 0.101424817844265141805392212128897869
---------------------------------------------------------------------------------------------------
| Order |                  Error^2                   |                 Efficiency                 |
---------------------------------------------------------------------------------------------------
|   2   | 3.622271631530684947003647716355116712e-70 | 9.121935755948411787907119388703176562e+31 |
|   4   | 4.834145438491734926838837696043327902e-71 | 4.335060641162857104476772842600812378e+29 |
|   6   | 3.850448543509617195049200805632883716e-72 | 2.666716743633914762969717027683835030e+27 |
|   8   | 2.435786307669369897389134935270836743e-13 | 1.840731625167803651414865247033216809e-05 |
---------------------------------------------------------------------------------------------------

Scheme evaluation results:
Order: 8, No. cycles: 24
---------------------------------------------------------------------------------------------------
Vector a: 0.498749076391109038382528994685268960, 0.506271153645786501677173167604388249, -0.552449566926628642268799372494303512, -0.018982566574432742583250404170400841, 0.110773142623554099735128023007055336, -0.454931107087245503793434084592452583, -0.411885288431119621179469527395096035, -0.194190807241672585267220645540758601, 0.400597333774660784898494433323056954, 0.434428449479351138129846169643034413, 0.354264094518728184185027534353350753, 0.227404877778213191836885797056705040, 0.099951208049696156247089914520151960
Vector b: 0.997498152782218076765057989370737158, 0.015044154509354926589288345837358754, -1.119943288362612211126887090825372938, 1.081978155213746725960386282484552556, -0.860431869966638526490130236470351630, -0.049430344207852481096737932714882618, -0.774340232654386761262201122075334044, 0.385958618171041590727759830993489386, 0.415236049378279979069229035653618253, 0.453620849580422297190463303632131398, 0.254907339457034071179591765073912644, 0.199902416099392312494179829040141082
---------------------------------------------------------------------------------------------------
| Order |                  Error^2                   |                 Efficiency                 |
---------------------------------------------------------------------------------------------------
|   2   | 3.670379926636951856456039912587958106e-69 | 2.865642477053605014512208417074402344e+31 |
|   4   | 3.806719465062970057534799264900062526e-72 | 1.544826094546020672839660022426261475e+30 |
|   6   | 2.678468038698275453796253479609111152e-74 | 3.197343641349737128389496027412848282e+28 |
|   8   | 2.494346891719827645451465690298884234e-13 | 1.818995567223500892843441578073275309e-05 |
---------------------------------------------------------------------------------------------------

Scheme evaluation results:
Order: 8, No. cycles: 24
---------------------------------------------------------------------------------------------------
Vector a: 0.540972392910471327492375841661500764, 0.081075338871160916164267640860828592, 0.069738773400361316250677658485180782, -0.035878155773683825530976515821334129, -0.360171101708887726220730920622301752, -0.271330595100013514905411692700108314, -0.030370422575337425318929954344691004, 0.628437734279803731474489129106884660, -0.140674630300581037011239202447876035, -0.148512731824685678482820437914624955, 0.324986760160875535026547567214356187, 0.246208409547418371280451876468196725, 0.095518228113098009781299010053988477
Vector b: 1.081944785820942654984751683322926031, -0.919794108078620822656216401601215427, 1.059271654879343455157571718571539242, -1.131027966426711106219524750214235596, 0.410685763008935653778062908969698584, -0.953346953208962683588886294370017623, 0.892606108058287832951026385680673320, 0.364269360501319629997951872533296008, -0.645618621102481704020430277429189250, 0.348593157453110347054789401599981952, 0.301380362868640722998305732828573988, 0.191036456226196019562598020107968769
---------------------------------------------------------------------------------------------------
| Order |                  Error^2                   |                 Efficiency                 |
---------------------------------------------------------------------------------------------------
|   2   | 4.075055585472020565379103680899506301e-71 | 2.719635791558210715343715780499776875e+32 |
|   4   | 2.162807508263632334203256415112280867e-72 | 2.049491393299570007830395476296647217e+30 |
|   6   | 8.901457695236869127065471554513583964e-74 | 1.753888512733868591419909965487037849e+28 |
|   8   | 2.571883534013278672188668410824334753e-13 | 1.791366372238442703871884986359594781e-05 |
---------------------------------------------------------------------------------------------------

Scheme evaluation results:
Order: 8, No. cycles: 24
---------------------------------------------------------------------------------------------------
Vector a: 0.107724892165633355345778040601157879, -0.474169638931632269533803931750095920, -0.002624045260736164708357183923763277, 0.696231173179124712996618905645591734, 0.331726106275249280966559380389974913, 0.289477429429301098068608204946239809, -0.343463677653121279563533001284401258, -0.287063973634229429453751716717889553, 0.305289935902218944438525532157263417, -0.136949569623525680207627957490104677, -0.338693581790841202843786804254418179, 0.412474579580961568129956502426041276, 0.440040370361597066364814029254403843
Vector b: 0.215449784331266710691556090662134522, -1.163789062194531249759163962318452813, 1.158540971673058920342449594476380140, 0.233921374685190505650788211315549500, 0.429530837865308056282330554207782646, 0.149424020993294139854885854944820771, -0.836351376299536698981951857228744712, 0.262223429031077840074448423762353479, 0.348356442773360048802602640523863292, -0.622255582020411409217858555505657541, -0.055131581561270996469715053309177728, 0.880080740723194132729628058469148359
---------------------------------------------------------------------------------------------------
| Order |                  Error^2                   |                 Efficiency                 |
---------------------------------------------------------------------------------------------------
|   2   | 7.244543263061369894007295432710233425e-70 | 6.450182630579157594425178927949632812e+31 |
|   4   | 6.340744042498781999515662628482955768e-72 | 1.196974564959253408068265538377215332e+30 |
|   6   | 1.178533797290027672348467605324821534e-72 | 4.820160827726211165852897983759644985e+27 |
|   8   | 2.572883394656527472041239403398330810e-13 | 1.791018262645833023487753434195025973e-05 |
---------------------------------------------------------------------------------------------------

Scheme evaluation results:
Order: 8, No. cycles: 24
---------------------------------------------------------------------------------------------------
Vector a: 0.540972509724849865525496574544740361, 0.081075270377628747626289192331664802, 0.069738721922359447369084757627016794, -0.035878152904492949308188315876285086, -0.360171223234971483052296288101549269, -0.271330597117303071312645640897148286, -0.030370404333575401153708465455842610, 0.628437815862081114567624703754039843, -0.140674532316507356801363700011404532, -0.148512667830582183927709947274457074, 0.324986725119688756289216934376720160, 0.246208331612668342354630007961840878, 0.095518203118156171823570187020664015
Vector b: 1.081945019449699731050993149089737062, -0.919794478694442235798414764425927444, 1.059271922539161130536584279679895839, -1.131028228348147029152960911432702515, 0.410685781878204063048368335229149361, -0.953346976112810205673659617024615549, 0.892606167445659403366242686112958864, 0.364269464278502825769006721397044201, -0.645618528911517539371734121420597492, 0.348593193250353171516314226871383380, 0.301380256989024341062119641882170425, 0.191036406236312343647140374041503867
---------------------------------------------------------------------------------------------------
| Order |                  Error^2                   |                 Efficiency                 |
---------------------------------------------------------------------------------------------------
|   2   | 1.163654761629232539224921828879081244e-69 | 5.089386589310669682362217071803041406e+31 |
|   4   | 3.183948078217999466708938659369800112e-72 | 1.689164885472038553206262164978457031e+30 |
|   6   | 1.026667296141709847845000535506749450e-73 | 1.633118451749978543578981590633037376e+28 |
|   8   | 2.571883629634310710794010349811329693e-13 | 1.791366338937499206443259724133175506e-05 |
---------------------------------------------------------------------------------------------------

Scheme evaluation results:
Order: 8, No. cycles: 24
---------------------------------------------------------------------------------------------------
Vector a: 0.487728728633227736492049155885496400, 0.013824320855625918879288406315267716, -0.764142797715770887716123608577501802, -0.150395966493146663578129276246622881, 0.307793050451538289182506447931649904, 0.387228963663228585193776204622482373, 0.306318682320802104194795026306343547, 0.150960272116198087738258033812116578, 0.121341385879809685126053632578735219, -0.512017548210474339562192803043080880, -0.004516796939668747650359722597374943, 0.610399958068568411328999434699825832, 0.045477747370061820371079068312662918
Vector b: 0.975457457266455472984098311765717100, -0.947808815555203635225521499134289682, -0.580476779876338140206725717996940243, 0.279684846890044813050467165491899605, 0.335901254013031765314545730385478798, 0.438556673313425405073006678811121032, 0.174080691328178803316583373915375401, 0.127839852904217372159932693506302913, 0.114842918855401998092174571817602852, -1.138878015276350677216560177972234119, 1.129844421397013181915840732777144620, 0.090955494740123640742158136632821748
---------------------------------------------------------------------------------------------------
| Order |                  Error^2                   |                 Efficiency                 |
---------------------------------------------------------------------------------------------------
|   2   | 9.378287646009913995601631665625669363e-70 | 5.669121202399284317644368504002959375e+31 |
|   4   | 4.638766806419266777745334641945635623e-73 | 4.425412546014348279189248364737242676e+30 |
|   6   | 1.224047902303928385677788456530580568e-74 | 4.729697255434892944212531860760417938e+28 |
|   8   | 2.598609222614720390528557192354050301e-13 | 1.782130810433068441104561706117754273e-05 |
---------------------------------------------------------------------------------------------------

Scheme evaluation results:
Order: 8, No. cycles: 24
---------------------------------------------------------------------------------------------------
Vector a: 0.384668833762043846885367016911374634, -0.008472211433668059837047709223106447, -0.299660671173060738660716244150598558, 0.192438832992044454422948695037659946, 0.239316580974273180671124200914941800, 0.264656798101341490889376330380249036, -0.186076799273219853274551563304546217, -0.225395393560490390504940290803356027, 0.188325588421437063926889524254765743, -0.139829773495137172811847279932764056, 0.097374168988361663673646942733587098, 0.416601747395909677841510254227798552, 0.076052298300164836778240122953994434
Vector b: 0.769337667524087693770734033691008053, -0.786282090391423813444829452132887912, 0.186960748045302336123396963438252775, 0.197916917938786572722500427249459708, 0.280716244009759788619747974555584812, 0.248597352192923193159004686106295968, -0.620750950739362899708107812717967319, 0.169960163618382118698227231138127115, 0.206691013224492009155551817307444213, -0.486350560214766354779246377154179920, 0.681098898191489682126540262627060068, 0.152104596600329673556480245891802487
---------------------------------------------------------------------------------------------------
| Order |                  Error^2                   |                 Efficiency                 |
---------------------------------------------------------------------------------------------------
|   2   | 1.273454870460006426680969900281095719e-70 | 1.538458328454763741786813727176324688e+32 |
|   4   | 4.732965814933959432496736274889130981e-73 | 4.381152286827026839152733779200856445e+30 |
|   6   | 2.477236245074343715774778541432177749e-74 | 3.324672237752714765533627487856806564e+28 |
|   8   | 3.244599313403874079107504371338354604e-14 | 5.043471027400579710414765586725176844e-05 |
---------------------------------------------------------------------------------------------------

Scheme evaluation results:
Order: 8, No. cycles: 24
---------------------------------------------------------------------------------------------------
Vector a: -0.407064998757795717029421073039626311, -0.277002443010153267866693686215552123, 0.390097712746890817941691467169835357, 0.493663141947318486133458328801786498, -0.088636530872348627164387102428784335, -0.959274969774331621816184743518185877, -0.003891528026910296683960663687484649, 0.218621593528545030684042833954565396, 0.062829497616369272170364570952234574, 0.796433252091590845137275846428791598, 0.445723344596002421988981258411566231, 0.227559425217030527728101420545785659, 0.100942502697792128776731542625067830
Vector b: -0.814129997515591434058842146081058471, 0.260125111495284898325454773652061193, 0.520070313998496737557928160686954417, 0.467255969896140234708988496916945217, -0.644529031640837489037762701773823055, -1.274020907907825754594606785261058318, 1.266237851854005161226685457886122038, -0.828994664796915099858599789978552597, 0.954653660029653644199328931882318275, 0.638212844153528046075222760977795401, 0.253233845038476797902739755842384371, 0.201885005395584257553463085249911482
---------------------------------------------------------------------------------------------------
| Order |                  Error^2                   |                 Efficiency                 |
---------------------------------------------------------------------------------------------------
|   2   | 3.622271631530684947003647716355116712e-70 | 9.121935755948411787907119388703176562e+31 |
|   4   | 2.821736805615072345786684598621715994e-71 | 5.674097336833055352409928266998811646e+29 |
|   6   | 1.108695075684433871416915775863417100e-72 | 4.969657860169141926716551147253875732e+27 |
|   8   | 2.792685399008001683019043949351529319e-13 | 1.719091761784303379404345447755543922e-05 |
---------------------------------------------------------------------------------------------------

Scheme evaluation results:
Order: 8, No. cycles: 24
---------------------------------------------------------------------------------------------------
Vector a: -0.407065019735101305349987451543978213, -0.277002420678596982843414890450333715, 0.390097790494835271244870215595609689, 0.493663090094774840126277327750123853, -0.088636628607685341008648187386027338, -0.959274720960762578120872244639805179, -0.003891545939776973591778989123117706, 0.218621218650910133856928182526876321, 0.062829487829332489623071282378788665, 0.796433433677323623261622834572198620, 0.445723378198669176414164286933815689, 0.227559399216350963719458790232788072, 0.100942537759726682668308843153061345
Vector b: -0.814130039470202610699974903093151622, 0.260125198113008645013145122198549763, 0.520070382876661897476595308991456039, 0.467255797312887782775959346509987188, -0.644529054528258464793255721279945224, -1.274020387393266691448488767996745424, 1.266237295513712744264930789750633306, -0.828994858211892476551074424701199130, 0.954653833870557455797216989456581357, 0.638213033484089790726028679695715856, 0.253233722913248562102299894162805729, 0.201885075519453365336617686305312258
---------------------------------------------------------------------------------------------------
| Order |                  Error^2                   |                 Efficiency                 |
---------------------------------------------------------------------------------------------------
|   2   | 9.791453003981382747369235233272424863e-71 | 1.754502311376421885129050071826494688e+32 |
|   4   | 4.406563551627875916769184183504962439e-71 | 4.540513948763795698372406515532280273e+29 |
|   6   | 1.216175760832368223988908044353427023e-72 | 4.744979910510736169032609043020297050e+27 |
|   8   | 2.792686699698858010902467271772114970e-13 | 1.719091361451678109073775906716633289e-05 |
---------------------------------------------------------------------------------------------------

Scheme evaluation results:
Order: 8, No. cycles: 24
---------------------------------------------------------------------------------------------------
Vector a: 0.234322627095593583153116268252630841, -0.100336919857018498814343696627585144, -0.651231011875195169259704104117299230, 0.209843346123826943539410625359682841, 0.035663660738331379261123583489407239, -0.322604367318563608068812295649622545, 0.433280576018287726493749296164572532, 0.518479067048349765127732185863127665, 0.382850471417512548574883558414750081, -0.463202239377095497194197781541772727, -0.013245711173791619800269031891253310, 0.657821113380500895410210963389768494, 0.078359387779261551577100428893593301
Vector b: 0.468645254191187166306232536969263272, -0.669319093905224163934919930777977097, -0.633142929845166174584488277225825236, 1.052829622092820061663309528565959451, -0.981502300616157303141062361399105611, 0.336293565979030087003437769281016160, 0.530267586057545365984060823247357882, 0.506690548039154164271403547736209750, 0.259010394795870932878363569622372593, -1.185414873550061927266759133905770140, 1.158923451202478687666221070049196354, 0.156718775558523103154200857837302574
---------------------------------------------------------------------------------------------------
| Order |                  Error^2                   |                 Efficiency                 |
---------------------------------------------------------------------------------------------------
|   2   | 1.096303148480458865991572754153103292e-69 | 5.243390294995806424202109910405917188e+31 |
|   4   | 2.850591971991353904169025477465704689e-72 | 1.785202573739372756886628716397572266e+30 |
|   6   | 6.303551657313049279476438469003911120e-74 | 2.084202399841775262840683198269425964e+28 |
|   8   | 2.928518038016792146168157058583187345e-13 | 1.678750343794212122937608711703166021e-05 |
---------------------------------------------------------------------------------------------------

Scheme evaluation results:
Order: 8, No. cycles: 24
---------------------------------------------------------------------------------------------------
Vector a: -0.424472040314845592635660969916432499, -0.382710097880832087871357715847018289, 0.655462168920482021546694180001699154, 0.581175455317015346591019165705978548, -0.552713309977800701995803160098524532, -0.207104690899461609807705623657645319, 0.380057733298721469183424051734200360, 0.266761455890958618419784281990702786, -0.437185476515454968238105091968698608, -0.056438035620676050908671249941025565, 0.789997037903509712292779628935020395, 0.298315913192995783576931141751542645, 0.088853886685388059846671361310200917
Vector b: -0.848944080629691185271321939833067124, 0.083523884868027009528606508139126241, 1.227400452972937033564781851864669556, -0.065049542338906340382743520453287494, -1.040377077616695063608862799742922779, 0.626167695817771843993451552427142281, 0.133947770779671094373396551044099259, 0.399575141002246142466172012933797294, -1.273946094033156078942382196870843558, 1.161070022791803977125039696988596285, 0.418924053015215447460519560882183725, 0.177707773370776119693342722620506219
---------------------------------------------------------------------------------------------------
| Order |                  Error^2                   |                 Efficiency                 |
---------------------------------------------------------------------------------------------------
|   2   | 8.885885096098711510618323304183645685e-71 | 1.841735121359592186237727589204249688e+32 |
|   4   | 7.862713299300186164736750189967995786e-73 | 3.399138128590998827563703879689393555e+30 |
|   6   | 1.029602918749773592264145536831362305e-74 | 5.157006362312190090272245806056324768e+28 |
|   8   | 3.260366520491345885774686081375520926e-13 | 1.591024450617938327581347976840370052e-05 |
---------------------------------------------------------------------------------------------------

Scheme evaluation results:
Order: 8, No. cycles: 24
---------------------------------------------------------------------------------------------------
Vector a: 0.192780288423666823690669329815310851, 0.243805301519806386608466046221843694, -0.315929367804287169070915080867344565, 0.134759889090326214225775618499379384, -0.005251147526849056951825221766065103, -0.455095665659533918962238526847453394, -0.267655580443488684946117216437487434, -0.260133415942082859303040620890498870, 0.465310385139513679347883164837884679, 0.609821471446565442942173590876580405, 0.330414272472330515942091291534190037, 0.226842419544918734488863892854762318, 0.100331149739113891988213732168898024
Vector b: 0.385560576847333647381338660042591887, 0.102050026192279125835593431238853090, -0.733908761800853463977423592164108603, 1.003428539981505892428974828997181737, -1.013930835035204006332625272534954629, 0.103739503716136168408148218999245800, -0.639050664603113538300382651936480772, 0.118783832718947819694301410118289172, 0.811836937560079539001464919620863394, 0.407806005333051346882882262081083568, 0.253022539611609685001300321161538805, 0.200662299478227783976427464375896527
---------------------------------------------------------------------------------------------------
| Order |                  Error^2                   |                 Efficiency                 |
---------------------------------------------------------------------------------------------------
|   2   | 1.590403638218941359543789075462168431e-70 | 1.376650942079354525163300071274204375e+32 |
|   4   | 8.396083069262819064800611281014548463e-73 | 3.289399861302753746253934930559019531e+30 |
|   6   | 3.154156467796064956492741629494213356e-74 | 2.946394756575674523974314187725989532e+28 |
|   8   | 3.459292937329319399186389594748468089e-13 | 1.544601300689873019331142921676485491e-05 |
---------------------------------------------------------------------------------------------------

Scheme evaluation results:
Order: 8, No. cycles: 24
---------------------------------------------------------------------------------------------------
Vector a: 0.212478637795987345767061814632367434, -0.094828399970669271900435649366114504, -0.645826911714221036811253819781334748, 0.150348270134405210155463514974787259, 0.053428101004185534869141782653965386, -0.245562014017905401543623648629453281, 0.430400480157302203322403557785362876, 0.493267895924018659062132975116554808, 0.388562212405015710828746911050487031, -0.409432530337945972532687539003695364, -0.018521423410696103676452841578301608, 0.606206778268096776759150346928862284, 0.079478903762426345700352595216512362
Vector b: 0.424957275591974691534123629273065574, -0.614614075533313235334994928019140501, -0.677039747895128838287512711534696487, 0.977736288163939258598439741495285302, -0.870880086155568188860156176181637105, 0.379756058119757385772908878904219564, 0.481044902194847020871898236675920520, 0.505490889653190297252367713536519005, 0.271633535156841124405126108575414609, -1.090498595832733069470501186605547634, 1.053455749011340862117595503446772156, 0.158957807524852691400705190433824949
---------------------------------------------------------------------------------------------------
| Order |                  Error^2                   |                 Efficiency                 |
---------------------------------------------------------------------------------------------------
|   2   | 1.259305371899339688606736901389083545e-69 | 4.892287699920533413645979550346785156e+31 |
|   4   | 1.580557024279164877559708572522277928e-72 | 2.397452153178147320427398971815935791e+30 |
|   6   | 1.490296125493111998726320274985938034e-74 | 4.286435208523976283665046455201255035e+28 |
|   8   | 3.435968104690353525066219581813156353e-13 | 1.549835143049314157453528004562803141e-05 |
---------------------------------------------------------------------------------------------------

Scheme evaluation results:
Order: 8, No. cycles: 24
---------------------------------------------------------------------------------------------------
Vector a: 0.192780204453901498398762725301601720, 0.243805280413371493903254364488300822, -0.315929198980739624774409704368098797, 0.134759487208710813149039210960236633, -0.005251193667856905208723241197434691, -0.455095203246087442358790664656674395, -0.267655627065018704301569777307040558, -0.260133488465489765853211339358989195, 0.465310372492403683174513854944955761, 0.609821498507493404050934485385241164, 0.330414294812222594719561455311406605, 0.226842425582001497108773944204096748, 0.100331147955087457991864686292398159
Vector b: 0.385560408907802996797525451192515614, 0.102050151918939991008983276121629525, -0.733908549880419240557802683700078683, 1.003427524297840866855881105383484224, -1.013929911633554677273327587786422868, 0.103739505141379792555746258700852055, -0.639050759271417201158885813403946499, 0.118783782340437669452463134632768376, 0.811836962644369696896564575347799400, 0.407806034370617111205304395349363353, 0.253022555253828078233818515522741122, 0.200662295910174915983729372639294357
---------------------------------------------------------------------------------------------------
| Order |                  Error^2                   |                 Efficiency                 |
---------------------------------------------------------------------------------------------------
|   2   | 1.471547850309340759720231884769266164e-70 | 1.431167028348329312754334722287918750e+32 |
|   4   | 7.587737692505979047864448746656431063e-73 | 3.460181490843430394904055050848033691e+30 |
|   6   | 5.988996506898361032054828534062850649e-74 | 2.138235422242418724667265122595310974e+28 |
|   8   | 3.459292958099605068629656281396355748e-13 | 1.544601296052825695287338748798549592e-05 |
---------------------------------------------------------------------------------------------------

Scheme evaluation results:
Order: 8, No. cycles: 24
---------------------------------------------------------------------------------------------------
Vector a: 0.127227102858068871123353528567405370, 0.669384756953656782813025326690165322, -0.008796082215525741971917909841023877, -0.277870362618906204411417346426156428, -0.165269979182936506495717674979295088, 0.287006934569156518345756127020743372, -0.186773516521361853726969978185832286, -0.003134024587208518643668305926408315, 0.200710143413333340692339031917899193, -0.339958610154910929819837352099081634, 0.463693739356016305812766537222737574, 0.164571305838212351716141550736223165, 0.069208592292405584566146465302623706
Vector b: 0.254454205716137742246707057129377305, 1.084315308191175823379343596267965319, -1.101907472622227307323179415950598545, 0.546166747384414898500344723091067977, -0.876706705750287911491780073058949080, 1.450720574888600948183292327112742997, -1.824267607931324655637232283494498768, 1.817999558756907618349895671641537006, -1.416579271930240936965217607794810941, 0.736662051620419077325542903581483575, 0.190725427091613534299990170868393333, 0.138417184584811169132292930606289917
---------------------------------------------------------------------------------------------------
| Order |                  Error^2                   |                 Efficiency                 |
---------------------------------------------------------------------------------------------------
|   2   | 2.037527792736010282689551840449753151e-70 | 1.216258100793121571720949251827090312e+32 |
|   4   | 1.179058093685402109147646919879942232e-71 | 8.777835368273037279553770378621202393e+29 |
|   6   | 2.126798147446693057019222203916121638e-72 | 3.588140275115230399446548850960984707e+27 |
|   8   | 3.750195732864719833943745736286149686e-13 | 1.483484792532277197402424470163002391e-05 |
---------------------------------------------------------------------------------------------------

Scheme evaluation results:
Order: 8, No. cycles: 24
---------------------------------------------------------------------------------------------------
Vector a: 0.076137377264781066754706356381373027, 0.158701141417920278048331207172673033, 0.497244894581302965735386560443152219, 0.138432882126320880420856203456061260, -0.107207459261095470879561712660256626, 0.231741643089887292595730787032855235, -0.399583945435373598310167964192481843, -0.271343135512916100456391308528200528, 0.294652096258953487297383523930334769, -0.283086917897466918690738030706701615, 0.064420869831557376099980142082936397, 0.525554386775902707166023165586273915, 0.074336166760226034218461070001980770
Vector b: 0.152274754529055292181194769594624603, 0.165127528307481518714090570611002663, 0.829362260854930733481269021814593779, -0.552496496602288691270941287529706814, 0.338081578080096827179409363106167460, 0.125401708099679111700843650150356758, -0.924569598970427334889372431465224469, 0.381883327944592713562860845684570239, 0.207420864573315531503202012950648598, -0.773594700368250166381199564267893585, 0.902436440031365539089799503601612841, 0.148672333520448925128843545749247688
---------------------------------------------------------------------------------------------------
| Order |                  Error^2                   |                 Efficiency                 |
---------------------------------------------------------------------------------------------------
|   2   | 1.982075292676434893423004760342004739e-45 | 3.899576482757109241017765923071768697e+19 |
|   4   | 1.087240748024335182741448770765120268e-45 | 9.140967667683410240459522439842496300e+16 |
|   6   | 5.435931761828761754033448991668338928e-46 | 2.244375667165906986195245699829022815e+14 |
|   8   | 3.742844183206814424417029637422007248e-13 | 1.484940979538162463807400631119158113e-05 |
---------------------------------------------------------------------------------------------------

Scheme evaluation results:
Order: 8, No. cycles: 24
---------------------------------------------------------------------------------------------------
Vector a: 0.127227099673117923889169261842986431, 0.669384763812881277274124195954188427, -0.008796082281409977423834236152150771, -0.277870350343856131305092022086826940, -0.165269968099169663648559457113364164, 0.287006919290160879892823970355704931, -0.186773474903247808779261000939687259, -0.003134026406942998147802598913430222, 0.200710105332056919829769696842477024, -0.339958605101858025757596827281638007, 0.463693720810003558446942106219732037, 0.164571298749614998043543281989128509, 0.069208599468649047685773629282879899
Vector b: 0.254454199346235847778338523701775213, 1.084315328279526706769909868211683688, -1.101907492842346661617578340517278995, 0.546166792154634399007394296322919251, -0.876706728352973726304513210569053730, 1.450720566933295486090161151309644993, -1.824267516739791103648683153211638546, 1.817999463925905107353077955384455594, -1.416579253261791267693538561675006751, 0.736662043058075216178344907075785951, 0.190725398561931900715539305394087497, 0.138417198937298095371547258572625931
---------------------------------------------------------------------------------------------------
| Order |                  Error^2                   |                 Efficiency                 |
---------------------------------------------------------------------------------------------------
|   2   | 1.217988836102192813429976544624407995e-69 | 4.974573623115036186652602714458915625e+31 |
|   4   | 5.488143483598216010541170272639104001e-71 | 4.068574797573279562843605606433442993e+29 |
|   6   | 1.615847391383078918214057374445279465e-72 | 4.116540371929007125110965227193992138e+27 |
|   8   | 3.750195708624172149107261351414215763e-13 | 1.483484797326758151063208647398187469e-05 |
---------------------------------------------------------------------------------------------------

Scheme evaluation results:
Order: 8, No. cycles: 24
---------------------------------------------------------------------------------------------------
Vector a: -0.481555728147578381794365810532962580, 0.043221943505061008099234793918605875, 0.108341911824936659260526321823250281, -0.175656268004471672953151640213521144, 0.406040002960108659880623393993959671, 0.462034677004508744384775641586947239, 0.367114949751832121276969690455334812, 0.128107904951645049530335706754357727, -0.629718316174285701973697058241907788, -0.689519876866868903608328960261231994, 0.681266873878586479771206500108222224, 0.731811619410125774547134458251046636, 0.048510305906400163578736962357899124
Vector b: -0.963111456295156763588731621075375794, 1.049555343305278779787201208888607189, -0.832871519655405461266148565212468396, 0.481558983646462115359845284918960654, 0.330521022273755204401401502809564043, 0.593548331735262284368149780493392298, 0.140681567768401958185789600868813432, 0.115534242134888140874881811768587218, -1.374970874483459544822275927618073573, -0.004068879250278262394381992274792197, 1.366602627007451221936794991863546579, 0.097020611812800327157473924569238638
---------------------------------------------------------------------------------------------------
| Order |                  Error^2                   |                 Efficiency                 |
---------------------------------------------------------------------------------------------------
|   2   | 1.620117585196341509499678373135393998e-68 | 1.363968210758095454474620221270626367e+31 |
|   4   | 6.451185525023468530996259642692412978e-72 | 1.186684493207458248042699891845731445e+30 |
|   6   | 2.807506056964371397449993526104176054e-73 | 9.875798011668380802739590311074460983e+27 |
|   8   | 3.946955638318435423732900646753624059e-13 | 1.446035462534249744957641688398288815e-05 |
---------------------------------------------------------------------------------------------------

Scheme evaluation results:
Order: 8, No. cycles: 24
---------------------------------------------------------------------------------------------------
Vector a: -0.481555006205623093832191255175807760, 0.043224929407385595441760553770331533, 0.108336118366476221810150898060850117, -0.175658785588695676325567815976256722, 0.406043587570359077561711399282711145, 0.462036468691513700319899882866756253, 0.367116357170042032161735486208293337, 0.128106151606843538868981968584719684, -0.629726434903905494741978543944111591, -0.689528602119813032767401601827159129, 0.681275707640053588355568950843102468, 0.731819838002765874462327012601317981, 0.048509670362597668685003064705252641
Vector b: -0.963110012411246187664382510357149006, 1.049559871226017378547903617884090314, -0.832887634493064934927601821745366086, 0.481570063315673582276466189869282114, 0.330517111825044572846956608547692240, 0.593555825557982827792843157259831057, 0.140676888782101236530627815414085786, 0.115535414431585841207336121259244212, -1.374988284239396830691293208785853487, -0.004068920000229234843509994507977622, 1.366620335280336411554647895834783480, 0.097019340725195337370006129327337079
---------------------------------------------------------------------------------------------------
| Order |                  Error^2                   |                 Efficiency                 |
---------------------------------------------------------------------------------------------------
|   2   | 4.315597061003355112641064662063713270e-71 | 2.642756028853487060384883560321264062e+32 |
|   4   | 4.747396852589522249465756868851870449e-72 | 1.383334678768910993612408012144795166e+30 |
|   6   | 1.458006395786197399450893354478580939e-73 | 1.370417308539772535572027435545114136e+28 |
|   8   | 3.946978699238944493789981030455568049e-13 | 1.446031238169222113463440800340810064e-05 |
---------------------------------------------------------------------------------------------------

Scheme evaluation results:
Order: 8, No. cycles: 24
---------------------------------------------------------------------------------------------------
Vector a: 0.308687845468112000161288512770714310, -0.074961211275618511294080311334749550, -0.810775111702665948549932743423068040, 0.046210662644490245136015518072024939, 0.828055242372731746192065293124810796, 0.452328309562276968316377324492709423, -0.296896458264866591137295453053836120, 0.599444679162676577213736139588990456, -0.000151491016194331042298966690324602, -0.856647131477030217063946224215445182, 0.361966848383724294277973117519408910, 0.333624691383204937691897553393787346, 0.109113124759158830098200239754977512
Vector b: 0.617375690936224000322577025529758736, -0.767298113487461022910737648196000607, -0.854252109917870874189127838626604460, 0.946673435206851364461158874768062493, 0.709437049538612127922971711470273632, 0.195219569585941808709782937502991923, -0.789012486115674990984373843600551490, 1.987901844441028145411846122723844948, -1.988204826473416807496444056104486437, 0.274910563519356373368551607739816382, 0.449023133248092215187394627286055915, 0.218226249518317660196400479506838774
---------------------------------------------------------------------------------------------------
| Order |                  Error^2                   |                 Efficiency                 |
---------------------------------------------------------------------------------------------------
|   2   | 2.617091253780919874210135475066571825e-67 | 3.393658077473743548059147927594833984e+30 |
|   4   | 2.823408353311247985732817377797464737e-69 | 5.672417464964543275102134050522072601e+28 |
|   6   | 1.007324830717913972675041443431671479e-70 | 5.213720913168041864441894168914819360e+26 |
|   8   | 4.756799943958448420421754140646495735e-13 | 1.317202732386336043394961491343002793e-05 |
---------------------------------------------------------------------------------------------------

Scheme evaluation results:
Order: 8, No. cycles: 24
---------------------------------------------------------------------------------------------------
Vector a: 0.257418713691843804934942950779991548, -0.431525692341327587129825747254347796, -0.950523397191288428482990436427957750, -0.002765755347957628715977394522524239, 0.946236995606638321302065112765725540, 0.866607126001391764276772725265203715, -0.240378668121640485718614576519425241, -0.297516064271039894732862389820507917, 0.313211524588336975220325929118780645, -0.186219747806094039032190612297308082, 0.083614381323670755938314910655450432, 0.551420133765027385334083418600721083, 0.090420450102439056805956109656198025
Vector b: 0.514837427383687609869885901512081847, -1.377888812066342784129537395377326460, -0.523157982316234072836443478419428543, 0.517626471620318815404488689371001797, 1.374847519592957827199641537100460540, 0.358366732409825701353903912884462766, -0.839124068653106672791133065946035273, 0.244091940111026883325408286347831152, 0.382331109065647067115243571854682185, -0.754770604677835145179624796379583826, 0.921999367325176657056254617681753365, 0.180840900204878113611912219370100570
---------------------------------------------------------------------------------------------------
| Order |                  Error^2                   |                 Efficiency                 |
---------------------------------------------------------------------------------------------------
|   2   | 2.016756328848951511196577798076279278e-68 | 1.222505445556566748933987305470615039e+31 |
|   4   | 1.275437734760256111166958606668794691e-71 | 8.439668769642041374956577216672053223e+29 |
|   6   | 5.983644949872043035089406018720056346e-73 | 6.764717140283491308375554832591813087e+27 |
|   8   | 4.894908899750828073204696084587970276e-13 | 1.298487459227791933358630158252396616e-05 |
---------------------------------------------------------------------------------------------------

Scheme evaluation results:
Order: 8, No. cycles: 24
---------------------------------------------------------------------------------------------------
Vector a: 0.308687777447940092650278426853744512, -0.074961239806382828748444650251278597, -0.810775004736306782626484802464298995, 0.046210670683183924130465134637392695, 0.828055192537154233158638221300707249, 0.452328329623511538120552968998273779, -0.296896444480818292175988515743529252, 0.599445153795231388583047953701385525, -0.000151490417514910204811249431417296, -0.856647590623630439943554230207996220, 0.361966843362762049431483467186991432, 0.333624676328086417857932823122507886, 0.109113126286783609766884452297517132
Vector b: 0.617375554895880185300556853705512441, -0.767298034508645842797446154208141930, -0.854251974963967722455523450713482844, 0.946673316330335570716453719988049943, 0.709437068743972895600822722608050818, 0.195219590503050180640283215384508837, -0.789012479464686764992260246870217240, 1.987902787055149542158356154259529121, -1.988205767890179362567978653122329167, 0.274910586642918482680870192719604410, 0.449023100082605616182096741655722175, 0.218226252573567219533768904593193461
---------------------------------------------------------------------------------------------------
| Order |                  Error^2                   |                 Efficiency                 |
---------------------------------------------------------------------------------------------------
|   2   | 3.282683666074683233222055742946824520e-70 | 9.582150759113141261054196407267364062e+31 |
|   4   | 1.159644954024427968207576444163775567e-69 | 8.851003487358373673343689628455276489e+28 |
|   6   | 1.030241354594565966933988829655061587e-70 | 5.155408228083261782666086618494278193e+26 |
|   8   | 4.756800121964338900158001034809347068e-13 | 1.317202707740582437766171638672300713e-05 |
---------------------------------------------------------------------------------------------------

Scheme evaluation results:
Order: 8, No. cycles: 24
---------------------------------------------------------------------------------------------------
Vector a: 0.113563127243158222225203720108981052, 0.420312748144249206825396379038205730, -0.314806706192841521977895412176532740, -0.008732613509776017858481643561635192, 0.645745916678636998822154269283122630, -0.334542067766060545259428195166533399, -0.282924803282542454517330930516130984, 0.276876238503204054745137919589707265, 0.246669127301061669938195559376897857, -0.467881558141040635897125987024391398, 0.024557996797196456248794918902955724, 0.613967252769423937444501527192879473, 0.067195341455330629260877874952474058
Vector b: 0.227126254486316444450407440285850845, 0.613499241802181969200385317712122086, -1.243112654187865013156176142068875818, 1.225647427168312977439212854944463054, 0.065844406188961020205095683664853716, -0.734928541721082110723952074035042223, 0.169078935155997201689290212981933268, 0.384673541850410907800985626215381626, 0.108664712751712432075405492572801314, -1.044427829033793703869657466660304173, 1.093543822628186616367247304468582716, 0.134390682910661258521755749918233566
---------------------------------------------------------------------------------------------------
| Order |                  Error^2                   |                 Efficiency                 |
---------------------------------------------------------------------------------------------------
|   2   | 2.320517763949345044174211818289996644e-70 | 1.139685618170119226360912324910422500e+32 |
|   4   | 1.192698058301318274988982124012049183e-72 | 2.759877316685444308680110817687601074e+30 |
|   6   | 2.889534227095529217712794228575512304e-74 | 3.078354478032387172960141755054644775e+28 |
|   8   | 4.977727697190112844653989990515896589e-13 | 1.287640116581358023175227497722011786e-05 |
---------------------------------------------------------------------------------------------------

Scheme evaluation results:
Order: 8, No. cycles: 24
---------------------------------------------------------------------------------------------------
Vector a: 0.077302471504014389002977529767543238, 0.164683454831839098849357126112370683, 0.297642481650285915374621070908330704, 0.282515512028162564860858028800196690, -0.401313913526914522831303456086219444, -0.799542595071019502748805258316839968, -0.254894332524766907113349601059034978, 0.279206155445704414676356604339804458, -0.170670163796316930879373711175259463, 0.055450701497756653139690855158507920, 0.887085354058536041726694748048711098, 0.517686771267556038292433017230165548, 0.064848102635162747649843046271723587
Vector b: 0.154604943008027737738090783616544466, 0.174761966655651873660982754210625423, 0.420522996644919567830552978970707989, 0.144508027411405571647416583699986702, -0.947135854465234621896866035410693431, -0.651949335676804359874160701985418217, 0.142160670627270543967617756279542110, 0.416251640264138285812384829837453295, -0.757591967856772149551388190711654358, 0.868493370852285456623001975763591637, 0.905677337264786605291030933871276553, 0.129696205270325488751336331858037876
---------------------------------------------------------------------------------------------------
| Order |                  Error^2                   |                 Efficiency                 |
---------------------------------------------------------------------------------------------------
|   2   | 1.868674737863151833546328015361785103e-50 | 1.270020289897225567329681632093177541e+22 |
|   4   | 1.129677933903668185492215806472555966e-51 | 8.967630601087692964878000185467223559e+19 |
|   6   | 3.113272122645529999052870952624210410e-51 | 9.378297563117671138192866783513491902e+16 |
|   8   | 5.332873131705211259817237116787279105e-13 | 1.244025951739433027014927220498109038e-05 |
---------------------------------------------------------------------------------------------------

Scheme evaluation results:
Order: 8, No. cycles: 24
---------------------------------------------------------------------------------------------------
Vector a: -0.270541291981582090292683781686159106, -0.074634061981117021689251083908495592, 0.703372439872940150591971045603604410, -0.009223065410090840422068576096007452, -0.328859127561814275832867940164872742, 0.366394901786152256587548473503841594, 0.350650498982491368596174052005877023, -0.122543781405376332264031990835309372, -0.103699679729824062550554426518364408, -0.211689170957679845612071289837830126, 0.036320416185343571800928829263708968, 0.551695177968111783399874467172029320, 0.112756744232445337687032221497977489
Vector b: -0.541082583963164180585367563368921545, 0.391814460000930137206865395551782329, 1.014930419744950163977076695650659718, -1.033376550565131844821213847842668504, 0.375658295441503293155477967507759263, 0.357131508130801220019618979506086755, 0.344169489834181517172729124508282029, -0.589257052644934181700793106180857326, 0.381857693185286056599684253142725349, -0.805236035100645747823826832820634653, 0.877876867471332891425684491348818471, 0.225513488464890675374064442996968113
---------------------------------------------------------------------------------------------------
| Order |                  Error^2                   |                 Efficiency                 |
---------------------------------------------------------------------------------------------------
|   2   | 2.014888595038943501770779042222533671e-70 | 1.223071924980133353411494887586696562e+32 |
|   4   | 2.581178057746627609635472844753783424e-73 | 5.932613434149444535771029953686968750e+30 |
|   6   | 5.038057360761384957986127187087254972e-75 | 7.372265985117868147222891245350624084e+28 |
|   8   | 5.478714289151618791610790415101921135e-13 | 1.227356536501464878689713011237060594e-05 |
---------------------------------------------------------------------------------------------------

Scheme evaluation results:
Order: 8, No. cycles: 24
---------------------------------------------------------------------------------------------------
Vector a: -0.358166215874803961238354553478295976, -0.160612335866873784792304836742178123, 0.419933395076991025888067570355558753, -0.181924194291096505332311675655164077, -0.594038507673095108425225242164718249, -0.041568703658095328597878199410822237, 0.599940369910851544188156359909062786, 0.638182501882983672944727201335676007, 0.323985802984831840881000453795221079, -0.426384960013735473007509514009996456, -0.006239510173136766005771954259002749, 0.672307691946817418785277024483269714, 0.114584665748361424712127365841389444
Vector b: -0.716332431749607922476709106958082910, 0.395107760015860352892099433449003935, 0.444759030138121698884035707307308358, -0.808607418720314709548659058641318950, -0.379469596625875507301791425685006544, 0.296332189309684850106035026866623706, 0.903548550512018238270277692948016608, 0.372816453253949107619176709729412052, 0.275155152715714574142824197829124236, -1.127925072743185520157843225843221009, 1.115446052396911988146299317324227024, 0.229169331496722849424254731673913544
---------------------------------------------------------------------------------------------------
| Order |                  Error^2                   |                 Efficiency                 |
---------------------------------------------------------------------------------------------------
|   2   | 1.924331804250676378095687849313655753e-70 | 1.251519260724811531077080194483825625e+32 |
|   4   | 2.723916651625228590403858468342148428e-72 | 1.826241156358661457349242614283932129e+30 |
|   6   | 2.834498471888935406609618010769376144e-74 | 3.108096083807014796560504900304051590e+28 |
|   8   | 5.655715232232490240726000622240088569e-13 | 1.207998233211825615177180200648823996e-05 |
---------------------------------------------------------------------------------------------------

Scheme evaluation results:
Order: 8, No. cycles: 24
---------------------------------------------------------------------------------------------------
Vector a: -0.371952797684451555014911936590714970, -0.200639028855736313683738807843467104, 0.439870788267590575582108855652917896, -0.085036689241927837578456932453746837, -0.164408032906347014964196694670049807, -0.162208386965001678372920980690721230, 0.095387376146479916144104794654748197, 0.727724754208222704904834203718137990, 0.408322682363925939193864379782810482, 0.227169477371349361091079734123558168, -0.460895383185321025992745771768191113, -0.007010126516906236360797216853425644, 0.553675366998123165051776372938143866
Vector b: -0.743905595368903110029823873181633800, 0.342627537657430482662346257494481722, 0.537114038877750668501871453812440151, -0.707187417361606343658785318719508748, 0.378371351548912313730391929379045229, -0.702788125478915670476233890761087761, 0.893562877771875502764443480070689360, 0.561886630644569907045224927365339716, 0.254758734083281971342503832200301134, 0.199580220659416750839655636046747457, -1.121370987030058802825147179582933576, 1.107350733996246330103552745876119020
---------------------------------------------------------------------------------------------------
| Order |                  Error^2                   |                 Efficiency                 |
---------------------------------------------------------------------------------------------------
|   2   | 1.231572354720432881981240223560739682e-69 | 4.947064249325646111925049110024655469e+31 |
|   4   | 6.588360267310449915814740109093168825e-72 | 1.174265667588426620022919637397623535e+30 |
|   6   | 3.868625680308025810220724981640581490e-74 | 2.660444445356162550027153338068048096e+28 |
|   8   | 5.720508478039212366446011384310932001e-13 | 1.201137564951725891615896142459650974e-05 |
---------------------------------------------------------------------------------------------------

Scheme evaluation results:
Order: 8, No. cycles: 24
---------------------------------------------------------------------------------------------------
Vector a: 0.139559332845535193168146841585413639, 0.556906386631954072548236288149925478, -0.068742523221263479599083633941302844, -0.253580610519759491951117798770467720, -0.123991013210210068394875990737423429, 0.220568196927953225622962147877952237, 0.097763091687403438327982118830556355, -0.392687803185568294248905566792565078, 0.368028042344777780015937431788876297, -0.338254652539064054019077470268261754, -0.031515591733522805647258490638810479, 0.707048482684484542047902399803406317, 0.118898661287279942129151723112700921
Vector b: 0.279118665691070386336293683171771802, 0.834694107572837758760178893125800057, -0.972179154015364717958346161007787930, 0.465017932975845734056110563467858356, -0.712999959396265870845862544941699468, 1.154136353252172322091786840696390365, -0.958610169877365445435822603036020607, 0.173234563506228856938011469452854803, 0.562821521183326703093863394123472122, -1.239330826261454811132018334657896078, 1.176299642794409199837501353380483458, 0.237797322574559884258303446224773218
---------------------------------------------------------------------------------------------------
| Order |                  Error^2                   |                 Efficiency                 |
---------------------------------------------------------------------------------------------------
|   2   | 5.659799424266695229693199556804869863e-71 | 2.307687492682145612680220590764487188e+32 |
|   4   | 7.185292237838577928321444749849932443e-73 | 3.555763069492481013677129214814561523e+30 |
|   6   | 2.360071733040991732932619898226729936e-74 | 3.406198458593235429284826847705734634e+28 |
|   8   | 5.797600873175925318550261431234640271e-13 | 1.193124900300899984860782113490175200e-05 |
---------------------------------------------------------------------------------------------------

Scheme evaluation results:
Order: 8, No. cycles: 24
---------------------------------------------------------------------------------------------------
Vector a: 0.264873772402105790793151282297887035, -0.114697868070340741654200791285012681, -0.771416747581512159607693385416532143, 0.050798787992338451647550278782820695, 0.855236422978253099621570367896178595, 0.500689728099463636470677352991882697, -0.333377053405418679765008834228828623, 0.812171792776072363815780469594071548, -0.000022456947441957384954009734732086, -1.083238371977625367293761189160955281, 0.346691356161193620977822128094830460, 0.334275931180091657013953879095760414, 0.138014706392820285365112451072629391
Vector b: 0.529747544804211581586302564613265557, -0.759143280944893064894704147186283525, -0.783690214218131254320682623713557663, 0.885287790202808157615783181282508607, 0.825185055753698041627357554560694386, 0.176194400445229231313997151458199898, -0.842948507256066590844014819937700440, 2.467292092808211318475575759366276341, -2.467337006703095233245483778835745402, 0.300860262747844498657961400226977781, 0.392522449574542743297682856012030278, 0.276029412785640570730224902153334206
---------------------------------------------------------------------------------------------------
| Order |                  Error^2                   |                 Efficiency                 |
---------------------------------------------------------------------------------------------------
|   2   | 3.829646682435816660219606548116447144e-68 | 8.871522581886778314987688429501852539e+30 |
|   4   | 1.946671568711600924430409251949088217e-69 | 6.831383873013947595393676272395750427e+28 |
|   6   | 1.559557615240702844623686135612647860e-69 | 1.325048692508730373900917631086532027e+26 |
|   8   | 5.819388804548231847107757649382938151e-13 | 1.190889261634163546139175301957935357e-05 |
---------------------------------------------------------------------------------------------------

Scheme evaluation results:
Order: 8, No. cycles: 24
---------------------------------------------------------------------------------------------------
Vector a: 0.264873741395522790882139442898455856, -0.114697817747498292279429638648238838, -0.771416566424840519635692319801941301, 0.050798816877099101384429213573790182, 0.855236184862097286219137497076224385, 0.500689592437325911193271543017988706, -0.333376921922458245200985412997136496, 0.812176921240854412938760421532279900, -0.000022456340018484588991704907045840, -1.083243363168275351141578038258065312, 0.346691369653245734921352365604739919, 0.334275850360494217904546498730166831, 0.138014648776451437403040132178782153
Vector b: 0.529747482791045581764278885737712574, -0.759143118286042166323138163012889513, -0.783690014563638872948246476443843857, 0.885287648317837075717104903575030151, 0.825184721406357496721170090495193928, 0.176194463468294325665372995459972595, -0.842948307313210816067343821398234079, 2.467302149794919641944864663620155906, -2.467347062474956611122848073434191808, 0.300860336138405908839691997875585982, 0.392522403168085561003012733185780983, 0.276029297552902874806080264339727016
---------------------------------------------------------------------------------------------------
| Order |                  Error^2                   |                 Efficiency                 |
---------------------------------------------------------------------------------------------------
|   2   | 1.990964962460533637036579669287892895e-64 | 1.230398259026664839620357836548390961e+29 |
|   4   | 2.404428192580498734828273036288854527e-67 | 6.146800633780808183798467090052618027e+27 |
|   6   | 2.899744558233053414727911002457673880e-69 | 9.717458144281812335978962605316297710e+25 |
|   8   | 5.819391428910059100090358021913057652e-13 | 1.190888993107401834624905032620630812e-05 |
---------------------------------------------------------------------------------------------------

Scheme evaluation results:
Order: 8, No. cycles: 24
---------------------------------------------------------------------------------------------------
Vector a: 0.065379933268216255289117390913475150, -0.422500929562067181141581764394062696, -0.135632804244407702276764093903331729, 0.897297095697691500084453686757665310, 0.564478126474355703771534550124214649, -0.437890872217553778482743322400555493, -0.329740118864955094525594380022896269, 0.326230215585850055608069279780294046, -0.494207010433760586241928736359067376, -0.707991050073534729008543548700197798, 0.672147178408488200215168560029383311, 0.844855540569614132940345668971902332, 0.157574695392063223768466709203176478
Vector b: 0.130759866536432510578234781862553763, -0.975761725660566872861398310686048065, 0.704496117171751468307870122880361582, 1.090098074223631531861037250632704819, 0.038858178725079875682031849618408268, -0.914639923160187432647518494422433083, 0.255159685430277243596329734371635775, 0.397300745741422867619808825196234306, -1.385714766608944040103666297917057848, -0.030267333538125417913420799481259579, 1.374561690355101818343757919537932419, 0.315149390784126447536933418406967617
---------------------------------------------------------------------------------------------------
| Order |                  Error^2                   |                 Efficiency                 |
---------------------------------------------------------------------------------------------------
|   2   | 9.055679078826712367509119290887791781e-70 | 5.769218731705364031700551476911217969e+31 |
|   4   | 3.569432097843195097007683861117758748e-72 | 1.595348141769173862704379644039519043e+30 |
|   6   | 2.957995682226785964752642842407421858e-74 | 3.042522382787754640012093459770402145e+28 |
|   8   | 6.144457454266761690587528015179922968e-13 | 1.158959595681018060162059731275600768e-05 |
---------------------------------------------------------------------------------------------------

Scheme evaluation results:
Order: 8, No. cycles: 24
---------------------------------------------------------------------------------------------------
Vector a: -0.360063364107043401268958967057107560, -0.130124789579482767032945608562345097, -0.095806162619851953361947104599677481, 0.148667158288347191176147599644666839, 0.101794361487743119190304187391842995, -0.162872833154229631260249157220389266, 0.410042664037350690042051713650352626, 0.451827971680228435572527025387485246, 0.402718214846598107383666186628442145, -0.364308312122697627911054368611170152, -0.030570821497056952800205365038951315, 0.556810804887834399455574509362883457, 0.071885107852260390815089349023967524
Vector b: -0.720126728214086802537917934112072620, 0.459877149055121268472026716987663804, -0.651489474294825175195920926188937738, 0.948823790871519557548216125479603774, -0.745235067896033319167607750695701599, 0.419489401587574056647109436253418771, 0.400595926487127323436993991045379762, 0.503060016873329547708060059729940719, 0.302376412819866667059272313529714889, -1.030993037065261922881381050756304662, 0.969851394071148017280970320678164186, 0.143770215704520781630178698049130665
---------------------------------------------------------------------------------------------------
| Order |                  Error^2                   |                 Efficiency                 |
---------------------------------------------------------------------------------------------------
|   2   | 7.086068879181902427575885845119697068e-70 | 6.521910456717736341863207080901851562e+31 |
|   4   | 1.949355966255918040842207342471306191e-72 | 2.158785325943553926608760536156082031e+30 |
|   6   | 9.741071020249372011274587472536287215e-75 | 5.301871466119615306254223301764259338e+28 |
|   8   | 6.440491954321713531570487366736032091e-13 | 1.132010734870659293040105684978370807e-05 |
---------------------------------------------------------------------------------------------------

Scheme evaluation results:
Order: 8, No. cycles: 24
---------------------------------------------------------------------------------------------------
Vector a: 0.357292395342392918987956924072138263, 0.431746629351673376723665813927704761, -0.559998612744794189889782570128648087, 0.155109327125355082997508619751623396, 0.168661099656546226136388008061953857, -0.509968525003680517285208970742630530, 0.335449685191644571066804124644186413, -0.161936317165931173352671036827097389, 0.317816944541226256188581624108588374, -0.098719512299397054447037006526660867, -0.251563616646151494662281791937571188, 0.683768397991980285363742580610322114, 0.132342104659135712172333680986090836
Vector b: 0.714584790684785837975913847511686636, 0.148908468018560915471417781009474978, -1.268905693508149295250982923617665918, 1.579124347758859461246000162036486654, -1.241802148445767008973224144595918186, 0.221865098438405974402806202885856949, 0.449034271944883167730802047630611299, -0.772906906276745514436144122099011641, 1.408540795359198026813307369564117175, -1.605979819957992135707381383418465481, 1.102852586665689146382817801039498826, 0.264684209318271424344667362053328805
---------------------------------------------------------------------------------------------------
| Order |                  Error^2                   |                 Efficiency                 |
---------------------------------------------------------------------------------------------------
|   2   | 1.793250849584659716575993347578054967e-68 | 1.296453647574239108247314938631734375e+31 |
|   4   | 6.346492276289052861858319784282835714e-71 | 3.783451361513286914380851075372608643e+29 |
|   6   | 1.137572382363147884814911502608685310e-72 | 4.906174939745289540150452215412975788e+27 |
|   8   | 6.426462385470860432666967430875732467e-13 | 1.133245703915365903888558737564730978e-05 |
---------------------------------------------------------------------------------------------------

Scheme evaluation results:
Order: 8, No. cycles: 24
---------------------------------------------------------------------------------------------------
Vector a: 0.126272875910439493604490469240100236, 0.438768360766829650409825103322453534, 0.350054608389518640904051386926192349, -0.361124723386933840940447948844599551, -0.286543790315361213327875310801290609, 0.304497466773460529907146276286890353, -0.297294968128816122635961343483520747, 0.079678593092443971995877960144737838, 0.549706116821008096403792439220307345, -0.612186947468172685108615954539033437, -0.047396073309016715315617809940179954, 0.650367250222372373736214563631619242, 0.105201230632227820367120168836323390
Vector b: 0.252545751820878987208980938484143621, 0.624990969712780313610669268158934488, 0.075118247066256968197433505698532667, -0.797367693840124650078329403392086657, 0.224280113209402223422578781781247027, 0.384714820337518836391713770798885180, -0.979304756595151081663636457765190873, 1.138661942780039025655392378058565474, -0.039249709138022832847807499613459335, -1.185124185798322537369424409468042640, 1.090332039180289106738188789584917529, 0.210402461264455640734240337673553507
---------------------------------------------------------------------------------------------------
| Order |                  Error^2                   |                 Efficiency                 |
---------------------------------------------------------------------------------------------------
|   2   | 1.018763896368005141344775920224876575e-70 | 1.720048701487775358513381047453235312e+32 |
|   4   | 1.469806798728633719683753996233725604e-72 | 2.486136142371940810900340970978661133e+30 |
|   6   | 4.641450597002862631425696404533311739e-74 | 2.428877901651121026846183232578062057e+28 |
|   8   | 6.543787354002812575043997989491349488e-13 | 1.123040652108787504111478919818377947e-05 |
---------------------------------------------------------------------------------------------------

Scheme evaluation results:
Order: 8, No. cycles: 24
---------------------------------------------------------------------------------------------------
Vector a: 0.126272881016010989038267674137906114, 0.438768356658061442720283295789980149, 0.350054605614599456054319724672875257, -0.361124722134613201133368781591711577, -0.286543788251834990129930526578286245, 0.304497450977606830037691994786498489, -0.297294930646313577950907980866493229, 0.079678602760869025588771036189484974, 0.549706054733916269620568742719446127, -0.612186913401098896665395440608612191, -0.047396067343200045437340006318927935, 0.650367225139174799452017895434505239, 0.105201244876821898805022372233334738
Vector b: 0.252545762032021978076535348275727535, 0.624990951284100907364031243304150574, 0.075118259945098004744608206041717434, -0.797367704214324407011345769225312176, 0.224280127710654426751484716068886537, 0.384714774244559233323899273504207700, -0.979304635537186389225715235237735633, 1.138661841058924440403257307616557452, -0.039249731591091901162119822177148982, -1.185124095211105892168671059040757884, 1.090331960524705801293991046403012575, 0.210402489753643797610044744466694898
---------------------------------------------------------------------------------------------------
| Order |                  Error^2                   |                 Efficiency                 |
---------------------------------------------------------------------------------------------------
|   2   | 4.238057808890901387994267828135486553e-69 | 2.666822302119360760257846911110921094e+31 |
|   4   | 3.912253444806224170857020484663483409e-72 | 1.523847624410565512956545250941996338e+30 |
|   6   | 2.198580441315738369089042805707907074e-74 | 3.529078913169345490085788126041405869e+28 |
|   8   | 6.543787408989515669530106709844481007e-13 | 1.123040647390395908333455010181419657e-05 |
---------------------------------------------------------------------------------------------------

Scheme evaluation results:
Order: 8, No. cycles: 24
---------------------------------------------------------------------------------------------------
Vector a: 0.250393577590220731757949273865534121, -0.105642827423080540038933443886257934, -0.060312281880514388746346808286290466, 0.621178593784063709032040183410223043, -0.043463452938959212258547565438756041, -0.214327357824917706449015983184738562, 0.257195212600143520845421448495892051, -0.579740442295460162177941969622544255, -0.011677866966824953919465671793986056, 0.089275988258015065494007835195065915, 0.028251724163691196653133722897389191, 0.689256045501379634139843378091376047, 0.079613087432243105667855600257092891
Vector b: 0.500787155180441463515898547732767875, -0.712072810026602543593765435506557263, 0.591448246265573766101071818933718257, 0.650908941302553651963008547886052310, -0.737835847180472076480103678763476124, 0.309181131530636663582071712391834641, 0.205209293669650378108771184604280059, -1.364690178260570702464655123852269260, 1.341334444326920794625723780264247615, -1.162782467810890663637708109874104927, 1.219285916138273056943975555669024685, 0.159226174864486211335711200514482182
---------------------------------------------------------------------------------------------------
| Order |                  Error^2                   |                 Efficiency                 |
---------------------------------------------------------------------------------------------------
|   2   | 1.414949856066673807423299889201217466e-71 | 4.615374985364291225360441181528974375e+32 |
|   4   | 1.232588520857299514713641683266324228e-72 | 2.714850841754396368390043924965645508e+30 |
|   6   | 4.286278677196454688735780770458999164e-74 | 2.527506888218226912165216580473343658e+28 |
|   8   | 7.016415536998393397704541246085661051e-13 | 1.084557084353980968895505156593064745e-05 |
---------------------------------------------------------------------------------------------------

Scheme evaluation results:
Order: 8, No. cycles: 24
---------------------------------------------------------------------------------------------------
Vector a: 0.250393582916592405037583518768987572, -0.105642828527354510857230749451508077, -0.060312284100242786685358068982546157, 0.621178587806329975686602634501311963, -0.043463473190390572246734702490027071, -0.214327387917870627694180273396597807, 0.257195204931707817901261381320164323, -0.579740336487357753951609568925076752, -0.011677868307565501037789059008397193, 0.089276021390394969845815492623074864, 0.028251741067434282834417727454522884, 0.689255943735857946970602464653529491, 0.079613096682464354196619202932562059
Vector b: 0.500787165833184810075167037540293289, -0.712072822887893831789628536445437427, 0.591448254687408258418912398480050470, 0.650908920925251692954292870521944544, -0.737835867306032837447762275501848524, 0.309181091470291582059401728705330632, 0.205209318393124053743121033941673312, -1.364689991367839561646340171796462167, 1.341334254752708559570762053779591435, -1.162782211971918619879131068533393414, 1.219285694106787185547966523442654007, 0.159226193364928708393238405865603867
---------------------------------------------------------------------------------------------------
| Order |                  Error^2                   |                 Efficiency                 |
---------------------------------------------------------------------------------------------------
|   2   | 3.848663608501352756191375698627311507e-70 | 8.849577560440890283997841154165596875e+31 |
|   4   | 1.473468534195993764204917809423552973e-72 | 2.483045056418031005121715663757529297e+30 |
|   6   | 5.023718917338797123348690691520122619e-74 | 2.334639793159328493587888415689174652e+28 |
|   8   | 7.016415727742978787996880828992570783e-13 | 1.084557069611881810260083096984994808e-05 |
---------------------------------------------------------------------------------------------------

Scheme evaluation results:
Order: 8, No. cycles: 24
---------------------------------------------------------------------------------------------------
Vector a: 0.065379938017629543846212198131700015, -0.422500927708890201405794110839682315, -0.135632810303012357879166343313188471, 0.897297091208130081695553757607093770, 0.564478125951623489020653858653456228, -0.437890863536048364923141723177967672, -0.329740113002558285779606379678917892, 0.326230211164838197054188471956128784, -0.494207005445694216283411189143698887, -0.707991044699168069346276068134517106, 0.672147168702384270671506581481852210, 0.844855533571138356925469672650708871, 0.157574696079627556403811273807032440
Vector b: 0.130759876035259087692424396408920144, -0.975761731453039490504012618232786695, 0.704496110847014774745679931610286121, 1.090098071569245388645427583594509815, 0.038858180334001589395880133723714187, -0.914639907406098319242163580091827685, 0.255159681400981747682950820713614454, 0.397300740928694646425426123228427862, -1.385714751820083078992248501527012785, -0.030267337578253059700303634733884602, 1.374561674983021601043316797689416303, 0.315149392159255112807622547616622900
---------------------------------------------------------------------------------------------------
| Order |                  Error^2                   |                 Efficiency                 |
---------------------------------------------------------------------------------------------------
|   2   | 3.101570084498148985871873357129068685e-70 | 9.857952404950914333956207830964210938e+31 |
|   4   | 2.164431107951990089792829049262487342e-72 | 2.048722558978186926780325626471546143e+30 |
|   6   | 5.184039814248393034503900605347773484e-74 | 2.298255909906764634790359631191407776e+28 |
|   8   | 6.144457439951089585471909517091456172e-13 | 1.158959597031119815062903096252481243e-05 |
---------------------------------------------------------------------------------------------------

Scheme evaluation results:
Order: 8, No. cycles: 24
---------------------------------------------------------------------------------------------------
Vector a: -0.420828602914295338851585190739256289, 1.047140177620960482633894049953245065, -0.000016464944159262436619526874498051, -1.399228241612351948986482333202310784, 0.476853403857303389460352240518788621, 0.539334320073971204475194775306803738, -0.366666086909691859366467683153767695, -0.200910823364237499984659451487452387, -0.080697458165939340960242580862390804, 0.140543749611852395890660065061263340, 0.756839075981925523672180986508798199, 0.373120817669805365971392894362665655, 0.134516133094856888482381754608111391
Vector b: -0.841657205828590677703170381478739645, 2.935937561070511642970958481274514515, -2.935970490958830167844197535023516081, 0.137514007734126269871232868734792428, 0.816192799980480509049471612294959641, 0.262475840167461899900917938320209187, -0.995808013986845618633853304628897245, 0.593986367258370618664534401657109684, -0.755381283590249300585019563378679587, 1.036468782813954092366339693499911608, 0.477209369149896954978022279513490308, 0.269032266189713776964763509214845067
---------------------------------------------------------------------------------------------------
| Order |                  Error^2                   |                 Efficiency                 |
---------------------------------------------------------------------------------------------------
|   2   | 1.112263782856890946539307576903293025e-68 | 1.646165965959389003158639037481852344e+31 |
|   4   | 2.698440507102487504803424755073406468e-69 | 5.802279020716398221551084805723498535e+28 |
|   6   | 6.074664401125527287532437235605795399e-71 | 6.713846454281921722284951065913054943e+26 |
|   8   | 7.237546089788842350081873179069468253e-13 | 1.067860187205968496613630120671357118e-05 |
---------------------------------------------------------------------------------------------------

Scheme evaluation results:
Order: 8, No. cycles: 24
---------------------------------------------------------------------------------------------------
Vector a: -0.360063390602481053092336579418113897, -0.130124796261810318355533997068386830, -0.095806123255738218943880735095375378, 0.148667182263584640831300481298422879, 0.101794363854233118428669732030284802, -0.162872839700604702377205159541401141, 0.410042662559574080466477916358375939, 0.451827972267144818183964234952842950, 0.402718191209500920732866934102805353, -0.364308340157259232379808166145053072, -0.030570819430140333506859298920693651, 0.556810821588944794097282606503262539, 0.071885115665051485915062030943029458
Vector b: -0.720126781204962106184673158836825120, 0.459877188681341469473605164699958823, -0.651489435192817907361366634890173496, 0.948823799719987189023967597486653954, -0.745235072011520952166628133426125180, 0.419489392610311547412217814343757195, 0.400595932508836613520738018373486613, 0.503060012025453022847190451532110887, 0.302376370393548818618543416672750151, -1.030993050708067283378159748961690049, 0.969851411847786616364441151120363606, 0.143770231330102971830124061885732567
---------------------------------------------------------------------------------------------------
| Order |                  Error^2                   |                 Efficiency                 |
---------------------------------------------------------------------------------------------------
|   2   | 4.584437533656023136051491641011944589e-71 | 2.564097214091272902978022878627207812e+32 |
|   4   | 4.041243258345114795781791036086270177e-72 | 1.499331055518733776323371212015747070e+30 |
|   6   | 1.086898921195396027546622088914090756e-74 | 5.019240097982447592169147509582345581e+28 |
|   8   | 6.440491624421787576827614642551356597e-13 | 1.132010763863030885871848997795199495e-05 |
---------------------------------------------------------------------------------------------------

Scheme evaluation results:
Order: 8, No. cycles: 24
---------------------------------------------------------------------------------------------------
Vector a: 0.240183836309488883245856282022873384, 0.454248103416100098289638185548875988, -0.117033046141459612037539238528744854, -0.194176185315580080444733128422325604, 0.234724618037692911692673434452101011, -0.450058152536713502463269128855466398, -0.489863882724810306356643085299586417, 0.625025618367327021212852713564211760, -0.066880595289969525992928165236224025, -0.662894156598885775474933594461211526, 0.596531581240926326316998193258708993, 0.727854772667752238880444952626783098, 0.102337488568131323131582579330004662
Vector b: 0.480367672618977766491712564045552201, 0.428128534213222430087563807052854495, -0.662194626496141654162642284110582056, 0.273842255864981493273176027264773364, 0.195606980210404330112170841640637371, -1.095723285283831335038709099352707573, 0.115995519834210722325422928751218749, 1.134055716900443320100282498380203096, -1.267816907480382372086138828852600831, -0.057971405717389178863728360073176993, 1.251034568199241831497724746593626976, 0.204674977136262646263165158660201147
---------------------------------------------------------------------------------------------------
| Order |                  Error^2                   |                 Efficiency                 |
---------------------------------------------------------------------------------------------------
|   2   | 3.443421969723857377745342610360082825e-69 | 2.958573708566853349590026398416008984e+31 |
|   4   | 3.276355081757510024200572624301764388e-72 | 1.665173732955685725651869498425784912e+30 |
|   6   | 4.101752472121283767036537556666670284e-74 | 2.583734150134953246416322428999604797e+28 |
|   8   | 8.008921816843711322022731943845557529e-13 | 1.015133217811997643993116052476215027e-05 |
---------------------------------------------------------------------------------------------------

Scheme evaluation results:
Order: 8, No. cycles: 24
---------------------------------------------------------------------------------------------------
Vector a: 0.161502724366849070745147194653515099, 0.515237846340208849567214895931828569, 0.093507457899460910911603014820255412, -0.199965734344417079776018022298497233, 0.125865515155788209271768405485535726, 0.134589104981828008546774203446538646, -0.265008231935656934663294532540963952, -0.191896177195616774720653857935833070, 0.254844192956738653106135700403336976, 0.625293410094174694122688401822897801, -0.001201119396683783904724153379212103, -0.383258449876177697740005619223345870, 0.130489460953503874533364368813944126
Vector b: 0.323005448733698141490294390050413013, 0.707470243946719557644135400927990571, -0.520455328147797735820929371188837468, 0.120523859458963576268893325940348027, 0.131207170852612842274643486129409897, 0.137971039111043174818904920304446540, -0.667987502982357044145493985497341208, 0.284195148591123494704186268920271978, 0.225493237322353811508085133394453100, 1.025093582865995576737291669698222283, -1.027495821659363144546739976459111839, 0.260978921907007749066728737779735118
---------------------------------------------------------------------------------------------------
| Order |                  Error^2                   |                 Efficiency                 |
---------------------------------------------------------------------------------------------------
|   2   | 3.078930886801082204953100558901849205e-69 | 3.128798151812028827692700486209564062e+31 |
|   4   | 2.168207531737761788538617993205052701e-70 | 2.046937624581442633389226047984925537e+29 |
|   6   | 4.818077457255345730813168016479290824e-72 | 2.383941867592344087836396293142179012e+27 |
|   8   | 7.951401185496337100760648602125792465e-13 | 1.018798350648464030784606775808574061e-05 |
---------------------------------------------------------------------------------------------------

Scheme evaluation results:
Order: 8, No. cycles: 24
---------------------------------------------------------------------------------------------------
Vector a: -0.421304451397964508627208557743621599, -0.353459576874209799058876553492270114, 0.473860389735997576993404941751950885, 0.537771341385912340747959379249518162, -0.366100350610879863327453729853378038, -0.198016896877932306177044181200233407, -0.079140812137413099698481306491062374, 0.933338506499509716137767725133693762, -0.000034971138779391316484019318696414, -0.792733956219573287085698360944394022, 0.758116338203522829226453599235602306, 0.373100582086293335435891991112669654, 0.134603857345516456749769072560221186
Vector b: -0.842608902795929017254417115387459515, 0.135689749047509419136664008346998780, 0.812031030424485734850145875109609396, 0.263511652347338946645772883553512548, -0.995712353569098673300680343315635306, 0.599678559813234060946591980870287006, -0.757960184088060260343554593841905687, 2.624637197087079692619090042670862165, -2.624707139364638475252058081308474260, 1.039239226925491901080661360934579762, 0.476993449481553757372245837265605052, 0.269207714691032913499538145102020082
---------------------------------------------------------------------------------------------------
| Order |                  Error^2                   |                 Efficiency                 |
---------------------------------------------------------------------------------------------------
|   2   | 4.872181736385741921529093906479904173e-68 | 7.865308776579660303455792660646477539e+30 |
|   4   | 2.930433004836459840952937284983219871e-70 | 1.760715285859581367429750913218814087e+29 |
|   6   | 5.525478156407900595223132535848175678e-71 | 7.039594066177126798976744769239916801e+26 |
|   8   | 7.299312651966974731292208559967916595e-13 | 1.063332488293184106825780186885291120e-05 |
---------------------------------------------------------------------------------------------------

Scheme evaluation results:
Order: 8, No. cycles: 24
---------------------------------------------------------------------------------------------------
Vector a: 0.240183838538276556805788640675142059, 0.454248101861595925490644483800663257, -0.117033049468637383696690844425173776, -0.194176189527054455206690186067613144, 0.234724614452933503272128796758707537, -0.450058140410967135982387426067252060, -0.489863874184431131956210543458068832, 0.625025604096327400622489735644386361, -0.066880603184490297401292892430490945, -0.662894149026068920932279978694605737, 0.596531582277612918592312215741033085, 0.727854773006167186008223371384571882, 0.102337491568735834383964627138700276
Vector b: 0.480367677076553113611577281349398480, 0.428128526646638737369711686253873176, -0.662194625583913504763093375104761698, 0.273842246529804594349713002968545483, 0.195606982376062412194544590548955439, -1.095723263197996684159319442684202487, 0.115995514829134420246898355763650664, 1.134055693363520380998081115530672661, -1.267816899732500975800666900391569954, -0.057971398319636866063893057003811195, 1.251034562874862703248517488491507287, 0.204674983137471668767929254277742212
---------------------------------------------------------------------------------------------------
| Order |                  Error^2                   |                 Efficiency                 |
---------------------------------------------------------------------------------------------------
|   2   | 2.773301717890680662549667782834386233e-71 | 3.296696418117350875257457986806410000e+32 |
|   4   | 7.724189155676471272945553106088677376e-73 | 3.429482435202762502206530422040740723e+30 |
|   6   | 2.018150301829430234883387986877458648e-74 | 3.683458626587068152321234730745826721e+28 |
|   8   | 8.008921890291588243325114300806839149e-13 | 1.015133213157227574259786203879583265e-05 |
---------------------------------------------------------------------------------------------------

Scheme evaluation results:
Order: 8, No. cycles: 24
---------------------------------------------------------------------------------------------------
Vector a: -0.294384717743971344713101283555879672, -0.115848909701332338616790646542285790, 0.747052956257918853097612656344241128, 0.082056666779820239989309695616839567, -0.404117363832815997074526216041993652, 0.172062337069109143463127950641918319, -0.484233182428931180789982144838578508, -0.557988339243865305726419898729257584, 0.516998026980230876001633795823172085, 0.724556988595502911799799407485324834, 0.338248135678415418599175747610826730, 0.195161256500765349090973491572569930, 0.080436145089153374879187444613102565
Vector b: -0.588769435487942689426202567117891987, 0.357071616085278012192621274025262004, 1.137034296430559694002604038679908050, -0.972920962870919214023984647446196922, 0.164686235205287219874932215412926720, 0.179438438932931067051323685766635496, -1.147904803790793428631287975395040965, 0.031928125303062817178448177932868354, 1.002067928657398934824819413717603559, 0.447046048533606888774779401265891820, 0.229450222823223948423572093934630023, 0.160872290178306749758374889223403866
---------------------------------------------------------------------------------------------------
| Order |                  Error^2                   |                 Efficiency                 |
---------------------------------------------------------------------------------------------------
|   2   | 5.093819481840025706723879601124382877e-71 | 2.432516201586243143441898503654180625e+32 |
|   4   | 4.539861086042047650673097447236914047e-73 | 4.473358980349031388314325677872478027e+30 |
|   6   | 1.252702604411307269220351209134326133e-74 | 4.675290053786174518486547916532707214e+28 |
|   8   | 9.360379525854779653313449224260209680e-13 | 9.389951245096938862898324112962925293e-06 |
---------------------------------------------------------------------------------------------------

Scheme evaluation results:
Order: 8, No. cycles: 24
---------------------------------------------------------------------------------------------------
Vector a: 0.110834718504164670886514142154237176, 0.223331786221710994797595789922524010, 0.232281208102475507893684826163567922, 0.381087730496866039930342692030270155, -0.155211505806364374422427403141944786, 0.157592304152185112237727893867317885, 0.088921416726059639683156074069600487, -0.735654027935586456529364221372974597, -0.026232673864039733794744074425514400, 0.780428630787084055249983878992212271, -0.046143772974285368327754628403678283, -0.306786426144941883287299772968481122, 0.295550611734671795682584803112863219
Vector b: 0.221669434119925045379556655380369306, 0.224994142778633101600685889739914743, 0.239568271482438240660049554723885748, 0.522607189917828057247356440065035819, -0.833030201551015539184535137855673728, 1.148214809874804198741404301013740322, -0.970371976413410625785069472813976335, -0.500936079521972057266344801652782709, 0.448470731792157289479558716600066814, 1.112386529850214174822106123870050362, -1.204674075803503423653384312263406249, 0.591101223473901537958616043192775980
---------------------------------------------------------------------------------------------------
| Order |                  Error^2                   |                 Efficiency                 |
---------------------------------------------------------------------------------------------------
|   2   | 1.041605940611280629078362625315074184e-37 | 5.379300337255783621853727116353487830e+15 |
|   4   | 5.711917267868603705726360058039647510e-39 | 3.988081995965422056385188967596102673e+13 |
|   6   | 9.082975759251654533471650280329542221e-39 | 5.490583140218037079897678098374948805e+10 |
|   8   | 7.663188635520301826629888464340547294e-13 | 1.037780027368729362848348221039257727e-05 |
---------------------------------------------------------------------------------------------------

Scheme evaluation results:
Order: 8, No. cycles: 24
---------------------------------------------------------------------------------------------------
Vector a: -0.410716587094091845504036100737933256, -0.569015442732468694266919290016626581, -0.029284060755095847665976336014077430, 0.632521775176815801356250903583820770, 0.092399086584929539865152941740586147, -0.234380230230403649448473404019387705, 0.415344850582229645116667238987195972, 0.459665242405516618972152515533436291, 0.374994718157799234210213121124676803, -0.401691851889887789042790339753562699, -0.023848788316129927848880434853383119, 0.612900507270427712429779614670564487, 0.081110780840359201826859569754690474
Vector b: -0.821433174188183691008072201475561734, -0.316597711276753697525766378558782804, 0.258029589766562002193813706530763120, 1.007013960587069600518688100637343147, -0.822215787417210520788382217156947726, 0.353455326956403221891435409121004204, 0.477234374208056068341899068848541282, 0.442096110602977169602405962221363291, 0.307893325712621298818020280029291858, -1.111277029492396876903600959536872691, 1.063579452860137021205840089830317060, 0.162221561680718403653719139509540993
---------------------------------------------------------------------------------------------------
| Order |                  Error^2                   |                 Efficiency                 |
---------------------------------------------------------------------------------------------------
|   2   | 5.371149653629093772978846379407821500e-70 | 7.491070598598621032136068898308426562e+31 |
|   4   | 2.759117674655793546696933238534922857e-72 | 1.814554102191867934269818341546796875e+30 |
|   6   | 4.300657602659144528582398764550488393e-74 | 2.523278085929823406773495335392498398e+28 |
|   8   | 1.035538266748050650508449307329013016e-12 | 8.927441030912543404844518704047330188e-06 |
---------------------------------------------------------------------------------------------------

Scheme evaluation results:
Order: 8, No. cycles: 24
---------------------------------------------------------------------------------------------------
Vector a: 0.471438910872519810304220470300160040, 0.142369540917185051726752897236492403, -0.169725160961852084914310458291840512, 0.260516313794714755969799182347222678, -0.346123596255769637845475594663199706, -0.190087564111022974931644811663506532, 0.495017802589615446173621173909643426, -0.072487011259234237668278379962364243, 0.382076559698600894716290786703140736, -0.001387682673059455433554983320825879, -0.445914592563967429688069437829424391, 0.361076403331416860336926095379742692, 0.113230076620853001253723059854759279
Vector b: 0.942877821745039620608440940618236621, -0.658138739910669517154935146131520078, 0.318688417986965347326314229537379907, 0.202344209602464164613284135174951922, -0.894591402114003440304235324529647120, 0.514416273891957490440945701154881153, 0.475619331287273401906296646683395127, -0.620593353805741877242853406609582409, 1.384746473202943666675434980121979732, -1.387521838549062577542544946763851272, 0.495692653421127718166406071028043340, 0.226460153241706002507446119715733149
---------------------------------------------------------------------------------------------------
| Order |                  Error^2                   |                 Efficiency                 |
---------------------------------------------------------------------------------------------------
|   2   | 1.018763896368005141344775920224876575e-70 | 1.720048701487775358513381047453235312e+32 |
|   4   | 1.595688973374659159654525522802202276e-70 | 2.386057532635690994991004080027171631e+29 |
|   6   | 3.582449848442488430033248285243184956e-72 | 2.764664844506147780904658499861372471e+27 |
|   8   | 1.154921211075570116987862334340578338e-12 | 8.453448038913795555729144907194878215e-06 |
---------------------------------------------------------------------------------------------------

Scheme evaluation results:
Order: 8, No. cycles: 24
---------------------------------------------------------------------------------------------------
Vector a: 0.184663471538275792123543310995774712, 0.363007672677029251821728578541285094, -0.172632900561261183641531027809216634, -0.148965696969581911040516419750968129, 0.363491260828645692156330384107446839, 0.303883061272271838696130808936113032, -0.400109918728077832704894825022914608, -0.460693503627900910238607180357176363, 0.562880309643023967132809567808901611, 0.050081848671907502262673850889808903, -0.565077054821195714780861400124642118, 0.392686617976274228498590361750815755, 0.526784832100589279714603990034771934
Vector b: 0.369326943076551584247086621996339309, 0.356688402277506919396370535075811743, -0.701954203400029286679432590697522654, 0.404022809460865464598399751188582270, 0.322959712196425919714261017045664018, 0.284806410348117757678000600822591886, -1.085026247804273423087790250878982853, 0.163639240548471602610575890160157830, 0.962121378737576331655043245466022224, -0.861957681393761327129695543684461455, -0.268196428248630102432027256575032377, 1.053569664201178559429207980080830011
---------------------------------------------------------------------------------------------------
| Order |                  Error^2                   |                 Efficiency                 |
---------------------------------------------------------------------------------------------------
|   2   | 3.712828422318952070678738909263994630e-70 | 9.010005924886394030334567171201807812e+31 |
|   4   | 4.616273905417523296718515888518971982e-72 | 1.402843577866155748434633090826751953e+30 |
|   6   | 1.705778229764826164211076154650935172e-73 | 1.266984395535381826653573699545723152e+28 |
|   8   | 1.313731762345963525757737506383115742e-12 | 7.926048332004438830565046929054790286e-06 |
---------------------------------------------------------------------------------------------------

Scheme evaluation results:
Order: 8, No. cycles: 24
---------------------------------------------------------------------------------------------------
Vector a: 0.160607116704433359641717717444857710, 0.345696795976317497656631907754939772, -0.222066406466635888560000396565831093, 0.110936272040427173583241315634513821, 0.162359956170046049631681875998314974, -0.156661233751040353916276911288955267, -0.248433963118198749477933373921503089, -0.034954096533943090176667593133057758, 0.609449533315481960505014615227918863, -0.346614750362780717789740238774334918, -0.040984735497218363255700820222850134, 0.581597012631019490642811519810432085, 0.079068498892091631515220382035555083
Vector b: 0.321214233408866719283435434891275904, 0.370179358543768276029828380614813025, -0.814312171477040053149829173751502947, 1.036184715557894400316311805024076539, -0.711464803217802301052948053023836628, 0.398142335715721593220394230443197003, -0.895010261952119092176260978289222895, 0.825102068884232911822925792021895523, 0.393796997746731009187103438443568146, -1.087026498472292444766583916000040358, 1.005057027477855718255182275553127657, 0.158136997784183263030440764072648983
---------------------------------------------------------------------------------------------------
| Order |                  Error^2                   |                 Efficiency                 |
---------------------------------------------------------------------------------------------------
|   2   | 1.924331804250676378095687849313655753e-71 | 3.957651399460516889540039288019724375e+32 |
|   4   | 1.928249170307267218177763098518622015e-72 | 2.170568302456400764339582183599058838e+30 |
|   6   | 1.682915997617218722325824863020388958e-74 | 4.033678964827017460231504545534858704e+28 |
|   8   | 1.321898203135071598365366994300939408e-12 | 7.901527577303859821276617641256770142e-06 |
---------------------------------------------------------------------------------------------------

Scheme evaluation results:
Order: 8, No. cycles: 24
---------------------------------------------------------------------------------------------------
Vector a: 0.266276754478235039518611037734444728, 0.517295579026228881837494091880541174, -0.099919406058518051077668703420770917, -0.756289653493443260910426353733433349, -0.431249849419782988147038658560071861, 0.340563192880672378483496077586503063, 0.573617159576027351769372496726163563, 0.390463789000154432593694219411458794, -0.564348575904786160864837253971740051, 0.141986660450417782495417069652689959, -0.003953928033536620653037370237476097, -0.134019567864030214499675104800579468, 0.759577845362361429454598451732270605
Vector b: 0.532553508956470079037222075461474722, 0.502037649095987684637766108310839938, -0.701876461213023786793103515152141175, -0.810702845773862735027749192314687295, -0.051796853065703241266328124814405844, 0.732923238827047998233320279996207975, 0.414311080325006705305424713464546635, 0.366616497675302159881963725344207424, -1.495313649484874481611638233251976499, 1.779286970385710046602472372556676420, -1.787194826452783287908547113031100620, 1.519155690724722858909196903430358264
---------------------------------------------------------------------------------------------------
| Order |                  Error^2                   |                 Efficiency                 |
---------------------------------------------------------------------------------------------------
|   2   | 4.527839539413356183754559645443895890e-69 | 2.580073052231663037770071571179853516e+31 |
|   4   | 1.531683219192174396535722130060317907e-71 | 7.701415522791453452357818313655888672e+29 |
|   6   | 5.208149399256643511897056820260065966e-73 | 7.250881921850999385891528456410002708e+27 |
|   8   | 1.295869445896010146814509290583034766e-12 | 7.980487859053176532867654906789565670e-06 |
---------------------------------------------------------------------------------------------------

Scheme evaluation results:
Order: 8, No. cycles: 24
---------------------------------------------------------------------------------------------------
Vector a: 0.136229364976436296785391566084300787, 0.310918895997285938080257447952252520, 0.387830050727027993923290735095821447, -0.457883353314591466155820551387913184, 0.108078800067922563198058012963353331, -0.097220405507052357983950655888949106, -0.020573658066941298915305364855110464, 0.173667247298108873559069233788252606, -1.100373498655998229746565675038671092, -0.411268645984355965995666097733550605, 0.434327573467372790066332280735121774, 0.981786261510604978496110623259237383, 0.554481367484179884688798445025854564
Vector b: 0.272458729952872593570783132149599338, 0.349379062041699282589731763777815651, 0.426281039412356705256849706407631093, -1.342047746041539637568490809182488960, 1.558205346177384763964606835101974612, -1.752646157191489479932508146881411136, 1.711498841057606882101897417172757223, -1.364164346461389134983758949594000696, -0.836582650850607324509372400490232657, 0.014045358881895392518040205006191428, 0.854609788052850187614624356481746772, 1.108962734968359769377596890050417215
---------------------------------------------------------------------------------------------------
| Order |                  Error^2                   |                 Efficiency                 |
---------------------------------------------------------------------------------------------------
|   2   | 1.448908652612273978801459086542046685e-70 | 1.442304682926341007925137869227804375e+32 |
|   4   | 3.188058894450224422350622562856493102e-71 | 5.338163424369693867293657076764089966e+29 |
|   6   | 1.443598186206060853856862764918092091e-72 | 4.355212859661092489857849040573611736e+27 |
|   8   | 1.290456514604507887631907563116735517e-12 | 7.997207766877719618005350383964251478e-06 |
---------------------------------------------------------------------------------------------------

Scheme evaluation results:
Order: 8, No. cycles: 24
---------------------------------------------------------------------------------------------------
Vector a: 0.266276761599365818393893885198778831, 0.517295568728875474835785322490602467, -0.099919413573992402591093290220879652, -0.756289649736963086617950674075108099, -0.431249853473032900582066619168479421, 0.340563200135791125777782532847765736, 0.573617166621943930549388102275302456, 0.390463789531303993557284419355358028, -0.564348591191604448870499028817580361, 0.141986700977076271214455526851743218, -0.003953925753728578206184300344414361, -0.134019609636083778767357127471922147, 0.759577855771048581306561251078833332
Vector b: 0.532553523198731636787787770393792950, 0.502037614259019312883782874593066708, -0.701876441407004118065969455034754897, -0.810702858066922055169931893115723613, -0.051796848879143745994201345226193908, 0.732923249150725997549766410926473868, 0.414311084093161863549009793628651972, 0.366616494969446123565559045075169254, -1.495313677352655021306557102693217414, 1.779287079306807563735468156396492286, -1.787194930814264720147836757085067032, 1.519155711542097162613122502141309741
---------------------------------------------------------------------------------------------------
| Order |                  Error^2                   |                 Efficiency                 |
---------------------------------------------------------------------------------------------------
|   2   | 9.055679078826712367509119290887791781e-72 | 5.769218731705364031700551476911217500e+32 |
|   4   | 1.090395732831380502845580477115688210e-71 | 9.127733708287883642552044287929822998e+29 |
|   6   | 8.873884492178766147728002064293894820e-73 | 5.554892567585358235422023912214743614e+27 |
|   8   | 1.295869520447727808538484569211538948e-12 | 7.980487629493380257071875388469171051e-06 |
---------------------------------------------------------------------------------------------------

Scheme evaluation results:
Order: 8, No. cycles: 24
---------------------------------------------------------------------------------------------------
Vector a: 0.160607146269192380617223388657356024, 0.345696821898923190530204200123902859, -0.222066376796456295867243363064998028, 0.110936282389808664649632410072333671, 0.162359920803763687504792282692110055, -0.156661242750395717692519056674768030, -0.248433868910136892864352692806811893, -0.034954111124616569203861320133542195, 0.609449441495953156989186913882577308, -0.346614729189671108806963314684463476, -0.040984733451587180634290919306843073, 0.581596978775951540523507081319750777, 0.079068470589271144254684389923396086
Vector b: 0.321214292538384761234446777324322004, 0.370179351259461619825961622898766185, -0.814312104852374211560448349063625377, 1.036184669631991540859713169232763873, -0.711464828024464165850128603823756178, 0.398142342523672730465090490455908665, -0.895010080343946516193795876090276355, 0.825101858094713377786073235814774664, 0.393797024897192936192300592015914437, -1.087026483276535153806227221438209293, 1.005057016373360792537645382816187432, 0.158136941178542288509368779857229942
---------------------------------------------------------------------------------------------------
| Order |                  Error^2                   |                 Efficiency                 |
---------------------------------------------------------------------------------------------------
|   2   | 4.329746559564021850715297660955725445e-70 | 8.343461738165410207180534629892170312e+31 |
|   4   | 2.539240823243088986534596720108024683e-72 | 1.891485809164975533013709864005018799e+30 |
|   6   | 2.749730555823048550856811509566443150e-74 | 3.155640199542959478601533342726059723e+28 |
|   8   | 1.321898566385496947561853925593885892e-12 | 7.901526491655715730584858549689160969e-06 |
---------------------------------------------------------------------------------------------------

Scheme evaluation results:
Order: 8, No. cycles: 24
---------------------------------------------------------------------------------------------------
Vector a: 0.184663456472001964873693771858260828, 0.363007649209853664054054770087827069, -0.172632886059581292386384891490912729, -0.148965667009813209018620193944340916, 0.363491264673315704547828938135967995, 0.303883052703368044388769325324400650, -0.400109932756471599727773991354022715, -0.460693512109832161043172123250857895, 0.562880330718164701391946325983682236, 0.050081833324890701317359926529308249, -0.565077072261130978350599993795432148, 0.392686643881532960301608295261638114, 0.526784839213701499651289840654481258
Vector b: 0.369326912944003929747387543720380305, 0.356688385475703398360721996446851982, -0.701954157594865983133491779431238349, 0.404022823575239565096251391536949846, 0.322959705771391843999406484750594988, 0.284806399635344244778132165894881289, -1.085026265148287444233680148611492679, 0.163639240928623122147335902106518986, 0.962121420507706280636556749867263839, -0.861957753857924878001836896807056752, -0.268196390664337078699363090791761298, 1.053569678427402999302579681318107987
---------------------------------------------------------------------------------------------------
| Order |                  Error^2                   |                 Efficiency                 |
---------------------------------------------------------------------------------------------------
|   2   | 4.799509911778157554779833224170529644e-70 | 7.924631385303892412401557594372169531e+31 |
|   4   | 3.015611880742098552070907888860094724e-72 | 1.735670612719228513187610563011624023e+30 |
|   6   | 8.060621896950869231383260175843895442e-74 | 1.843097350171494173080373683153060341e+28 |
|   8   | 1.313731346733249923303424992135613072e-12 | 7.926049585748670124089867227839743033e-06 |
---------------------------------------------------------------------------------------------------

Scheme evaluation results:
Order: 8, No. cycles: 24
---------------------------------------------------------------------------------------------------
Vector a: 0.295179099514666666540539592841533110, -0.082036287691326222452623261366884715, -0.074321454548080598131218387376072399, 0.751511876997267645167079484031467029, -0.017440654302785303877373942463627230, -0.062788022214497137726398708550064108, -0.248742990508607986346212769627981765, 0.190484030081322444502123269203416613, -0.058081004011472202983975707538964664, -0.054474775625254858707261142629980323, 0.142272775949268837554655109602278943, -0.242696821547511870782919640689019319, 0.461134227907010587243586104563898765
Vector b: 0.590358199029333333081079185681219637, -0.754430774411985777986325708414884417, 0.605787865315824581723888933663050488, 0.897235888678710708610270034402147694, -0.932117197284281316365017919329528849, 0.806541152855287040912220502228218425, -1.304027133872503013604646041482153613, 1.684995194035147902608892579887663389, -1.801157202058092308576843994965091952, 1.692207650807582591162321709705508739, -1.407662098909044916053011490502064378, 0.922268455814021174487172209125914933
---------------------------------------------------------------------------------------------------
| Order |                  Error^2                   |                 Efficiency                 |
---------------------------------------------------------------------------------------------------
|   2   | 1.313073466429873293288822297178729808e-69 | 4.791075379556570630527098203633682031e+31 |
|   4   | 6.223126335713239739273600825193104566e-71 | 3.820768497231924125382917094805502930e+29 |
|   6   | 8.564257878338846652004705144073817769e-72 | 1.788083031317432897769517890290423155e+27 |
|   8   | 1.483731011228691811273777710225170834e-12 | 7.458173451756503233718307080200536736e-06 |
---------------------------------------------------------------------------------------------------

Scheme evaluation results:
Order: 8, No. cycles: 24
---------------------------------------------------------------------------------------------------
Vector a: 0.249021383962397050512759809396796654, -0.154021961176046380129240618428111605, -0.665274871978310335881641718258104327, -0.122349525917807600963473392773247463, 0.517130277090873618085716651542981309, 0.545060506314249677782458249008632211, 0.298448976304585007014819651025381653, -0.733325817863820472068945774315342799, 0.197810362907033127972682557217607785, -0.000748593351749368065760436203587926, -0.195774544892765470222799395092769264, 0.965385391995174143444961972711190834, 0.098638416606187002518462444168572794
Vector b: 0.498042767924794101025519618792352095, -0.806086690276886861284000855648305049, -0.524463053679733810479282580868455674, 0.279764001844118608552335795322202742, 0.754496552337628627619097507765620277, 0.335624460290870727945818990252989792, 0.261273492318299286083820311796541257, -1.727925128045940230221711860400636840, 2.123545853860006486167076974831085735, -2.125043040563505222298597847238184069, 1.733493950777974281852999057057307014, 0.197276833212374005036924888337482818
---------------------------------------------------------------------------------------------------
| Order |                  Error^2                   |                 Efficiency                 |
---------------------------------------------------------------------------------------------------
|   2   | 7.137007074000302684643124641130940897e-70 | 6.498594714119286156760604776602143750e+31 |
|   4   | 3.445934887505344538864659029479713034e-72 | 1.623683957184560138598650194116110352e+30 |
|   6   | 4.294472368619475861840394763971719658e-73 | 7.985050063337251327932539261750926018e+27 |
|   8   | 1.507818501043179048864018586342942371e-12 | 7.398361232909251618866338399444290126e-06 |
---------------------------------------------------------------------------------------------------

Scheme evaluation results:
Order: 8, No. cycles: 24
---------------------------------------------------------------------------------------------------
Vector a: -0.445802663421945107162500702425989469, -0.277458667670308229733647980130823577, 0.507344910037418904908912005506918470, 0.523077225691498268417628313432274583, -0.195750849151001379464326263629471755, -0.320944639356051552883295803385879991, -0.376353369319317329652404439374194151, 0.065583021159370564904967868593499223, 1.345299018367166238735056475364470547, -0.000661282682388780994368435788300240, -0.480823223305997162534844289310822616, 0.510404342857879730288716037273130181, 0.146086176793675835170107213875188755
Vector b: -0.891605326843890214325001404850780625, 0.336687991503273754857705444591052515, 0.678001828571564054960118566417744507, 0.368152622811432481875138060448207362, -0.759654321113435240803790587707831304, 0.117765042401332135037198980943197864, -0.870471781039966794342007859693374271, 1.001637823358707924151943596879833216, 1.688960213375624553318169353830701574, -1.690282778740402115306906225407268270, 0.728636332128407790237217646799105317, 0.292172353587351670340214427749412042
---------------------------------------------------------------------------------------------------
| Order |                  Error^2                   |                 Efficiency                 |
---------------------------------------------------------------------------------------------------
|   2   | 1.163654761629232539224921828879081244e-69 | 5.089386589310669682362217071803041406e+31 |
|   4   | 7.182266124376872834924709372157207183e-71 | 3.556512067729766480964855855090789185e+29 |
|   6   | 3.530454167941179891373323914433361635e-72 | 2.784949091801952014846113592707384586e+27 |
|   8   | 1.522114089343018325054875208068503889e-12 | 7.363536829171773931961627271025509585e-06 |
---------------------------------------------------------------------------------------------------

Scheme evaluation results:
Order: 8, No. cycles: 24
---------------------------------------------------------------------------------------------------
Vector a: -0.445802660772521083206420743176288311, -0.277458673312473269799187002256508866, 0.507344904422466407490674574697721994, 0.523077224268553179953636871244574431, -0.195750850165707822541262741879308275, -0.320944627476467512187848566608697440, -0.376353367417966251809050673451876871, 0.065583019254363711222880253740008166, 1.345298876158014309273650056607628042, -0.000661283529383778060466325949420303, -0.480823080516422139064885768104424395, 0.510404340795407668870984769811717421, 0.146086178292136579857295295324874460
Vector b: -0.891605321545042166412841486329406048, 0.336687974920095626814467481787136522, 0.678001833924837188166881667611768650, 0.368152614612269171740392074889821429, -0.759654314943684816822917558661718373, 0.117765059990749792447220425465206977, -0.870471794826682296065321772392211943, 1.001637833335409718511082279882967163, 1.688959918980618900036217833362587843, -1.690282486039386456157150485261510549, 0.728636325006542178027378948993320584, 0.292172356584273159714590590652037696
---------------------------------------------------------------------------------------------------
| Order |                  Error^2                   |                 Efficiency                 |
---------------------------------------------------------------------------------------------------
|   2   | 6.631021005470860131108552600752585531e-69 | 2.132000561578936001497393418536630469e+31 |
|   4   | 5.655723152708690651830017198725628074e-71 | 4.007845411853167493745419867584224243e+29 |
|   6   | 1.002493477099703349144617435758819617e-71 | 1.652691418253938174052877344504558086e+27 |
|   8   | 1.522114086586248144871748787373034310e-12 | 7.363536835839992471242369500540030558e-06 |
---------------------------------------------------------------------------------------------------

Scheme evaluation results:
Order: 8, No. cycles: 24
---------------------------------------------------------------------------------------------------
Vector a: 0.249019607821773119483518626252821132, -0.154024527652469220213197247232978237, -0.665272686275074859471278695870778914, -0.122339864646030933862931797672123716, 0.517136555209069205173125947611804959, 0.545063140022107458521566992367001859, 0.298451039878554751452104017102771336, -0.733347404324131064889638878156707709, 0.197822496445147733636867485760342959, -0.000748498604840686179151412567795655, -0.195786821174104299427237199142214525, 0.965397155205364446623352343266380461, 0.098629808094634349152899818281475991
Vector b: 0.498039215643546238967037252522141128, -0.806088270948484679393431746991333454, -0.524457101601665039549125644742018275, 0.279777372309603171823262049394781967, 0.754495738108535238522989845801730020, 0.335630541935679678520144138915482863, 0.261271537821429824384063895304240287, -1.727966346469691954163341651996043114, 2.123611339359987421437076623572503577, -2.125108336569668793795379448709229502, 1.733534694221460194940905050370458413, 0.197259616189268698305799636557286089
---------------------------------------------------------------------------------------------------
| Order |                  Error^2                   |                 Efficiency                 |
---------------------------------------------------------------------------------------------------
|   2   | 7.724494254239185649485278755127286389e-69 | 1.975342870923746035282729547460345312e+31 |
|   4   | 8.005938973085294472182007603801422732e-71 | 3.368595743238885435028066343031711426e+29 |
|   6   | 1.281021646889497921614896912270994529e-72 | 4.623323849032142362001881012248557091e+27 |
|   8   | 1.507895995053887692766416359639109634e-12 | 7.398171121637377689148271470598993356e-06 |
---------------------------------------------------------------------------------------------------

Scheme evaluation results:
Order: 8, No. cycles: 24
---------------------------------------------------------------------------------------------------
Vector a: 0.147386394175414861152881267449834447, 0.526436777674850608423375216693118797, 0.402205541099317894157524190213235287, -0.434366672086269654139357153303427426, -0.317263839239188669450816603832849256, 0.391587751348438549909011890785346148, -0.415776179257516888004049663226545460, 0.255626763575961061116668508695592760, 0.185468047214280979992486252938465895, -0.004587844989597252565612577606890218, -0.191759122150871619282623093125049777, -0.234696775523383312744085885264197302, 0.689739158158563441434597649583366153
Vector b: 0.294772788350829722305762534899463300, 0.758100766998871494540987898487273832, 0.046310315199764293774060481938816419, -0.915043659372303602052774788545179628, 0.280515980893926263151141580879299212, 0.502659521802950836666882200691285521, -1.334211880317984612674981527143698032, 1.845465407469906734908318544535514102, -1.474529313041344774923346038659369103, 1.465353623062150269792120883445573598, -1.848871867363893508357367069694864599, 1.379478316317126882869195299165885283
---------------------------------------------------------------------------------------------------
| Order |                  Error^2                   |                 Efficiency                 |
---------------------------------------------------------------------------------------------------
|   2   | 4.708953120989890431104742031261651726e-70 | 8.000466906358082280773540733332762500e+31 |
|   4   | 6.158569248530197746809912767748299020e-71 | 3.840741858315700949624434884664067993e+29 |
|   6   | 8.814758043687381419405872579559214734e-72 | 1.762492801157930788879017578836353540e+27 |
|   8   | 1.760609112618570393463830559914020176e-12 | 6.846657350873758302944677961437985726e-06 |
---------------------------------------------------------------------------------------------------

Scheme evaluation results:
Order: 8, No. cycles: 24
---------------------------------------------------------------------------------------------------
Vector a: 0.147386393876793924030383841528244522, 0.526436777689465362350198177543183028, 0.402205541348905908011312428685118085, -0.434366672713071626860050471471470667, -0.317263839689968575117102830266076293, 0.391587751822424313228405206626478234, -0.415776181635649298127095921279104686, 0.255626768931645750613238097290285135, 0.185468032458613461853144312473246192, -0.004587845312284669551350444026817329, -0.191759107444047521546324755289895165, -0.234696780418179129780440565961987487, 0.689739161085352100895682924148796608
Vector b: 0.294772787753587848060767683055594883, 0.758100767625342876639628672031850224, 0.046310315072468939382996185338292814, -0.915043660498612193103097128281215961, 0.280515981118675042868891467749276864, 0.502659522526173583587918945503229515, -1.334211885797472179842110788060335426, 1.845465423660763681068586982641205467, -1.474529358743536757362298357694400168, 1.465353668118967418259597469640767709, -1.848871883007062461352246980220848469, 1.379478322170704201791365848296582487
---------------------------------------------------------------------------------------------------
| Order |                  Error^2                   |                 Efficiency                 |
---------------------------------------------------------------------------------------------------
|   2   | 7.697327217002705512382751397254623014e-70 | 6.257596303624057655385400972419128125e+31 |
|   4   | 2.968741666759889982200011080030304395e-71 | 5.531830050507149939935776133161844482e+29 |
|   6   | 5.268002365427725560373296931845204136e-72 | 2.279867297471648504753426986011492968e+27 |
|   8   | 1.760609114753127806014267060298188913e-12 | 6.846657346723324489593825631982324080e-06 |
---------------------------------------------------------------------------------------------------

Scheme evaluation results:
Order: 8, No. cycles: 24
---------------------------------------------------------------------------------------------------
Vector a: 0.441199073034950991860542225471985736, -0.054462027352673576603002606759304624, -0.778333582329764071443680390334302832, -0.164790152771534252985853257928817763, 0.208297764385408987477714772367159851, 0.164546206539178844775086810512082169, -0.342923932371683663158331397372872531, -0.400013064125969084947910474946265691, 0.503207847737115897729400197933672792, 0.650348493688840472256260359016731574, 0.361316341534119129375378109709706759, 0.304370544022157597505419170313610218, 0.107236488009852728158976482016614427
Vector b: 0.882398146069901983721084450941168377, -0.991322200775249136927089664453556703, -0.565344963884279005960271116234124817, 0.235764658341210499988564600398585437, 0.180830870429607474966864944480155683, 0.148261542648750214583308676178798773, -0.834109407392117540899971470712958668, 0.034083279140179371004150520757948793, 0.972332416334052424454649875166742342, 0.328364571043628520057870842900066743, 0.394268112024609738692885376526875476, 0.214472976019705456317952964050298563
---------------------------------------------------------------------------------------------------
| Order |                  Error^2                   |                 Efficiency                 |
---------------------------------------------------------------------------------------------------
|   2   | 1.224780595411312847705608384092573838e-69 | 4.960761730777373551723766718896029688e+31 |
|   4   | 7.320707360782458820047502747058642708e-73 | 3.522723120924248167367192151168084473e+30 |
|   6   | 2.523424355235101877956687974980045033e-74 | 3.294104744257596951516982450134680176e+28 |
|   8   | 2.197487463722775603258865330449395793e-12 | 6.128396603643704040715444216721291735e-06 |
---------------------------------------------------------------------------------------------------

Scheme evaluation results:
Order: 8, No. cycles: 24
---------------------------------------------------------------------------------------------------
Vector a: 0.179282978366985778309891921815981750, -0.150179781134913801034442196820999639, -0.651652959596111943133257003557130949, -0.156967588609993489584094205862371312, 0.577946012173114642085215950227038376, 0.537317619604736752920113180778871900, -0.362407827484720406705259895419831813, -0.252953368987224887584144491951380754, -0.075674303035153526817858877610102541, 0.165184364900314502149680997073497232, 0.631098908211499412608990256895595088, 0.357598754227080923132886716783674149, 0.201407191364386043652277647647158597
Vector b: 0.358565956733971556619783843631880010, -0.658925519003799158688668237275440158, -0.644380400188424727577845769836854788, 0.330445222968437748409657358111597171, 0.825446801377791535760774542343141522, 0.249188437831681970079451819214640217, -0.974004092801122783489971610054636547, 0.468097354826673008321682626150248689, -0.619445960896980061957400381370464676, 0.949814690697609066256762375518479642, 0.312383125725389758961218138272844868, 0.402814382728772087304555295294564098
---------------------------------------------------------------------------------------------------
| Order |                  Error^2                   |                 Efficiency                 |
---------------------------------------------------------------------------------------------------
|   2   | 1.630022234188808226151641472359802521e-70 | 1.359817895779105357671857890249888438e+32 |
|   4   | 2.326929255484647159864098645912939660e-73 | 6.248322588827629059987948850660147461e+30 |
|   6   | 3.459089121616090111536095159984236605e-75 | 8.897165598840048788772959231361427307e+28 |
|   8   | 2.158632657384291615698449688734294273e-12 | 6.183305363890314681555045676772291309e-06 |
---------------------------------------------------------------------------------------------------

Scheme evaluation results:
Order: 8, No. cycles: 24
---------------------------------------------------------------------------------------------------
Vector a: -0.481395051213536106663235543184126090, 0.049586458061926354995652569175504081, 0.929478355764164459386347280256791000, 0.010054941885043172821598991686344157, -0.754712779685014656592332819276751040, -0.135174197585996645506946959177510016, 0.415125681795253612928615426229909052, 0.390368972661167078705939214681669030, 0.330218794252438799486794894923666882, -0.446648260035376436272767404877022787, -0.025258087322520378033624126045948835, 0.631812085013236475256523588529739379, 0.086543086409214269487434887077735180
Vector b: -0.962790102427072213326471086368139514, 1.061963018550924923317776224719760518, 0.796993692977403995454918335797862084, -0.776883809207317649811720352425598549, -0.732541750162711663372945286130667626, 0.462193354990718372359051367768928989, 0.368058008599788853498179484711422946, 0.412679936722545303913698944626599968, 0.247757651782332295059890845234560913, -1.141054171853085167605425654993376053, 1.090537997208044411538177402901387979, 0.173086172818428538974869774157258296
---------------------------------------------------------------------------------------------------
| Order |                  Error^2                   |                 Efficiency                 |
---------------------------------------------------------------------------------------------------
|   2   | 6.169181372450697800365587516917308151e-71 | 2.210363738567052520803247955479617812e+32 |
|   4   | 1.302161494737140360615754133873044247e-72 | 2.641329662962341407897617164294099121e+30 |
|   6   | 2.656221892598470403688233118646121158e-74 | 3.210704774128762183718004534403081894e+28 |
|   8   | 2.358006555424680180136360520552672713e-12 | 5.916128007069589901309900815452705697e-06 |
---------------------------------------------------------------------------------------------------

Scheme evaluation results:
Order: 8, No. cycles: 24
---------------------------------------------------------------------------------------------------
Vector a: 0.184736499622748170767391595591803451, -0.685921412168690232518613065982912653, 0.193865991752087049797182072615338131, 0.236450458676080146055732687545488787, -0.720190530873618162445098040844989738, 0.278739400773307471770078692694634891, 0.608615991827388825019585565192146084, -0.028068092690958115626732587694790807, 0.426202684569657016947866166457757969, -0.175588646771099744312949073907795379, -0.256853833974908494961427297970026852, 0.874388292181360474632483347339440633, 0.063623197076645594874499938963905636
Vector b: 0.369472999245496341534783191180312647, -1.741315823582876806572009323060288904, 2.129047807087050906166373468247711716, -1.656146889734890614054908093268429315, 0.215765827987654289164712011654878058, 0.341712973558960654375445373744736135, 0.875519010095816995663725756870276422, -0.931655195477733226917190932199835051, 1.784060564617047260812923264726358302, -2.135237858159246749438821412502650557, 1.621530190209429759515966816682444874, 0.127246394153291189748999877924485576
---------------------------------------------------------------------------------------------------
| Order |                  Error^2                   |                 Efficiency                 |
---------------------------------------------------------------------------------------------------
|   2   | 2.007021473839212795401505494838574902e-68 | 1.225466678723210851763302516200088477e+31 |
|   4   | 1.313398704537658150073414347189882871e-70 | 2.630006012626038279264817915377129517e+29 |
|   6   | 2.173765697120823556581828494156184380e-72 | 3.549164951613526721453525148918833256e+27 |
|   8   | 2.753946310993159859037793153948713829e-13 | 1.731140559193749072812036222827346559e-05 |
---------------------------------------------------------------------------------------------------

Scheme evaluation results:
Order: 8, No. cycles: 24
---------------------------------------------------------------------------------------------------
Vector a: 0.562518161190066487338723600727345275, 0.038468877207994399253966460429749753, -0.337185558167651085036527737219344146, 0.629829906096080086588780584302234077, -0.013715804743033971860105394103184814, -0.279257306778895111045322373561436989, -0.451425504381461684766568546621403060, -0.373687489784178936729560334508526066, 0.315352402359760938194611521362064503, -0.289017424324579835653241449735585363, 0.265764457598650468646040854283989145, 0.773663437583579397585377113074048665, 0.158691846143668847483825701570049014
Vector b: 1.125036322380132974677447201455675470, -1.048098567964144176169514280596250100, 0.373727451628842006096458806156617572, 0.885932360563318167081102362448579883, -0.913363970049386110801313150654964434, 0.354849356491595888710668403531709411, -1.257700365254519258243805496773961729, 0.510325385686161384784684827756352618, 0.120379419033360491604538214967598469, -0.698414267682520162911021114438524083, 1.229943182879821100203102823006929640, 0.317383692287337694967651403140237272
---------------------------------------------------------------------------------------------------
| Order |                  Error^2                   |                 Efficiency                 |
---------------------------------------------------------------------------------------------------
|   2   | 1.641341833037341616611027871473412260e-69 | 4.285268093605639262512955145733769531e+31 |
|   4   | 1.855242455809920821092597034411252557e-71 | 6.997689949243394642820605988125944824e+29 |
|   6   | 2.694132142427828640268105359666042607e-73 | 1.008145238061571908817743911321422386e+28 |
|   8   | 2.742291365876949951027664922710209679e-12 | 5.485967976707508639865778954315780507e-06 |
---------------------------------------------------------------------------------------------------

Scheme evaluation results:
Order: 8, No. cycles: 24
---------------------------------------------------------------------------------------------------
Vector a: 0.562518163650184988657887272663692599, 0.038468876789454516771471975302539630, -0.337185562959252923044063239086136747, 0.629829908659286811499433742616806622, -0.013715804713369792672986090626983334, -0.279257308813794727428407511395122770, -0.451425501884280766222759472204733542, -0.373687494466545708439248717033067621, 0.315352398703521923540591382859915558, -0.289017419205464052821264368156075942, 0.265764461180200252179092419441710296, 0.773663437037063160418014878663923118, 0.158691846022996317562237726953532251
Vector b: 1.125036327300369977315774545324857415, -1.048098573721460943772830594719529890, 0.373727447802955097684704116549704686, 0.885932369515618525314163368681938764, -0.913363978942358110660135549935928211, 0.354849361314768655803320527146946562, -1.257700365083330188248839471558190028, 0.510325376150238771370342037493060410, 0.120379421256805075710840728227542812, -0.698414259667733181353369464540624727, 1.229943182028133685711554303423287562, 0.317383692045992635124475453906934694
---------------------------------------------------------------------------------------------------
| Order |                  Error^2                   |                 Efficiency                 |
---------------------------------------------------------------------------------------------------
|   2   | 2.184682577766944358661575028926679767e-69 | 3.714354442157220590209475152564104297e+31 |
|   4   | 8.632299551581762314194178777165864992e-72 | 1.025868705969407105151269780693003052e+30 |
|   6   | 2.876448997995640854754175394097298726e-73 | 9.756728290226472607007202647059213638e+27 |
|   8   | 2.742291376570644627927068947026636757e-12 | 5.485967966011113080194589643897175719e-06 |
---------------------------------------------------------------------------------------------------

Scheme evaluation results:
Order: 8, No. cycles: 24
---------------------------------------------------------------------------------------------------
Vector a: 0.864463173707696299092192534196825582, -0.004333765177372406010740890116881966, -0.902697670773111928270012709046319871, -0.760548602552355805019585970978661415, 0.012929921722925555310515258264611000, 0.364809014502912897840844115613315818, -0.071937924396233682286509084266922977, 0.494124231803678784437080543219637065, 0.410602491107327414777208888818580511, 0.466138744947189179579947217878354667, -0.105169259947740695682379415485461910, -0.060189623524052650827545015618619012, 0.291809268579137037058984527521542550
Vector b: 1.728926347415392598184385068391730433, -1.737593877770137410205866848625703361, -0.067801463776086446334158569459492638, -1.453295741328625163705013372502173526, 1.479155584774476274326043889031942261, -0.749537555768650478644355657806669080, 0.605661706976183114071337489269789377, 0.382586756631174454802823597180035431, 0.438618225583480374751594180447023847, 0.493659264310897984408300255311626631, -0.703997784206379375773059086285242805, 0.583618537158274074117969055047133502
---------------------------------------------------------------------------------------------------
| Order |                  Error^2                   |                 Efficiency                 |
---------------------------------------------------------------------------------------------------
|   2   | 2.626146932859746586577644594357459616e-68 | 1.071317023401409815628238786433442383e+31 |
|   4   | 1.506744727978999270679886469513146449e-70 | 2.455473168543547734795798841391172180e+29 |
|   6   | 1.233260604530448840654914779715583022e-71 | 1.490064679968256390113243962220857859e+27 |
|   8   | 2.559413449294356295215309948617949560e-12 | 5.678581227892254821521637365786219103e-06 |
---------------------------------------------------------------------------------------------------

Scheme evaluation results:
Order: 8, No. cycles: 24
---------------------------------------------------------------------------------------------------
Vector a: 0.179878640221009075160356837184286864, -0.327617856084231752703455379209968696, -0.200923986616135156557181354266120097, -0.143230404089995627874643013859468003, -0.242900693138611515357938299702801473, 0.836779112250930049101509276385237585, -0.021742475788711349980901827503199831, -0.783503185427749612886011429886226738, 0.450255173559996283631786265313052479, 0.773933636462923812461351700223151244, 0.335433340396287144521500948289657706, -0.000000000428741417452496090872141315, 0.143638698683030067936122367904540259
Vector b: 0.359757277494136176355671915858594117, -1.014992993568412841831040429365887375, 0.613145019506755082331883762783387581, -0.899605830321439536430918302639321411, 0.413804442921201207510918946094150393, 1.259753785523459555497918220313504778, -1.303238735176841183854504485095393292, -0.263767631730427009852219127296480766, 1.164277979825575443030689090994585168, 0.383589292715801451135592483805241406, 0.287277392888563484191739438873143298, -0.000000000078371828085731514325523848
---------------------------------------------------------------------------------------------------
| Order |                  Error^2                   |                 Efficiency                 |
---------------------------------------------------------------------------------------------------
|   2   | 5.320497532648398404324322665842008088e-20 | 7.526644321150004893726629632960188645e+06 |
|   4   | 6.004877442888771639331797210023578655e-23 | 3.889582245637443801301186120098538274e+05 |
|   6   | 1.205155811993585598808422724242510056e-24 | 4.766624599540042138650189496389621870e+03 |
|   8   | 3.137237947027571309550697774528959528e-12 | 5.129042959057417360580575451624859518e-06 |
---------------------------------------------------------------------------------------------------

Scheme evaluation results:
Order: 8, No. cycles: 24
---------------------------------------------------------------------------------------------------
Vector a: 0.057852327226445735061593438034979268, -0.506450448525736721186742040020884125, -0.566890551015078465800673135693684403, 0.592644152872979073928166752793246423, 0.228616041627254393973337402966774351, -0.116531195193095827392815799543872980, 0.515205415879705040460559644402206361, 0.391980009490963835164786460424515815, 0.221503532025514332185977687057433224, -0.550800733726768988095854251391488152, -0.015988903230297982030530994242151743, 0.689158215081658627582458877733728248, 0.059702137486456946149735957479197752
Vector b: 0.115704654452891470123186876064192688, -1.128605551504364912496670956100089248, -0.005175550525792019104675315285816238, 1.190463856271750166961008820870806085, -0.733231773017241379014334014937503228, 0.500169382631049724228702415849900918, 0.530241449128360356692416872954334811, 0.253718569853567313637156047896464871, 0.189288494197461350734799326214788268, -1.290889961650999326926507828995504180, 1.258912155190403362865445840511224967, 0.119404274972913892299471914957200175
---------------------------------------------------------------------------------------------------
| Order |                  Error^2                   |                 Efficiency                 |
---------------------------------------------------------------------------------------------------
|   2   | 3.678869625773351899300579711923165411e-71 | 2.862334056696658625508669444575837500e+32 |
|   4   | 8.110415885797405025482081534096836846e-72 | 1.058360129806410607270594274851588379e+30 |
|   6   | 2.876386735774588135284012391418951925e-74 | 3.085381783371737716773526761018710327e+28 |
|   8   | 3.503414983357158440315665985562386875e-12 | 4.853603272946718125014056266675030469e-06 |
---------------------------------------------------------------------------------------------------

Scheme evaluation results:
Order: 8, No. cycles: 24
---------------------------------------------------------------------------------------------------
Vector a: -0.652818415288820824189702341917348792, 0.092315718033205405586270655306594573, -0.057575261224294187249714258724425870, -0.041610979157672368552279419704987894, 0.574967841800751901366366556500980873, -0.610753070350017273858531438362842833, -0.136392293396778620526368276105802914, 0.608296011349063258936727126177065551, 0.679459268764816918913487984225664891, -0.154987375535226574004472753027067086, -0.233828588903359882812255940521951041, 0.606739695660647551892285829610781784, 0.326187448247684694498186276543338697
Vector b: -1.305636830577641648379404683833129878, 1.490268266644052459551945994446245068, -1.605418789092640834051374511894806089, 1.522196830777296096946815672484889403, -0.372261147175792294214082559483974160, -0.849244993524242253502980317242591127, 0.576460406730685012450243765031266677, 0.640131615967441505423210487322820803, 0.718786921562192332403765481126986628, -1.028761672632645480412710987181101732, 0.561104494825925714788199106137204994, 0.652374896495369388996372553086189363
---------------------------------------------------------------------------------------------------
| Order |                  Error^2                   |                 Efficiency                 |
---------------------------------------------------------------------------------------------------
|   2   | 2.263919769706678091877279822721947945e-69 | 3.648774302379364715162847755481271094e+31 |
|   4   | 3.219232008466693329670417138540457425e-71 | 5.312254762641194245422739547944621582e+29 |
|   6   | 1.453616487514062947583472691712169436e-72 | 4.340178883120194467841996309111816406e+27 |
|   8   | 3.518295435535223793985018171913793725e-12 | 4.843328362641557123928231228896385042e-06 |
---------------------------------------------------------------------------------------------------

Scheme evaluation results:
Order: 8, No. cycles: 24
---------------------------------------------------------------------------------------------------
Vector a: 0.057852318765465139855090499855315347, -0.506450423829047150984253591487081715, -0.566890519485405586661886392342726274, 0.592644130680024103514370887011329446, 0.228615971359913919375566911988751077, -0.116531200354217935889327599366307528, 0.515205477150792600409106718708789032, 0.391980018518276048148235003234710417, 0.221503520416663079747230711407936950, -0.550800736959700472128433755672732551, -0.015988904176201178275922029368467209, 0.689158211944665407339409056279952715, 0.059702135968772025550813579750530292
Vector b: 0.115704637530930279710180999707481222, -1.128605485189024581678688182678362759, -0.005175553781786591645084602009081734, 1.190463815141834798673826376033806616, -0.733231872422006959922692552056008302, 0.500169471713571088144037353322785782, 0.530241482588014112674176084095213674, 0.253718554448537983622293922372389900, 0.189288486384788175872167500446742408, -1.290889960304189120129035011794419899, 1.258912151951786763577190953057459716, 0.119404271937544051101627159501993409
---------------------------------------------------------------------------------------------------
| Order |                  Error^2                   |                 Efficiency                 |
---------------------------------------------------------------------------------------------------
|   2   | 1.433627194166753901681287447738673536e-69 | 4.585211799672371596768187164287142188e+31 |
|   4   | 7.135901989871992799508860203546576958e-72 | 1.128315605760736150925422608856857178e+30 |
|   6   | 5.567109526116477052726101810062526782e-74 | 2.217775936405634810702014057061027145e+28 |
|   8   | 3.503415024489473395821023982862344548e-12 | 4.853603244454527265185369997722809860e-06 |
---------------------------------------------------------------------------------------------------

Scheme evaluation results:
Order: 8, No. cycles: 24
---------------------------------------------------------------------------------------------------
Vector a: 0.149420075250355624439406654383157215, 0.513292921578025173736896467037118375, -0.245755734828058360615549827759411205, -0.891023715708683047117363132015247672, 0.007262369646891138455781820494811917, 1.067636962788090249108998961521048469, -0.014165361266958375859351380915186362, -0.116384601451227181669570531937486816, 0.147252781090443350912068743046280786, -0.194553405298846149760133479753766846, 0.403131371619401122345931013785730948, 0.121031838092640955701171715170172526, 0.052854498487925500321712976942778629
Vector b: 0.298840150500711248878813308779661124, 0.727745692655339098594979625276208994, -1.219257162311455819826079280794295555, -0.562790269105910274408646983238104725, 0.577315008399692551320210624227728563, 1.557958917176487946897787298817122646, -1.586289639710404698616490060647404806, 1.353520436807950335277348996771895308, -1.059014874627063633453211510679787099, 0.669908064029371333932944551170727829, 0.136354679209430910758917476422779345, 0.105708996975851000643425953893468400
---------------------------------------------------------------------------------------------------
| Order |                  Error^2                   |                 Efficiency                 |
---------------------------------------------------------------------------------------------------
|   2   | 1.449474632554700648324428406497727172e-68 | 1.442023065295437070244301596318688672e+31 |
|   4   | 1.425090445184065704302428543558517695e-71 | 7.984244338528402251855000974543044434e+29 |
|   6   | 1.063769552914566507172022771721657576e-72 | 5.073512933353972059201394418831603050e+27 |
|   8   | 3.869024707867240976769376060177396076e-12 | 4.618588977134665450725273863576397642e-06 |
---------------------------------------------------------------------------------------------------

Scheme evaluation results:
Order: 8, No. cycles: 24
---------------------------------------------------------------------------------------------------
Vector a: 0.228150982917780332403444463441812029, 0.414581364080742912010210427572095478, -0.386775187837987536751614438583842420, -0.615348338705997461189157992061504084, 0.510396234455694892840935443663962538, 0.719955758179536938564750834218962069, -0.259178720746163359219887136114583278, -0.214635439208211962590429715687080227, -0.199366538842748480193467976397991907, -0.315628127735085483104182589801083033, 0.606774399095995718812769193364929504, 0.388783529330636635692987429758975442, 0.122290085015806852723642056625347937
Vector b: 0.456302323470317692126965770053441921, 0.372862125053464630884088995682469608, -1.146413428653127128960749924216762809, -0.084289448901717953462965575937425944, 1.105086838000042833584207274693000049, 0.334831007605829728491553998892703612, -0.853192195679807850362384372036893872, 0.423917799105337606615750073843755292, -0.822650775637048586999150712750228991, 0.191392871898738413574794434041876680, 1.022160737611499655680950726398022737, -0.000007853873529041173060688663958377
---------------------------------------------------------------------------------------------------
| Order |                  Error^2                   |                 Efficiency                 |
---------------------------------------------------------------------------------------------------
|   2   | 8.410663656571040371377004665585945494e-38 | 5.986353843029409954037663520087782926e+15 |
|   4   | 6.077762386568871128008161735789854451e-33 | 3.866189834640804507869294518821629572e+10 |
|   6   | 2.156309125913310949759140991944111096e-33 | 1.126878360705468722704189155499623338e+08 |
|   8   | 4.333746332445884132895121871912908430e-12 | 4.363935497521205436477074498891265521e-06 |
---------------------------------------------------------------------------------------------------

Scheme evaluation results:
Order: 8, No. cycles: 24
---------------------------------------------------------------------------------------------------
Vector a: -0.607273602683493392206112755961273419, 0.022367280367050491817026442293618814, 0.874410449045420397288981231651473349, 0.363067671174297158844850830266657340, -0.333964662586948773435979348015920973, -0.749620130965809947796351590898919508, 0.049985641288442300244413867911605675, 1.237124095952903711264048799762211065, -0.001667455413675562909344402413364604, -0.557620868654342062820168100980754873, 0.439309371460263523998759108554503065, 0.184681952125900648690593619557053928, 0.079200258889991507019282298273110048
Vector b: -1.214547205366986784412225511924282486, 1.259281766101087768046278396511568666, 0.489539131989753026531684066792755456, 0.236596210358841291158017593742100063, -0.904525535532738838029976289775542746, -0.594714726398881057562726892022890131, 0.694686008975765658051554627845998360, 1.779562182930041764476542971682109806, -1.782897093757392890295231776508826627, 0.667655356448708764654895574543498339, 0.210963386471818283342622642567000964, 0.158400517779983014038564596546510334
---------------------------------------------------------------------------------------------------
| Order |                  Error^2                   |                 Efficiency                 |
---------------------------------------------------------------------------------------------------
|   2   | 1.504657676941300926813937102176574653e-68 | 1.415333101360156163954916855344631836e+31 |
|   4   | 1.853592602169155578391363225751383168e-70 | 2.213848458552678458509459225776330872e+29 |
|   6   | 5.806690625758607720543435046497181902e-72 | 2.171541861330816470717296546515943527e+27 |
|   8   | 3.918638060453347660665288541536791515e-12 | 4.589258174281150446941700905835962500e-06 |
---------------------------------------------------------------------------------------------------

Scheme evaluation results:
Order: 8, No. cycles: 24
---------------------------------------------------------------------------------------------------
Vector a: -0.607273589138549981367623083726474393, 0.022367284437124290598981776281297167, 0.874410435512425172204998251253831764, 0.363067667615994626102307752474280196, -0.333964665856369871798484563662564285, -0.749620150325372712655285181083732437, 0.049985646489731335925219500115436685, 1.237124041387547525409491664377844739, -0.001667456396581798470935346723144076, -0.557620802046455800121280105805465784, 0.439309367485155840766882142401285370, 0.184681958931162070665784093752735927, 0.079200261904189302739943100344669025
Vector b: -1.214547178277099962735246167450905375, 1.259281747151348543933209720013660700, 0.489539123873501800476786782490996596, 0.236596211358487451727828722461411660, -0.904525543071227195324797849788790776, -0.594714757579518229985772512385061638, 0.694686050558980901836211512616466095, 1.779562032216114148982771816139971125, -1.782896945009277745924642509586301774, 0.667655340916366145682082297981227825, 0.210963394053945535851681986818017894, 0.158400523808378605479886200689307620
---------------------------------------------------------------------------------------------------
| Order |                  Error^2                   |                 Efficiency                 |
---------------------------------------------------------------------------------------------------
|   2   | 9.870690195921116480584940027067693041e-70 | 5.525909346417631302008119888699044531e+31 |
|   4   | 1.780431818424786296414080269126781352e-70 | 2.258875835975070727376891120753851624e+29 |
|   6   | 2.018451633479276811356308367422024238e-71 | 1.164724942936116797777965981654328823e+27 |
|   8   | 3.918638073649181581575386593495867162e-12 | 4.589258166554092269994427603099479255e-06 |
---------------------------------------------------------------------------------------------------

Scheme evaluation results:
Order: 8, No. cycles: 24
---------------------------------------------------------------------------------------------------
Vector a: 0.152859286879716715788780463561298169, 0.508965104541872192204651391452661353, -0.246039798666295942250969034501834098, -0.880358368835495818542767615380332957, 0.007809823947890363291854262541277592, 1.061099024105420827525224246252596349, -0.012943565353580410176146952932301841, -0.121022569284926455501574421537310939, 0.144911531641850357055335720120655142, -0.190224084647763624737140546112723882, 0.400314288518062025606129480267794028, 0.121540894120892879051606945349441288, 0.053088433032356890685016060918779780
Vector b: 0.305718573759433431577560927136987126, 0.712211635324310952831741855749714437, -1.204291232656902837333679924754982406, -0.556425505014088799751855306018376446, 0.572045152909869526335563831101009838, 1.550152895300972128714884661419407818, -1.576040026008132949067178567284034690, 1.333994887438280038064029724207788845, -1.044171824154579323953358283965496047, 0.663723654859052074479077191736230415, 0.136904922177071976733181768824955512, 0.106176866064713781370032121846795549
---------------------------------------------------------------------------------------------------
| Order |                  Error^2                   |                 Efficiency                 |
---------------------------------------------------------------------------------------------------
|   2   | 2.429865088826177596011884433727466730e-68 | 1.113746714529820050093350071213516992e+31 |
|   4   | 1.293578870427087501547045177391793210e-71 | 8.380280910413758907878637423092979736e+29 |
|   6   | 1.077363717689472164031346419178198968e-72 | 5.041402551573341340122385509085882187e+27 |
|   8   | 3.852391226722354773923269062653239735e-12 | 4.628549085251664906762048733876737091e-06 |
---------------------------------------------------------------------------------------------------

Scheme evaluation results:
Order: 8, No. cycles: 24
---------------------------------------------------------------------------------------------------
Vector a: 0.141025385984867265515919419685654843, -0.272280595102308307388049770347045113, 0.058687462749930867459433544687459035, 0.592740990770797896676454594689052372, -0.387200050791777510942276990174527162, -0.396885621247609615778081849838525473, -0.239709232265145736960509140078073567, -0.290426840154039447571881253557348393, 0.543158836440747170279074905459689605, 0.751624654816697658706290412648885048, 0.384275067682149769138982609479895358, 0.115227410916461815355267866310176116, -0.000237469800771824490624348965292537
Vector b: 0.282050771969734531031838839372681285, -0.826611962174351145807938380067566824, 0.943986887674212880726805469442303735, 0.241495093867382912626103719934395201, -1.015895195450937934510657700282473537, 0.222123952955718702954494000605372300, -0.701542417486010176875512280761485561, 0.120688737177931281731749773646515571, 0.965628935703563058826400037273236584, 0.537620373929832258586180788024365186, 0.230929761434467279691784430936278307, -0.000474939601543648981248698123622188
---------------------------------------------------------------------------------------------------
| Order |                  Error^2                   |                 Efficiency                 |
---------------------------------------------------------------------------------------------------
|   2   | 5.390939952043205998504596727882540384e-71 | 2.364532400388208656222125048642633438e+32 |
|   4   | 4.097333325001564043060842551504113481e-73 | 4.708736468305951948819007054271490234e+30 |
|   6   | 4.633488147847254178625493687609453900e-75 | 7.687383044538787464429280167073330688e+28 |
|   8   | 4.908179024918173420770450483411466862e-12 | 4.100623240274225025850177015073505471e-06 |
---------------------------------------------------------------------------------------------------

Scheme evaluation results:
Order: 8, No. cycles: 24
---------------------------------------------------------------------------------------------------
Vector a: 0.250360645425973880762978705193243856, -0.268696230036561600864364762974321231, -0.353582748723866216899759981678811062, -0.163238067996544305078443520645853621, -0.260726224195850857709858136388164626, 0.609276275954537694147193637810960645, 0.728466837159402767009956165916767850, -0.310115500000356754024812552058626799, 0.434755764479962401167965989860742409, -0.000298484826616561635281363677902639, -0.453557661776777099007549707862153389, 0.633072006905541527455708561545629364, 0.154283387631155124676266964958489266
Vector b: 0.500721290851947761525957410386575053, -1.038113750925070963254686936335725095, 0.330948253477338529455166972978373082, -0.657424389470427139612054014269417756, 0.135971941078725424192337741493520274, 1.082580610830349964102049534127498212, 0.374353063488455569917862797705333609, -0.994584063489169077967487901820871927, 1.864095592449093880303419881541665047, -1.864692562102327003573982608897472439, 0.957577238548772805558883193173839158, 0.308566775262310249352533929916682901
---------------------------------------------------------------------------------------------------
| Order |                  Error^2                   |                 Efficiency                 |
---------------------------------------------------------------------------------------------------
|   2   | 1.444924153817590225359755074054056057e-67 | 4.567252173139601653960681736442801758e+30 |
|   4   | 7.524880203294579642103036723258224635e-71 | 3.474603381662089332780001950422275391e+29 |
|   6   | 7.011380111629093652846103008426184762e-72 | 1.976199538498912097096439604550225019e+27 |
|   8   | 5.678201677709966350558333819781498197e-12 | 3.812454413937629391121023833293956963e-06 |
---------------------------------------------------------------------------------------------------

Scheme evaluation results:
Order: 8, No. cycles: 24
---------------------------------------------------------------------------------------------------
Vector a: -0.438885304544749416328131557419101864, -0.148013487353032620055267257445395522, 0.965797845778346639171533038377615392, -0.026234423283009856186976978799949119, -0.514958186129776718293845682934226948, -0.380413415125817240788797231810472716, -0.560756370598419425357970336972981659, 0.616726426096417394239364495994713805, 0.888164909652805041148768056827017652, -0.381577156829039585027896365327643404, 0.015234034257199530177080622882093792, 0.819512056494481907819573337388538206, 0.145403071584594349482565859239792453
Vector b: -0.877770609089498832656263114838977182, 0.581743634383433592545728599949168266, 1.349852057173259685797337476805616473, -1.402320903739279398171291434405435212, 0.372404531479725961583600068536678560, -1.133231361731360443161194532156989399, 0.011718620534521592445253858211245360, 1.221734231658313196033475133777656581, 0.554595587647296886264060979877304806, -1.317749901305376056319853710533305845, 1.348217969819775116674014956297545624, 0.290806143169188698965131718479491981
---------------------------------------------------------------------------------------------------
| Order |                  Error^2                   |                 Efficiency                 |
---------------------------------------------------------------------------------------------------
|   2   | 6.271057762087498314500065108939795808e-70 | 6.932775166928245788053115320588828906e+31 |
|   4   | 1.851180002121604394340815294494991249e-72 | 2.215290617548636646877644753321052490e+30 |
|   6   | 1.391016873958368327755197961601431858e-73 | 1.403028039799100935846056007427219009e+28 |
|   8   | 5.743827030872939085549053219854011916e-12 | 3.790612494192440680632544972835428843e-06 |
---------------------------------------------------------------------------------------------------

Scheme evaluation results:
Order: 8, No. cycles: 24
---------------------------------------------------------------------------------------------------
Vector a: 0.134235940419653991459183158567245720, 0.621819384321764167246366752989213117, 0.239526480156082034516823383992528102, -0.585157126396129361056303657130353095, 0.078880769067243437737102874867977002, 0.065307884598353437495249179536146497, -0.199752886864119187135268831145754921, 0.320720621411672170209641324303442987, 0.358292361436486697476324499393596923, -0.308957640622230199160087645273377346, -0.309797543149264586082896728854258022, 0.386266876686569785265133096154145202, 0.198614878933917612028732592599447751
Vector b: 0.268471880839307982918360842087873049, 0.975166887804220351574379435142146101, -0.496113927492056282540732111873645872, -0.674200325300202439571878013141428832, 0.831961863434689315046083600425274819, -0.701346094237982440055584969196550818, 0.301840320509744065785047522464608011, 0.339600922313600274634235690031248493, 0.376983800559373120318415250076528926, -0.994899081803833518638591364154095367, 0.375303995505304346472798519584044868, 0.397229757867835224057465598553996718
---------------------------------------------------------------------------------------------------
| Order |                  Error^2                   |                 Efficiency                 |
---------------------------------------------------------------------------------------------------
|   2   | 3.181166786897312139568568262960185108e-65 | 3.078111141074567890733074860912856750e+29 |
|   4   | 2.765382553066556503834414947201377781e-67 | 5.731620454612102882867488219422740936e+27 |
|   6   | 1.170719832761636016274732256628256552e-67 | 1.529347092977516826479097007238577120e+25 |
|   8   | 5.774188089375224240812288214173781727e-12 | 3.780633715470086222338227666407649275e-06 |
---------------------------------------------------------------------------------------------------

Scheme evaluation results:
Order: 8, No. cycles: 24
---------------------------------------------------------------------------------------------------
Vector a: 0.262597131806225012366185758755624218, 0.589518043064931171628619430172947965, -0.267437887846840139649488449842522693, 0.198604244491424483068592852868917460, 0.072836480306585202356922722774499298, -0.407221174316771133742569668286354320, -0.125485498821490084688842249894023193, -0.356766248352668489106768313815091148, 0.904399507269753383691715850059735843, -0.033048491912118300436660089049050012, -0.883728191640714840507226667047622106, 0.508913627025202268588785788109315078, 0.536818458926481466430733035193623675
Vector b: 0.525194263612450024732371517503392760, 0.653841822517412318524867342849793489, -1.188717598211092597823844242538381815, 1.585926087193941563961029948275196088, -1.440253126580771159247184502723435901, 0.625810777947228891762045166153251385, -0.876781775590209061139729665944935949, 0.163249278884872082926193038297636446, 1.645549735654634684457238661839687432, -1.711646719478871285330558839939241859, -0.055809663802558395683894494162641057, 1.073636917852962932861466070389678837
---------------------------------------------------------------------------------------------------
| Order |                  Error^2                   |                 Efficiency                 |
---------------------------------------------------------------------------------------------------
|   2   | 3.622271631530684947003647716355116712e-70 | 9.121935755948411787907119388703176562e+31 |
|   4   | 6.600741078551033311629693983123679478e-71 | 3.709869939961056662543162278551324463e+29 |
|   6   | 1.601366358197146165947087165317987773e-71 | 1.307636996644265815015528641884971142e+27 |
|   8   | 5.903124695048113843218244426181872467e-12 | 3.739117283522921388698467864096140979e-06 |
---------------------------------------------------------------------------------------------------

Scheme evaluation results:
Order: 8, No. cycles: 24
---------------------------------------------------------------------------------------------------
Vector a: 0.134235941092960204011393981674197429, 0.621819384322606567151614290530924227, 0.239526478802780707926173792237249284, -0.585157122392064045028232928230486215, 0.078880774252098089146762357005710602, 0.065307880661856846481201402991009792, -0.199752890839576476872047784630350018, 0.320720620080959963095548620587923379, 0.358292360965901062121220022777072191, -0.308957638774789462546948316786786719, -0.309797543416755083212322518173369824, 0.386266876101430130846815981481260430, 0.198614879142591496878821098535645573
Vector b: 0.268471882185920408022782488271493579, 0.975166886459292726280452864079393263, -0.496113928853731310428104724318500388, -0.674200315930396779628363942911876050, 0.831961864434592957921888494470317584, -0.701346103110879264959485416330470814, 0.301840321431726311215390062630539595, 0.339600918730193614975707742437175111, 0.376983803201608509266734244448069964, -0.994899080751187434360631701556857970, 0.375303993917677267935987278352042067, 0.397229758285182993757642610428674204
---------------------------------------------------------------------------------------------------
| Order |                  Error^2                   |                 Efficiency                 |
---------------------------------------------------------------------------------------------------
|   2   | 3.164580631488510103864047747794977301e-65 | 3.086167075574004960370228008816057434e+29 |
|   4   | 2.759990339452374792507216998494322515e-67 | 5.737216677314985429432582712140795708e+27 |
|   6   | 1.170619783487722478995342223304274079e-67 | 1.529412445878256736541989812064733543e+25 |
|   8   | 5.774188099655747055676249442134611151e-12 | 3.780633712104514256804989936969525506e-06 |
---------------------------------------------------------------------------------------------------

Scheme evaluation results:
Order: 8, No. cycles: 24
---------------------------------------------------------------------------------------------------
Vector a: -0.438885306948559019832307933166968376, -0.148013476260758296076797542143780402, 0.965797816700456007484876631452521073, -0.026234428834271821052154350193483234, -0.514958151587170016560017907003078455, -0.380413410052298662609884987642248856, -0.560756362128296843548577121373335404, 0.616726421118646362681934585749771902, 0.888164885681191145918549686264102773, -0.381577092789677342814632189473497623, 0.015234041569399806937569029528916038, 0.819511986818359759871534483703016076, 0.145403076712978919599907614298064535
Vector b: -0.877770613897118039664615866333361091, 0.581743661375601447511020782045347693, 1.349851972025310567458732480859644283, -1.402320829693854209563041181246663942, 0.372404526519514176443005367240566544, -1.133231346624111501662775342525138694, 0.011718622367517814565621099778137712, 1.221734219869774910798248071721899059, 0.554595551492607381038851300805659759, -1.317749737071962066668115679752575175, 1.348217820210761680543253738810381096, 0.290806153425957839199815228596102686
---------------------------------------------------------------------------------------------------
| Order |                  Error^2                   |                 Efficiency                 |
---------------------------------------------------------------------------------------------------
|   2   | 1.380991059521073636045140691860388247e-70 | 1.477345532115948168463675282611375156e+32 |
|   4   | 1.565011920879994877234013139169237209e-71 | 7.618969028898280290411606211664034424e+29 |
|   6   | 8.093979941370756982190672907799886087e-74 | 1.839295413313267242063980975403203583e+28 |
|   8   | 5.743827099393656719652314219641839822e-12 | 3.790612471582473088040096996597426274e-06 |
---------------------------------------------------------------------------------------------------

Scheme evaluation results:
Order: 8, No. cycles: 24
---------------------------------------------------------------------------------------------------
Vector a: 0.262597132349960590044512640185377537, 0.589518042894839490685597611424942104, -0.267437888363392250781170261839908152, 0.198604243998267655904303670161889037, 0.072836481443379819640175974074262507, -0.407221173525753827353174595003046091, -0.125485497850560827446901949348225083, -0.356766247112283099914712592357700410, 0.904399504488693719371520234544546611, -0.033048492494142661198265821888781729, -0.883728189225773198615613167697426585, 0.508913626239072441876251727664827510, 0.536818457157692147787476530079242520
Vector b: 0.525194264699921180089025280370221207, 0.653841821089757801282169942479238430, -1.188717597816542302844510466162846023, 1.585926085813077614653117806485283842, -1.440253122926317975372765858334897778, 0.625810775874810320666416668331027349, -0.876781771575931975560220567027878541, 0.163249277351365775730795382313788002, 1.645549731626021663012245086771177254, -1.711646716614306985408776730549669310, -0.055809661837239411822449604837562703, 1.073636914315384295574953060162118499
---------------------------------------------------------------------------------------------------
| Order |                  Error^2                   |                 Efficiency                 |
---------------------------------------------------------------------------------------------------
|   2   | 4.013476967735998921280041669721469317e-68 | 8.665968958660307235066394150736036133e+30 |
|   4   | 3.192569047116436945111784331253321983e-70 | 1.686882698037663110453129003542251587e+29 |
|   6   | 1.625869327430087878960464592140718207e-71 | 1.297746094953450380025486674312025070e+27 |
|   8   | 5.903124726567552199660004557947462608e-12 | 3.739117273540506791187924222752074483e-06 |
---------------------------------------------------------------------------------------------------

Scheme evaluation results:
Order: 8, No. cycles: 24
---------------------------------------------------------------------------------------------------
Vector a: -0.783248964218026478803111691263235672, -0.011357210631386412155247535945882781, 1.454199644580286844092139773439054518, 0.043242689488484688333288477053138004, -0.426835666722416910498116335814859757, 0.521945863709865634965698920269585662, -0.126875346807713699848233080646029253, -0.305661756357146361949029441935105724, -0.495213600273535539564990752727743511, -0.635234448376369633287300400071218467, 0.604144094310369695186103072252537196, 0.887064862166552084092589980628921559, 0.273829839131036089436209014760838223
Vector b: -1.566497928436052957606223382526740588, 1.543783507173280133295728310635013957, 1.364615781987293554888551236243514933, -1.278130403010324178221974282137346802, 0.424459069565490357225741610507485491, 0.619432657854240912705656230031678178, -0.873183351469668312402122391323489394, 0.261859838755375588504063507452834020, -1.252287039302446667634045012908400679, -0.018181857450292598940555787232986063, 1.226470046071031989312761931737013695, 0.547659678262072178872418029521423283
---------------------------------------------------------------------------------------------------
| Order |                  Error^2                   |                 Efficiency                 |
---------------------------------------------------------------------------------------------------
|   2   | 3.078930886801082204953100558901849205e-70 | 9.894128498651292223850098220049310938e+31 |
|   4   | 6.131596766898926777355906113610400812e-71 | 3.849180171117053668950250446302819214e+29 |
|   6   | 1.604358583131030868233086481058510783e-72 | 4.131253347252231096565848246278268337e+27 |
|   8   | 5.880652550119324131303467572434307405e-12 | 3.746254745243206912147884223258742539e-06 |
---------------------------------------------------------------------------------------------------

Scheme evaluation results:
Order: 8, No. cycles: 24
---------------------------------------------------------------------------------------------------
Vector a: -0.571054360901427937190880987986396098, 0.083163138292360786885300677038614470, 0.629256863268665132519330227787285200, -0.511835933093836309137418509487982248, -0.174892819265309463867279717497619812, -0.321693485164002584572716708146804161, -0.009491229727071746737505247975393320, 1.327392608848674205436134624462873888, -0.022887173577840412272443258180316676, -0.438524085310057978821726496757337714, 0.511488322115778330833946369524503841, 0.361497756426861880210426412890218874, 0.137580398087206096714832614328353783
Vector b: -1.142108721802855874381761975972291647, 1.308434998387577448152363330049532286, -0.049921271850247183113702874476225073, -0.973750594337425435161134144498698621, 0.623964955806806507426574709503544508, -1.267351926134811676572008125797056244, 1.248369466680668183096997629846272871, 1.406415751016680227775271619078220932, -1.452190098172361052320158135438872965, 0.575141927552245094676705141925029924, 0.447834716679311566991187597123925229, 0.275160796174412193429665228656618974
---------------------------------------------------------------------------------------------------
| Order |                  Error^2                   |                 Efficiency                 |
---------------------------------------------------------------------------------------------------
|   2   | 8.623270402812736851960558844747899723e-69 | 1.869569068921106163124359602239686328e+31 |
|   4   | 4.273922366023891360656800282514583662e-71 | 4.610433036791943264817900739587507935e+29 |
|   6   | 6.657648652448373665096306625073659999e-73 | 6.413160568627463027894051372539021492e+27 |
|   8   | 6.184428973014427570914952673768651253e-12 | 3.653089086018811933419008593410976521e-06 |
---------------------------------------------------------------------------------------------------

Scheme evaluation results:
Order: 8, No. cycles: 24
---------------------------------------------------------------------------------------------------
Vector a: -0.363414063632371775148832727797913944, -0.218575652070816524399342442649467494, -0.361718207967369987668627622941450005, -0.027617586779475001527809883558747276, 0.683802451285317790970771843063620569, -0.498566434080849618311021001161126520, 0.033208083562692558728402360194568380, 1.518791595291494692018961631386520128, 0.781472888001396469908411724703780457, -0.799822402690019616922875610994694582, -0.521501896987240911146065740120052850, 0.525790480329666069142087307021044368, 0.248150745737575854355940162853918662
Vector b: -0.726828127264743550297665455582242860, 0.289676823123110501498980570269006638, -1.013113239057850476836235816155873726, 0.957878065498900473780616049037202129, 0.409726837071735108160927637107134429, -1.406859705233434344782969639439708239, 1.473275872358819462239774359830114222, 1.564307318224169921798148902938319210, -0.001361542221376981981325453468587285, -1.598283263158662251864425768583478893, 0.555279469184180429572294288336940588, 0.496301491475151708711880325711173805
---------------------------------------------------------------------------------------------------
| Order |                  Error^2                   |                 Efficiency                 |
---------------------------------------------------------------------------------------------------
|   2   | 2.148459861451637509191538551763128600e-69 | 3.745535299299310516068034449154213281e+31 |
|   4   | 7.325549142321186969482279351367003124e-70 | 1.113614661542987527598105967475075836e+29 |
|   6   | 7.860512999215541926604712791422888635e-72 | 1.866410223122226644577127999503860950e+27 |
|   8   | 7.863950576047033244321607595316493192e-12 | 3.239587231977243775194893701782107235e-06 |
---------------------------------------------------------------------------------------------------

Scheme evaluation results:
Order: 8, No. cycles: 24
---------------------------------------------------------------------------------------------------
Vector a: -0.363414121866973262301662234483639857, -0.218575667953160739655182214188549413, -0.361718142334719473401326564992517187, -0.027617601316191628028820772221600373, 0.683802393363638554710867817540057039, -0.498566088003063570880471635592332579, 0.033208145491013749245772707430218366, 1.518790932854305606736037339905534519, 0.781472525863496156445222114693884901, -0.799822074735550951202592806281268284, -0.521501548796540702563528421470376947, 0.525790499153661283031030088472807659, 0.248150748280084977864654581187782244
Vector b: -0.726828243733946524603324468937285184, 0.289676907827625045292960040528794278, -1.013113192497063992095613170523127572, 0.957877989864680736037971626077299309, 0.409726796862596373383764009040696752, -1.406858972868723515144707280248870677, 1.473275263850751013636252695112122287, 1.564306601857860199835821984690882113, -0.001361550130867886945377755167364115, -1.598282599340234015459807857532039063, 0.555279501747152610332751014575931849, 0.496301496560169955729309162382959866
---------------------------------------------------------------------------------------------------
| Order |                  Error^2                   |                 Efficiency                 |
---------------------------------------------------------------------------------------------------
|   2   | 3.452477648802684090112851729650970616e-69 | 2.954691064231896336927350565222750391e+31 |
|   4   | 2.687653034415644813644076161416175038e-70 | 1.838520310716308794036333278066326904e+29 |
|   6   | 9.537103947947089681697323053336011294e-72 | 1.694432573468324775623309899135332346e+27 |
|   8   | 7.863949255862071926764248181631842431e-12 | 3.239587503905127964367691320193825591e-06 |
---------------------------------------------------------------------------------------------------

Scheme evaluation results:
Order: 8, No. cycles: 24
---------------------------------------------------------------------------------------------------
Vector a: -0.467721542787310734079618545960690175, -0.151085948438994515007374786052786667, -0.116545968644837285229671997265954016, 0.240893408193273887919745683562625849, 0.654676112723029048833639520910069701, -0.613627898829794283086546676883314173, -0.477026096996538941110033096169174134, 0.506843647992630009961606828720621707, 1.086668107176759214996812925049881825, -0.033815678788335518815464148619216920, -0.508145044602948835323290611717744752, 0.550792469871220419028033099271930772, 0.328094433131847531912161805153750868
Vector b: -0.935443085574621468159237091921102246, 0.633271188696632438144487519814960618, -0.866363125986307008603831514346756032, 1.348149942372854784443322881472497061, -0.038797716926796686776043839651639780, -1.188458080732791879397049514115619417, 0.234405886739713997176983321776779314, 0.779281409245546022746230335664929260, 1.394054805107972407247395514434432160, -1.461686162684643444878323811672916279, 0.445396073478745774231742588236861370, 0.656188866263695063824323610307573957
---------------------------------------------------------------------------------------------------
| Order |                  Error^2                   |                 Efficiency                 |
---------------------------------------------------------------------------------------------------
|   2   | 6.610645727543500028281657082348088000e-70 | 6.752359787842011956852493771183858594e+31 |
|   4   | 2.463339265046074931611001150856244532e-71 | 6.072855093926167715097830783472313232e+29 |
|   6   | 9.080110652078303346127012139427617393e-73 | 5.491449311843264907146105358618552208e+27 |
|   8   | 8.338098495773631994556890931781854557e-12 | 3.146129216347445032147795180675948957e-06 |
---------------------------------------------------------------------------------------------------

Scheme evaluation results:
Order: 8, No. cycles: 24
---------------------------------------------------------------------------------------------------
Vector a: -0.467721539126184914709608648704762499, -0.151085947902008093388665136671083278, -0.116545969227095523681289402165166618, 0.240893410861633869374963132350476364, 0.654676114416785997051157102282691867, -0.613627900629936729998539866405984719, -0.477026105553135179971243791825325477, 0.506843643408270058760191141651838270, 1.086668109751494019830102204349750892, -0.033815677706345756773109692430089136, -0.508145035796531651192311397215773252, 0.550792471968386652025160421505284976, 0.328094425534667252673193933278142688
Vector b: -0.935443078252369829419217297409192967, 0.633271182448353642641887024066656729, -0.866363120902544690004465828396943045, 1.348149942625812428754392093097922592, -0.038797713792240434652077888531372279, -1.188458087467633025345001844281757876, 0.234405876361362665402514260631053886, 0.779281410455177452117868022672894811, 1.394054809047810587542336386026256261, -1.461686164460502101088555770886392488, 0.445396092867438798703932976454553051, 0.656188851069334505346387866556321391
---------------------------------------------------------------------------------------------------
| Order |                  Error^2                   |                 Efficiency                 |
---------------------------------------------------------------------------------------------------
|   2   | 5.886191401237363038880927539077064657e-70 | 7.155835141741646563771673611439593750e+31 |
|   4   | 1.571036512064028761804682658228726767e-71 | 7.604346433185143063881843008966804199e+29 |
|   6   | 5.573783375217517539373769530525710806e-73 | 7.009023349838443906885906961108400345e+27 |
|   8   | 8.338098483131434379133064935904604057e-12 | 3.146129218732520438855463881078063143e-06 |
---------------------------------------------------------------------------------------------------

Scheme evaluation results:
Order: 8, No. cycles: 24
---------------------------------------------------------------------------------------------------
Vector a: 0.247270504872720905076177444473949857, -0.299655498154139923357517278204744165, -0.409894660525988169961773654639137620, -0.140640862387622146878403650731231035, -0.194278190986501639392593192244014563, 0.635352975433851985796313359297652994, 0.747397435447849197501500597134891368, -0.107798047991709178335620943068211491, 0.991879013093246317727330352672686756, -0.000022005282732425719831502452511904, -1.053639274974406922838662557566996653, 0.412763438382351688495060015167508757, 0.171265173073080311888021010160157716
Vector b: 0.494541009745441810152354888929047220, -1.093852006053721656867389445315232711, 0.274062685001745316943842136028284335, -0.555344409776989610700649437502916838, 0.166788027803986331915463053003745003, 1.103917923063717639677163665618532381, 0.390876947831980755325837528689174323, -0.606473043815399111997079414856139279, 2.590231070001891747451740120012226330, -2.590275080567356598891403124917298852, 0.482996530618542753214078009972896642, 0.342530346146160623776042020337681351
---------------------------------------------------------------------------------------------------
| Order |                  Error^2                   |                 Efficiency                 |
---------------------------------------------------------------------------------------------------
|   2   | 3.819775992239895543739021608089379451e-67 | 2.809044176364206706082887480541097656e+30 |
|   4   | 1.073269312425098489331198301191161286e-68 | 2.909381528467414577065740818495953369e+28 |
|   6   | 8.016169757500010170702231252141170124e-69 | 5.844523334589909760347664025606140494e+25 |
|   8   | 5.031510019525400639549642994083280647e-12 | 4.050054761036397852210766040767909062e-06 |
---------------------------------------------------------------------------------------------------

Scheme evaluation results:
Order: 8, No. cycles: 24
---------------------------------------------------------------------------------------------------
Vector a: -0.420646367630297985920286344951609277, 1.207241940121106515032164862035768252, -0.000008437761278140901564776633938578, -1.557282275327644268769552740352938132, 0.478640997635080064521820573862416260, 0.536234222692108974827002887492774305, -0.370419684410592873185922375626311242, -0.203621992370293159636457888981666752, -0.080420471774919361603504236248289734, 0.142669071354887136579079693957168882, 0.757942111961566210826137701547437306, 0.374759033529834801967763185836642893, 0.134911851980442086263319458062545738
Vector b: -0.841292735260595971840572689896554934, 3.255776615502809001904902413917639199, -3.255793491025365283708031967185513407, 0.141228940370076746168926486529130774, 0.816053054900083382874714661189318565, 0.256415390484134566779291113808247462, -0.997254759305320313151135865065524052, 0.590010774564733993878220087101916826, -0.750851718114572717085228559597420566, 1.036189860824346990243387947514538747, 0.479694363098785431408887455561091106, 0.269823703960884172526638916123130495
---------------------------------------------------------------------------------------------------
| Order |                  Error^2                   |                 Efficiency                 |
---------------------------------------------------------------------------------------------------
|   2   | 1.188331487119035330426384178946750476e-68 | 1.592607344538412811802766885863908008e+31 |
|   4   | 2.518109707843787017914087388188494861e-69 | 6.006447832782499910422130043668717957e+28 |
|   6   | 1.573000599689256791824094151689098459e-69 | 1.319374559439168256801544067188696563e+26 |
|   8   | 7.326954391450712733754329145430286422e-13 | 1.061324823720395580697095411822282856e-05 |
---------------------------------------------------------------------------------------------------

Scheme evaluation results:
Order: 8, No. cycles: 24
---------------------------------------------------------------------------------------------------
Vector a: 0.154594449924465332481042457427677429, -0.300095117408883688280378578533423667, -0.299692094880895596607953487379501695, 0.550343795713681844979662155893143458, 0.551134585763938899077998411821807080, -0.809562783862109164626694276650596257, -0.000525021922055666173137373249431437, 1.071851512505171374498619456217315807, -0.458201465079978172002552414321909849, -0.594999579129591012075902762858274637, 0.556837545778044172796670778871767725, 0.582462172181730645504694003413864135, -0.004147999583518969572068370652438185
Vector b: 0.309188899848930664962084914911694038, -0.909379134666698041522842072036070632, 0.309994944904906848306935097198455838, 0.790692646522456841652389214716390127, 0.311576525005420956503607608679731780, -1.930702092729639285756996161900143330, 1.929652048885527953410721415401194794, 0.214050976124814795586517497481107680, -1.130453906284771139591622326427107038, -0.059545251974410884560183199392874230, 1.173220343530499230153524757234662224, -0.008295999167037939144136745867041178
---------------------------------------------------------------------------------------------------
| Order |                  Error^2                   |                 Efficiency                 |
---------------------------------------------------------------------------------------------------
|   2   | 8.758937563699729619958564117249373955e-69 | 1.855033689459413832875554010233147266e+31 |
|   4   | 1.296715681289497672162150737094972166e-71 | 8.370138643536170122056393332322690430e+29 |
|   6   | 5.457806518347659922756062025070112701e-73 | 7.083101771739502942596138289361870766e+27 |
|   8   | 2.677022698072907338942561502417367438e-11 | 1.755836365498526280514000564646893629e-06 |
---------------------------------------------------------------------------------------------------

Scheme evaluation results:
Order: 8, No. cycles: 24
---------------------------------------------------------------------------------------------------
Vector a: -0.504935624799825717026217988610073208, -0.420581094971747407746212140824224270, 0.960392313318123970450252876660836825, 0.847288789332611471979244290918131417, -0.722435900447043267606666932987964750, -0.377710060008703383902326432780316736, 0.664595454193041114179760157955566943, -0.536645677532011066208043247914702541, -0.162976928196297897109155124779002969, 0.978417370227409363230905980197434491, -0.496889984407376435177146298347167595, 0.009230672952441022646431550403967946, 0.762250670339378232289173310107514517
Vector b: -1.009871249599651434052435977220153735, 0.168709059656156618560011695570803955, 1.752075566980091322340494057752339373, -0.057497988314868378382005475914585448, -1.387373812579218156831328390062420418, 0.631953692561811389026675524501421982, 0.697237215824270839332844791409891689, -1.770528570888292971748931287240185203, 1.444574714495697177530621037681796486, 0.512260025959121548931190922713103407, -1.506039994773874419285483519408448748, 1.524501340678756464578346620216436696
---------------------------------------------------------------------------------------------------
| Order |                  Error^2                   |                 Efficiency                 |
---------------------------------------------------------------------------------------------------
|   2   | 3.316642462620283404600214940287653740e-69 | 3.014589542377698671996337821356824219e+31 |
|   4   | 4.280223314601688267455482164833682834e-72 | 1.456873417097314149419331181038186279e+30 |
|   6   | 1.777933418042640249056179124464632510e-73 | 1.241008634633786369844280094593015289e+28 |
|   8   | 2.270975833365614334125263508512552129e-11 | 1.906355141058869830254127013643785570e-06 |
---------------------------------------------------------------------------------------------------

Scheme evaluation results:
Order: 8, No. cycles: 24
---------------------------------------------------------------------------------------------------
Vector a: 0.676650744731061750425302904850660078, 0.682521422585232502458293515573037936, -0.536689004674712920512228840617008970, -0.422622574257862233146492815429105502, -0.342530792164646665433515201615405027, -0.167065375188530730700167894366759359, 0.907719128923774165862511961745503764, -0.083201329553304676551237471779596584, -1.182677962276733254916653347740879840, -0.208450444924662284274874462214188912, 0.760677396993029537338593376640507524, 0.698818301339127422214479128216156902, 0.216850488468227387235989146737078002
Vector b: 1.353301489462123500850605809703456783, 0.011741355708341504065981221442443809, -1.085119365057767345090438902676296139, 0.239874216542042878797453271818626105, -0.924935800871336209664483675049604895, 0.590805050494274748264147886316140873, 1.224633207353273583460876037174801750, -1.391035866459882936563350980733965956, -0.974320058093583573269955714750247165, 0.557419168244259004720206790321895727, 0.963935625741800069956979962958741164, 0.433700976936454774471978293474007803
---------------------------------------------------------------------------------------------------
| Order |                  Error^2                   |                 Efficiency                 |
---------------------------------------------------------------------------------------------------
|   2   | 3.590576754754791453717365798837009441e-68 | 9.162108048627728423539431439183375000e+30 |
|   4   | 3.665217570521458601236768966898450539e-71 | 4.978576137956740065557520583226213989e+29 |
|   6   | 1.106622985594296025616123614936491875e-72 | 4.974308388413177985436446609030472755e+27 |
|   8   | 2.785544549241189127289487132217250880e-11 | 1.721293830087704597602104383056344674e-06 |
---------------------------------------------------------------------------------------------------

Scheme evaluation results:
Order: 8, No. cycles: 24
---------------------------------------------------------------------------------------------------
Vector a: -0.421093696488549388460172516880323406, -0.350091511419214238809667187577911532, 0.477218795548197904774288565243349024, 0.533044360302568962968594559422740374, -0.371426846824128846162480656962369474, -0.203645203379528489458293556269400776, -0.079214722636519330949637219230638698, 1.159965542121220563898687292982399521, -0.000012409804731555843372736525160261, -1.015435212348352950585667070651486917, 0.758845188391479576297367996384051994, 0.376162024723306151986345961844253617, 0.135683691814251640344006568220496491
Vector b: -0.842187392977098776920345033591037480, 0.142004370138670299301010658334530746, 0.812433220957725510247566472081627903, 0.253655499647412415689622647069847002, -0.996509193295670108014583961111391867, 0.589218786536613129097996848504952137, -0.747648231809651790997271286964099262, 3.067579316052092918794645870717026890, -3.067604135661556030481391343767459705, 1.036733710964850129310057204796788189, 0.480956665818109023284678787518001868, 0.271367383628503280688013136411213579
---------------------------------------------------------------------------------------------------
| Order |                  Error^2                   |                 Efficiency                 |
---------------------------------------------------------------------------------------------------
|   2   | 3.241684079045295292978158205357330043e-67 | 3.049243962238327891767483474628464844e+30 |
|   4   | 2.875809998708320327008495643449971270e-69 | 5.620499823094822030002380185237064362e+28 |
|   6   | 5.285742332173554099531436688491530876e-70 | 2.276038245687724735039419427332260013e+26 |
|   8   | 7.418519098129005555904982604373541494e-13 | 1.054754669627824058774038416854381015e-05 |
---------------------------------------------------------------------------------------------------

Scheme evaluation results:
Order: 8, No. cycles: 24
---------------------------------------------------------------------------------------------------
Vector a: 0.173644326864019191649176413747976933, 0.381339108858164932589653717550839716, 0.336157515693491338252081145726137295, -0.585604938648339893198532974953482125, -0.631764290722048487338228666958659445, -0.264376265785821165685130426209099679, 0.245498300204417285375250958330058283, 0.032781267734319973158582577370648673, -0.320110748795976858425778680521734960, 0.892829218684467981613070598525716020, -0.025829486131866453911345257385842782, 0.043031609157208171522356507923823441, 0.722404382887963984398844086853618623
Vector b: 0.347288653728038383298352827597626790, 0.415389563988291481880954607380520366, 0.256925467398691194623207684085163415, -1.428135344695370981020273634037214023, 0.164606763251274006343816300426386926, -0.693359294822916337714077153085463521, 1.184355895231750908464579069933755432, -1.118793359763110962147413915165947973, 0.478571862171157245295856553865775280, 1.307086575197778717930284643192936294, -1.358745547461511625752975157894557141, 1.444808765775927968797688173701018226
---------------------------------------------------------------------------------------------------
| Order |                  Error^2                   |                 Efficiency                 |
---------------------------------------------------------------------------------------------------
|   2   | 3.916581201592553098947694093308969945e-68 | 8.772511556882109425645250359132474609e+30 |
|   4   | 4.648110277179023457385540136025999375e-71 | 4.420962402772633345980755322179223633e+29 |
|   6   | 8.403704488012689912182514736533469816e-73 | 5.708173481233657344472830749401921272e+27 |
|   8   | 2.906366853250096766473294742516127747e-11 | 1.685135587776923294282002766134527840e-06 |
---------------------------------------------------------------------------------------------------

Scheme evaluation results:
Order: 8, No. cycles: 24
---------------------------------------------------------------------------------------------------
Vector a: 0.250529755738073188226597694289647859, -0.145750360060816900310127643029043817, 0.122359438216636975048868180955661420, 0.060594686070878669057296767780197275, -0.262583904638837701637415186267417837, 0.758118172347462734762336455686015378, 0.324699233393912199602105877080038147, -0.117617136092008827357297199912309673, 0.215188126892107223909168703963969082, -0.486089260361256137273242320169372917, -0.306811542693234745085176285634797233, 0.430743898095740461121033939644595631, 0.156618893091342859935851015612816591
Vector b: 0.501059511476146376453195388577056535, -0.792560231597780177073450674636631469, 1.037279108031054127171187036547751653, -0.916089735889296789056593500986738085, 0.390921926611621385781763128452263619, 1.125314418083304083742909782923446240, -0.475915951295479684538698028762001043, 0.240681679111462029824103628936897132, 0.189694574672752417994233778991902018, -1.161873095395264692540718419332719695, 0.548250010008795202370365848062750635, 0.313237786182685719871702031226022604
---------------------------------------------------------------------------------------------------
| Order |                  Error^2                   |                 Efficiency                 |
---------------------------------------------------------------------------------------------------
|   2   | 2.196002176615477749120961428040289507e-70 | 1.171550823010816553613528191109167969e+32 |
|   4   | 2.519274001543710630560703474601230160e-72 | 1.898966619760721379486867080899927490e+30 |
|   6   | 3.967757762759481983087635388931331936e-73 | 8.307301537652837495526175345257006645e+27 |
|   8   | 2.590622429089399506645614618517694807e-11 | 1.784875818194334985517666616279358115e-06 |
---------------------------------------------------------------------------------------------------

Scheme evaluation results:
Order: 8, No. cycles: 24
---------------------------------------------------------------------------------------------------
Vector a: -0.504935625682098903787771954176603881, -0.420581094238700619329543064991500980, 0.960392312329662364415804175254243239, 0.847288784390987865033360452173332238, -0.722435893497304101856627496805830063, -0.377710052014726676341523269942105767, 0.664595450937300577454729903937515520, -0.536645677117361112013839950744534402, -0.162976933735759580473596854771365119, 0.978417366048090996889315024742292577, -0.496889991121694151776510268884430266, 0.009230672931709545762230808763081442, 0.762250680769893796023972495445905431
Vector b: -1.009871251364197807575543908353094133, 0.168709062886796568916457778369167388, 1.752075561772528159915150572140599399, -0.057497992990552429848429667792776788, -1.387373794004055773864825325819799623, 0.631953689974602421181778785935232467, 0.697237211899998733727681021940110092, -1.770528566134720957755360923429828416, 1.444574698663201796808167213886938181, 0.512260033432980196970462835597288750, -1.506040015676368500523483373365651141, 1.524501361539787592047944990891813752
---------------------------------------------------------------------------------------------------
| Order |                  Error^2                   |                 Efficiency                 |
---------------------------------------------------------------------------------------------------
|   2   | 1.559840721327901205303445797855422134e-69 | 4.395794584440678409953047696145411719e+31 |
|   4   | 3.516150392325684411446900224665025402e-71 | 5.083014071294313526057368400590990601e+29 |
|   6   | 3.859417365586156358638906783966870564e-73 | 8.423094563526685531966189569236312866e+27 |
|   8   | 2.270975967893415516174476982330040152e-11 | 1.906355084594650740643505653416734850e-06 |
---------------------------------------------------------------------------------------------------

Scheme evaluation results:
Order: 8, No. cycles: 24
---------------------------------------------------------------------------------------------------
Vector a: 0.243052778039676821208750713699614625, -0.542793067060941466077141504025003128, 0.030303678145451395580748522986099582, 0.250901864396088322944822344576311065, 0.125304029643891093243449918677039586, 0.729655201101899850081309349228131112, -0.394224743023591712324275590025840018, -0.146434166367272914729929439064686169, -0.486940811518741219758585677946233007, -0.110943481453464682913152707527918604, 0.838420120827257264899411405229325835, 0.319613649383690890694091956813143023, 0.144084947886056357150500707380016125
Vector b: 0.486105556079353642417501427399280432, -1.571691690201236574571784435448833131, 1.632299046492139365733281481420991364, -1.130495317699962719843636792268880086, 1.381103376987744906330536629622909521, 0.078207025216054793832082068833383084, -0.866656511263238218480633248884941547, 0.573788178528692389020774370755630741, -1.547669801566174828537945726648018369, 1.325782838659245462711640311592196423, 0.351057402995269067087182498866266024, 0.288169895772112714301001414760015495
---------------------------------------------------------------------------------------------------
| Order |                  Error^2                   |                 Efficiency                 |
---------------------------------------------------------------------------------------------------
|   2   | 4.810829510626690945239219623284139383e-69 | 2.503038521449623062154160388967651562e+31 |
|   4   | 6.383441259835168933743572752092640944e-72 | 1.192964719068864203738850378738055054e+30 |
|   6   | 1.072200651472609848690492127817440455e-73 | 1.598065281247788636069546072161646843e+28 |
|   8   | 3.541015545973189072483134353416954524e-11 | 1.526673438198070130996373987443829844e-06 |
---------------------------------------------------------------------------------------------------

Scheme evaluation results:
Order: 8, No. cycles: 24
---------------------------------------------------------------------------------------------------
Vector a: 0.534927475791710489463847587591332923, -0.053761628006374606341352569461889887, -0.249650968798498251618637676093854283, 0.639441343270945675984458821510910482, -0.083735284751200120721712243869265840, -0.167000987922213203452298303099391076, -0.152816516701923740045720623032686413, -0.219355495036667926639651081463441521, 0.263856228308656761522913378762111087, 0.206491483866302192179041201379092018, -0.378496747959855416472173686461552813, 0.094185283828007868269801931134388483, 0.565915814111110277871483263104246901
Vector b: 1.069854951583420978927695175182669697, -1.177378207596170191610400314106425974, 0.678076269999173688373124961918728000, 0.600806416542717663595792681103036726, -0.768276986045117905039217168841554276, 0.434275010200691498134620562642812424, -0.739908043604538978226061808708330224, 0.301197053531203124946759645781579492, 0.226515403086110398099067111742204702, 0.186467564646493986259015291016518547, -0.943461060566204819203362663939728246, 1.131831628222220555742966526208489180
---------------------------------------------------------------------------------------------------
| Order |                  Error^2                   |                 Efficiency                 |
---------------------------------------------------------------------------------------------------
|   2   | 2.508423104834999325800026043575918323e-69 | 3.466387583464122894026557660294414453e+31 |
|   4   | 4.855046693628774501721197744821677429e-72 | 1.367912529736989044873773409825347412e+30 |
|   6   | 4.669198505365280826994039799322178531e-74 | 2.421650032680481012334183845587127686e+28 |
|   8   | 3.909621812230725630035260186644984540e-11 | 1.452923311241765813203594214857477760e-06 |
---------------------------------------------------------------------------------------------------

Scheme evaluation results:
Order: 8, No. cycles: 24
---------------------------------------------------------------------------------------------------
Vector a: 0.154715907198784407806616735922296858, -0.300040731517612540836982421930503475, -0.299941418444095697202282031622168896, 0.550248716393966868729407708436732051, 0.551250986989608078487774115575406582, -0.810066576118667590771266152082421227, -0.000523023696301742526131452227755778, 1.072384172572931599521080168940256033, -0.458220276162779317374028220044741607, -0.595014779781960904349092377830853982, 0.556853209521969078892388321012377194, 0.582489198451342567706853067803182627, -0.004135385407184808084337461951806354
Vector b: 0.309431814397568815613233471993239301, -0.909513277432793897287198316005806394, 0.309630440544602502882634252553692058, 0.790866992243331234576181164659185707, 0.311634981735884922399367065838438976, -1.931768133973220103941899369788991872, 1.930722086580616618889636465333255653, 0.214046258565246580152523873727629290, -1.130486810890805214900580314614661303, -0.059542748673116593797604441319983176, 1.173249167717054751582381083604002707, -0.008270770814369616168674935980000809
---------------------------------------------------------------------------------------------------
| Order |                  Error^2                   |                 Efficiency                 |
---------------------------------------------------------------------------------------------------
|   2   | 2.924922438404825177726370761586604192e-70 | 1.015126907312057336044368378873397188e+32 |
|   4   | 8.756432341545632091674928682419745129e-72 | 1.018571299904196933204487193091859741e+30 |
|   6   | 9.398583247032191891554507267264184524e-73 | 5.397608157219291398211515259171729088e+27 |
|   8   | 2.675610100113007026057175667191895810e-11 | 1.756299804395039876916347594544237500e-06 |
---------------------------------------------------------------------------------------------------

Scheme evaluation results:
Order: 8, No. cycles: 24
---------------------------------------------------------------------------------------------------
Vector a: 0.184736487149955291207376387942489375, -0.685921401999314890813072333177230227, 0.193865985999560635674732764646774878, 0.236450452688032086697147992292455995, -0.720190509677270650953215745624125595, 0.278739405526240176738449854257821921, 0.608616012878486121816803913122457328, -0.028068090428405187117167021685583779, 0.426202651236132046527841748777760879, -0.175588639318831384111310866410598389, -0.256853829999094775067855594314177722, 0.874388273532279198605952374713435009, 0.063623202412231330794316525458520395
Vector b: 0.369472974299910582414752775875436007, -1.741315778298540364040897442087555649, 2.129047750297661635390362971310315299, -1.656146844921597461996066986910319738, 0.215765825567056160089635495792479933, 0.341712985485424193387264212738747355, 0.875519040271548050246343613915147143, -0.931655221128358424480677657182586221, 1.784060523600622517536361154067431571, -2.135237802238285285758982886824386453, 1.621530142240095735623271698394493563, 0.127246404824462661588633050910797119
---------------------------------------------------------------------------------------------------
| Order |                  Error^2                   |                 Efficiency                 |
---------------------------------------------------------------------------------------------------
|   2   | 3.021200932673561913610229923422439533e-69 | 3.158549675204368670212119644286736719e+31 |
|   4   | 1.823442787764779811815230678899642066e-70 | 2.232075920862914387793708708271780396e+29 |
|   6   | 5.463685240483424288481014002589672004e-72 | 2.238668115168168005286179124432284832e+27 |
|   8   | 2.753945500811787611925942782900887897e-13 | 1.731140813835267983388606999588010977e-05 |
---------------------------------------------------------------------------------------------------

Scheme evaluation results:
Order: 8, No. cycles: 24
---------------------------------------------------------------------------------------------------
Vector a: 0.290744936911811309608662008699271417, -0.331716071397796543672714279078532314, -0.442760860434441936597789421630631603, -0.192879302057369620219117589211327443, -0.106537302105462353081820287751278250, 0.845287130449064973247052858502539582, -0.155303691600539234228868003484394973, -0.774071509545948119783980570453983242, 0.731471019925534989792843762284907314, 0.961158594507272064851795534989792559, -0.726616423716709324366190650669805068, -0.007778841955222754423035954683889717, 0.909002321019806548873162592487331681
Vector b: 0.581489873823622619217324017347835025, -1.244922016619215706562752575408590733, 0.359400295750331833367173732052645008, -0.745158899865071073805408910510994405, 0.532084295654146367641768334923635093, 1.158489965243983578852337382323468369, -1.469097348445062047310073389311434848, -0.079045670646834192257887751940786703, 1.541987710497904171843575276842454757, 0.380329478516639957860015793049579223, -1.833562325950058606592397094371216099, 1.818004642039613097746325185003405363
---------------------------------------------------------------------------------------------------
| Order |                  Error^2                   |                 Efficiency                 |
---------------------------------------------------------------------------------------------------
|   2   | 1.652661431885875007070414270587022000e-70 | 1.350471957568402391370498754236771719e+32 |
|   4   | 5.848164623855571180306426354554781938e-71 | 3.941352138579548556747682623339689331e+29 |
|   6   | 1.191695318167991605957556405563729343e-72 | 4.793469111362955120576684946652257442e+27 |
|   8   | 9.164213640044827407101952136880008271e-11 | 9.489918086242572337691496921978171641e-07 |
---------------------------------------------------------------------------------------------------

Scheme evaluation results:
Order: 8, No. cycles: 24
---------------------------------------------------------------------------------------------------
Vector a: 0.290744928955087984373347615170021670, -0.331716076680611798674367853800413062, -0.442760861457272071228570000977356299, -0.192879304139344640627833475158598654, -0.106537291413735035528369082621654521, 0.845287138705904544120122866582161403, -0.155303699980721736983483494893208309, -0.774071515179953157774915314653638456, 0.731471027896628854193186477181865162, 0.961158599644262247745226922649574352, -0.726616424166250611525701417547792478, -0.007778842350257194788233145596546469, 0.909002320166262616699589903665585713
Vector b: 0.581489857910175968746695230322663073, -1.244922011271399566095430937890000164, 0.359400288356855423638290935902446897, -0.745158896635544704893957886232349372, 0.532084313808074633837219720959556990, 1.158489963603734454403026012288795583, -1.469097363565177928369993002081855744, -0.079045666794728387179837627344833724, 1.541987722587986095566210581823747286, 0.380329476700538399924243263444931233, -1.833562325033039622975646098534347097, 1.818004640332525233399179807341245003
---------------------------------------------------------------------------------------------------
| Order |                  Error^2                   |                 Efficiency                 |
---------------------------------------------------------------------------------------------------
|   2   | 4.188251573957354469972967672035603699e-68 | 8.483227939214552102144193916336413086e+30 |
|   4   | 1.636256856992102007615600387496595385e-71 | 7.451252720178996418350454675950595703e+29 |
|   6   | 5.248976886100852498863570798691454855e-73 | 7.222627540439569225106148332543411255e+27 |
|   8   | 9.164213445290454210176834956832270864e-11 | 9.489918187080633879503990729495833606e-07 |
---------------------------------------------------------------------------------------------------

Scheme evaluation results:
Order: 8, No. cycles: 24
---------------------------------------------------------------------------------------------------
Vector a: -0.045115641680688600952776723345748046, 0.387788549729218387816889354740429252, 0.529570868431368993803422314759836152, -0.369111470315323735534438941375215721, -0.352726005975460359257574665077558126, -0.205839176585317795700650804446965637, -0.685400705243288458203606110467893662, 0.072045997892981460641555230494998471, 0.589480227775101882403353708571455059, 0.295818187871031610385842827208360767, 0.285132988507308964526688169636028686, 0.319297911407410072390802333363810184, 0.179058268185657577680493305938462615
Vector b: -0.090231283361377201905553446709591467, 0.865808382819813977539332156209189583, 0.193333354042924010067512473308670012, -0.931556294673571481136390356058106060, 0.226104282722650762621241025899111034, -0.637782635893286354022542634791431605, -0.733018774593290562384669586140779844, 0.877110770379253483667780047130810731, 0.301849685170950281138927370004611082, 0.289786690571112939632758284419229893, 0.280479286443504989420618054851785262, 0.358116536371315155360986611876501430
---------------------------------------------------------------------------------------------------
| Order |                  Error^2                   |                 Efficiency                 |
---------------------------------------------------------------------------------------------------
|   2   | 1.652661431885875007070414270587022000e-70 | 1.350471957568402391370498754236771719e+32 |
|   4   | 4.294593899077365423312125054333382699e-73 | 4.599323758176953437945218729568353516e+30 |
|   6   | 2.235070783588518772956873985986011067e-74 | 3.500152033945229281761271836863357925e+28 |
|   8   | 5.555769056573806685310026773267494749e-10 | 3.854233075324999881307815639994122692e-07 |
---------------------------------------------------------------------------------------------------

Scheme evaluation results:
Order: 8, No. cycles: 24
---------------------------------------------------------------------------------------------------
Vector a: -0.563866492724554304178142252639059657, -0.457651915449046226366213529436904297, 0.611745157814565920182863512867059620, 0.719228316160183464768773085440528667, -0.285352594675320445998342148347559372, -0.375124884614247592151443426330637956, -0.235359675465574994579192928147552434, 0.195915751003063532000306876262361757, 0.754027549598215448752759922217189163, 0.648850815009698175818167996843385568, 0.042382960249882863590369994495481654, -0.231218082109651354069591002779448715, 0.176423095202785512229683899555155775
Vector b: -1.127732985449108608356284505277610097, 0.212429154551016155623857446405181961, 1.011061161078115684741869579327670161, 0.427395471242251244795676591552088325, -0.998100660592892136792360888247095750, 0.247850891364396952489474035586512041, -0.718570242295546941647859891880651994, 1.110401744301674005648473644404499017, 0.397653354894756891857046200028907003, 0.900048275124639459779289793656819508, -0.815282354624873732598549804665927724, 0.352846190405571024459367799109607622
---------------------------------------------------------------------------------------------------
| Order |                  Error^2                   |                 Efficiency                 |
---------------------------------------------------------------------------------------------------
|   2   | 1.007444297519471750885389521111266836e-69 | 5.469743931254202597650943806478327344e+31 |
|   4   | 1.503163136155830502604846241668605867e-71 | 7.774133154374418648763846870668326416e+29 |
|   6   | 3.872304406635810959376169477427207292e-73 | 8.409066840335600863777496085539502144e+27 |
|   8   | 3.605853855980007745467581120559109046e-10 | 4.784163417169558145311715958626092078e-07 |
---------------------------------------------------------------------------------------------------

Scheme evaluation results:
Order: 8, No. cycles: 24
---------------------------------------------------------------------------------------------------
Vector a: 0.251399829080589499596365662348902630, 0.697897961555769295599232983775115386, -0.262169562578528524971415649057845552, -0.674181551293616236055145327107185552, 0.732974127712440799190813305659172081, 0.121715036783691241091855579796585701, -0.213956241116317274133029035711724345, -0.527583968182095219036778549965791622, 0.085619292690141473449467371771609608, 0.940318194781315985670709174332045339, -1.050268185832546039716029280163672791, -0.058165673645065067269873860689835999, 0.956400740044220066583827625012625171
Vector b: 0.502799658161178999192731324721885161, 0.892996264950359592005734642934674276, -1.417335390107416641948565941075195144, 0.068972287520184169838275286365892183, 1.396975967904697428543351325491751821, -1.153545894337314946359640165902697914, 0.725633412104680398093582094311705404, -1.780801348468870836167139194374282313, 1.952039933849153783066073937987290249, -0.071403544286521811724655589028601563, -2.029132827378570267707402971602821718, 1.912801480088440133167655250170399594
---------------------------------------------------------------------------------------------------
| Order |                  Error^2                   |                 Efficiency                 |
---------------------------------------------------------------------------------------------------
|   2   | 3.568894063160425744292411151334889985e-67 | 2.906100894732537330334029267563222656e+30 |
|   4   | 3.320892839336358686467045087220449584e-70 | 1.653969902152317331462523582823406067e+29 |
|   6   | 6.309131111357624856600715662081116157e-72 | 2.083280618110471807142110997066600323e+27 |
|   8   | 2.460027284768067664403107124736567616e-09 | 1.831639937046963188968871607811974021e-07 |
---------------------------------------------------------------------------------------------------

Scheme evaluation results:
Order: 8, No. cycles: 24
---------------------------------------------------------------------------------------------------
Vector a: 0.251399829387180384280075951387737542, 0.697897961476350999671956389764030343, -0.262169562607571119446161226753665959, -0.674181550821003312345783678572058744, 0.732974127260462585557727583300721035, 0.121715036588992508731610734398845309, -0.213956240837377959893950895577102817, -0.527583967765402866859901477910924639, 0.085619292627792440069261016439732900, 0.940318194016994925179224366882586206, -1.050268185602970761504927796629876413, -0.058165673495932254377106334495489004, 0.956400739772484430937975367765464163
Vector b: 0.502799658774360768560151902786711730, 0.892996264178341230783760876791796187, -1.417335389393483469676083330310839492, 0.068972287751476844984515972931930729, 1.396975966769448326130939193925181815, -1.153545893591463308667717725129437686, 0.725633411916707388879815933896135168, -1.780801347447513122599618889779992650, 1.952039932703098002738140922692606931, -0.071403544669108152379692188788061830, -2.029132826536833370630163404615511476, 1.912801479544968861875950735599480647
---------------------------------------------------------------------------------------------------
| Order |                  Error^2                   |                 Efficiency                 |
---------------------------------------------------------------------------------------------------
|   2   | 8.795908434751431723204275664229340266e-68 | 5.853790381544865136255889724222688477e+30 |
|   4   | 5.831859537623552868853696922237814784e-71 | 3.946858035142009824640851825413723755e+29 |
|   6   | 3.067102910444743822876291983169513370e-72 | 2.987915943514244548548040208323295116e+27 |
|   8   | 2.460027288992508166311393563344836880e-09 | 1.831639935474286744907006803581504853e-07 |
---------------------------------------------------------------------------------------------------

Scheme evaluation results:
Order: 8, No. cycles: 24
---------------------------------------------------------------------------------------------------
Vector a: 0.256443807139456133064788373489619608, -0.121772302286738401529941798838135517, -0.783814337352727660073843460485590652, 0.099805072752986999311992218140308316, 0.647788254117439735846656694315204350, 0.295360999646180641290207041345044193, 0.283667639753465452510174263707794460, 0.590667279142771675201315164588908996, 0.007010810605837024914378698761946901, -0.302132060526816189769758157472917504, -0.390131771405592116912116472658899799, -0.054913954114160644196254013730538094, 0.472020562527897350342401448837254656
Vector b: 0.512705499581944172947090444659892845, -0.755549932307692967872026348974601483, -0.812546526722552053898697919069695886, 1.011683394818576630382639585867040799, 0.290032350114746514996152453190241090, 0.289829229228180248261404254003850652, 0.285111236493897638740495280278220204, 0.893374980463952528736471426321076182, -0.879422453642062921654776558893037312, 0.274429604137437672962151298421223402, -1.052597469139006049115446828894617119, 0.942950086972578585514542913090406868
---------------------------------------------------------------------------------------------------
| Order |                  Error^2                   |                 Efficiency                 |
---------------------------------------------------------------------------------------------------
|   2   | 1.767692039216125875111969475435967141e-12 | 1.305792631360126210741201821762998033e+03 |
|   4   | 7.907153019791434622105987762293268212e-16 | 1.071877023194375877260748638132712251e+02 |
|   6   | 1.822196802692905927224933352552402158e-19 | 1.225843164199247286067116113717614632e+01 |
|   8   | 2.139754955773864431353938997678824705e-10 | 6.210521160625845435720089435939315931e-07 |
---------------------------------------------------------------------------------------------------

Scheme evaluation results:
Order: 8, No. cycles: 24
---------------------------------------------------------------------------------------------------
Vector a: 0.197308504849854858115850978816651783, -0.135350284952085186238711020078981105, -0.133501157418688486583520190113406338, 0.405016261218247751549279863788648218, 0.468966444196073756593936536875909145, 0.758387492141484054804614390264241588, 0.523155562475460491790101792450161176, -0.426102882529979277454227174174447264, -1.088459890949445607058976643212278865, -0.987965184015890066487276730073324931, -0.096566849806817608935274252157459121, 0.886014598138222723826320670432850023, 0.629097386653562596077881777181435668
Vector b: 0.394617009699709716231701957776726269, -0.665317579603880088709123998109554204, 0.398315264766503115542083617982600561, 0.411717257669992387556476109442534408, 0.526215630722155125631396964396574683, 0.990559353560812983977831816147174667, 0.055751771390107999602371768758564898, -0.907957536450066554510826117111826707, -1.268962245448824659607127169326938897, -0.706968122582955473367426290827935168, 0.513834422969320255496877786512387292, 1.258194773307125192155763554359692589
---------------------------------------------------------------------------------------------------
| Order |                  Error^2                   |                 Efficiency                 |
---------------------------------------------------------------------------------------------------
|   2   | 6.610645727543500028281657082348088000e-70 | 6.752359787842011956852493771183858594e+31 |
|   4   | 1.229414556189931204424919691229707826e-69 | 8.596187064239329836504677879515232849e+28 |
|   6   | 5.080642415858662603114465105452122027e-71 | 7.341304448757815781240180955456765890e+26 |
|   8   | 1.021233314957431590089656602097976590e-08 | 8.989749272968509203063582151028109091e-08 |
---------------------------------------------------------------------------------------------------

Scheme evaluation results:
Order: 8, No. cycles: 24
---------------------------------------------------------------------------------------------------
Vector a: 0.197308502482682502906920830954322269, -0.135350288285385281143424076884594046, -0.133501160609888233562925578720537490, 0.405016256618200619135714177681724575, 0.468966450652442425878587623577785749, 0.758387510154139985230990167729710910, 0.523155569580426227065593496386182856, -0.426102896496723705959469536132943839, -1.088459915736062354441838554935445514, -0.987965201631307716140083544440749127, -0.096566846179908816806255713955839634, 0.886014619641076098876272812242026495, 0.629097399810308248959917896498356662
Vector b: 0.394617004965365005813841662079030550, -0.665317581536135568100689816069725045, 0.398315260316359100974838658756756329, 0.411717252920042137296589696425167664, 0.526215648384842714460585550839408484, 0.990559371923437256001394784641040736, 0.055751767237415198129792208138552804, -0.907957560230862610048731280410272673, -1.268962271241262098834945829479732343, -0.706968132021353333445221259413121001, 0.513834439661535699832709831500555492, 1.258194799620616497919835792992338960
---------------------------------------------------------------------------------------------------
| Order |                  Error^2                   |                 Efficiency                 |
---------------------------------------------------------------------------------------------------
|   2   | 2.413338474507318845941180291021596510e-68 | 1.117553693540479545039104148657202930e+31 |
|   4   | 6.275037308557685834583443139878174232e-70 | 1.203225083450697989955246497774316254e+29 |
|   6   | 5.693955686806307635547718213081042013e-71 | 6.934665355449862427867957928220314980e+26 |
|   8   | 1.021233427382623239970296366102655963e-08 | 8.989748778138294281551640821919243550e-08 |
---------------------------------------------------------------------------------------------------

Scheme evaluation results:
Order: 8, No. cycles: 24
---------------------------------------------------------------------------------------------------
Vector a: 0.314245952465315171163836127201005280, 0.357870057606043085403428769287602549, -0.115218236111162854676023379160956720, -0.606966076321938475042767491234266882, -0.481490477709056335770097655189681669, 0.033038812759010556155622554699252848, 0.465449153113473928611532471484138594, 0.197997253787238069278820144408431020, 0.239395276143557917165295471820611084, 0.283784276792201077805266858823042679, 0.196941432103433488983479825712608720, 0.000096185812878071863343076167056702, 0.114856389559006299058263225981155707
Vector b: 0.577633779097408828509156671620994548, 0.280634964972897092028619826070404867, -0.604848701768501586655367040721048930, -0.570107991486007976941846289856673518, -0.549942283585190997269392650759911804, 0.646965267806527914607015583812967998, 0.269384947685263243717926513952996756, 0.253364786870749544514325486190812673, 0.249293661086882144113641898192731968, 0.211023470920338951055286831111887042, 0.370728816424299286059354307276682814, -0.134130718024666443738721136891844486
---------------------------------------------------------------------------------------------------
| Order |                  Error^2                   |                 Efficiency                 |
---------------------------------------------------------------------------------------------------
|   2   | 2.486320162403431834418921493226505399e-11 | 3.481761275150724000446824588048450640e+02 |
|   4   | 7.687779434162416122927272811908587735e-15 | 3.437593945618911092072641881143405899e+01 |
|   6   | 5.779927092352378392286981632425006754e-17 | 6.882898569604393913778507795317162269e-01 |
|   8   | 1.773457504558037180238366273144874138e-13 | 2.157246003570783020418194369751240746e-05 |
---------------------------------------------------------------------------------------------------

