Scheme evaluation results:
Order: 8, No. cycles: 17
-------------------------------------------------------------------
Vector a: -0.42334120276916581416, 0.33956742425928942986, -0.27591343484717134604, 0.13670466204351847117, 0.71772957438259221696, 0.36284144099356607782, -0.14847429664718647668, -0.03444758977608927686, 0.32533342236064677344
Vector b: -0.60933187504056940398, 0.37198134454280712413, 0.30715350397577168007, -0.85898037367011437215, 1.13238969775715125898, 0.30306945100803306392, 0.42261343097909909172, -0.71956202427347204509, 0.65066684472129354688
-------------------------------------------------------------------
| Order |          Error^2           |         Efficiency         |
-------------------------------------------------------------------
|   2   | 1.03314933177740113005e-40 | 3.40424342767419648000e+17 |
|   4   | 4.27396031619069206632e-44 | 5.79147347724584720000e+16 |
|   6   | 3.00394163979029942426e-45 | 7.55893700881311500000e+14 |
|   8   | 1.35839782038493227586e-12 | 1.22997176209790833089e-04 |
-------------------------------------------------------------------

Scheme evaluation results:
Order: 8, No. cycles: 17
-------------------------------------------------------------------
Vector a: -0.43943438286695635231, 0.36163786959407057120, -0.29854252364661632013, 0.14319718853039120621, 1.02998960861169330805, -0.01783433066424177510, -0.24489305829964447270, 0.33469778448626624767, 0.13118184425503751078
Vector b: -0.64339702389297248608, 0.40792528205203237857, 0.31535045713610881934, -0.91243550442934151512, 1.19882988149012392753, 0.86114933573326291061, -0.89681799706174636366, 0.40703188046245747378, 0.26236368851007502156
-------------------------------------------------------------------
| Order |          Error^2           |         Efficiency         |
-------------------------------------------------------------------
|   2   | 3.58732406867153170156e-40 | 1.82690873189673408000e+17 |
|   4   | 1.71356906898420052507e-42 | 9.14646985476173000000e+15 |
|   6   | 1.68855117877726570580e-44 | 3.18822789720438187500e+14 |
|   8   | 3.37372419825847531285e-12 | 7.80465735048724214848e-05 |
-------------------------------------------------------------------

Scheme evaluation results:
Order: 8, No. cycles: 17
-------------------------------------------------------------------
Vector a: -0.45265789636043202160, 0.36582900905183890483, -0.29847929929800376403, 0.14021923560776453077, 0.80843298350135461838, 0.32765940312124447464, -0.47163531371647643420, -0.01086696399563813649, 0.59149884208834779820
Vector b: -0.64568136757041960649, 0.38604694241997511428, 0.34561107568370269538, -0.94256967427971016793, 1.22300814549523928498, 0.39385782150746995178, 0.26146098473501899750, -1.20473161216797186590, 1.18299768417669559639
-------------------------------------------------------------------
| Order |          Error^2           |         Efficiency         |
-------------------------------------------------------------------
|   2   | 1.95150429335731324565e-40 | 2.47695092252036928000e+17 |
|   4   | 4.84849268656386706540e-43 | 1.71949509800013280000e+16 |
|   6   | 1.13260222070159653198e-44 | 3.89285087480810375000e+14 |
|   8   | 1.19633687880000418393e-11 | 4.14459294720026809235e-05 |
-------------------------------------------------------------------

Scheme evaluation results:
Order: 8, No. cycles: 17
-------------------------------------------------------------------
Vector a: -0.29953891490613354653, 0.56262737240002647088, 0.42991554087106531590, -0.20267412306694004842, -0.22627420878820117545, -0.25839414948078154310, 0.15320163143402007466, 0.70371412510951081298, 0.13742272642743355582
Vector b: -0.61054644992363149569, 0.62201507003499578730, 0.50323967476505715446, 0.35659140697707353285, -0.76193965311095368520, 0.30939123553455133431, -0.82617953449611436501, 1.13258279736415445882, 0.27484545285486711164
-------------------------------------------------------------------
| Order |          Error^2           |         Efficiency         |
-------------------------------------------------------------------
|   2   | 7.17464813734306340313e-43 | 4.08509211320903577600e+18 |
|   4   | 1.29094621025923772659e-43 | 3.33234717259120920000e+16 |
|   6   | 1.60739267835531618500e-45 | 1.03334532459828025000e+15 |
|   8   | 1.74581931108820821093e-11 | 3.43090728792988682288e-05 |
-------------------------------------------------------------------

Scheme evaluation results:
Order: 8, No. cycles: 17
-------------------------------------------------------------------
Vector a: -0.30057802949217904409, 0.59722706390758839579, 0.41134463525747161361, -0.24458217290309042236, -0.21333893959229704995, -0.25977865923798143521, 0.15035810272045377345, 0.72270588101589505747, 0.13664211832413913905
Vector b: -0.63114422556482308035, 0.66113239214528818355, 0.53332173566988860802, 0.28936753484505467471, -0.77853188065123546391, 0.35185400146664141952, -0.87141131994260423443, 1.17212752538351172582, 0.27328423664827827810
-------------------------------------------------------------------
| Order |          Error^2           |         Efficiency         |
-------------------------------------------------------------------
|   2   | 1.43492962746861268063e-42 | 2.88859633502179276800e+18 |
|   4   | 2.87091022878546897405e-43 | 2.23457280044279400000e+16 |
|   6   | 3.56872087791517119405e-45 | 6.93505933127901500000e+14 |
|   8   | 2.02298295917377963328e-11 | 3.18722348425492724221e-05 |
-------------------------------------------------------------------

Scheme evaluation results:
Order: 8, No. cycles: 17
-------------------------------------------------------------------
Vector a: -0.11851269395544747343, 0.94068365733335190804, -0.31681622384106683521, 0.23708917269910656511, -0.04728837733466611376, -0.09799663599771590849, 0.17185590664187905263, -0.29746096399881011285, 0.52844615845336895266
Vector b: -0.56463046007186490360, 0.89223553223283480484, 0.98913178243386901123, -1.62276423011600257063, 2.09694257551421570085, -2.19151933018354805327, 1.99552605818811601424, -1.65181424490435801999, 1.05689231690673768327
-------------------------------------------------------------------
| Order |          Error^2           |         Efficiency         |
-------------------------------------------------------------------
|   2   | 1.38040230162480539876e-39 | 9.31320837164135040000e+16 |
|   4   | 1.24265185998474723106e-39 | 3.39648403368611562500e+14 |
|   6   | 1.41159089206884032693e-41 | 1.10268647550985625000e+13 |
|   8   | 4.03515410065748056275e-11 | 2.25672461802121943769e-05 |
-------------------------------------------------------------------

Scheme evaluation results:
Order: 8, No. cycles: 17
-------------------------------------------------------------------
Vector a: -0.50237892890785129651, 0.52432604589629405734, -0.36275206037945750825, -0.59819090539562247422, 0.73528560880358984075, 1.08877662685440479429, -0.06957391556851265368, -0.11113287537829741325, 0.29564040407545266742
Vector b: -0.80755778395355792831, 0.61035771009141315258, 0.43829438170117507312, -1.16379850246009008963, -0.03258330833115492819, 1.50315452593833454031, 0.67439872777047493724, -0.81354655890750016134, 0.59128080815090533484
-------------------------------------------------------------------
| Order |          Error^2           |         Efficiency         |
-------------------------------------------------------------------
|   2   | 3.67341984631964846240e-40 | 1.80537270938862048000e+17 |
|   4   | 2.46418334951519081922e-42 | 7.62724690097870700000e+15 |
|   6   | 5.81229062537252298036e-44 | 1.71843381822302593750e+14 |
|   8   | 7.11267955461265564045e-11 | 1.69977723111066721031e-05 |
-------------------------------------------------------------------

Scheme evaluation results:
Order: 8, No. cycles: 17
-------------------------------------------------------------------
Vector a: -0.57193720116972268652, 0.42023023031475670308, 1.08246873568371704266, -0.00237500518274740176, -1.32921140195960463259, 0.12975290322222857164, 0.85537848942876837377, 0.30262878543382337737, 0.11306446422878084490
Vector b: -0.70047382757612219883, 0.25707325281279946871, 0.58338720781671338234, 1.58155026355071970379, -1.58630027391621464261, -1.07212253000299373440, 1.33162833644745082218, 0.37912864241008553678, 0.22612892845756149551
-------------------------------------------------------------------
| Order |          Error^2           |         Efficiency         |
-------------------------------------------------------------------
|   2   | 2.50036487586405759599e-39 | 6.91991026169052480000e+16 |
|   4   | 4.73223833852885963216e-40 | 5.50390601992163312500e+14 |
|   6   | 2.62694776582602987418e-42 | 2.55611714324079179688e+13 |
|   8   | 7.12555662796763510345e-11 | 1.69824064561487279141e-05 |
-------------------------------------------------------------------

Scheme evaluation results:
Order: 8, No. cycles: 17
-------------------------------------------------------------------
Vector a: -0.06709275310250378821, 0.98264229842764572176, -0.81838409009865320520, -0.64780456661240037874, 0.66223442755375128144, 0.76152437816276874472, -0.10967818088886895078, -0.06399128908676011973, 0.30054977564502072251
Vector b: -1.06474164178250796375, 1.99529777736000846211, -0.03001318050471699431, -1.60675499969258939181, 0.31114586646778868984, 1.01332298863971370650, 0.50972576768582378293, -0.72908212946356165673, 0.60109955129004144503
-------------------------------------------------------------------
| Order |          Error^2           |         Efficiency         |
-------------------------------------------------------------------
|   2   | 0.00000000000000000000e+00 |          Infinity          |
|   4   | 5.61220034962089236905e-43 | 1.59822430620799220000e+16 |
|   6   | 3.50653713599957919781e-44 | 2.21241834241774375000e+14 |
|   8   | 7.42454113430906422931e-11 | 1.66369541644824423096e-05 |
-------------------------------------------------------------------

Scheme evaluation results:
Order: 8, No. cycles: 17
-------------------------------------------------------------------
Vector a: -0.52104550371122149155, 0.34364134077986369098, 0.18315306289986046928, -0.44857431014518023282, 0.17895493465777329023, 1.08557288590897060843, -0.10030380749727739464, -0.09726603601985570058, 0.37586743312706677456
Vector b: -0.76674776104759678752, 0.49140451467275059194, 0.19587816688697679002, 0.17042795891274403752, -1.06757657920310444766, 1.42548644851865113914, 0.74565932329929018874, -0.94626693829384500578, 0.75173486625413354911
-------------------------------------------------------------------
| Order |          Error^2           |         Efficiency         |
-------------------------------------------------------------------
|   2   | 1.72478541221727244211e-39 | 8.33171914928367040000e+16 |
|   4   | 3.15011894780218877544e-42 | 6.74591458561735900000e+15 |
|   6   | 1.69348964613210305569e-44 | 3.18357583013875375000e+14 |
|   8   | 8.04817565157369743989e-11 | 1.59793793063030386951e-05 |
-------------------------------------------------------------------

Scheme evaluation results:
Order: 8, No. cycles: 17
-------------------------------------------------------------------
Vector a: -0.44495750366981162705, 0.49076451850861979587, 0.85936881437281109619, -0.00293549303307954080, -1.27440607503104974541, 0.15048572728430362200, 0.87583096666729920443, 0.24832988524280105724, 0.09751915965810623033
Vector b: -0.77328927600528951647, 0.65666354467095588987, 0.32486549234628353533, 1.39387213639933871256, -1.39974312246549770222, -1.14906902759660178859, 1.45004048216520886605, 0.30162145116938948730, 0.19503831931621248841
-------------------------------------------------------------------
| Order |          Error^2           |         Efficiency         |
-------------------------------------------------------------------
|   2   | 3.58732406867153170156e-41 | 5.77719267004358528000e+17 |
|   4   | 4.88764584146864265737e-41 | 1.71259412468907475000e+15 |
|   6   | 1.34264283062737039496e-42 | 3.57541306804288281250e+13 |
|   8   | 8.66553985166369455717e-11 | 1.53996488173202532724e-05 |
-------------------------------------------------------------------

Scheme evaluation results:
Order: 8, No. cycles: 17
-------------------------------------------------------------------
Vector a: -0.74348880562472019484, 0.54193792935122053755, 0.63052964336121308797, -0.45319378606415344768, -0.35265301594101966520, -0.08323070669474885719, 0.41890905956754559414, 0.91601228651539323700, 0.12517739552926968050
Vector b: -0.84305144621542293937, 0.19912528118140551681, 0.88475057752103558606, 0.37630870920139070090, -1.28269628132969759626, 0.57739024944765826586, -0.74385166283715598023, 1.58166978197224716851, 0.25035479105853936099
-------------------------------------------------------------------
| Order |          Error^2           |         Efficiency         |
-------------------------------------------------------------------
|   2   | 6.63654952704233364789e-40 | 1.34317001292133488000e+17 |
|   4   | 3.13277787930616916418e-43 | 2.13914149734051320000e+16 |
|   6   | 1.01415918712680290036e-44 | 4.11389693457419187500e+14 |
|   8   | 9.43891569307474773805e-11 | 1.47552840854373271020e-05 |
-------------------------------------------------------------------

Scheme evaluation results:
Order: 8, No. cycles: 17
-------------------------------------------------------------------
Vector a: -1.02555942367840335905, 0.94919644579376649673, 0.18724226115152561856, -0.61526608889542599989, 0.63633037139109238645, 0.73580795777128060742, -0.12071282480560378836, -0.05989799335080984999, 0.31285929462257794365
Vector b: -1.01968064263762236976, -0.01175756208156221796, 1.91015045366909519409, -1.53566593136604390146, 0.30513375357519184616, 0.96752698920699309326, 0.50408892633556812157, -0.74551457594677572605, 0.62571858924515599831
-------------------------------------------------------------------
| Order |          Error^2           |         Efficiency         |
-------------------------------------------------------------------
|   2   | 1.49605762959877558082e-38 | 2.82896774368707120000e+16 |
|   4   | 1.54142831075729877802e-42 | 9.64367684334749800000e+15 |
|   6   | 4.94549592419547934226e-44 | 1.86295149550558031250e+14 |
|   8   | 1.03827698523111727912e-10 | 1.40686367143803926012e-05 |
-------------------------------------------------------------------

Scheme evaluation results:
Order: 8, No. cycles: 17
-------------------------------------------------------------------
Vector a: -0.93109498340263030514, -0.02253321237041328723, 1.69276020599041165937, 0.10319604190180992065, -1.33197386992380062409, -0.35738018167923041313, 0.66864532562132816818, 0.78339612008682757427, 0.39498455377569718916
Vector b: -0.01335753587798747637, -1.83547489504928540427, 1.79040847030845884369, 1.59511194167236403096, -1.38871985786874430069, -1.27522788197885672545, 0.56046751862039578818, 0.77682313262226065920, 0.78996910755139437832
-------------------------------------------------------------------
| Order |          Error^2           |         Efficiency         |
-------------------------------------------------------------------
|   2   | 1.22715181741115756447e-38 | 3.12358270698679680000e+16 |
|   4   | 1.41604012416951414651e-40 | 1.00615881113675312500e+15 |
|   6   | 6.72212710179853772239e-42 | 1.59791293301466582031e+13 |
|   8   | 1.07531187498645833970e-10 | 1.38242445561579512940e-05 |
-------------------------------------------------------------------

Scheme evaluation results:
Order: 8, No. cycles: 17
-------------------------------------------------------------------
Vector a: -0.11111920213065039353, 0.90629295478808713504, -0.39905215894062279203, 0.14537431625034510918, -0.07814022485597615919, -0.06046892874149537023, 0.27937291409155862176, -0.24345362996651170873, 0.56119395950526551609
Vector b: -0.49548942466085038605, 0.76874044506040006830, 1.04384546451577420179, -1.84194978239701989686, 2.13269841489770994869, -2.28897886460966226707, 2.16804100712667180417, -1.60929517894355456065, 1.12238791901053103217
-------------------------------------------------------------------
| Order |          Error^2           |         Efficiency         |
-------------------------------------------------------------------
|   2   | 1.44009537412749968628e-37 | 9.11814574201530600000e+15 |
|   4   | 5.31038868637461326831e-40 | 5.19566521781799250000e+14 |
|   6   | 5.06708857577782213834e-42 | 1.84046356242138085938e+13 |
|   8   | 1.22545184452356505106e-10 | 1.29497237536687629571e-05 |
-------------------------------------------------------------------

Scheme evaluation results:
Order: 8, No. cycles: 17
-------------------------------------------------------------------
Vector a: -0.07883631510713404178, 0.22421397417306779265, -0.33520736145302465481, 1.06435280525847519861, -0.16861233158974575641, 0.07643101594320805825, 0.07052854252806578517, -0.27367189650354739605, 0.42080156675063506988
Vector b: -1.18265179774240736243, 2.20763096527054658580, -1.75920301692441083397, 1.08878829401836130231, 1.03991731649858909492, -1.37714197967808060774, 1.53000401156449661322, -1.38894692650836515391, 0.84160313350127013976
-------------------------------------------------------------------
| Order |          Error^2           |         Efficiency         |
-------------------------------------------------------------------
|   2   | 8.35157741779281952378e-38 | 1.19734113091071340000e+16 |
|   4   | 6.11750857585642140482e-41 | 1.53079495078382525000e+15 |
|   6   | 1.17455368969685030636e-42 | 3.82269840189050703125e+13 |
|   8   | 1.35584465270889447360e-10 | 1.23112928672910903241e-05 |
-------------------------------------------------------------------

Scheme evaluation results:
Order: 8, No. cycles: 17
-------------------------------------------------------------------
Vector a: -0.09664716733555017703, 0.99748334629273849306, -0.76901616802704608755, -0.31046973605389432960, 0.68476034175117617142, -0.81192182992550865350, 0.02004882175126449298, 1.16060231291964655043, 0.12516007862717357102
Vector b: -1.07138818646596400974, 1.94948203826082755441, 0.04548465432464919578, -1.58351699037874116271, 0.96257751827095250352, 0.40694316523139972830, -2.03078682508241703530, 2.07088446858494590330, 0.25032015725434714204
-------------------------------------------------------------------
| Order |          Error^2           |         Efficiency         |
-------------------------------------------------------------------
|   2   | 1.66451836786359070953e-39 | 8.48121086970432480000e+16 |
|   4   | 5.12945302866099288812e-42 | 5.28650668661569000000e+15 |
|   6   | 1.41742560585374816839e-43 | 1.10041457682018031250e+14 |
|   8   | 1.53126620018880739251e-10 | 1.15846596969600785300e-05 |
-------------------------------------------------------------------

Scheme evaluation results:
Order: 8, No. cycles: 17
-------------------------------------------------------------------
Vector a: 1.34728648414489549090, -0.02253057123527397315, -1.18867634723557991094, -0.86101552034671358093, 0.71064388084077834140, 0.82558316012305366094, -1.09010303822597687251, -0.01616864712153912725, 1.29498059905635609645
Vector b: 1.14826315716094606856, 0.39804665396789867815, -0.44310779643844661058, -1.93424489803271315580, 0.21221385733928602169, 1.20907390434227068887, 0.44209241590383657750, -2.62229849235579060007, 2.58996119811271219291
-------------------------------------------------------------------
| Order |          Error^2           |         Efficiency         |
-------------------------------------------------------------------
|   2   | 3.53222277097673697463e-38 | 1.84110312125090880000e+16 |
|   4   | 7.64660546012766179262e-41 | 1.36920971894361325000e+15 |
|   6   | 8.42289921924517014319e-42 | 1.42749852954740898438e+13 |
|   8   | 1.59178333613688424691e-10 | 1.13623104704981338386e-05 |
-------------------------------------------------------------------

Scheme evaluation results:
Order: 8, No. cycles: 17
-------------------------------------------------------------------
Vector a: 0.46977560689708863784, -0.07686781931789937738, -0.40487171168208868632, -0.56767190818080337511, 0.76088025420206406579, 0.69012506831586184486, -0.92447703477728915278, -0.01166018028128871196, 1.06476772482435477762
Vector b: 0.93214967892825917328, -0.92474814406234107089, 0.77101250542654231612, -1.58075592879071979979, 0.44541211242911304957, 1.07634839597501508202, 0.30390174065670849668, -2.15285581021128669121, 2.12953544964870955525
-------------------------------------------------------------------
| Order |          Error^2           |         Efficiency         |
-------------------------------------------------------------------
|   2   | 9.17224954498280583115e-39 | 3.61296892565557920000e+16 |
|   4   | 6.71644105573965228115e-41 | 1.46094783994635100000e+15 |
|   6   | 3.40377013472594730287e-43 | 7.10111196015580781250e+13 |
|   8   | 1.74850353196683192617e-10 | 1.08411504637915709711e-05 |
-------------------------------------------------------------------

Scheme evaluation results:
Order: 8, No. cycles: 17
-------------------------------------------------------------------
Vector a: -0.07838085250993133413, 0.21840060455429566311, -0.33045388261350838732, 0.99966065991259767110, -0.30597775717413983054, 0.05279922046312252731, 0.13124396874739294172, -0.17091358015897531453, 0.48362161877914611186
Vector b: -1.19989380954208080254, 2.24302591406429918663, -1.80622470495570786042, 1.14531693972869130782, 0.85400438009650392335, -1.46595989444478358443, 1.57155833537102851416, -1.30907039787624279725, 0.96724323755829211269
-------------------------------------------------------------------
| Order |          Error^2           |         Efficiency         |
-------------------------------------------------------------------
|   2   | 3.24294095807906465821e-40 | 1.92146570008249440000e+17 |
|   4   | 4.71116543706003499245e-42 | 5.51620168886358100000e+15 |
|   6   | 1.59842619421648729074e-43 | 1.03623958301991281250e+14 |
|   8   | 1.75854519258726272567e-10 | 1.08101535331218289213e-05 |
-------------------------------------------------------------------

Scheme evaluation results:
Order: 8, No. cycles: 17
-------------------------------------------------------------------
Vector a: -0.47041613758026573633, 0.43540996687064886794, -0.38339696812482371158, 0.15250178614497561513, 0.95545639096430634574, 0.29446401705772901058, -0.69671139837124951288, -0.01689084205201881253, 0.72958318509069797209
Vector b: -0.73096985604266928593, 0.52110743692480721023, 0.34971249681649052565, -1.11650643306613805983, 1.42151000535608917907, 0.48940277657252340138, 0.09952525754293460591, -1.49294805428543364556, 1.45916637018139594417
-------------------------------------------------------------------
| Order |          Error^2           |         Efficiency         |
-------------------------------------------------------------------
|   2   | 1.83670992315982423120e-40 | 2.55318257075564736000e+17 |
|   4   | 2.03188277327098475284e-42 | 8.39953009214404800000e+15 |
|   6   | 2.36168055637868095801e-44 | 2.69585106002884906250e+14 |
|   8   | 1.81292327984569644898e-10 | 1.06467955908198200644e-05 |
-------------------------------------------------------------------

Scheme evaluation results:
Order: 8, No. cycles: 17
-------------------------------------------------------------------
Vector a: -0.10153341976088910148, 0.94255082398541001343, -0.76680045166470267581, -0.33236989686765933127, 0.64054741722013563976, -0.66197890361509170720, 0.08121394980009712106, 1.05340183059831971057, 0.14496865030438033095
Vector b: -1.00320770820195726003, 1.80334857688213623383, 0.08175307108868377914, -1.61535397441808892260, 0.95061418068277037108, 0.33048065375750090844, -1.65443846098768432284, 1.81686636058787853720, 0.28993730060876066190
-------------------------------------------------------------------
| Order |          Error^2           |         Efficiency         |
-------------------------------------------------------------------
|   2   | 5.51730441761681575701e-40 | 1.47312189277589632000e+17 |
|   4   | 2.04029056405693365526e-42 | 8.38220550149163000000e+15 |
|   6   | 4.83674727550066111347e-44 | 1.88377823105731843750e+14 |
|   8   | 1.83292347098550103199e-10 | 1.05885492929198235800e-05 |
-------------------------------------------------------------------

Scheme evaluation results:
Order: 8, No. cycles: 17
-------------------------------------------------------------------
Vector a: -0.28616616224271385072, 0.67943671826851126383, -0.37156006284033588072, -0.24794657059895608420, -0.20541588318200965091, -0.47569800812435192316, 0.76599738138713724389, 0.93361904136447382285, 0.20773354596824492035
Vector b: -0.77882236181935426966, 0.98531239915328083789, 0.37356103738374168977, -1.11668116306441356222, 0.62078802186650128281, -1.03161978823052047360, 0.08022377198181669666, 1.45177099079245786051, 0.41546709193648984071
-------------------------------------------------------------------
| Order |          Error^2           |         Efficiency         |
-------------------------------------------------------------------
|   2   | 2.65461981081693345916e-41 | 6.71585006460667392000e+17 |
|   4   | 1.72850165574466185698e-42 | 9.10687581788564200000e+15 |
|   6   | 3.61344531891502794068e-44 | 2.17944406892265656250e+14 |
|   8   | 2.06145901804435458504e-10 | 9.98438401411917361445e-06 |
-------------------------------------------------------------------

Scheme evaluation results:
Order: 8, No. cycles: 17
-------------------------------------------------------------------
Vector a: -0.43088081887676660253, 0.70261829787395191360, -0.15292081220177064504, -0.37713692211161919943, -0.25997916194120374023, -0.36467416564523186251, 0.75345650089354287982, 0.91261065581905509436, 0.21690642619004218972
Vector b: -0.74683573187231178103, 0.63190982599109046802, 0.77332676975681324816, -1.07916839416035448274, 0.32489454993711613939, -0.84485287381952367536, 0.11550454252905996422, 1.39140845925802580929, 0.43381285238008437943
-------------------------------------------------------------------
| Order |          Error^2           |         Efficiency         |
-------------------------------------------------------------------
|   2   | 2.58287332944350282513e-40 | 2.15303258822182816000e+17 |
|   4   | 5.11649101786598833021e-43 | 1.67385643582283460000e+16 |
|   6   | 1.90993734882008630805e-44 | 2.99776034947942000000e+14 |
|   8   | 2.09407167717721899219e-10 | 9.90633151472270470281e-06 |
-------------------------------------------------------------------

Scheme evaluation results:
Order: 8, No. cycles: 17
-------------------------------------------------------------------
Vector a: -0.46232544070167891359, 0.43949012025455452823, 0.43761421366550029566, -0.28287324557828275040, -0.79104088566623897982, -0.20907858769761966666, 0.71926481496339178534, 0.86495060310027283013, 0.28399840766010081561
Vector b: -0.62497778015784988259, 0.32530467891234204902, 0.55367556159676700744, 0.32155286573423358387, -0.88729935689079908467, -0.69478241444167876395, 0.27662523904643943062, 1.16190439088034414006, 0.56799681532020163122
-------------------------------------------------------------------
| Order |          Error^2           |         Efficiency         |
-------------------------------------------------------------------
|   2   | 7.46163406283678593925e-41 | 4.00576238463016512000e+17 |
|   4   | 1.21212317164096676635e-43 | 3.43899019600026560000e+16 |
|   6   | 4.45402340560371925012e-45 | 6.20769290614930625000e+14 |
|   8   | 2.13096544159516418749e-10 | 9.82020209886494875541e-06 |
-------------------------------------------------------------------

Scheme evaluation results:
Order: 8, No. cycles: 17
-------------------------------------------------------------------
Vector a: -0.40881776507195460857, 0.40254885819746616393, 0.43680847291873792226, -0.13651232150630562834, -0.85740011853761011196, -0.35269390906366865357, 0.69439172647736002730, 0.91743787519734554259, 0.30423718138862937410
Vector b: -0.66156100564967490474, 0.50548648115544059234, 0.29961123523949179104, 0.57400571059798410900, -0.84703035361059531017, -0.86776988346462502477, 0.16238206533728777314, 1.22640138761743222595, 0.60847436277725874820
-------------------------------------------------------------------
| Order |          Error^2           |         Efficiency         |
-------------------------------------------------------------------
|   2   | 8.32259183931795354763e-41 | 3.79291280723379648000e+17 |
|   4   | 1.11403227913822957138e-42 | 1.13437181443908260000e+16 |
|   6   | 1.03510430777744039154e-44 | 4.07206229929351125000e+14 |
|   8   | 2.14573612945594263432e-10 | 9.78634387548481860691e-06 |
-------------------------------------------------------------------

Scheme evaluation results:
Order: 8, No. cycles: 17
-------------------------------------------------------------------
Vector a: -0.34793982365783576727, 0.71963009849421566422, -0.15827266220304253563, -0.26335105292362459561, -0.39342025806346186956, -0.54136102627131132969, 0.76191629441647079624, 0.97641069868743957105, 0.24638773152115006626
Vector b: -0.78265743597343873095, 0.86943522463120581634, 0.56982497235722551210, -0.88637029676331069439, 0.35966819091606150316, -1.14650870704298513125, 0.06378665450036251350, 1.46004593433257912061, 0.49277546304230013252
-------------------------------------------------------------------
| Order |          Error^2           |         Efficiency         |
-------------------------------------------------------------------
|   2   | 1.01951750031644930958e-39 | 1.08368937349537040000e+17 |
|   4   | 1.16798227001473502861e-42 | 1.10786333459685920000e+16 |
|   6   | 3.17613504079093114720e-44 | 2.32464688202165906250e+14 |
|   8   | 2.18243521196240119289e-10 | 9.70371312797249951411e-06 |
-------------------------------------------------------------------

Scheme evaluation results:
Order: 8, No. cycles: 17
-------------------------------------------------------------------
Vector a: -0.50261960675141925670, 0.35131774458920012050, 0.50183491322090156839, -0.16216847204755008294, -0.81571151308046219164, -0.24766035793564306067, 0.71248230421453007111, 0.87894400908781122883, 0.28358097870263160312
Vector b: -0.64086584738763618940, 0.27649248127243392092, 0.42614300790596620905, 0.57752681853583698324, -0.90186376263093714911, -0.72955926352998723416, 0.23423854765870111283, 1.19072606077035914041, 0.56716195740526320623
-------------------------------------------------------------------
| Order |          Error^2           |         Efficiency         |
-------------------------------------------------------------------
|   2   | 7.17464813734306340313e-41 | 4.08509211320903552000e+17 |
|   4   | 9.33965426472490577771e-43 | 1.23890759279213220000e+16 |
|   6   | 1.37234520604980134315e-44 | 3.53650915721024062500e+14 |
|   8   | 2.19903785767658962654e-10 | 9.66701240624895340983e-06 |
-------------------------------------------------------------------

Scheme evaluation results:
Order: 8, No. cycles: 17
-------------------------------------------------------------------
Vector a: -0.16433572393049633575, 0.46461125134520253610, -0.71193047777236984075, 0.02252639424158170423, 0.98398395959379070241, 0.28683996726097482632, -0.78105581592420258996, -0.01099679457625171893, 0.91035723976177074235
Vector b: -0.52596163654301442136, 0.72325182522503628224, 0.20597067746536870669, -1.62983163301010813839, 1.67488442149327165787, 0.29308349769430985798, 0.28059643682763962813, -1.84270806867604486357, 1.82071447952354148470
-------------------------------------------------------------------
| Order |          Error^2           |         Efficiency         |
-------------------------------------------------------------------
|   2   | 8.43917987154977832793e-40 | 1.19111045174640512000e+17 |
|   4   | 1.92328214228581142984e-42 | 8.63341892333919700000e+15 |
|   6   | 1.70887424016927633936e-43 | 1.00219312719512234375e+14 |
|   8   | 2.59508729500548806012e-10 | 8.89882452890852867122e-06 |
-------------------------------------------------------------------

Scheme evaluation results:
Order: 8, No. cycles: 17
-------------------------------------------------------------------
Vector a: -1.03420079870871250982, 0.99546593554652484936, 0.64145778418526477882, -0.10102346978116194531, -0.55606753304120459802, -0.56182211388684399900, 0.75098715086761691495, 0.69097019736262099698, 0.17423284745589545652
Vector b: -1.04718109848227980407, 0.02596059954713473422, 1.96497127154591511022, -0.68205570317538544156, 0.48000876361306149542, -1.59214382969547063595, 0.46849960192178258245, 1.03347469981345119194, 0.34846569491179091305
-------------------------------------------------------------------
| Order |          Error^2           |         Efficiency         |
-------------------------------------------------------------------
|   2   | 6.30508078309708411867e-39 | 4.35769499383690000000e+16 |
|   4   | 6.13768727374269877065e-42 | 4.83283464672225300000e+15 |
|   6   | 1.19122170433757634191e-43 | 1.20035629079913687500e+14 |
|   8   | 2.70243937272164477501e-10 | 8.72028440143713149627e-06 |
-------------------------------------------------------------------

Scheme evaluation results:
Order: 8, No. cycles: 17
-------------------------------------------------------------------
Vector a: -0.75619341620192670472, 0.32025777292064777635, 0.71334223353318160221, -0.17121609204079712985, -0.40921635483655072196, -0.15468442744755986351, 0.39600306617209724003, 0.92809280611418321083, 0.13361441178672461838
Vector b: -0.84490011909294793213, 0.17741340578204245482, 0.46310214005925309788, 0.96358232700711010654, -1.30601451108870425522, 0.48758180141560286680, -0.79695065631072259382, 1.58895678865491718490, 0.26722882357344923676
-------------------------------------------------------------------
| Order |          Error^2           |         Efficiency         |
-------------------------------------------------------------------
|   2   | 2.10217190424151757712e-40 | 2.38653629467539360000e+17 |
|   4   | 5.60344223421886226236e-43 | 1.59947282159737160000e+16 |
|   6   | 2.72381237784318850923e-44 | 2.51025521028530031250e+14 |
|   8   | 2.99031316084908807778e-10 | 8.28991910942249643143e-06 |
-------------------------------------------------------------------

Scheme evaluation results:
Order: 8, No. cycles: 17
-------------------------------------------------------------------
Vector a: -0.56850995595116260439, 0.47449726592952407023, -0.39096309821161767672, 0.18135995321282041837, 1.39558793273460279849, 0.61316663176338381813, -0.63385440151507277395, -0.35138017803077997714, 0.28009585006830212128
Vector b: -0.83528734574989682571, 0.53355477959746844263, 0.41543975226157980885, -1.19736594868481516230, 1.56008585511045616556, 1.23109001035874943142, -0.00475674683198167979, -1.26295205619816419684, 0.56019170013660413154
-------------------------------------------------------------------
| Order |          Error^2           |         Efficiency         |
-------------------------------------------------------------------
|   2   | 8.78664808084130288854e-38 | 1.16732165166232000000e+16 |
|   4   | 1.03884561003488151144e-40 | 1.17470498043821675000e+15 |
|   6   | 2.32576135964098737376e-42 | 2.71658874035679335938e+13 |
|   8   | 2.99599895800711429592e-10 | 8.28204908284935511608e-06 |
-------------------------------------------------------------------

Scheme evaluation results:
Order: 8, No. cycles: 17
-------------------------------------------------------------------
Vector a: -0.06637218099978636765, 0.95391987059873972754, -0.81582742410014863488, -0.62834921472782667706, -0.22854364684499997584, -0.08710208266699563662, 0.80205682897390162545, 0.78521979134277464230, 0.28499805842434139391
Vector b: -1.04737672909338397353, 1.96200909618719521177, -0.05416935498971566648, -1.57748549321058151307, 0.32078706375492815894, -0.77787435744492805512, 0.60367019211093686515, 1.00044346583686638574, 0.56999611684868278783
-------------------------------------------------------------------
| Order |          Error^2           |         Efficiency         |
-------------------------------------------------------------------
|   2   | 6.45718332360875706282e-40 | 1.36169737106967856000e+17 |
|   4   | 8.05746616986769815781e-43 | 1.33384409078362960000e+16 |
|   6   | 4.01217717849012499141e-44 | 2.06831375457493375000e+14 |
|   8   | 3.19686462353489117167e-10 | 8.01763915077963118733e-06 |
-------------------------------------------------------------------

Scheme evaluation results:
Order: 8, No. cycles: 17
-------------------------------------------------------------------
Vector a: -0.05674802124323462954, 0.92436518406932022263, -0.23975138061745354667, -0.17061728486214980394, -0.54740013814726540264, -0.43500485959503637501, 0.69547275855696555347, 0.63582262505298658972, 0.19386111678586745444
Vector b: -0.90913132933024121130, 1.70476661617401314963, 0.14396375196462740664, -0.62346651319953449999, 0.28223194347523483660, -1.37703221976976575291, 0.50702250057969289188, 0.88392301653423821506, 0.38772223357173490887
-------------------------------------------------------------------
| Order |          Error^2           |         Efficiency         |
-------------------------------------------------------------------
|   2   | 3.22859166180437853141e-41 | 6.08969577298911360000e+17 |
|   4   | 2.59415378208131760255e-43 | 2.35075005904449280000e+16 |
|   6   | 6.61944391842621431871e-45 | 5.09208586368511062500e+14 |
|   8   | 3.33400223527495441609e-10 | 7.85101280405142692021e-06 |
-------------------------------------------------------------------

Scheme evaluation results:
Order: 8, No. cycles: 17
-------------------------------------------------------------------
Vector a: -0.06683284345805641513, 0.95658825894043819638, -0.83431592940821752702, -0.46786087487741162549, -0.14419665221724328741, -0.33024961032533611816, 0.69033116457705390179, 0.87077221255257009069, 0.32576427421620285374
Vector b: -1.05849997258052108684, 1.98333425824492937117, -0.07015774036405293679, -1.59847411845238207562, 0.66275236869755893565, -0.95114567313204545496, 0.29064645248137321865, 1.09001587667273436288, 0.65152854843240570748
-------------------------------------------------------------------
| Order |          Error^2           |         Efficiency         |
-------------------------------------------------------------------
|   2   | 2.81246206983848085403e-40 | 2.06328309644413760000e+17 |
|   4   | 3.98949672793275420092e-42 | 5.99439362719725600000e+15 |
|   6   | 3.55251724186023725795e-44 | 2.19805408558297718750e+14 |
|   8   | 3.54360872682955615058e-10 | 7.61527774703984402800e-06 |
-------------------------------------------------------------------

Scheme evaluation results:
Order: 8, No. cycles: 17
-------------------------------------------------------------------
Vector a: -0.16897079440265436179, 0.99378949285213713516, -1.07382581817790812018, 0.03163604039501766857, 0.45316125525774181293, -0.42950652987966658758, 0.61819466056383776120, 0.46233859459612797194, 0.11318309879536667117
Vector b: -1.11651519592723258434, 1.89508880304915638959, 0.09249018265511796399, -2.24014181901093412108, 2.30341389980096966639, -1.39709138928548592951, 0.53807832952615286537, 0.69831099160152265704, 0.22636619759073334235
-------------------------------------------------------------------
| Order |          Error^2           |         Efficiency         |
-------------------------------------------------------------------
|   2   | 7.30163940937403562536e-39 | 4.04941200886889840000e+16 |
|   4   | 1.68247775930699364631e-42 | 9.23059398270332800000e+15 |
|   6   | 1.78961848878880867076e-43 | 9.79323650559548750000e+13 |
|   8   | 3.60582260149236303581e-10 | 7.54929594341439147036e-06 |
-------------------------------------------------------------------

Scheme evaluation results:
Order: 8, No. cycles: 17
-------------------------------------------------------------------
Vector a: 1.06732797154591652067, 0.02171683087396227702, 0.19586988410905487035, -0.00551554500964923818, -0.87766184065778074519, 0.46332641495215165506, -0.28839298924751477493, -0.07299822859899551819, 0.49632750203285502799
Vector b: 0.18694105556506154797, 1.76077383196170988988, -1.71734017021378537748, 2.10907993843189522920, -2.12011102845119348004, 0.36478734713563193415, 0.56186548276867143148, -1.13865146126370109236, 0.99265500406570994496
-------------------------------------------------------------------
| Order |          Error^2           |         Efficiency         |
-------------------------------------------------------------------
|   2   | 1.54973834696237638120e-36 | 2.77954025112954800000e+15 |
|   4   | 1.37634105841549921393e-38 | 1.02056643667996125000e+14 |
|   6   | 3.03436132346659902043e-40 | 2.37833389155300927734e+12 |
|   8   | 3.70876770368883054859e-10 | 7.44378486148160665423e-06 |
-------------------------------------------------------------------

Scheme evaluation results:
Order: 8, No. cycles: 17
-------------------------------------------------------------------
Vector a: -0.28687799400289071272, 0.55226891754506290955, -0.59231271096475512916, 0.08239291967901730962, 0.99041206992008934407, -0.72684771079931587145, -0.02181950299017866232, 0.94436488302616372614, 0.05841912858680705506
Vector b: -0.70435801890185623098, 0.83496004979793103651, 0.26957778529219483810, -1.45420320722170526295, 1.61898904657973985444, 0.36183509326043894472, -1.81553051485907057661, 1.77189150887871327278, 0.11683825717361412400
-------------------------------------------------------------------
| Order |          Error^2           |         Efficiency         |
-------------------------------------------------------------------
|   2   | 4.78010932150481599234e-40 | 1.58264402577794048000e+17 |
|   4   | 7.01201540814949059065e-42 | 4.52150362766466700000e+15 |
|   6   | 6.63968165848676703416e-44 | 1.60780303075942187500e+14 |
|   8   | 3.72572347323387478786e-10 | 7.42682721144304345472e-06 |
-------------------------------------------------------------------

Scheme evaluation results:
Order: 8, No. cycles: 17
-------------------------------------------------------------------
Vector a: -0.46875909493702511144, 1.28254477705615266281, -0.00285138621408432928, -0.72732080159178180701, -0.48176835210185980918, 0.15902794930491465086, 0.94212280016853267028, 0.21450465541995883401, 0.08249945289519235170
Vector b: -0.85751316037848757112, 0.77750813088292525244, 1.78758142322937918500, -1.79328419565754781928, 0.33864259247398448283, -1.30217929667770371260, 1.62023519528753312535, 0.26401040504953254828, 0.16499890579038478666
-------------------------------------------------------------------
| Order |          Error^2           |         Efficiency         |
-------------------------------------------------------------------
|   2   | 2.18701211846559930186e-39 | 7.39906022821912960000e+16 |
|   4   | 2.58390218905035631191e-40 | 7.44845639338553125000e+14 |
|   6   | 4.40019183357226796019e-42 | 1.97501621877744570312e+13 |
|   8   | 3.74206142073892821481e-10 | 7.41059660591852602664e-06 |
-------------------------------------------------------------------

Scheme evaluation results:
Order: 8, No. cycles: 17
-------------------------------------------------------------------
Vector a: -0.15858324068624166103, 0.68314752641019416135, 0.31780126653473894649, -0.42652317489555108265, -0.45392977473252876797, 0.37737736307542835146, -0.25878032005936690840, 0.22772681761648297383, 0.69176353673684398693
Vector b: -0.72345706441310886348, 1.12974764745373446040, 0.23654740536665380679, 0.39905512770282403068, -1.25210147749392608496, 0.34424192802886866005, 0.41051279812198809838, -0.92807343824072197069, 1.38352707347368797386
-------------------------------------------------------------------
| Order |          Error^2           |         Efficiency         |
-------------------------------------------------------------------
|   2   | 2.06629866355480226010e-40 | 2.40716361251816064000e+17 |
|   4   | 1.01173749124251792521e-42 | 1.19033825917582540000e+16 |
|   6   | 2.61103025992437014798e-44 | 2.56389667552682250000e+14 |
|   8   | 3.76983419819012995039e-10 | 7.38324880975156155004e-06 |
-------------------------------------------------------------------

Scheme evaluation results:
Order: 8, No. cycles: 17
-------------------------------------------------------------------
Vector a: 1.26673133057459263995, -0.02187219679706921618, -1.11049422904542072210, -0.76531583013404991256, 0.70213281894464518729, 0.76437043319853514856, -1.01024780222609256164, -0.01862547114779565874, 1.19332094663265508849
Vector b: 1.08288612976075904193, 0.36769040162766708502, -0.41143479522180548269, -1.80955366286903585049, 0.27892200260093630293, 1.12534363528835412716, 0.40339723110871633649, -2.42389283556090129323, 2.38664189326531017699
-------------------------------------------------------------------
| Order |          Error^2           |         Efficiency         |
-------------------------------------------------------------------
|   2   | 3.12240686937170119304e-39 | 6.19237730630092320000e+16 |
|   4   | 3.52118278115540033582e-41 | 2.01771596235546675000e+15 |
|   6   | 2.89327147639904287381e-42 | 2.43563316466418320312e+13 |
|   8   | 3.78512289859140431815e-10 | 7.36832267682197509108e-06 |
-------------------------------------------------------------------

Scheme evaluation results:
Order: 8, No. cycles: 17
-------------------------------------------------------------------
Vector a: -0.05748826051370246881, 0.54550451589820736498, -0.10851177847696638623, -0.48991293179223649457, -0.64969563291011034334, 0.28978004854057420880, 0.70612193761246133672, 0.63391102038706859112, 0.13029108125470414969
Vector b: -0.95856530606722756271, 1.80215409110705016005, -0.71114505931063531907, 0.49412150235670249110, -1.47394736594117548023, 0.17455610012095484906, 0.40500399696019356854, 1.00723987826472893836, 0.26058216250940829939
-------------------------------------------------------------------
| Order |          Error^2           |         Efficiency         |
-------------------------------------------------------------------
|   2   | 3.58732406867153170156e-41 | 5.77719267004358528000e+17 |
|   4   | 3.33815568548377516614e-43 | 2.07229233546912080000e+16 |
|   6   | 2.04483606016197556982e-45 | 9.16172441665333000000e+14 |
|   8   | 3.92278282626533936566e-10 | 7.23788196397574519985e-06 |
-------------------------------------------------------------------

Scheme evaluation results:
Order: 8, No. cycles: 17
-------------------------------------------------------------------
Vector a: -0.52858027011190089617, 0.93318023631459590117, -0.03637127587125417449, -0.52116734165983846783, -0.32808761883095083345, -0.55635831518492928627, 0.76541037068441930558, 1.00620580763367040156, 0.26576840702618798051
Vector b: -0.72372077420699720829, 0.39028100819019273526, 1.47607946443899895606, -1.54882201618150738831, 0.50648733286183045266, -1.16266257052373211955, 0.04994594015387373437, 1.48087480121496484209, 0.53153681405237596103
-------------------------------------------------------------------
| Order |          Error^2           |         Efficiency         |
-------------------------------------------------------------------
|   2   | 5.79711569497319522973e-40 | 1.43713039042547840000e+17 |
|   4   | 9.14907767357673065606e-42 | 3.95836335239608150000e+15 |
|   6   | 1.30307853074187662475e-43 | 1.14768096057256234375e+14 |
|   8   | 4.05452692715020462388e-10 | 7.11932033389389306335e-06 |
-------------------------------------------------------------------

Scheme evaluation results:
Order: 8, No. cycles: 17
-------------------------------------------------------------------
Vector a: -0.42049473462876590935, 0.57443329997883607607, 0.42260925874723970219, -0.38295857192183113682, -0.82372768441051857913, -0.11386734844786890186, 0.85099748337495706441, 0.79117129332385760510, 0.10183700398409410715
Vector b: -0.73755734586598720171, 0.63412522247444258472, 0.51474137748322956742, 0.33047714001124989247, -1.09639428385491211060, -0.55106108496612504766, 0.32332638807038727169, 1.37866857867952696814, 0.20367400796818821429
-------------------------------------------------------------------
| Order |          Error^2           |         Efficiency         |
-------------------------------------------------------------------
|   2   | 1.43492962746861268063e-41 | 9.13454365948366976000e+17 |
|   4   | 7.02313274088794255734e-43 | 1.42869286568111060000e+16 |
|   6   | 5.77324687848749618636e-44 | 1.72423480345457906250e+14 |
|   8   | 4.11446239066158492018e-10 | 7.06727646013241647699e-06 |
-------------------------------------------------------------------

Scheme evaluation results:
Order: 8, No. cycles: 17
-------------------------------------------------------------------
Vector a: 0.43754593613721409762, -0.14798006733213298070, -0.33526527360579755355, -0.20146965088715992898, 0.92634731534444370027, -0.97025339576400460029, -0.05040304422532486395, 1.24128106433877594128, 0.10019711599398607726
Vector b: 1.15684409928904297082, -1.43859632630365763539, 1.14263619163939167400, -1.81316673885098689212, 1.41022743707666697865, 0.44246719361222042188, -2.38297398514022962246, 2.28216789668957975579, 0.20039423198797215453
-------------------------------------------------------------------
| Order |          Error^2           |         Efficiency         |
-------------------------------------------------------------------
|   2   | 7.45732927395438010121e-39 | 4.00691839323043040000e+16 |
|   4   | 9.54608304475075539247e-42 | 3.87517848640353100000e+15 |
|   6   | 4.96508683515045442068e-43 | 5.87953591462691796875e+13 |
|   8   | 4.17762395716669883611e-10 | 7.01364784963059093579e-06 |
-------------------------------------------------------------------

Scheme evaluation results:
Order: 8, No. cycles: 17
-------------------------------------------------------------------
Vector a: 0.14392778245891180156, -0.71593991840417814387, 0.66420170656689514477, 0.72781367905129312756, -1.02049571307318753810, -1.54438186693035794939, -0.00192304914518920031, 1.53488804172871184939, 1.21190933774710063453
Vector b: 0.99524012910906223262, -1.70262469330030086212, 0.27074485649194413028, 1.05765855664184615925, 0.39796880146074015139, -2.43896022760711561617, -0.64980350625360172589, 0.64595740796322331789, 2.42381867549420215724
-------------------------------------------------------------------
| Order |          Error^2           |         Efficiency         |
-------------------------------------------------------------------
|   2   | 4.07060836720296045240e-36 | 1.71503306230158550000e+15 |
|   4   | 3.21304565664115901082e-39 | 2.11225266183592343750e+14 |
|   6   | 1.62280078887315709746e-40 | 3.25217469788908251953e+12 |
|   8   | 4.21517154280622115525e-10 | 6.98234015318471619319e-06 |
-------------------------------------------------------------------

Scheme evaluation results:
Order: 8, No. cycles: 17
-------------------------------------------------------------------
Vector a: -0.06993120559268906078, 1.00716053120317394765, -0.86595767255242295235, -0.61444106700017986356, -0.25322893490337955447, -0.04416003051538846397, 0.96886023724360370579, 0.70530151274362806735, 0.16639662937365404249
Vector b: -1.10772189286246747209, 2.07558137453955682261, -0.06126031213320893426, -1.67065503297163697738, 0.44177289897127725027, -0.94823076877803635920, 0.85991070774725941739, 1.07780976673994799420, 0.33279325874730808499
-------------------------------------------------------------------
| Order |          Error^2           |         Efficiency         |
-------------------------------------------------------------------
|   2   | 1.73985217330569287526e-39 | 8.29556522272877280000e+16 |
|   4   | 1.44316225594652098092e-42 | 9.96659322789244600000e+15 |
|   6   | 1.27265359476218993221e-43 | 1.16131856143004250000e+14 |
|   8   | 4.87743469532002367511e-10 | 6.49101925365561074937e-06 |
-------------------------------------------------------------------

Scheme evaluation results:
Order: 8, No. cycles: 17
-------------------------------------------------------------------
Vector a: -0.08430728146137353440, 0.36143645063317197952, -0.11097793531641982068, -0.19966344996021473390, -0.89933296705197107723, 0.69171856428066269551, 0.88743836362220962499, 0.28274394974640432165, 0.07094430550753051679
Vector b: -1.27247102940004852556, 2.37632749587735014885, -1.65345459461100596776, 1.43149872397816646519, -1.83082562389859582197, 0.03215968979465371608, 1.35127743876667172351, 0.42359928847774758198, 0.14188861101506103357
-------------------------------------------------------------------
| Order |          Error^2           |         Efficiency         |
-------------------------------------------------------------------
|   2   | 2.42503107042195543026e-40 | 2.22199718078599424000e+17 |
|   4   | 2.54402451904894777936e-42 | 7.50660680442786000000e+15 |
|   6   | 2.56481799103908170450e-44 | 2.58689139403932625000e+14 |
|   8   | 5.00034918812499901225e-10 | 6.41074440922735458469e-06 |
-------------------------------------------------------------------

Scheme evaluation results:
Order: 8, No. cycles: 17
-------------------------------------------------------------------
Vector a: -0.09898790710873195398, 1.10274117655026393514, -0.83904386991647550431, -0.34165017110203810269, 0.71980684343059764263, 0.32980122489895019600, -1.25480153017159667961, 0.00353345540329095750, 1.37860077801573965850
Vector b: -1.18885137150093367353, 2.17972692878440366115, 0.02575542431612399055, -1.70384316414907499571, 1.02054282194499879033, 0.41907086491619643942, 0.24053158488170392482, -2.75013464522489714525, 2.75720155603147931700
-------------------------------------------------------------------
| Order |          Error^2           |         Efficiency         |
-------------------------------------------------------------------
|   2   | 1.28225311510595229141e-38 | 3.05573209595264640000e+16 |
|   4   | 4.13999618300123955434e-41 | 1.86081990979549725000e+15 |
|   6   | 1.05858492421908327935e-41 | 1.27333776405655058594e+13 |
|   8   | 5.06249282395933382216e-10 | 6.37127599692939424944e-06 |
-------------------------------------------------------------------

Scheme evaluation results:
Order: 8, No. cycles: 17
-------------------------------------------------------------------
Vector a: 0.21713570898742592941, 0.24740047202621284761, -0.40319512290031922497, 0.38101217166333312125, -0.62804338763523326339, -0.78196208211746109917, 0.70179317120739859170, 0.95855593418615725465, 0.30730313458248592617
Vector b: -0.61001299151648424868, 1.65429740100782041168, -1.15949645695539471646, 0.35310621115475621101, 0.40891813217191003149, -1.66500490744237672480, 0.10108074320745440156, 1.30250559920734265695, 0.61460626916497185235
-------------------------------------------------------------------
| Order |          Error^2           |         Efficiency         |
-------------------------------------------------------------------
|   2   | 1.13933412421007846842e-39 | 1.02512448016640384000e+17 |
|   4   | 2.37450024779840252668e-42 | 7.76994965582546200000e+15 |
|   6   | 2.21004739791043345007e-44 | 2.78679920376190375000e+14 |
|   8   | 5.11791288139800571956e-10 | 6.33668596093844530709e-06 |
-------------------------------------------------------------------

Scheme evaluation results:
Order: 8, No. cycles: 17
-------------------------------------------------------------------
Vector a: 1.01075110690674563330, -0.00524307740022587117, -0.27526049553563541883, 0.07714809116037776859, -1.34479827014194741608, -0.30624847272081734406, 0.64645922143828882245, 0.75387355681352086201, 0.44331833947969301324
Vector b: -0.03906019570571097471, 2.09962260522491384052, -2.11010876002536562623, 1.55958776895409489960, -1.40529158663333930690, -1.28430495365055685753, 0.67180800820892216940, 0.62111043466765603061, 0.88663667895938580443
-------------------------------------------------------------------
| Order |          Error^2           |         Efficiency         |
-------------------------------------------------------------------
|   2   | 1.65179599480052849578e-35 | 8.51380997933982125000e+14 |
|   4   | 3.39160471215928450127e-39 | 2.05589864117470968750e+14 |
|   6   | 4.31981784692353353029e-41 | 6.30338384818629199219e+12 |
|   8   | 5.31837605317296740245e-10 | 6.21611596443894726588e-06 |
-------------------------------------------------------------------

Scheme evaluation results:
Order: 8, No. cycles: 17
-------------------------------------------------------------------
Vector a: 0.48704908037303423773, -0.08473187373098675645, -0.38952172773586596355, -0.96565829429057736810, 0.73509842241844236543, 0.97156450343030831274, -1.11647865298035853243, -0.01335030554823627910, 1.37602884806423997333
Vector b: 1.18435194027898393898, -1.39460571981189951352, 1.22514197234992594510, -2.00418542782165776117, 0.07286883924050338579, 1.39732800559638148385, 0.54580100126423525264, -2.77875830722495242853, 2.75205769612847950256
-------------------------------------------------------------------
| Order |          Error^2           |         Efficiency         |
-------------------------------------------------------------------
|   2   | 1.40049131640936597629e-38 | 2.92389617442776720000e+16 |
|   4   | 2.64228838433087506893e-41 | 2.32923982335194700000e+15 |
|   6   | 6.06948960809928136719e-42 | 1.68162976436969746094e+13 |
|   8   | 5.84353131607696284120e-10 | 5.93022185565973592879e-06 |
-------------------------------------------------------------------

Scheme evaluation results:
Order: 8, No. cycles: 17
-------------------------------------------------------------------
Vector a: 0.43978480887868809379, -0.00856410324234200063, -1.25153119400486256829, 0.61479998469192265187, 0.71162004286802715836, -0.87143671838192315882, 0.04770302724896844510, 1.18817318438738239728, 0.12945096755413898482
Vector b: -0.84594469491007984185, 2.57145900757753587129, -2.58858721406221992112, 0.08552482605249492331, 1.14407514333135029716, 0.27916494240470396404, -2.02203837916855011514, 2.11744443366648704696, 0.25890193510827785861
-------------------------------------------------------------------
| Order |          Error^2           |         Efficiency         |
-------------------------------------------------------------------
|   2   | 8.53499012277585759662e-37 | 3.74542103995662450000e+15 |
|   4   | 1.15372143070560940589e-40 | 1.11468930576115387500e+15 |
|   6   | 2.19656418997866678374e-42 | 2.79533924729655703125e+13 |
|   8   | 6.59620387425213114468e-10 | 5.58163706388189802564e-06 |
-------------------------------------------------------------------

Scheme evaluation results:
Order: 8, No. cycles: 17
-------------------------------------------------------------------
Vector a: -0.15995173414761901243, 0.88693296443202829238, 0.29574745239128374941, -0.60001257251168138573, -0.40091657519159168421, 0.43900655185712916806, -0.35461202980758066428, 0.16421305770086622178, 0.72959288527716525952
Vector b: -0.78028000295668464847, 1.24065653761813132760, 0.53320939124592525715, 0.05828551353664229717, -1.25831065856000501313, 0.45647750817682158919, 0.42153559553743674693, -1.13075965515259824201, 1.45918577055433051903
-------------------------------------------------------------------
| Order |          Error^2           |         Efficiency         |
-------------------------------------------------------------------
|   2   | 4.59177480789956057800e-41 | 5.10636514151129472000e+17 |
|   4   | 2.53354762349926926423e-42 | 7.52211170295190900000e+15 |
|   6   | 1.84360039782148204899e-44 | 3.05121685770195625000e+14 |
|   8   | 6.93637904114318454679e-10 | 5.44304870337443724623e-06 |
-------------------------------------------------------------------

Scheme evaluation results:
Order: 8, No. cycles: 17
-------------------------------------------------------------------
Vector a: -0.82367151616790346136, 1.23567605080451925481, -0.01081809618721494767, -0.65125003464388975249, 0.68062960508791914283, -0.78343419545892001299, 0.07490884919090995409, 1.13374782449279765117, 0.14421151288178221672
Vector b: -0.86947929038901405896, 0.09161554844222140337, 2.37973655316681664829, -2.40137274554124635628, 1.09887267625346707334, 0.26238653392237126782, -1.82925492484021101625, 1.97907262322203103544, 0.28842302576356437793
-------------------------------------------------------------------
| Order |          Error^2           |         Efficiency         |
-------------------------------------------------------------------
|   2   | 5.76985203205129158880e-39 | 4.55532974263844640000e+16 |
|   4   | 3.81875288911247625588e-41 | 1.93750814284216500000e+15 |
|   6   | 1.42098784795000607610e-42 | 3.47545195987573554688e+13 |
|   8   | 7.18649987850337243120e-10 | 5.34748921923103671461e-06 |
-------------------------------------------------------------------

Scheme evaluation results:
Order: 8, No. cycles: 17
-------------------------------------------------------------------
Vector a: -0.53991412775428182513, 0.51035201539319285935, 0.86957919929425997463, 0.64645247925647819631, -0.65179696392884378664, -1.25278964422287342195, 0.17195572820681781501, 1.00886456014684666727, 0.23729675360840357667
Vector b: -0.82575882114728826888, 0.57168938678601277648, 0.44901464400037294222, 1.29014375458814689601, 0.00276120392480907898, -1.30635513178249618171, -1.19922415666325066219, 1.54313561307688629221, 0.47459350721680715335
-------------------------------------------------------------------
| Order |          Error^2           |         Efficiency         |
-------------------------------------------------------------------
|   2   | 2.72292246108443942276e-37 | 6.63108385688963400000e+15 |
|   4   | 2.38290803858435142911e-41 | 2.45273525361676850000e+15 |
|   6   | 2.29564778738620287155e-42 | 2.73434835927669921875e+13 |
|   8   | 7.64370675122604944365e-10 | 5.18509383697336261970e-06 |
-------------------------------------------------------------------

Scheme evaluation results:
Order: 8, No. cycles: 17
-------------------------------------------------------------------
Vector a: -1.11477628399389838698, 1.06528088956680733190, 0.60035117873472321204, -0.10082396482092331746, -0.49957687181721305292, -0.76611330289789070225, 0.65397493872937706438, 0.86418172309882534954, 0.29750169340019244624
Vector b: -1.12505068989363743448, 0.02054881179947801173, 2.11001296733413656881, -0.90931060986469025575, 0.70766268022284362083, -1.70681642385726961564, 0.17458981806148837768, 1.13336005939726569558, 0.59500338680038489247
-------------------------------------------------------------------
| Order |          Error^2           |         Efficiency         |
-------------------------------------------------------------------
|   2   | 1.83929279648926773403e-38 | 2.55138925542635480000e+16 |
|   4   | 5.47221063303484314366e-41 | 1.61853804268900950000e+15 |
|   6   | 3.53526502675423995165e-43 | 6.96779690101226406250e+13 |
|   8   | 8.65941178253812104468e-10 | 4.87151936042692810744e-06 |
-------------------------------------------------------------------

Scheme evaluation results:
Order: 8, No. cycles: 17
-------------------------------------------------------------------
Vector a: -0.18135631889569928110, 0.88433029833681897625, -1.05498610748615395671, 0.20274397757865103564, 0.11975322667550275524, -0.84850152617878860095, 0.62957949907147314761, 0.86380841507769601240, 0.38462853582049993939
Vector b: -1.20476232962875484667, 2.04681202146611118664, -0.27815142479247317864, -1.83182079017983490132, 2.23730874533713697261, -1.99780229198613135111, 0.30079923962855426023, 0.95835975851439214601, 0.76925707164099987878
-------------------------------------------------------------------
| Order |          Error^2           |         Efficiency         |
-------------------------------------------------------------------
|   2   | 3.63898153526040175807e-39 | 5.73604079356269440000e+16 |
|   4   | 3.83675519532134914019e-42 | 6.11254781738937300000e+15 |
|   6   | 2.33455544243772119113e-43 | 8.57441255460402500000e+13 |
|   8   | 8.86050843116147022705e-10 | 4.81592048122200986856e-06 |
-------------------------------------------------------------------

Scheme evaluation results:
Order: 8, No. cycles: 17
-------------------------------------------------------------------
Vector a: -0.21221207799375474412, 0.13015416112016831018, 0.26611470402353903930, 0.11560096523264506985, -0.49244417405955165368, 0.98274084618218637832, -0.15240263910587986684, -0.09602343987488008714, 0.45847165447552756801
Vector b: -1.26494506532023942569, 2.10546597465296914109, -1.84515765241263252072, 2.37738706045971071035, -2.14618512999442057065, 1.16129678187531726330, 0.80418491048905560437, -1.10899018870081533805, 0.91694330895105513601
-------------------------------------------------------------------
| Order |          Error^2           |         Efficiency         |
-------------------------------------------------------------------
|   2   | 7.40710673699297865739e-39 | 4.02047953471679600000e+16 |
|   4   | 1.15158707798213466889e-41 | 3.52822215708982250000e+15 |
|   6   | 1.78291965841296329804e-43 | 9.81161695359811875000e+13 |
|   8   | 9.01018847513169275243e-10 | 4.77575117437199590250e-06 |
-------------------------------------------------------------------

Scheme evaluation results:
Order: 8, No. cycles: 17
-------------------------------------------------------------------
Vector a: -0.54635049335213092814, 0.49597574302041419481, -0.42778750150151501064, 0.17364726218901810340, 1.05963211555196457070, 0.88127523150036479738, 0.61178077958037835327, -0.62580265129875312091, -0.62237048568974107088
Vector b: -0.85019117082208783831, 0.60768135493991382035, 0.38427013110091456927, -1.23984513410394470156, 1.58713965848198079733, 0.53212457262194812202, 1.23042589037878147273, -0.00686433121802453722, -1.24474097137948169767
-------------------------------------------------------------------
| Order |          Error^2           |         Efficiency         |
-------------------------------------------------------------------
|   2   | 1.03810844856993265547e-36 | 3.39610253895234800000e+15 |
|   4   | 2.48133524271852658017e-40 | 7.60084003369666250000e+14 |
|   6   | 8.37933484793438766857e-41 | 4.52586607812251367188e+12 |
|   8   | 9.26819489144748303440e-10 | 4.70880873295063824807e-06 |
-------------------------------------------------------------------

Scheme evaluation results:
Order: 8, No. cycles: 17
-------------------------------------------------------------------
Vector a: -1.05910835569794503641, 0.97260302638673179487, 0.19552444269689242540, -0.66673576345253626751, -0.30587584920360477714, -0.05028050418854121406, 0.86623071818563468494, 0.76914933991621037279, 0.27849294535715807264
Vector b: -1.04947219732372953871, -0.01927231674843118622, 1.96447836952189480719, -1.57342948412810978986, 0.23995795722303739361, -0.85170965563024692013, 0.75114864725316454752, 0.98131278911810471133, 0.55698589071431614528
-------------------------------------------------------------------
| Order |          Error^2           |         Efficiency         |
-------------------------------------------------------------------
|   2   | 2.26144909289053358467e-39 | 7.27626904987548960000e+16 |
|   4   | 1.58669025115499036941e-41 | 3.00578724913939500000e+15 |
|   6   | 1.05037557659090576612e-43 | 1.27830404815763968750e+14 |
|   8   | 9.57226937815081644149e-10 | 4.63341470945864998939e-06 |
-------------------------------------------------------------------

Scheme evaluation results:
Order: 8, No. cycles: 17
-------------------------------------------------------------------
Vector a: -0.06721168813056282998, 0.52726396298374655913, -0.51192076095179050998, 0.47901276383997143382, -0.52884077722360944840, -0.89726529533153964735, 0.74738659260452922073, 0.98271648749402507050, 0.26885871471523015153
Vector b: -1.18345583797240694324, 2.23248829968368811549, -1.17796037371619499723, 0.15411885181261381073, 0.80390667586732911243, -1.86158823031454789820, 0.06705763965146871453, 1.42771554555758983795, 0.53771742943046030305
-------------------------------------------------------------------
| Order |          Error^2           |         Efficiency         |
-------------------------------------------------------------------
|   2   | 5.29489032535918079151e-39 | 4.75525348812426320000e+16 |
|   4   | 2.52934372810629481302e-42 | 7.52836017007086200000e+15 |
|   6   | 4.08446450556280750564e-44 | 2.04992942094484062500e+14 |
|   8   | 9.73038356690491021658e-10 | 4.59561511149595638569e-06 |
-------------------------------------------------------------------

Scheme evaluation results:
Order: 8, No. cycles: 17
-------------------------------------------------------------------
Vector a: 0.69935416850750398154, 0.07427470264148837431, -2.07706593925268023781, -0.00043727041194699037, 0.77277705883104530482, -0.31086125971104761057, 0.64301433439162958283, 0.75721060342237189733, 0.44173360158163588185
Vector b: -0.04037355188173143844, 1.47945544077846924402, -1.33090603549549246765, -2.82322584300986667571, 2.82235130218597252139, -1.27679718452388102357, 0.65507466510178591346, 0.63095400368147147585, 0.88346720316327231881
-------------------------------------------------------------------
| Order |          Error^2           |         Efficiency         |
-------------------------------------------------------------------
|   2   | 9.34007059161969545232e-35 | 3.58036314445204500000e+14 |
|   4   | 4.37570831742562416887e-38 | 5.72374309049241796875e+13 |
|   6   | 2.42157475356197212894e-39 | 8.41894227263709716797e+11 |
|   8   | 9.89871190994418481200e-10 | 4.55637317726628906616e-06 |
-------------------------------------------------------------------

Scheme evaluation results:
Order: 8, No. cycles: 17
-------------------------------------------------------------------
Vector a: 0.25492965413808627018, -0.31944703920432859778, 0.64251962523162631236, -0.64499345162656585018, -1.15996836212903642327, -0.01259516281232972434, 1.07834381182793159759, 1.00956000390228073371, 0.15165092067233562623
Vector b: 0.93495129948188693270, -1.36004329068760121402, 0.72114921227894412947, 0.56389003818430838422, -1.85387694143744008457, -0.46605978282063253992, 0.44086945719597309123, 1.71581816645989015946, 0.30330184134467125245
-------------------------------------------------------------------
| Order |          Error^2           |         Efficiency         |
-------------------------------------------------------------------
|   2   | 1.47582512185146814202e-39 | 9.00709426371043360000e+16 |
|   4   | 2.22137335810930814126e-41 | 2.54034987611711950000e+15 |
|   6   | 6.87523009376380623148e-43 | 4.99646504063197578125e+13 |
|   8   | 1.02626661859420163909e-09 | 4.47485046892797078507e-06 |
-------------------------------------------------------------------

Scheme evaluation results:
Order: 8, No. cycles: 17
-------------------------------------------------------------------
Vector a: -0.90518603365966521235, 0.30292081731616682383, 0.65139049043570362851, 0.64904243309152465091, -0.69087348269821857727, -0.69836957546909284034, -0.10538664977278563994, 0.78527631747033355136, 1.01118568328603375406
Vector b: -1.07773998481786414949, 0.34510790231639798531, 0.26073373231593560684, 1.04204724855547170570, 0.25603761762757770715, -1.63778458302401497271, 0.24104543208582918101, -0.45181873163140046090, 2.02237136657206750812
-------------------------------------------------------------------
| Order |          Error^2           |         Efficiency         |
-------------------------------------------------------------------
|   2   | 1.83771885805413809949e-40 | 2.55248160699346848000e+17 |
|   4   | 2.71351375783788491162e-41 | 2.29846714697352100000e+15 |
|   6   | 9.53748503864591864866e-43 | 4.24218434439356562500e+13 |
|   8   | 1.14644070972876859596e-09 | 4.23382428146873057066e-06 |
-------------------------------------------------------------------

Scheme evaluation results:
Order: 8, No. cycles: 17
-------------------------------------------------------------------
Vector a: -0.52921661574781420079, 1.05784928562996505264, 0.75980325179391339230, -0.75978246110289893167, -0.55148258477604772398, -0.39745494265267755640, 0.17310051763216188769, 1.01526514320691885196, 0.23191840601647917275
Vector b: -0.83175405016261494406, 0.60507486882960148655, 1.51062370243032884076, 0.00898280115749797159, -1.52854772336329580718, 0.42558255381120035921, -1.22049243911655547201, 1.56669347438087913638, 0.46383681203295834550
-------------------------------------------------------------------
| Order |          Error^2           |         Efficiency         |
-------------------------------------------------------------------
|   2   | 1.71043611594258631531e-38 | 2.64574953328357320000e+16 |
|   4   | 1.89581669238504501525e-41 | 2.74983188278960250000e+15 |
|   6   | 5.07725953598772466039e-43 | 5.81422440537531640625e+13 |
|   8   | 1.19629944432105760150e-09 | 4.14465779278071163222e-06 |
-------------------------------------------------------------------

Scheme evaluation results:
Order: 8, No. cycles: 17
-------------------------------------------------------------------
Vector a: -0.55825368615625092783, 0.12073890337557716124, 0.59681106420702501048, 0.52421288845551072821, -0.33537699243164603713, -0.62618685470378909752, -0.51894539418962026822, 1.14093130566067157972, 0.65606876578252160126
Vector b: -1.31939248557594090983, 1.52227759883938018604, -1.28079979208822569703, 2.47442192050227571798, -1.42599614359125426155, 0.75524215872796229831, -2.00761586813554071540, 0.96972507975630006793, 1.31213753156504320252
-------------------------------------------------------------------
| Order |          Error^2           |         Efficiency         |
-------------------------------------------------------------------
|   2   | 1.39188173864455430021e-39 | 9.27472387490236000000e+16 |
|   4   | 2.58315358913636778854e-41 | 2.35575000046842350000e+15 |
|   6   | 1.18460507041362330358e-42 | 3.80644604434009062500e+13 |
|   8   | 1.23240091290775132663e-09 | 4.08350059587858968114e-06 |
-------------------------------------------------------------------

Scheme evaluation results:
Order: 8, No. cycles: 17
-------------------------------------------------------------------
Vector a: -0.22684567855043982765, -0.47787774779637187672, 0.19912104677162378863, 0.27563043047291202470, -0.56710347877469491351, 1.49573580344229895012, -0.11316818792009393502, -0.41574929228347357046, 0.83025710463823931828
Vector b: -0.75547838767073116628, 1.05726541824058273278, -2.01302091383332637520, 2.41126300737657395246, -1.86000214643075012511, 0.72579518888136018706, 2.26567641800323782419, -2.49201279384342555545, 1.66051420927647863657
-------------------------------------------------------------------
| Order |          Error^2           |         Efficiency         |
-------------------------------------------------------------------
|   2   | 1.94870618058374945092e-38 | 2.47872858965162080000e+16 |
|   4   | 1.11916103151765840186e-40 | 1.13176960050535775000e+15 |
|   6   | 2.94096066347876935983e-41 | 7.63944597341878027344e+12 |
|   8   | 1.23451253568484281750e-09 | 4.08000670533985839366e-06 |
-------------------------------------------------------------------

Scheme evaluation results:
Order: 8, No. cycles: 17
-------------------------------------------------------------------
Vector a: 0.38634638762455636440, 0.02957326446206680337, -0.56078457464300490720, 0.57455937705079540567, 0.42563744573996376008, -0.79749794407492580195, -0.98260152610242468274, 0.96188266143279010922, 0.96288490851018282424
Vector b: -0.53703471774145317141, 1.84676221073201918266, -1.78761568180788543714, 0.66604653252187573376, 0.48307222157971518861, 0.36820266990021222053, -1.96319855805006393545, -0.00200449415478544390, 1.92576981702036564847
-------------------------------------------------------------------
| Order |          Error^2           |         Efficiency         |
-------------------------------------------------------------------
|   2   | 5.42066190720680469297e-38 | 1.48619568791653800000e+16 |
|   4   | 9.86514118884671217930e-41 | 1.20545960541843725000e+15 |
|   6   | 2.17806666697511977118e-42 | 2.80718404862390859375e+13 |
|   8   | 1.24445744882514408047e-09 | 4.06367159444800909627e-06 |
-------------------------------------------------------------------

Scheme evaluation results:
Order: 8, No. cycles: 17
-------------------------------------------------------------------
Vector a: -0.08165996471751875430, 1.20729818365369534483, -0.99371689446456745731, -1.64708195487278508118, -0.00136924151479662546, 0.76236019099468832483, 0.70843476738053590136, 0.82771639238355021462, 0.21801852115719830283
Vector b: -1.30058562431829738415, 2.43785131920155695440, -0.02325495189416757966, -1.96417883703496642944, -1.32998507271060284474, 1.32724658968100950318, 0.19747379230836692443, 1.21939574245270421216, 0.43603704231439643912
-------------------------------------------------------------------
| Order |          Error^2           |         Efficiency         |
-------------------------------------------------------------------
|   2   | 4.16296043802684036452e-37 | 5.36291625687414800000e+15 |
|   4   | 3.14446470849863813856e-40 | 6.75197696626797375000e+14 |
|   6   | 2.48231939659373318085e-41 | 8.31529461922487597656e+12 |
|   8   | 1.26340501681965911193e-09 | 4.03308458465449765881e-06 |
-------------------------------------------------------------------

Scheme evaluation results:
Order: 8, No. cycles: 17
-------------------------------------------------------------------
Vector a: -0.07281661119640947533, 1.09395678434173659888, -0.55136974879842060027, -0.12238790642321427382, -0.42578330893883542529, -0.81802585375764924613, 0.66287913567491640876, 0.92248928093073934154, 0.31105822816713685208
Vector b: -1.15206461018322459111, 2.15849599797363023157, 0.02941757070984267822, -1.13215706830668394467, 0.88738125546025536927, -1.73894787333792621986, 0.10289616582262783862, 1.22286210552720486788, 0.62211645633427370417
-------------------------------------------------------------------
| Order |          Error^2           |         Efficiency         |
-------------------------------------------------------------------
|   2   | 2.94160573631065599528e-39 | 6.37984202981330480000e+16 |
|   4   | 1.04606930361847594344e-42 | 1.17064195648603180000e+16 |
|   6   | 1.02852615272825568146e-43 | 1.29181047601511359375e+14 |
|   8   | 1.26445478940741044454e-09 | 4.03141006817918532096e-06 |
-------------------------------------------------------------------

Scheme evaluation results:
Order: 8, No. cycles: 17
-------------------------------------------------------------------
Vector a: 0.36770778720522401262, 0.91066581884039254913, -0.87603259219589768581, -0.57506579992108675103, 0.59746072468269550981, 0.46275223313786639778, -0.79711322040813781253, -0.02583076925323929754, 0.93545581791218301859
Vector b: -0.54504296560786635872, 1.82550150562618052064, -0.00416986794539508498, -1.74789531644640061536, 0.59776371660422722432, 0.59715773276116390633, 0.32834673351456894475, -1.92257317433084473635, 1.87091163582436603718
-------------------------------------------------------------------
| Order |          Error^2           |         Efficiency         |
-------------------------------------------------------------------
|   2   | 1.88859877215112360150e-37 | 7.96218576306214800000e+15 |
|   4   | 2.29170102478760989800e-41 | 2.50106705181730650000e+15 |
|   6   | 2.42506810082863963880e-42 | 2.66038507195593789062e+13 |
|   8   | 1.29777416492795112192e-09 | 3.97932185224268110868e-06 |
-------------------------------------------------------------------

Scheme evaluation results:
Order: 8, No. cycles: 17
-------------------------------------------------------------------
Vector a: -0.35841111684143384108, 0.82694113593443574484, -0.83655250622220123091, 0.15607477131871724807, 1.14809019230333930750, -0.57230680613387552302, -0.46002165328512484299, 0.64884578249721136523, 0.44734020042893168911
Vector b: -1.11910976723297772573, 1.52139730078308765826, 0.13248497108578385917, -1.80558998353018629324, 2.11773952616762084489, 0.17844085843905799216, -1.32305447070680903821, 0.40301116413655929671, 0.89468040085786337823
-------------------------------------------------------------------
| Order |          Error^2           |         Efficiency         |
-------------------------------------------------------------------
|   2   | 1.12168448979221453245e-37 | 1.03315813563821240000e+16 |
|   4   | 6.38992099732116584341e-42 | 4.73648940442681300000e+15 |
|   6   | 1.66616474302906389719e-43 | 1.01495666906319125000e+14 |
|   8   | 1.33424766642702372289e-09 | 3.92455484831807292594e-06 |
-------------------------------------------------------------------

Scheme evaluation results:
Order: 8, No. cycles: 17
-------------------------------------------------------------------
Vector a: -0.21176987728999874250, 0.96582889623725010075, -0.82811661341583997498, 0.08412292864834125528, 0.31695049257875335114, -0.54593724264990117767, 0.60430264561034074955, 0.52868473437810858950, 0.08593403590294594607
Vector b: -1.06539863322759753572, 1.70725751187519758645, 0.22440028059930264281, -1.88063350743098278706, 2.04887936472766529761, -1.41497837957015848431, 0.32310389427035612897, 0.88550139695032525911, 0.17186807180589189215
-------------------------------------------------------------------
| Order |          Error^2           |         Efficiency         |
-------------------------------------------------------------------
|   2   | 1.04265574055938068906e-39 | 1.07159749053639824000e+17 |
|   4   | 5.03627762842764509053e-42 | 5.33518499580043400000e+15 |
|   6   | 6.46636967204540285119e-44 | 1.62920677447425562500e+14 |
|   8   | 1.39430108655079036233e-09 | 3.83910814507665692363e-06 |
-------------------------------------------------------------------

Scheme evaluation results:
Order: 8, No. cycles: 17
-------------------------------------------------------------------
Vector a: 0.73595022274139676455, -0.06716142923045201329, -0.83536854038996388727, -0.04743754886794097902, 1.16592755156277272377, -0.76344902793879565461, -0.33358847394846735668, 0.83365933529955327241, 0.31146791077189722730
Vector b: 1.08877734147527061026, -0.70565423746774791347, 0.57133137900684383137, -2.24206845978677149489, 2.14719336205088984215, 0.18466174107465560539, -1.71155979695224691461, 1.04438284905531220126, 0.62293582154379445459
-------------------------------------------------------------------
| Order |          Error^2           |         Efficiency         |
-------------------------------------------------------------------
|   2   | 1.94289471559250156957e-39 | 7.85014219908149760000e+16 |
|   4   | 5.27869131511158590617e-42 | 5.21124127909239000000e+15 |
|   6   | 3.43206177682462680854e-43 | 7.07178296311832187500e+13 |
|   8   | 1.41845467747801891575e-09 | 3.80628143839812760324e-06 |
-------------------------------------------------------------------

Scheme evaluation results:
Order: 8, No. cycles: 17
-------------------------------------------------------------------
Vector a: -0.58512798972253388108, 0.41936494380782896041, 0.57660189878756562543, 0.51508948752205263588, -0.54439437584066296960, -0.48537610319824425753, -0.16361114235419760288, 0.47403905290688469476, 0.79341422809130690563
Vector b: -0.84623476207704395602, 0.52221354470902026090, 0.31651634290663760440, 0.83668745466849359094, 0.19349152037561173634, -1.28228027205693773105, 0.31152806566044921599, -0.63875035036884453277, 1.58682845618261381127
-------------------------------------------------------------------
| Order |          Error^2           |         Efficiency         |
-------------------------------------------------------------------
|   2   | 1.79366203433576585078e-41 | 8.17018422641807104000e+17 |
|   4   | 1.35925951039507255880e-42 | 1.02695904497188760000e+16 |
|   6   | 8.15654235035316373978e-44 | 1.45061920877925500000e+14 |
|   8   | 1.42075535201186840607e-09 | 3.80319837319506087796e-06 |
-------------------------------------------------------------------

Scheme evaluation results:
Order: 8, No. cycles: 17
-------------------------------------------------------------------
Vector a: 0.15289167668348277451, -0.65996339371195689161, 0.70414582060578168043, 0.67975430532963210251, -1.02088453731128780966, -0.44637448531157908338, -0.00562197990747896875, 0.43049652706938207336, 1.16555606655402410610
Vector b: 0.99217409324904359824, -1.67856483313112159195, 0.35863804570720769771, 1.04965359550435555214, 0.30985501515490865287, -2.35162408977748427219, 1.45887511915432610543, -1.47011907896928395445, 2.33111213310804821219
-------------------------------------------------------------------
| Order |          Error^2           |         Efficiency         |
-------------------------------------------------------------------
|   2   | 5.01754712696204733260e-37 | 4.88490843051013800000e+15 |
|   4   | 6.30948646546892134354e-41 | 1.50732640798499750000e+15 |
|   6   | 2.56093383982475793770e-42 | 2.58885241118718945312e+13 |
|   8   | 1.44928285180909617654e-09 | 3.76558150462350669965e-06 |
-------------------------------------------------------------------

Scheme evaluation results:
Order: 8, No. cycles: 17
-------------------------------------------------------------------
Vector a: -0.57749500737631576097, -0.27198435131119980124, -0.07992778158082033957, 0.85246005650139022869, -0.29832991377062162419, -0.68949901253767398313, 0.78184960178022255839, 1.06777555167642401734, 0.21515085661859478794
Vector b: -0.91750448865788092334, 0.68001896256312999167, -1.22398766518552970517, 1.06413210202388897052, 0.64078801097889159788, -1.23744783852013506831, -0.14155018655521311999, 1.70524939011565845881, 0.43030171323718963139
-------------------------------------------------------------------
| Order |          Error^2           |         Efficiency         |
-------------------------------------------------------------------
|   2   | 6.76490398221940105218e-38 | 1.33036661784900200000e+16 |
|   4   | 1.72536625043073507879e-41 | 2.88246249477616000000e+15 |
|   6   | 2.13885879095477563563e-43 | 8.95808987210899218750e+13 |
|   8   | 1.46409662350391926786e-09 | 3.74648294092928576784e-06 |
-------------------------------------------------------------------

Scheme evaluation results:
Order: 8, No. cycles: 17
-------------------------------------------------------------------
Vector a: -0.68059161951143509750, 0.68846797630942080382, 0.81062570713935511169, -0.10135019642915889249, -0.20814262701061225780, -0.40996808296496894952, -0.76075769935507586705, 0.79040044732041414566, 0.87131609450206093381
Vector b: -0.93510028847141424269, 0.50901733791995829037, 0.86791861469888331726, 0.75333279957982701713, -0.95603319243814477435, 0.53974793841692025875, -1.35968410434685815780, -0.16183129436329346529, 1.74263218900412186763
-------------------------------------------------------------------
| Order |          Error^2           |         Efficiency         |
-------------------------------------------------------------------
|   2   | 5.63209878781430477146e-40 | 1.45803189804615904000e+17 |
|   4   | 1.93330142630573387190e-41 | 2.72304318438365850000e+15 |
|   6   | 2.82181688659049552443e-43 | 7.79905634024024062500e+13 |
|   8   | 1.51334158003153757908e-09 | 3.68502252271983871004e-06 |
-------------------------------------------------------------------

Scheme evaluation results:
Order: 8, No. cycles: 17
-------------------------------------------------------------------
Vector a: -0.09016604866041762201, 0.36601838124367608307, -0.81690696998842093901, 0.81854666178997737003, 0.72422771533019880685, -0.98305780391472163959, -0.16294137130191801988, 0.98835282766809950949, 0.15592660783352646492
Vector b: -1.37972013357406253498, 2.57910816982728974267, -1.84707140733993768755, 0.21325746736309589280, 1.42383585621685870848, 0.02461957444353878380, -1.99073518227298218441, 1.66485243966914597813, 0.31185321566705292984
-------------------------------------------------------------------
| Order |          Error^2           |         Efficiency         |
-------------------------------------------------------------------
|   2   | 3.53710153171013025774e-40 | 1.83983295682152224000e+17 |
|   4   | 7.99353192743287837895e-42 | 4.23482001988526350000e+15 |
|   6   | 1.80878015373134294255e-43 | 9.74122511121157500000e+13 |
|   8   | 1.52934302878219065183e-09 | 3.66569371648720570531e-06 |
-------------------------------------------------------------------

Scheme evaluation results:
Order: 8, No. cycles: 17
-------------------------------------------------------------------
Vector a: -0.65330233382216940097, 0.85636697627645508302, 0.55271516255173958054, -0.70810283841345078581, -0.40458361267075360068, -0.15510994440657374649, 0.43452398789456264661, 1.00202916329286373376, 0.07546343929732650391
Vector b: -0.99036671349858840241, 0.67412875935283789186, 1.03860519320007216315, 0.06682513190340702569, -1.48303080873030856957, 0.67386358338880147922, -0.98408347220194902771, 1.85313144799107432092, 0.15092687859465303557
-------------------------------------------------------------------
| Order |          Error^2           |         Efficiency         |
-------------------------------------------------------------------
|   2   | 7.39437173654919471985e-39 | 4.02394019264837920000e+16 |
|   4   | 8.01317200122193089321e-42 | 4.22962711978174050000e+15 |
|   6   | 2.53366162960978706931e-43 | 8.23061267216269375000e+13 |
|   8   | 1.52941445611860056986e-09 | 3.66560811712781749446e-06 |
-------------------------------------------------------------------

Scheme evaluation results:
Order: 8, No. cycles: 17
-------------------------------------------------------------------
Vector a: -0.86482221542716419815, 0.75410972395239239674, 0.63924216096500896533, 0.18912496435650508197, -0.74395502728886897525, -0.62622751779329799415, -0.09259430660405237878, 0.72593031268849950166, 1.01919190515097768390
Vector b: -1.08587496640819769489, 0.44210550196206721552, 1.06611394594271735592, 0.21237037598730043597, 0.16587955272570970022, -1.65378960730344748420, 0.40133457171685160692, -0.58652318492495636448, 2.03838381030195536781
-------------------------------------------------------------------
| Order |          Error^2           |         Efficiency         |
-------------------------------------------------------------------
|   2   | 2.08033406897347962788e-39 | 7.58639788589245120000e+16 |
|   4   | 3.52711202528257471805e-42 | 6.37521282795322000000e+15 |
|   6   | 1.11347194203505287284e-42 | 3.92614950122921562500e+13 |
|   8   | 1.57197814626802496085e-09 | 3.61564161949430983852e-06 |
-------------------------------------------------------------------

Scheme evaluation results:
Order: 8, No. cycles: 17
-------------------------------------------------------------------
Vector a: 0.64761365912626989161, -0.05652520439869921504, -0.66750885176391849818, -0.11590901337324939491, 1.08059251012246360091, -0.56622291908810362671, -0.47802192382391178738, 0.69966169933114374935, 0.45632004386800523177
Vector b: 1.07799087505781687746, -0.86075443186309397170, 0.74770402306569549999, -2.08272172659353271840, 1.85090369984703384532, 0.31028132039789357854, -1.44272715857410083196, 0.48668331092627720169, 0.91264008773601035251
-------------------------------------------------------------------
| Order |          Error^2           |         Efficiency         |
-------------------------------------------------------------------
|   2   | 3.93170717926399874491e-40 | 1.74506486469924256000e+17 |
|   4   | 8.30969989344616523058e-42 | 4.15347542085386250000e+15 |
|   6   | 5.74187262993807894777e-44 | 1.72893909406719625000e+14 |
|   8   | 1.58178919880749292706e-09 | 3.60441116384741633933e-06 |
-------------------------------------------------------------------

Scheme evaluation results:
Order: 8, No. cycles: 17
-------------------------------------------------------------------
Vector a: -0.42574694343674152064, -0.42057339236748142453, 0.46891891081816527986, 1.04268197419406849491, -0.01215234732163714138, -1.33351014367837805707, 0.20337022383345537691, 1.09278164713678860309, 0.38423007082176052762
Vector b: 0.23723982943000507251, -1.32597354573349313078, 0.48482676099853022622, 0.45301106063780033351, 1.63235288775033660080, -1.65665758239361093906, -1.01036270496314539713, 1.41710315263005615094, 0.76846014164352105524
-------------------------------------------------------------------
| Order |          Error^2           |         Efficiency         |
-------------------------------------------------------------------
|   2   | 6.68677206400373509172e-40 | 1.33811641258408288000e+17 |
|   4   | 5.28317547019742532080e-41 | 1.64723968586726975000e+15 |
|   6   | 8.35200486764750521894e-43 | 4.53326494879702890625e+13 |
|   8   | 1.63115077772747745713e-09 | 3.54945418806371287346e-06 |
-------------------------------------------------------------------

Scheme evaluation results:
Order: 8, No. cycles: 17
-------------------------------------------------------------------
Vector a: 0.14816265965399050275, -0.31407460903885736636, 0.70480784491365255917, 0.35830627309693668936, -1.09846420479395256997, -0.18644007995085531970, -0.01081572543381716447, 0.17421791969783362308, 1.22429992185506897329
Vector b: 0.93598099238988463622, -1.57563666547178815591, 0.94748744739407353421, 0.46212824243323163964, 0.25448430376064179459, -2.45141271334854726760, 2.07853255344683640615, -2.10016400431447092245, 2.44859984371013794657
-------------------------------------------------------------------
| Order |          Error^2           |         Efficiency         |
-------------------------------------------------------------------
|   2   | 1.05430019448628848096e-37 | 1.06566331081080140000e+16 |
|   4   | 1.55375973724335716824e-41 | 3.03747269663927050000e+15 |
|   6   | 4.50293097996028245178e-42 | 1.95235516905167187500e+13 |
|   8   | 1.66625571706203453479e-09 | 3.51186491848713140229e-06 |
-------------------------------------------------------------------

Scheme evaluation results:
Order: 8, No. cycles: 17
-------------------------------------------------------------------
Vector a: -0.55773585516560086894, 0.34327929032434939538, 0.41045006800547817472, 0.59772416887529900009, -0.22894953843918020020, -0.47256117364876948361, -0.20757961399244487244, 0.40927356048219898366, 0.70609909355866973257
Vector b: -0.75543169206615590205, 0.39539167380111001071, 0.29116690684758883556, 0.52973322916336751387, 0.66571510858723048631, -1.12361418546559077569, 0.17849183816805189173, -0.59365106615294160886, 1.41219818711733946515
-------------------------------------------------------------------
| Order |          Error^2           |         Efficiency         |
-------------------------------------------------------------------
|   2   | 6.91636080439871312062e-40 | 1.31571957709068672000e+17 |
|   4   | 7.62306364592700486583e-43 | 1.37132231004587920000e+16 |
|   6   | 5.33042509225471827625e-44 | 1.79442598412337250000e+14 |
|   8   | 1.70707265821697397375e-09 | 3.46962569791388643405e-06 |
-------------------------------------------------------------------

Scheme evaluation results:
Order: 8, No. cycles: 17
-------------------------------------------------------------------
Vector a: -0.56810022927530468007, 0.47907057035129591016, 0.41769009562133463387, 0.46401530561955411924, -0.21847338001887342540, -0.44460666026705819576, -0.21036742208866343606, 0.37761665481330236593, 0.70315506524441273584
Vector b: -0.75219174103418851018, 0.36818302351776754922, 0.58995811718482427111, 0.24542207405784496888, 0.68260853718126335288, -1.11955529721901014817, 0.23034197668489381217, -0.65107682086222073981, 1.40631013048882547167
-------------------------------------------------------------------
| Order |          Error^2           |         Efficiency         |
-------------------------------------------------------------------
|   2   | 2.98465362513471437570e-40 | 2.00288119231508256000e+17 |
|   4   | 2.25609052756295548419e-42 | 7.97124308848108100000e+15 |
|   6   | 3.21274015715446982190e-44 | 2.31136573559078625000e+14 |
|   8   | 1.78884543051592122491e-09 | 3.38939528528440258670e-06 |
-------------------------------------------------------------------

Scheme evaluation results:
Order: 8, No. cycles: 17
-------------------------------------------------------------------
Vector a: 0.13157489623078721941, 0.34422578918021340399, -0.32002173810104073137, 0.46728992762711990538, -0.80958681870818216542, -0.95812576496648771407, 0.79987948253630114515, 1.06593327291978368088, 0.27883095328150536707
Vector b: -0.83864644952125844135, 1.94044269150409132152, -1.25199111314366451353, 0.61194763694158305078, 0.32263221831265681550, -1.94180585572902120184, 0.02555432579604579105, 1.57420463927655651659, 0.55766190656301073414
-------------------------------------------------------------------
| Order |          Error^2           |         Efficiency         |
-------------------------------------------------------------------
|   2   | 2.55589665244709290673e-38 | 2.16436505148116320000e+16 |
|   4   | 2.26309701988457956954e-42 | 7.95889413747426600000e+15 |
|   6   | 1.36975652651748864798e-43 | 1.11939865958084312500e+14 |
|   8   | 1.79131125385848103257e-09 | 3.38706165171053406738e-06 |
-------------------------------------------------------------------

Scheme evaluation results:
Order: 8, No. cycles: 17
-------------------------------------------------------------------
Vector a: -1.10160017997785542043, 1.00861888560674373139, 0.20191122732635571890, -0.62841801544301945093, -0.34745535922601605838, -0.02759571114213506954, 1.03421010781225541919, 0.69229119845733433358, 0.16803784658633683091
Vector b: -1.08979271495784701962, -0.02361493004001668713, 2.04085270125350382031, -1.63703024660079243802, 0.38019421571475359167, -1.07510493416678554190, 1.01991351188251555548, 1.04850670374199528290, 0.33607569317267360631
-------------------------------------------------------------------
| Order |          Error^2           |         Efficiency         |
-------------------------------------------------------------------
|   2   | 5.88321147262131199057e-40 | 1.42657604643727904000e+17 |
|   4   | 3.60725753932655222440e-41 | 1.99349770305567125000e+15 |
|   6   | 3.86429386213675440736e-43 | 6.66455872571397265625e+13 |
|   8   | 1.80783328977054312304e-09 | 3.37154871660042474354e-06 |
-------------------------------------------------------------------

Scheme evaluation results:
Order: 8, No. cycles: 17
-------------------------------------------------------------------
Vector a: -0.85556122610911156112, 0.72744115208460680133, 0.64079737189446817069, 0.20862472790152875035, -0.71451725961453715907, -0.60630209270469481719, -0.09315221562627629126, 0.69925500333277224030, 0.99341453884124397700
Vector b: -1.05803758122842594958, 0.40495271023862861037, 1.04992959393058482576, 0.23166514985835132134, 0.18558430594470623487, -1.61461882517378052526, 0.40201463976439083536, -0.58831907101694336237, 1.98682907768248795399
-------------------------------------------------------------------
| Order |          Error^2           |         Efficiency         |
-------------------------------------------------------------------
|   2   | 1.74757613044105126695e-39 | 8.27721250396210560000e+16 |
|   4   | 4.86360043563236899944e-42 | 5.42906911058414700000e+15 |
|   6   | 6.12707054448891765202e-43 | 5.29273355467094531250e+13 |
|   8   | 1.81460241372294151990e-09 | 3.36525429233000614708e-06 |
-------------------------------------------------------------------

Scheme evaluation results:
Order: 8, No. cycles: 17
-------------------------------------------------------------------
Vector a: -0.38313977860444226042, 0.17750319451131596482, 0.47822519316879602558, 0.30593674355018107835, -0.48129716101360914271, -0.54357619579771576657, -0.29688204678165441841, 1.17856518230749474085, 0.56466486865963394504
Vector b: -1.23685784914255192390, 1.70743614107621910492, -1.35242975205358728630, 2.30888013839117922643, -1.69700665129081706972, 0.73441232926359878430, -1.82156472085903042846, 1.22780062729572159164, 1.12932973731926789007
-------------------------------------------------------------------
| Order |          Error^2           |         Efficiency         |
-------------------------------------------------------------------
|   2   | 5.40968469555666980596e-39 | 4.70452933365253520000e+16 |
|   4   | 4.87091346199306413853e-42 | 5.42499206844537000000e+15 |
|   6   | 4.31817682498504289208e-43 | 6.30458146109558437500e+13 |
|   8   | 1.82845818512352804229e-09 | 3.35247935819497932226e-06 |
-------------------------------------------------------------------

Scheme evaluation results:
Order: 8, No. cycles: 17
-------------------------------------------------------------------
Vector a: -0.49273433612307904195, 0.77178498617952473460, 0.58789082939308345832, -0.46965355165765543255, -0.50661505686602581466, 0.23145329556956525940, -0.29303511865641151957, 0.38563151742548618106, 0.78527743473551214759
Vector b: -0.83843249503384142951, 0.69139631782152466410, 0.85217365453752469406, 0.32360800424864227809, -1.26291510756395308768, 0.24968499383190162488, 0.21322159730722886617, -0.79929183462005193306, 1.57055486947102429518
-------------------------------------------------------------------
| Order |          Error^2           |         Efficiency         |
-------------------------------------------------------------------
|   2   | 1.17664229452426239811e-40 | 3.18992101490665280000e+17 |
|   4   | 9.66895940384123778937e-43 | 1.21762749452860420000e+16 |
|   6   | 6.91590056543433643851e-44 | 1.57536829728907031250e+14 |
|   8   | 1.83361724565266385925e-09 | 3.34775977267029838645e-06 |
-------------------------------------------------------------------

Scheme evaluation results:
Order: 8, No. cycles: 17
-------------------------------------------------------------------
Vector a: 0.37080094469436525317, -0.11562669845566803106, -0.31076767440984581770, -0.21895980545899854097, 0.81379549909109116790, 0.31779496690365721667, -1.03938649301530938729, -0.01588338277051496925, 1.19823264342122315362
Vector b: 1.06534983956304873942, -1.38909778973736686147, 1.15784439282603068833, -1.77937974164572243474, 1.34146013072772540831, 0.28613086745445692749, 0.34945906635285745034, -2.42823205238347616941, 2.39646528684244630725
-------------------------------------------------------------------
| Order |          Error^2           |         Efficiency         |
-------------------------------------------------------------------
|   2   | 7.07420306342026051549e-39 | 4.11399155869735920000e+16 |
|   4   | 4.52227040406904965129e-41 | 1.78043470447155850000e+15 |
|   6   | 2.27734058928489681415e-42 | 2.74531686723135468750e+13 |
|   8   | 1.87381899433021926217e-09 | 3.31165289351269728746e-06 |
-------------------------------------------------------------------

Scheme evaluation results:
Order: 8, No. cycles: 17
-------------------------------------------------------------------
Vector a: -0.53758230422231256806, 0.78277073107884953540, 0.61098478918521748060, -0.43270915338484494672, -0.25076932126744910789, -0.18574424844190312589, -0.58377434431755081956, 0.77716412785517696715, 0.81965972351481664049
Vector b: -0.88296291421455674886, 0.69076121998448836159, 0.87478024217321059819, 0.34718933619722436301, -1.21260764296691414543, 0.71106900043201592965, -1.08255749731582229245, -0.08499119131927938831, 1.63931944702963328098
-------------------------------------------------------------------
| Order |          Error^2           |         Efficiency         |
-------------------------------------------------------------------
|   2   | 1.14794370197489014450e-41 | 1.02127302830225894400e+18 |
|   4   | 5.61640424501386682026e-42 | 5.05213718745644800000e+15 |
|   6   | 1.30588974466395159613e-43 | 1.14644497761539015625e+14 |
|   8   | 1.88403090154751806311e-09 | 3.30266571540393644700e-06 |
-------------------------------------------------------------------

Scheme evaluation results:
Order: 8, No. cycles: 17
-------------------------------------------------------------------
Vector a: -0.14882590186563185441, 1.04244034669970186968, -0.70462553504659830583, -0.86695617765322974257, 0.94792315770650892315, 0.11570293421604373185, -0.59049187182226547943, 0.73946598691348552901, 0.46536706085198525917
Vector b: -1.06130618035200274818, 1.82496055697274162100, 0.25992013642666189632, -1.66917120651985850799, -0.06474114878660110206, 1.96058746419961882346, -1.72918159576753138751, 0.54819785212300053967, 0.93073412170397051835
-------------------------------------------------------------------
| Order |          Error^2           |         Efficiency         |
-------------------------------------------------------------------
|   2   | 7.60512702558364720732e-40 | 1.25472606848059856000e+17 |
|   4   | 2.72972940850474365416e-42 | 7.24677062413696300000e+15 |
|   6   | 2.38577221601192158744e-43 | 8.48187725738310625000e+13 |
|   8   | 1.92324636843648276141e-09 | 3.26882121899542342052e-06 |
-------------------------------------------------------------------

Scheme evaluation results:
Order: 8, No. cycles: 17
-------------------------------------------------------------------
Vector a: -0.48520960829801335068, 0.64227552836922430224, 0.64464012281911664548, -0.27205251835866883781, -0.48360504409915594515, 0.17657660842916469979, -0.29850193995766410859, 0.34506278887645819298, 0.73081406221953837399
Vector b: -0.78372481463235676991, 0.59703041266868694947, 0.68752064406976176603, 0.60175960156847152493, -1.14586463828580908952, 0.17865455008749719923, 0.17449866677083220035, -0.77150254668616047304, 1.46162812443907674798
-------------------------------------------------------------------
| Order |          Error^2           |         Efficiency         |
-------------------------------------------------------------------
|   2   | 1.03314933177740113005e-40 | 3.40424342767419648000e+17 |
|   4   | 1.83850358519415999705e-42 | 8.83023118313260200000e+15 |
|   6   | 7.68989901408874711753e-44 | 1.49398471233900281250e+14 |
|   8   | 1.94251301394539604037e-09 | 3.25257006341564492159e-06 |
-------------------------------------------------------------------

Scheme evaluation results:
Order: 8, No. cycles: 17
-------------------------------------------------------------------
Vector a: -0.82838435935278909028, 0.32508296218421506296, 0.62524388742480552228, 0.60858641892864939749, -0.61153080896410894063, -0.94935882880822142216, -0.11670865584349195132, 1.01363001720681178419, 0.93343936722412945706
Vector b: -0.99588113902290997803, 0.33499355934024166448, 0.31517236502818846144, 0.93531540982142269414, 0.28185742803587610084, -1.50491904596409398209, -0.39379861165234886222, 0.16038129996536493183, 1.86687873444825891411
-------------------------------------------------------------------
| Order |          Error^2           |         Efficiency         |
-------------------------------------------------------------------
|   2   | 1.79366203433576585078e-43 | 8.17018422641807155200e+18 |
|   4   | 7.41584663551497254146e-42 | 4.39667075452063200000e+15 |
|   6   | 9.88826851497255154454e-43 | 4.16625978019482968750e+13 |
|   8   | 1.95234318765262628395e-09 | 3.24437128015199055124e-06 |
-------------------------------------------------------------------

Scheme evaluation results:
Order: 8, No. cycles: 17
-------------------------------------------------------------------
Vector a: -1.12783608482990072019, 1.02920453897301733548, 0.20945068409188738467, -0.38963504887408356714, -0.17529809874501278699, -0.54380456088622652899, 0.70508321932327477910, 0.96151389877104243009, 0.33132145217600172948
Vector b: -1.11455765596749900581, -0.02655685772480307141, 2.08496593567083765564, -1.66606456748706288629, 0.88679446973889564099, -1.23739066722892121497, 0.14978154545646812923, 1.26038489319008140122, 0.66264290435200345897
-------------------------------------------------------------------
| Order |          Error^2           |         Efficiency         |
-------------------------------------------------------------------
|   2   | 4.16129591965897677382e-38 | 1.69624217394086500000e+16 |
|   4   | 1.02694157958044219043e-41 | 3.73621143548843450000e+15 |
|   6   | 2.86346069898550000635e-43 | 7.74213711192975312500e+13 |
|   8   | 2.04859441393019550198e-09 | 3.16723754439128958498e-06 |
-------------------------------------------------------------------

Scheme evaluation results:
Order: 8, No. cycles: 17
-------------------------------------------------------------------
Vector a: -0.53939769078958532678, -0.30174730697731999562, 0.54908975785616687126, 1.15807892721656857660, -0.01224720574807633064, -1.63950027452483637624, 0.06944915584208793957, 1.24617499822519706143, 0.47009963889979755614
Vector b: 0.07398731212078107911, -1.22677000582073292279, 0.62327539186609315358, 0.47490412384624058895, 1.84125373058689678629, -1.86574814208304951002, -1.41325240696662346451, 1.55215071865079923263, 0.94019927779959500125
-------------------------------------------------------------------
| Order |          Error^2           |         Efficiency         |
-------------------------------------------------------------------
|   2   | 4.01243632010538289433e-37 | 5.46258340191888100000e+15 |
|   4   | 1.12120692727557263479e-39 | 3.57570291312108562500e+14 |
|   6   | 9.11246755379765468878e-42 | 1.37242453771794785156e+13 |
|   8   | 2.13408686559839859872e-09 | 3.10314866745832701215e-06 |
-------------------------------------------------------------------

Scheme evaluation results:
Order: 8, No. cycles: 17
-------------------------------------------------------------------
Vector a: -1.07698026924975787111, 0.28117043737312957807, 0.79080156894379083354, 0.67518393790164688006, -0.68301152687124389029, -0.61718801565082681559, -0.10551467490897646628, 0.70842960063827808970, 1.02710894182395962027
Vector b: -1.09519192052445513141, 0.03642330254939464551, 0.52591757219686430247, 1.05568556569071736462, 0.29468231011257617347, -1.66070536385506395405, 0.42632933255341021184, -0.63735868237136317216, 2.05421788364791924053
-------------------------------------------------------------------
| Order |          Error^2           |         Efficiency         |
-------------------------------------------------------------------
|   2   | 1.37316039116117474414e-38 | 2.95285093369191200000e+16 |
|   4   | 2.15926518273581163964e-41 | 2.57662563613138600000e+15 |
|   6   | 9.91446727539264045733e-43 | 4.16075151427418593750e+13 |
|   8   | 2.22028095064994062443e-09 | 3.04231838945693253251e-06 |
-------------------------------------------------------------------

Scheme evaluation results:
Order: 8, No. cycles: 17
-------------------------------------------------------------------
Vector a: -0.50105151536039516103, 0.79348789979506839654, 0.50496896320593920304, 0.14721609875291238878, -0.57818857734133044524, -0.36890178958369340689, -0.17692305213814715770, 0.36464183645324427241, 0.81475013621640191008
Vector b: -0.87288809083506324615, 0.74367315094933628128, 0.84330264864080051179, 0.16663527777107794980, 0.12779691973474682776, -1.28417407441740771823, 0.54637049525002090444, -0.90021659952631527535, 1.62950027243280382017
-------------------------------------------------------------------
| Order |          Error^2           |         Efficiency         |
-------------------------------------------------------------------
|   2   | 1.28856680546681418720e-39 | 9.63937081894315200000e+16 |
|   4   | 3.69942794581751706724e-43 | 1.96850729254127920000e+16 |
|   6   | 5.48812248657369396688e-44 | 1.76845728305870843750e+14 |
|   8   | 2.25267689798067217664e-09 | 3.02036324286154959250e-06 |
-------------------------------------------------------------------

Scheme evaluation results:
Order: 8, No. cycles: 17
-------------------------------------------------------------------
Vector a: -0.08158299954113444608, 0.48327549669028813106, -0.15017176601894419163, 0.59663224503672362964, -0.94926271067574496954, -0.95184487119725313953, 0.75381226516595400966, 1.01659160205766641027, 0.28255073848244438572
Vector b: -1.28930894517485050699, 2.41545189126743187202, -1.44890089788685560990, 1.14855736584896717112, 0.04470712422448003265, -1.94323254557597002723, 0.03954280318146379675, 1.46808172715044427115, 0.56510147696488877145
-------------------------------------------------------------------
| Order |          Error^2           |         Efficiency         |
-------------------------------------------------------------------
|   2   | 4.41384353409345260561e-39 | 5.20827239948099200000e+16 |
|   4   | 1.58697051084785533282e-41 | 3.00552182574277700000e+15 |
|   6   | 3.49995855330804087298e-43 | 7.00285317791622968750e+13 |
|   8   | 2.34062035843559144037e-09 | 2.96307838144762121572e-06 |
-------------------------------------------------------------------

Scheme evaluation results:
Order: 8, No. cycles: 17
-------------------------------------------------------------------
Vector a: -0.84856133464986438497, 0.39054297886361605263, 0.77787157878426849145, 0.54995246672446884695, -0.48555679456387235149, -0.37328779838321424212, -0.18104388054485276438, 0.36451101485242581868, 0.80557176891702453325
Vector b: -0.86343732411459295228, 0.02975197892945727340, 0.75133397879777474859, 0.80440917877076212328, 0.29549575467817557062, -1.26660934380592027360, 0.52003374703949178937, -0.88212150812919731813, 1.61114353783404906650
-------------------------------------------------------------------
| Order |          Error^2           |         Efficiency         |
-------------------------------------------------------------------
|   2   | 4.24739169730709353465e-40 | 1.67896251615166848000e+17 |
|   4   | 2.59240215900091158121e-42 | 7.43623536565444900000e+15 |
|   6   | 1.25887645487696029685e-43 | 1.16765600268424906250e+14 |
|   8   | 2.37177720837281830924e-09 | 2.94355180299870683845e-06 |
-------------------------------------------------------------------

Scheme evaluation results:
Order: 8, No. cycles: 17
-------------------------------------------------------------------
Vector a: -0.28020621375329313185, 0.96610649901555389896, -0.78041636499037292385, 0.10801302344595890836, 1.06997442323263292074, -0.62291427809439348096, -0.43584965854926066564, 0.59340565700020442286, 0.38188691269297003750
Vector b: -1.08922180273464741518, 1.61803117796270856665, 0.31418182006839906473, -1.87501455004914485691, 2.09104059694106281242, 0.04890824952420304988, -1.29473680571298999098, 0.42303748861446871521, 0.76377382538594007499
-------------------------------------------------------------------
| Order |          Error^2           |         Efficiency         |
-------------------------------------------------------------------
|   2   | 1.38040230162480539876e-39 | 9.31320837164135040000e+16 |
|   4   | 8.74129982045820888842e-42 | 4.04963896214946100000e+15 |
|   6   | 2.93930993940438108695e-43 | 7.64159083864248906250e+13 |
|   8   | 2.37952875074597708442e-09 | 2.93875344133915169007e-06 |
-------------------------------------------------------------------

Scheme evaluation results:
Order: 8, No. cycles: 17
-------------------------------------------------------------------
Vector a: 0.82363705175009516157, -0.04747810974880075502, -1.58323473105126799609, 0.15968249658255831425, 0.15573644158382962677, -0.35975507713052129466, 0.65183217839752827238, 0.76513651586932684978, 0.43444323374725185571
Vector b: -0.03517165114512617319, 1.71761740579044275279, -1.81257362528804422119, -1.35389583681449199304, 1.67326082997960856602, -1.36178794681194936800, 0.64227779255090677868, 0.66138656424414987711, 0.86888646749450371143
-------------------------------------------------------------------
| Order |          Error^2           |         Efficiency         |
-------------------------------------------------------------------
|   2   | 2.54986994801172473347e-38 | 2.16692131716110320000e+16 |
|   4   | 1.21926979380902333341e-40 | 1.08431235708321012500e+15 |
|   6   | 7.45276288307288362846e-43 | 4.79896762135838437500e+13 |
|   8   | 2.50049222361710270350e-09 | 2.86678996013915461983e-06 |
-------------------------------------------------------------------

Scheme evaluation results:
Order: 8, No. cycles: 17
-------------------------------------------------------------------
Vector a: -0.53634614347319631289, -0.30969859009416855766, 0.53169220362875169172, -0.60112642728952903060, 0.05816841171085630063, 1.83108754433405951367, -0.02663690746317346272, -0.45812901572656744564, 0.51098892437296739022
Vector b: 0.07573297755241115148, -1.22415824205121492874, 0.60476106186287770239, 0.45862334539462551453, -1.66087619997368363123, 1.77721302339539621862, 1.88496206527272258668, -1.93823588019906956070, 1.02197784874593478044
-------------------------------------------------------------------
| Order |          Error^2           |         Efficiency         |
-------------------------------------------------------------------
|   2   | 3.47184093225285775303e-37 | 5.87248948332003000000e+15 |
|   4   | 5.54482591945615516428e-40 | 5.08464171923846937500e+14 |
|   6   | 8.45923718743040568274e-42 | 1.42442920890679921875e+13 |
|   8   | 2.53100180210348907371e-09 | 2.84945893018817078749e-06 |
-------------------------------------------------------------------

Scheme evaluation results:
Order: 8, No. cycles: 17
-------------------------------------------------------------------
Vector a: -0.92465878677941304442, 0.23490942077488730089, 0.62388883295858621469, 0.69878256298599372709, -0.57170376604263561937, -0.64692956588762540182, -0.10466252696011053847, 0.72689323881626366486, 0.96348059013405373818
Vector b: -1.02731131337903858203, 0.20530505319925099195, 0.26451378835052369309, 0.98326387756664879181, 0.41430124840533866237, -1.55770878049061001214, 0.26384964871535904196, -0.47317470263558009114, 1.92696118026810747637
-------------------------------------------------------------------
| Order |          Error^2           |         Efficiency         |
-------------------------------------------------------------------
|   2   | 8.29389324676858129402e-40 | 1.20149768035559872000e+17 |
|   4   | 4.69404332144906613386e-42 | 5.52625305232697000000e+15 |
|   6   | 4.14687281316934144816e-43 | 6.43348235211123046875e+13 |
|   8   | 2.53882207259479324992e-09 | 2.84506698674195763368e-06 |
-------------------------------------------------------------------

Scheme evaluation results:
Order: 8, No. cycles: 17
-------------------------------------------------------------------
Vector a: -0.38185496406065977393, 0.55081373059386484758, 0.15729703842327077967, -0.69883159527865545968, 0.12353606376654559240, 1.09347305279493212105, -0.80915735914606590207, -0.02115295829421359741, 0.98587699120098148953
Vector b: -0.84860445963185582308, 0.93349899114239198727, 0.16812847004533779116, 0.14646560680120374043, -1.54412879735851471530, 1.79120092489160587235, 0.39574518069825825872, -2.01405989899039017388, 1.97175398240196297905
-------------------------------------------------------------------
| Order |          Error^2           |         Efficiency         |
-------------------------------------------------------------------
|   2   | 1.77761996951617534495e-39 | 8.20696718692819520000e+16 |
|   4   | 1.03254786820216671247e-41 | 3.72605462336049750000e+15 |
|   6   | 2.13089098534987269027e-43 | 8.97482224397522187500e+13 |
|   8   | 2.56683463346344623617e-09 | 2.82949990537468052234e-06 |
-------------------------------------------------------------------

Scheme evaluation results:
Order: 8, No. cycles: 17
-------------------------------------------------------------------
Vector a: -0.10921799649679213295, -0.53515022943468282257, 0.87048793867382867617, -0.18384718942277603060, -0.35533303745821204211, -0.22514468322891886820, 0.38443160620208854938, 1.03397738778991366004, 0.11979620337555096921
Vector b: 0.82032942859292790061, -1.85909485017944020591, 0.78879439131007444974, 0.95218148603758279158, -1.31987586488313479727, 0.60920978996671071304, -1.05949915642454839393, 1.82836236882872560372, 0.23959240675110193841
-------------------------------------------------------------------
| Order |          Error^2           |         Efficiency         |
-------------------------------------------------------------------
|   2   | 3.11164489716568659794e-39 | 6.20307657818463760000e+16 |
|   4   | 9.99568089891397091957e-42 | 3.78702457023814050000e+15 |
|   6   | 1.01588720969481880761e-43 | 1.29982152770373640625e+14 |
|   8   | 2.66827323939016800913e-09 | 2.77519483571102584623e-06 |
-------------------------------------------------------------------

Scheme evaluation results:
Order: 8, No. cycles: 17
-------------------------------------------------------------------
Vector a: -0.86296976434150318713, 0.75390005933135184613, 0.72871716941413133828, -0.62956951524769100281, -0.66806755580838772524, 0.20231760299316797758, -0.25701294854762951614, 0.71532735235319877543, 1.01735759985336149391
Vector b: -1.08395099886005463752, 0.44196246903710301179, 1.06583764962560079148, 0.39159668920266194059, -1.65073571969804389070, 0.31460060808126877330, 0.09003459790506671001, -0.60406049500032543698, 2.03471519970672298783
-------------------------------------------------------------------
| Order |          Error^2           |         Efficiency         |
-------------------------------------------------------------------
|   2   | 1.29879067906252805255e-39 | 9.60135606284658720000e+16 |
|   4   | 1.42827345976306979954e-41 | 3.16809817556495500000e+15 |
|   6   | 1.74559513000899736760e-42 | 3.13570147959641250000e+13 |
|   8   | 2.66842551192482127792e-09 | 2.77511565194165630533e-06 |
-------------------------------------------------------------------

Scheme evaluation results:
Order: 8, No. cycles: 17
-------------------------------------------------------------------
Vector a: -0.47068556881718692786, 0.43181088768582559512, -0.48666034084623571720, -0.64649537590568617595, 0.80790881125833446941, 1.13378631473536817253, -0.51480755386828058739, -0.05005600164684718273, 0.79519882740470848592
Vector b: -0.73809164973732055426, 0.53481216184026736382, 0.32880961353138371539, -1.30213029522385514980, 0.00913954341248274064, 1.60667807910418614092, 0.66089455036655009312, -1.69050965810311115689, 1.59039765480941674980
-------------------------------------------------------------------
| Order |          Error^2           |         Efficiency         |
-------------------------------------------------------------------
|   2   | 6.69896896583721829950e-39 | 4.22764171302178400000e+16 |
|   4   | 3.74707209360456084765e-42 | 6.18526469833626600000e+15 |
|   6   | 3.00157207350892008729e-43 | 7.56192009038055625000e+13 |
|   8   | 2.74282724010058127235e-09 | 2.73721809282966136950e-06 |
-------------------------------------------------------------------

Scheme evaluation results:
Order: 8, No. cycles: 17
-------------------------------------------------------------------
Vector a: -0.85854331623199131585, 0.75442529348403830625, 0.72511044870639085325, -0.62898170967283029142, -0.77645296780793027214, 0.19765703737513959370, -0.14761080050438071809, 0.71827958894754984076, 1.01611642570401405905
Vector b: -1.08276042026779384386, 0.44843420807160494501, 1.06041637889647177850, 0.38980451851630970594, -1.64776793786197028879, 0.09486200224611072984, 0.30045207250416722244, -0.59567367351292832556, 2.03223285140802811810
-------------------------------------------------------------------
| Order |          Error^2           |         Efficiency         |
-------------------------------------------------------------------
|   2   | 8.13347259857267623574e-40 | 1.21328870139548912000e+17 |
|   4   | 3.03786727745879415171e-41 | 2.17230057194107650000e+15 |
|   6   | 1.37287565362522508066e-42 | 3.53582587830501718750e+13 |
|   8   | 2.74316947413312545857e-09 | 2.73704734173060859015e-06 |
-------------------------------------------------------------------

Scheme evaluation results:
Order: 8, No. cycles: 17
-------------------------------------------------------------------
Vector a: -0.39398258503360905625, 0.62588542976317296240, -0.60464478352231965097, 0.12578184544820494861, 1.09343516289205333614, -0.81758568921905350191, -1.01382527733927507718, 0.99221998666688571156, 0.99271591034394046638
Vector b: -0.85260314531842018582, 0.91724112056962214812, 0.33452973895672383220, -1.54381930600136318965, 1.79538299689777303136, 0.39148732888633341886, -2.02665870732444020064, -0.00099184735410963736, 1.98543182068788071071
-------------------------------------------------------------------
| Order |          Error^2           |         Efficiency         |
-------------------------------------------------------------------
|   2   | 1.19397355393103173565e-38 | 3.16668455248436560000e+16 |
|   4   | 2.16697040845185393944e-41 | 2.57204062610225200000e+15 |
|   6   | 1.10562666130998997391e-42 | 3.94005441981657656250e+13 |
|   8   | 2.78164873017508118639e-09 | 2.71805027830397272096e-06 |
-------------------------------------------------------------------

Scheme evaluation results:
Order: 8, No. cycles: 17
-------------------------------------------------------------------
Vector a: -0.06824234065605176702, 0.61232453001017528305, -0.15026331047971466792, 0.31802346948238857660, -0.82917853866654578354, -0.54491814275430050518, 0.89479813220438264576, 0.67494925848148912273, 0.09250694237817705390
Vector b: -1.12075823043950495439, 2.10503177956690645800, -0.88038271954655566987, 0.57985609858712638953, 0.05619084037765075673, -1.71454791771074233075, 0.62471163220214120937, 1.16488463220662419317, 0.18501388475635410780
-------------------------------------------------------------------
| Order |          Error^2           |         Efficiency         |
-------------------------------------------------------------------
|   2   | 1.33627821558014555883e-40 | 2.99332389808953280000e+17 |
|   4   | 2.56740868717236816423e-42 | 7.47234321297019800000e+15 |
|   6   | 2.43175383198464084967e-44 | 2.65672539609705750000e+14 |
|   8   | 2.80423729902249936414e-09 | 2.70708098432005387482e-06 |
-------------------------------------------------------------------

Scheme evaluation results:
Order: 8, No. cycles: 17
-------------------------------------------------------------------
Vector a: 1.60666649565534380706, -0.00065722127086370943, -0.47289778649623376294, 0.00741491077451716767, -0.81042706811493192554, 0.51884910873295020384, -0.36259259551140726741, -0.05302401867427753573, 0.56666817490490295484
Vector b: 0.05483444087534557199, 3.10366410956001770316, -3.10497855210174522611, 2.15918297910927137195, -2.14435315756023703315, 0.52349902133035863816, 0.51419919613554532223, -1.23938438715835830273, 1.13333634980980169082
-------------------------------------------------------------------
| Order |          Error^2           |         Efficiency         |
-------------------------------------------------------------------
|   2   | 2.94323501280686895687e-34 | 2.01692470970761531250e+14 |
|   4   | 5.72382868212002446480e-37 | 1.58256297598164394531e+13 |
|   6   | 1.81703750161364820163e-38 | 3.07343849372756896973e+11 |
|   8   | 2.81153579812107939829e-09 | 2.70356502925519358546e-06 |
-------------------------------------------------------------------

Scheme evaluation results:
Order: 8, No. cycles: 17
-------------------------------------------------------------------
Vector a: -0.76432715401032214064, 0.98543585249259413317, 0.31378241305414095175, -0.29021971313123812175, -0.59383896906354527445, -0.12714617525157798084, 1.00639335850784861215, 0.35740453612037487163, 0.11251585128172504613
Vector b: -0.85094900046030563789, 0.17324369289996710553, 1.79762801208522104979, -1.17006318597693903527, 0.58962375971446290279, -1.77730169784155345170, 1.52300934733839743451, 0.48977736967729967876, 0.22503170256345009226
-------------------------------------------------------------------
| Order |          Error^2           |         Efficiency         |
-------------------------------------------------------------------
|   2   | 5.45990723251807124978e-40 | 1.48084473412877888000e+17 |
|   4   | 1.00665778430934046332e-41 | 3.77366536943703900000e+15 |
|   6   | 1.32054878999292325237e-43 | 1.14006403629981796875e+14 |
|   8   | 2.83321441849916455477e-09 | 2.69320186987809428644e-06 |
-------------------------------------------------------------------

Scheme evaluation results:
Order: 8, No. cycles: 17
-------------------------------------------------------------------
Vector a: -0.79968335929790723693, 0.46511405691307011745, 0.61173554633780813372, -0.64994402379915705570, 0.09982854258534569480, 1.10906653374430153036, -0.80181360944255875012, -0.02327605521761112392, 0.98897236817670874931
Vector b: -0.80192102328120695720, 0.00447532796659947090, 0.92575278585954079436, 0.29771830681607547309, -1.59760635441438969551, 1.79726343958508105736, 0.42086962790352211439, -2.02449684678863972564, 1.97794473635341749862
-------------------------------------------------------------------
| Order |          Error^2           |         Efficiency         |
-------------------------------------------------------------------
|   2   | 4.56486987738452409024e-40 | 1.61952611727710592000e+17 |
|   4   | 7.52419547068233749889e-42 | 4.36489981167914750000e+15 |
|   6   | 2.24317274166922646680e-43 | 8.74732197032456250000e+13 |
|   8   | 2.86833225452197519294e-09 | 2.67666426370353899492e-06 |
-------------------------------------------------------------------

Scheme evaluation results:
Order: 8, No. cycles: 17
-------------------------------------------------------------------
Vector a: -0.83907188202331894900, 0.78634143156874769520, 0.69721078314912943164, -0.66344738627358423866, -0.62800472235155135881, -0.11394507179924072415, -0.30612111774054501234, 1.03907170202222354227, 1.02796626344813968323
Vector b: -1.09604135103629274361, 0.51393893802594758924, 1.05874392511154757912, 0.33567764118671145068, -1.66257241373387998351, 0.40656296903077759897, -0.63445311262925907503, 0.02221087714816843278, 2.05593252689627936647
-------------------------------------------------------------------
| Order |          Error^2           |         Efficiency         |
-------------------------------------------------------------------
|   2   | 2.67198694346438951201e-38 | 2.11682517286838840000e+16 |
|   4   | 2.93404310366100299815e-41 | 2.21040100631439800000e+15 |
|   6   | 2.70353751174443025813e-42 | 2.51965031276072187500e+13 |
|   8   | 2.87328454639517049685e-09 | 2.67435656686308460291e-06 |
-------------------------------------------------------------------

Scheme evaluation results:
Order: 8, No. cycles: 17
-------------------------------------------------------------------
Vector a: -0.60233765246298764939, -0.24988629673529974551, 1.62889104154701280791, -0.00514688320502563676, -1.00204780573100671326, -0.56810560893529760129, 0.14620238423864570509, 1.24345995864023595168, 0.40897086264372289888
Vector b: 0.15935766047077407070, -1.52339062586752338468, 1.02361803239692394918, 2.23416405069710188869, -2.24445781710715319690, 0.24036220564513957609, -1.37657342351573475092, 1.66897819199302621662, 0.81794172528744579775
-------------------------------------------------------------------
| Order |          Error^2           |         Efficiency         |
-------------------------------------------------------------------
|   2   | 1.95484767938931511320e-36 | 2.47483184511947650000e+15 |
|   4   | 4.66097092606792004497e-40 | 5.54582444254908062500e+14 |
|   6   | 2.70425872629737800006e-41 | 7.96677133055196582031e+12 |
|   8   | 3.05325087129306520072e-09 | 2.59434294136399049564e-06 |
-------------------------------------------------------------------

Scheme evaluation results:
Order: 8, No. cycles: 17
-------------------------------------------------------------------
Vector a: -0.07002424920003971764, 0.60052029823832475675, -0.46059090056563634086, 0.34812183232786597653, -0.53016274236557026089, -0.56131026734973266112, 0.90013519819320209070, 0.68265650351904338944, 0.09065432720254276711
Vector b: -1.13997673347100292318, 2.13990496854192624454, -0.93886437206527684207, 0.01768257093400410138, 0.67856109372172790373, -1.73888657845286842552, 0.61626604375340299224, 1.18400435263300130018, 0.18130865440508553421
-------------------------------------------------------------------
| Order |          Error^2           |         Efficiency         |
-------------------------------------------------------------------
|   2   | 2.40278966119619193371e-39 | 7.05901784777630640000e+16 |
|   4   | 3.23409832686340496099e-42 | 6.65775339350949700000e+15 |
|   6   | 6.32623855604968385030e-44 | 1.64715204344644812500e+14 |
|   8   | 3.12666796777895364594e-09 | 2.56370320773711051764e-06 |
-------------------------------------------------------------------

Scheme evaluation results:
Order: 8, No. cycles: 17
-------------------------------------------------------------------
Vector a: -0.08826988728211160318, 0.46001348323795104855, -0.11615391614344312832, -0.30866872985945531527, -0.94298872492427898706, 0.74618200988675176255, 0.67538704392134263355, 0.27160267673822363621, 0.30289604442501999459
Vector b: -1.33825888000694215307, 2.49997798544966132184, -1.57995101897375911371, 1.34764318668687277381, -1.96498064640578351536, 0.07900319655722551349, 1.41336082321627798386, -0.06258673537359273065, 0.60579208885003998919
-------------------------------------------------------------------
| Order |          Error^2           |         Efficiency         |
-------------------------------------------------------------------
|   2   | 6.34238895341126804837e-39 | 4.34485934005286800000e+16 |
|   4   | 2.04099121328909606380e-42 | 8.38076661975388300000e+15 |
|   6   | 9.29638990163087819572e-44 | 1.35878050302105078125e+14 |
|   8   | 3.23659006552428285855e-09 | 2.51979250953772047897e-06 |
-------------------------------------------------------------------

Scheme evaluation results:
Order: 8, No. cycles: 17
-------------------------------------------------------------------
Vector a: 0.56313692682337357365, -0.10024767005758046523, -0.53369149395361159538, 0.44470948068493948435, -0.00394541810813462540, -1.05466451444316233754, 0.88037643435608814446, 0.70291743533202655225, 0.10140881936606122027
Vector b: 1.01457053696755328254, -0.90286722028835963982, 0.70237188017319873712, -1.76975486808042181686, 2.65917382945030089658, -2.66706466566657018902, 0.55773563678024551393, 1.20301723193193077499, 0.20281763873212238503
-------------------------------------------------------------------
| Order |          Error^2           |         Efficiency         |
-------------------------------------------------------------------
|   2   | 2.39532802713335514777e-38 | 2.23573156906090680000e+16 |
|   4   | 7.85290286842248095578e-41 | 1.35110531248392550000e+15 |
|   6   | 3.55271587906072659984e-42 | 2.19799263661997851562e+13 |
|   8   | 3.25265363257312497038e-09 | 2.51356268013131350315e-06 |
-------------------------------------------------------------------

Scheme evaluation results:
Order: 8, No. cycles: 17
-------------------------------------------------------------------
Vector a: -0.50884892031801087775, 0.57523199337317154622, -0.34465824475759337941, -1.08217983347530766203, -0.53091229847894039207, 0.38946189687696536330, 1.20756694287349808370, 1.03687774333654059156, 0.25746072056967678199
Vector b: -0.83878360022273945606, 0.65986935980945715663, 0.49059462693688576929, -1.17991111645207258363, -0.98444855049854251838, -0.07737604645933815473, 0.85629984021326877031, 1.55883404553372728607, 0.51492144113935356398
-------------------------------------------------------------------
| Order |          Error^2           |         Efficiency         |
-------------------------------------------------------------------
|   2   | 9.89556169694904676813e-38 | 1.09997276376091460000e+16 |
|   4   | 1.31207078460893434393e-40 | 1.04526325083920625000e+15 |
|   6   | 4.35497959764442230483e-42 | 1.98524179315438984375e+13 |
|   8   | 3.47530577011049193471e-09 | 2.43171188978646774030e-06 |
-------------------------------------------------------------------

Scheme evaluation results:
Order: 8, No. cycles: 17
-------------------------------------------------------------------
Vector a: 0.24618774416321359544, 1.03107810493307883171, -0.81179086836054548115, -0.36422659572622395618, 0.55882631890056855273, -0.93680664138946001529, -0.14419328615240400993, 1.15966304589957691640, 0.26126217773219573282
Vector b: -0.77941582743394333122, 2.05120714319431396433, 0.01094906667184357245, -1.63453080339293443934, 0.90607761194048663800, 0.21157502586065035644, -2.08518830863957038702, 1.79680173633476236716, 0.52252435546439146563
-------------------------------------------------------------------
| Order |          Error^2           |         Efficiency         |
-------------------------------------------------------------------
|   2   | 6.34238895341126804837e-40 | 1.37396516276231120000e+17 |
|   4   | 1.18652144869775235846e-40 | 1.09917417927323975000e+15 |
|   6   | 1.56818880079097834738e-42 | 3.30831837982032070312e+13 |
|   8   | 3.54723919450273176885e-09 | 2.40692962171457093930e-06 |
-------------------------------------------------------------------

Scheme evaluation results:
Order: 8, No. cycles: 17
-------------------------------------------------------------------
Vector a: -0.08102260731034567620, 0.45238387183271383529, -0.80547373272832967217, 0.72532974669659544542, 0.65624144193311340079, -1.11422716039665781196, -0.15833958238046191846, 1.15178635332919920842, 0.17332166902417328602
Vector b: -1.43054562292370124332, 2.69904603122671105098, -1.79427828756128349141, 0.18333082210462414707, 1.26732867128856674377, 0.04515421257766007862, -2.27360853337097568172, 1.95692936861005173377, 0.34664333804834651653
-------------------------------------------------------------------
| Order |          Error^2           |         Efficiency         |
-------------------------------------------------------------------
|   2   | 4.03251098559366878573e-38 | 1.72311545466373180000e+16 |
|   4   | 2.36884250524869107776e-41 | 2.46000630887786900000e+15 |
|   6   | 7.28157386027692212603e-43 | 4.85505151254215234375e+13 |
|   8   | 3.55347130926777721656e-09 | 2.40481804644000001525e-06 |
-------------------------------------------------------------------

Scheme evaluation results:
Order: 8, No. cycles: 17
-------------------------------------------------------------------
Vector a: 0.85392524809431225030, -0.96608594619473364684, -0.10704885593586821457, 0.18793588122418361519, -0.24795617881350551226, 0.73780370656844540544, -0.77284545731597498186, 0.20451551645306123572, 1.10975608592007990438
Vector b: 0.67166168389808678096, 0.36452712839245088317, -2.29669902078191823236, 2.08260130891018180321, -1.70672954646181462834, 1.21081718883480360383, 0.26479022430208731809, -1.81048113893403739283, 2.21951217184015980877
-------------------------------------------------------------------
| Order |          Error^2           |         Efficiency         |
-------------------------------------------------------------------
|   2   | 2.16088922459753320801e-37 | 7.44364932938172900000e+15 |
|   4   | 2.98196313208321072693e-41 | 2.19256854648903225000e+15 |
|   6   | 1.44394107820092416599e-42 | 3.44771799712871718750e+13 |
|   8   | 3.63673159028799447291e-09 | 2.37713039117017812447e-06 |
-------------------------------------------------------------------

Scheme evaluation results:
Order: 8, No. cycles: 17
-------------------------------------------------------------------
Vector a: -0.22230944436136024223, -0.42476441871040171439, 0.05432662182446840182, 1.37426150764778376434, -1.37758091692908002379, -0.00029607627416603605, 1.11417959616875195117, -0.12354723924626723197, 0.60573036988027117999
Vector b: -0.65130754683389791015, 0.85799620494507566892, -1.70752504236588098507, 1.81617828601481767770, 0.93234472928075262654, -3.68750656313892077875, 3.68691441059058888641, -1.45855521825307654638, 1.21146073976054169385
-------------------------------------------------------------------
| Order |          Error^2           |         Efficiency         |
-------------------------------------------------------------------
|   2   | 8.97406940523163727777e-35 | 3.65264483159862875000e+14 |
|   4   | 1.71172811312669379665e-39 | 2.89392267535664437500e+14 |
|   6   | 4.54079657045053119148e-40 | 1.94419780666314526367e+12 |
|   8   | 3.71685673054360369749e-09 | 2.35136862180996937129e-06 |
-------------------------------------------------------------------

Scheme evaluation results:
Order: 8, No. cycles: 17
-------------------------------------------------------------------
Vector a: 0.09132041428910724068, 1.04756951700323197585, -0.61828431894652247092, -0.35117380808597936648, 0.46658095712120045695, -0.83902507596153574898, -0.18506889228576789419, 1.11417224249159052540, 0.27390896437467526781
Vector b: -0.94308575089461488261, 2.06881233036744438536, 0.02632670363901982655, -1.26289534153206473022, 0.56054772536010599726, 0.37261418888229486113, -2.05066434080536641460, 1.68052655623383051520, 0.54781792874935053561
-------------------------------------------------------------------
| Order |          Error^2           |         Efficiency         |
-------------------------------------------------------------------
|   2   | 3.98479957548033741410e-38 | 1.73340049407194920000e+16 |
|   4   | 1.00403034968873143132e-41 | 3.77859977249866000000e+15 |
|   6   | 3.09829279991067561908e-43 | 7.44295242218894531250e+13 |
|   8   | 3.74518845993290421052e-09 | 2.34245788097783231630e-06 |
-------------------------------------------------------------------

Scheme evaluation results:
Order: 8, No. cycles: 17
-------------------------------------------------------------------
Vector a: -0.09041557818488854537, 0.26239456860265569782, -0.41481733477672583232, 0.97173699344338049233, 0.95029267511923620759, 0.13164322703218081512, -0.02241868792118302534, -0.15008627716530020813, -0.63832958614935564334
Vector b: -1.43137702382583564820, 2.68192289128189376157, -2.15713375407658070060, 1.32749908452312714857, 0.61597490236363450222, 1.28461044787483880114, -1.02132399381047678233, 0.97648661796811064839, -1.27665917229871150873
-------------------------------------------------------------------
| Order |          Error^2           |         Efficiency         |
-------------------------------------------------------------------
|   2   | 5.30545140741734978084e-37 | 4.75051820400278000000e+15 |
|   4   | 2.44785541980887805071e-39 | 2.41997808430969031250e+14 |
|   6   | 6.21514240421161515360e-41 | 5.25509933588750488281e+12 |
|   8   | 3.76358609134175186868e-09 | 2.33672551945155404317e-06 |
-------------------------------------------------------------------

Scheme evaluation results:
Order: 8, No. cycles: 17
-------------------------------------------------------------------
Vector a: -0.35300121419213048579, 1.04540912142468522816, -1.05774196376053986057, 0.21249054308191456242, 1.30466570142411719679, -0.96354296442415365842, -0.35241090763449761658, 0.89379782011444852685, 0.27033386396615616265
Vector b: -1.37630904039378898496, 2.04661565240331722038, 0.04420259044605320820, -2.15968651796713295710, 2.58466760413096219295, 0.02466379871727256839, -1.95174972756557996156, 1.24692791229658461738, 0.54066772793231232530
-------------------------------------------------------------------
| Order |          Error^2           |         Efficiency         |
-------------------------------------------------------------------
|   2   | 5.09916592417246202187e-38 | 1.53233099143323740000e+16 |
|   4   | 1.76833356459309478223e-40 | 9.00372494646906750000e+14 |
|   6   | 2.81339763498946974667e-42 | 2.46996564529654296875e+13 |
|   8   | 3.81012347971578639114e-09 | 2.32241112726197523417e-06 |
-------------------------------------------------------------------

Scheme evaluation results:
Order: 8, No. cycles: 17
-------------------------------------------------------------------
Vector a: -0.04677808022581566444, 1.17922036532311969026, -0.59979283640968028557, -0.36864419225185995899, 0.46154840346892705982, -0.81823447321533193666, -0.19031598287622825127, 1.11382510771221676649, 0.26917168847465239301
Vector b: -1.21233361513628956629, 2.33111106982094806739, 0.02732966082529167048, -1.22691533364465232836, 0.48962694914093241039, 0.43346985779692170926, -2.06993880422758547155, 1.68930683847512908002, 0.53834337694930478602
-------------------------------------------------------------------
| Order |          Error^2           |         Efficiency         |
-------------------------------------------------------------------
|   2   | 1.96944091370067090416e-37 | 7.79705646514071300000e+15 |
|   4   | 3.39912968491270876894e-41 | 2.05362171232028225000e+15 |
|   6   | 5.92237832918709739917e-43 | 5.38342166704795546875e+13 |
|   8   | 3.90376123610424971261e-09 | 2.29438875429368715426e-06 |
-------------------------------------------------------------------

Scheme evaluation results:
Order: 8, No. cycles: 17
-------------------------------------------------------------------
Vector a: 1.53506504352917172440, -0.02125889247782282096, -1.23826296250869716253, -0.86391324213698339474, 0.84930728876519001602, 0.77739873504979617458, -1.26359654422119449535, -0.07725144958699553532, 1.30251202358753537247
Vector b: 1.37004969830401113207, 0.33003069045032151774, -0.37254847540596713884, -2.10397744961142718623, 0.37615096533746050778, 1.32246361219291941325, 0.23233385790667299142, -2.75952694634906192661, 2.60502404717507074494
-------------------------------------------------------------------
| Order |          Error^2           |         Efficiency         |
-------------------------------------------------------------------
|   2   | 2.25513540252967168887e-37 | 7.28644759615602700000e+15 |
|   4   | 8.85732733330430374189e-40 | 4.02302718313458375000e+14 |
|   6   | 3.11883064895121279764e-41 | 7.41840560701402929688e+12 |
|   8   | 3.97454962067796473029e-09 | 2.27386494956529725556e-06 |
-------------------------------------------------------------------

Scheme evaluation results:
Order: 8, No. cycles: 17
-------------------------------------------------------------------
Vector a: 0.46156975704018943230, -0.67140124432583436764, 0.63806134950450299481, -0.60702625952270383713, -0.15504836832819121617, 1.17470341911144937619, -1.10611381816485687679, -0.02559627062315754029, 1.29085143530860202432
Vector b: 1.25864071072049266142, -1.59414190736060668030, 0.25133941870893794501, 1.02478328030006782257, -2.23883579934547549684, 1.92873906268909300898, 0.42066777553380552135, -2.63289541186351927493, 2.58170287061720404864
-------------------------------------------------------------------
| Order |          Error^2           |         Efficiency         |
-------------------------------------------------------------------
|   2   | 5.10834947378826114303e-39 | 4.84129845693911360000e+16 |
|   4   | 1.09884220378494855434e-40 | 1.14218551671836975000e+15 |
|   6   | 3.53462210923981553454e-42 | 2.20361122974351640625e+13 |
|   8   | 4.08388945309362310497e-09 | 2.24321882121743796691e-06 |
-------------------------------------------------------------------

Scheme evaluation results:
Order: 8, No. cycles: 17
-------------------------------------------------------------------
Vector a: -0.57004296104111951138, 0.75893795925690421544, 0.68157091435993266693, -1.00234327445955728741, -0.13227731863335920326, 0.97309507231914083025, -1.03079289250701422453, 0.17636791555896288997, 1.14548458514610951298
Vector b: -0.81211534535090124098, 0.48414476861956362574, 1.03373114989424474963, 0.32941067882562041769, -2.33409722774473449292, 2.06954259047801647498, -0.12335244583973496713, -1.93823333917429319051, 2.29096917029221902595
-------------------------------------------------------------------
| Order |          Error^2           |         Efficiency         |
-------------------------------------------------------------------
|   2   | 1.74275790580131681594e-37 | 8.28864666298726500000e+15 |
|   4   | 1.72639970804817463138e-41 | 2.88159961558613100000e+15 |
|   6   | 1.96963463910799721542e-42 | 2.95198152435444335938e+13 |
|   8   | 4.15899866533308284213e-09 | 2.22287088986562245593e-06 |
-------------------------------------------------------------------

Scheme evaluation results:
Order: 8, No. cycles: 17
-------------------------------------------------------------------
Vector a: -0.29178030735483873048, 0.66193769185362716367, 0.43889680943880987618, -0.33060841998009282694, -0.38028863228866627288, -0.23654773256184291608, -0.39782651858198581074, 0.79854200444154554983, 0.73767510503344402295
Vector b: -0.78664708750647382995, 0.98973356030327008792, 0.33414182340398418392, 0.54365179547363562396, -1.20486863543382138886, 0.44429137085648873207, -0.91738683598017467524, 0.12173379881620302601, 1.47535021006688804590
-------------------------------------------------------------------
| Order |          Error^2           |         Efficiency         |
-------------------------------------------------------------------
|   2   | 3.73081703141839296963e-41 | 5.66500349198796992000e+17 |
|   4   | 1.11263098067390475431e-42 | 1.13508592959601820000e+16 |
|   6   | 1.20009615808790550069e-43 | 1.19590986677020765625e+14 |
|   8   | 4.37138009862147816173e-09 | 2.16820001755644919733e-06 |
-------------------------------------------------------------------

Scheme evaluation results:
Order: 8, No. cycles: 17
-------------------------------------------------------------------
Vector a: 0.56272540119991198981, -0.09011924246893356083, -0.86840288447655022974, -0.00837326518336715953, 0.35225249883115367089, -0.63827266882775091084, 0.87290341237435353783, 0.71486435161994221765, 0.10242239693124036148
Vector b: 1.04380164972021871606, -0.96215249704061356351, 0.78191401210274635858, -2.51871978105584659602, 2.50197325068911258228, -1.79746825302680512948, 0.52092291537130330781, 1.22488390937740376785, 0.20484479386248072297
-------------------------------------------------------------------
| Order |          Error^2           |         Efficiency         |
-------------------------------------------------------------------
|   2   | 4.38200603298399276175e-38 | 1.65297266466780760000e+16 |
|   4   | 7.03046328347944175664e-41 | 1.42794783473987950000e+15 |
|   6   | 3.78521270794851806856e-42 | 2.12941999144874921875e+13 |
|   8   | 4.37769092031097852045e-09 | 2.16663662959032175031e-06 |
-------------------------------------------------------------------

Scheme evaluation results:
Order: 8, No. cycles: 17
-------------------------------------------------------------------
Vector a: 0.03941066709056530865, -0.68485290071773274878, 0.93438987442910781400, -0.16965685626930385177, -0.37406704086888309391, -0.24242890574949210736, 0.36343365084043754987, 1.04074988238624288606, 0.09302162885905831957
Vector b: 1.11237756070057169921, -2.14593378722001304482, 0.77622798578454743623, 1.09255176307366808075, -1.43186547561227572878, 0.68373139387450965199, -1.16858920537349386670, 1.89545650705436896644, 0.18604325771811663914
-------------------------------------------------------------------
| Order |          Error^2           |         Efficiency         |
-------------------------------------------------------------------
|   2   | 9.00633580680674748995e-39 | 3.64609591663261120000e+16 |
|   4   | 3.62986661423689294483e-42 | 6.28432998301096300000e+15 |
|   6   | 1.39378316446724450951e-43 | 1.10970837721833593750e+14 |
|   8   | 4.48330098179155144473e-09 | 2.14096555947015413119e-06 |
-------------------------------------------------------------------

Scheme evaluation results:
Order: 8, No. cycles: 17
-------------------------------------------------------------------
Vector a: -0.21468720567378371533, 1.15593164179105101219, -0.98205279224433050800, 0.15000579896659563262, 0.21571914115166554438, -1.05713544863107244964, 0.50551876123868555446, 0.89891733751755664716, 0.32778276588363225441
Vector b: -1.29543865928826162914, 2.16150290722895599416, 0.15036037635314580818, -2.11446596084180660213, 2.41447755877499803390, -1.98303927647166688963, -0.13123162079047770434, 1.14226914326784889653, 0.65556553176726450882
-------------------------------------------------------------------
| Order |          Error^2           |         Efficiency         |
-------------------------------------------------------------------
|   2   | 7.64817491440770558774e-39 | 3.95661006444485120000e+16 |
|   4   | 1.88705857698301490856e-41 | 2.75620568229253400000e+15 |
|   6   | 6.85417790215888244694e-43 | 5.00413232737041875000e+13 |
|   8   | 4.49142331448387503995e-09 | 2.13902881221314195993e-06 |
-------------------------------------------------------------------

Scheme evaluation results:
Order: 8, No. cycles: 17
-------------------------------------------------------------------
Vector a: -0.09526317102290518535, 0.25437039843160619279, -1.12701392643579123565, 0.74179915450831501733, 0.87993322853779110115, 0.24081897766303461683, -1.15966602839367438627, 0.01166212930812900173, 1.25335923740349497457
Vector b: -1.49730131982216985165, 2.80407629759852961016, -2.29533550073531689151, 0.04130764786373438552, 1.44229066115289583649, 0.31757579592268636581, 0.16406215940338292336, -2.48339421619073164038, 2.50671847480698994914
-------------------------------------------------------------------
| Order |          Error^2           |         Efficiency         |
-------------------------------------------------------------------
|   2   | 5.97389902507732831198e-38 | 1.41570647517830220000e+16 |
|   4   | 2.03367643530532051869e-40 | 8.39582516608095750000e+14 |
|   6   | 5.95392627536949410937e-42 | 1.69787121438994589844e+13 |
|   8   | 4.63645466280489348788e-09 | 2.10530790067890776225e-06 |
-------------------------------------------------------------------

Scheme evaluation results:
Order: 8, No. cycles: 17
-------------------------------------------------------------------
Vector a: -0.84313333948012525454, 0.64502494490187956000, -0.40718128582616752720, 0.16000207585443848579, 1.08474767491156764976, -1.20281651327112037997, -0.07389122167957758169, 1.36773868765972506090, 0.26950897692937997308
Vector b: -0.93989839028984556446, 0.19353010161944042555, 1.09651978818431894425, -1.91088235983665399864, 2.23088651154553119227, -0.06139116172239546948, -2.34424186481984531127, 2.19645942146069028666, 0.53901795385875994615
-------------------------------------------------------------------
| Order |          Error^2           |         Efficiency         |
-------------------------------------------------------------------
|   2   | 1.03491716507844246087e-36 | 3.40133464070862350000e+15 |
|   4   | 5.44642674129126650956e-41 | 1.62236467409150875000e+15 |
|   6   | 3.52320646388654075771e-42 | 2.20717833553358164062e+13 |
|   8   | 4.69264947789299280754e-09 | 2.09266432796871449659e-06 |
-------------------------------------------------------------------

Scheme evaluation results:
Order: 8, No. cycles: 17
-------------------------------------------------------------------
Vector a: -0.64801086188964762691, 0.93702954213654399140, -0.16923749824195591374, -0.75715591172044305335, 0.38323176889597687644, -0.21444626797824936637, 0.32777336554416619530, 1.04873497884339683672, 0.09208088441021215764
Vector b: -1.02832468256249676131, 0.76062764134569804675, 1.11343144292738993606, -1.45190643941130170802, -0.06240538402958439868, 0.82886892182153815156, -1.25776145777803693981, 1.91330818886636921938, 0.18416176882042431528
-------------------------------------------------------------------
| Order |          Error^2           |         Efficiency         |
-------------------------------------------------------------------
|   2   | 4.43572621091234894898e-40 | 1.64293276641313856000e+17 |
|   4   | 8.30169716549756022059e-42 | 4.15547688672930350000e+15 |
|   6   | 2.42635441962790099971e-43 | 8.41064596420589531250e+13 |
|   8   | 4.73849753026364074505e-09 | 2.08251577409777662500e-06 |
-------------------------------------------------------------------

Scheme evaluation results:
Order: 8, No. cycles: 17
-------------------------------------------------------------------
Vector a: -0.98598032311745820166, 0.73239617920292254816, 0.93219724155011229882, -0.60150311356119601225, -0.59598858727795744894, 0.41919549334502298477, -0.35495411506840574001, 0.46814605546374621348, 0.98649116946321335764
Vector b: -1.03646922890099157932, 0.10097781156706669980, 1.36381454683877834100, 0.50057993626144614563, -1.70358616338383805910, 0.51160898882792316122, 0.32678199786212280831, -1.03669022799893428832, 1.97298233892642671528
-------------------------------------------------------------------
| Order |          Error^2           |         Efficiency         |
-------------------------------------------------------------------
|   2   | 1.69465189004043157582e-38 | 2.65804241673507840000e+16 |
|   4   | 2.99690557172349934271e-41 | 2.18709569084165500000e+15 |
|   6   | 5.08799902532464031356e-43 | 5.80808497951683984375e+13 |
|   8   | 5.01869905508410945906e-09 | 2.02354586270586676288e-06 |
-------------------------------------------------------------------

Scheme evaluation results:
Order: 8, No. cycles: 17
-------------------------------------------------------------------
Vector a: 0.84690519764717908657, -0.99046678972461210666, -0.14305815610887637201, 0.42801801020495172656, -0.42365073671814473810, 0.58688702587016750023, -0.63422143194679447831, 0.14931361515676000451, 1.18027326561936929394
Vector b: 0.65249627698546563970, 0.38881784132342689375, -2.36975142077265088503, 2.08363510855489852958, -1.22759908814499496543, 0.38029761470870543372, 0.79347643703162962225, -2.06191930092521857887, 2.36054653123873858789
-------------------------------------------------------------------
| Order |          Error^2           |         Efficiency         |
-------------------------------------------------------------------
|   2   | 7.60512702558364720732e-40 | 1.25472606848059856000e+17 |
|   4   | 3.66467574390226160388e-41 | 1.97781896823051000000e+15 |
|   6   | 2.56292631107871978697e-42 | 2.58784590216216445312e+13 |
|   8   | 5.03664010527502022753e-09 | 2.01993860419643518487e-06 |
-------------------------------------------------------------------

Scheme evaluation results:
Order: 8, No. cycles: 17
-------------------------------------------------------------------
Vector a: -0.08144091776719840359, 0.21129608579185524264, -0.42488307242872075387, -0.32798913038864702107, 0.09169518041925872609, 1.31401132929855335441, -0.34365211596288897100, -0.11302203380158909463, 0.67398467483937696265
Vector b: -1.16859250180034490718, 2.17430316806629297943, -1.75171099648258254966, 0.90194485162514104193, -1.55792311240243508408, 1.74131347324095253626, 0.88670918535615417255, -1.57401341728193222558, 1.34796934967875392530
-------------------------------------------------------------------
| Order |          Error^2           |         Efficiency         |
-------------------------------------------------------------------
|   2   | 5.73971850987445072250e-41 | 4.56727182974183488000e+17 |
|   4   | 6.57489239461204169677e-42 | 4.66938828880691300000e+15 |
|   6   | 3.71970845679534303305e-43 | 6.79284993892523125000e+13 |
|   8   | 5.11063436105537673229e-09 | 2.00526246049000080528e-06 |
-------------------------------------------------------------------

Scheme evaluation results:
Order: 8, No. cycles: 17
-------------------------------------------------------------------
Vector a: -0.88231743837983478418, 0.78024106854358876717, 0.77560094949558511246, -0.60578638568423115451, -0.94527137818263506919, 0.95006561935211364389, 0.57234683611420333893, -0.06239072698327311622, 0.41751145572448339349
Vector b: -1.12425915045639612799, 0.48388342415312296518, 1.07659871293405440262, 0.47460318605711554474, -1.68617595742557790928, -0.20436679893969231236, 2.10449803764391951688, -0.95980436541551295004, 0.83502291144896667596
-------------------------------------------------------------------
| Order |          Error^2           |         Efficiency         |
-------------------------------------------------------------------
|   2   | 8.22645155427755649803e-38 | 1.20641265722464620000e+16 |
|   4   | 8.55857050071025274237e-41 | 1.29420686223886450000e+15 |
|   6   | 1.49641642994945987630e-42 | 3.38672737182778710938e+13 |
|   8   | 5.23233434290853594635e-09 | 1.98180484264907013714e-06 |
-------------------------------------------------------------------

Scheme evaluation results:
Order: 8, No. cycles: 17
-------------------------------------------------------------------
Vector a: -0.12995622365128037257, 1.18456467920347718881, -0.87146770812657037286, -0.87777898661857789442, 0.54756434314017476961, 0.81867943481766825009, -1.02219665970504380859, 0.01646162813180099965, 1.33412949280835113619
Vector b: -1.28385351106873679683, 2.30779457483491290404, 0.06133478357204162623, -1.80427019982518244134, 0.04871222658802631944, 1.04641645969232355284, 0.59094240994301272529, -2.63533572935310056451, 2.66825898561670227238
-------------------------------------------------------------------
| Order |          Error^2           |         Efficiency         |
-------------------------------------------------------------------
|   2   | 6.39404642000013810487e-39 | 4.32727269982255200000e+16 |
|   4   | 1.85307708922313809459e-41 | 2.78136234779658000000e+15 |
|   6   | 4.15109764165552534145e-42 | 2.03341019780751679688e+13 |
|   8   | 5.66447068765316199778e-09 | 1.90471043938303212845e-06 |
-------------------------------------------------------------------

Scheme evaluation results:
Order: 8, No. cycles: 17
-------------------------------------------------------------------
Vector a: 0.29060921877716283657, -0.42819872250581469952, -0.16513119961266084501, -0.22482146196639815616, 0.13942304072495731448, 1.18278802537359228886, -0.56672016357699728228, -0.06305316160340651566, 0.83510442438956500322
Vector b: 0.06657064140405409558, 0.44807715474621750973, -1.30447459975784685327, 0.97421220053252521875, -1.42385512446532147557, 1.70270120591523621556, 0.66287484483194847318, -1.79631517198594314877, 1.67020884877913000643
-------------------------------------------------------------------
| Order |          Error^2           |         Efficiency         |
-------------------------------------------------------------------
|   2   | 2.09499725610417451371e-40 | 2.39061933665925408000e+17 |
|   4   | 3.38623773904092045189e-42 | 6.50647239755397500000e+15 |
|   6   | 2.68974211153070127288e-43 | 7.98824084749632031250e+13 |
|   8   | 5.97609782751628693961e-09 | 1.85438446298021505977e-06 |
-------------------------------------------------------------------

Scheme evaluation results:
Order: 8, No. cycles: 17
-------------------------------------------------------------------
Vector a: -1.06664978737444005041, 1.15295469309332010432, 0.41014862077176716948, -0.57043788223666003212, 0.56661469350709159354, -0.70941655272764425622, -0.16559313946753920210, 1.16809129088801211260, 0.21428806354609269968
Vector b: -1.08238309803405563514, 0.03146662131923098904, 2.27444276486740903920, -1.45414552332387470024, 0.31326975885055452498, 0.81995962816362866210, -2.23879273361891728555, 1.90760645468383871481, 0.42857612709218539937
-------------------------------------------------------------------
| Order |          Error^2           |         Efficiency         |
-------------------------------------------------------------------
|   2   | 2.27203887354125194625e-37 | 7.25929220815086200000e+15 |
|   4   | 1.03690831490795245184e-41 | 3.71821189547086600000e+15 |
|   6   | 5.83917206335486364176e-43 | 5.42164197887482265625e+13 |
|   8   | 6.02647679434633411656e-09 | 1.84661723516086953285e-06 |
-------------------------------------------------------------------

Scheme evaluation results:
Order: 8, No. cycles: 17
-------------------------------------------------------------------
Vector a: 0.81550450942228402962, -0.38636521099319770522, 0.09113193081256584782, 0.29413115702146302999, -1.53144656668763223806, -0.05171595938648883978, 1.23048444717498739465, 0.44144973869885528739, 0.09682595393716332544
Vector b: 0.40500054931873641362, 0.82100792020709523200, -1.59373834219349053143, 1.77600220381862228258, -1.18773988977569611158, -1.87515324359956836453, 1.77172132482659083763, 0.68924756952338395166, 0.19365190787432662312
-------------------------------------------------------------------
| Order |          Error^2           |         Efficiency         |
-------------------------------------------------------------------
|   2   | 5.12359560108011515276e-39 | 4.83409003833461360000e+16 |
|   4   | 4.90645936811662858031e-41 | 1.70930755096075950000e+15 |
|   6   | 1.24959359023386836920e-42 | 3.70614218873203125000e+13 |
|   8   | 6.05574868133694908353e-09 | 1.84214879922758335253e-06 |
-------------------------------------------------------------------

Scheme evaluation results:
Order: 8, No. cycles: 17
-------------------------------------------------------------------
Vector a: -0.07905514489325465854, 1.43848751614996150927, 0.05073755664976385693, -0.81522306191545657050, -0.18050234379254723183, -0.53007267212064479445, -0.25783108780715041641, 1.05749708365890104922, 0.31596215407042738121
Vector b: -1.30137773154552216504, 2.44464517330453512400, 0.43232985899538783903, -0.33085474569586015292, -1.29959137813505298809, 0.93858669054995857994, -1.99873203479124827986, 1.48306985917694733601, 0.63192430814085476243
-------------------------------------------------------------------
| Order |          Error^2           |         Efficiency         |
-------------------------------------------------------------------
|   2   | 2.19544233002697740136e-39 | 7.38484085291514720000e+16 |
|   4   | 3.38392559657478450372e-41 | 2.05823003653059700000e+15 |
|   6   | 1.30002510286347896833e-42 | 3.63354549698248359375e+13 |
|   8   | 6.44382730672536057443e-09 | 1.78581588824256138286e-06 |
-------------------------------------------------------------------

Scheme evaluation results:
Order: 8, No. cycles: 17
-------------------------------------------------------------------
Vector a: 0.49768972378474279905, -0.12385172995350668401, -0.31860051933867072904, -0.23945427973038599379, 0.86280692601432695810, -0.70419416382893462725, -0.08124782984743253444, 1.03756723048800525433, 0.06928464241185550154
Vector b: 1.05986588604964393490, -1.12435232452980238271, 0.87664886462278912571, -1.51384990330013047277, 1.03494134383935865173, 0.69067250818929537548, -2.09906083584716451895, 1.93656517615229950557, 0.13856928482371100309
-------------------------------------------------------------------
| Order |          Error^2           |         Efficiency         |
-------------------------------------------------------------------
|   2   | 2.02343014093417745627e-39 | 7.69233252627038720000e+16 |
|   4   | 1.66720141651700263271e-41 | 2.93231268547623850000e+15 |
|   6   | 3.14634384739261030279e-43 | 7.38589927044818750000e+13 |
|   8   | 6.51313782226590900161e-09 | 1.77628846215578768813e-06 |
-------------------------------------------------------------------

Scheme evaluation results:
Order: 8, No. cycles: 17
-------------------------------------------------------------------
Vector a: -0.81102761578071469462, -0.06633603630218222469, -0.13198991415550698214, 0.84277939381653166340, 0.72733126299364847522, -0.70347147492095996046, -0.96181192327499498429, 1.01086986901247688486, 1.09365643861170180884
Vector b: -1.16768350321173230988, 0.71331177486203534155, -0.84598384746639987419, 0.58200401915538590991, 1.10355476847767741688, 0.35110775750961981112, -1.75805070735153989858, -0.16557313919845004224, 2.18731287722340361768
-------------------------------------------------------------------
| Order |          Error^2           |         Efficiency         |
-------------------------------------------------------------------
|   2   | 3.40967978079091745170e-38 | 1.87389546477478680000e+16 |
|   4   | 8.66289717137923537330e-41 | 1.28639023537653850000e+15 |
|   6   | 3.26903927300785183099e-42 | 2.29137622551631523438e+13 |
|   8   | 7.13252300432155074379e-09 | 1.69741110229401220776e-06 |
-------------------------------------------------------------------

Scheme evaluation results:
Order: 8, No. cycles: 17
-------------------------------------------------------------------
Vector a: -0.12274629226162353524, 0.87460807553355834898, -0.98160214935573031347, -0.64098991062811783159, 1.27339174343309258219, 0.04179083002163688776, -0.66261204047079091950, 0.79562769785954545743, 0.42253204586842918467
Vector b: -1.14207338557324589168, 2.03865418662324460186, -0.28943803555612790390, -1.67376626315533272304, 0.39178644189909717088, 2.15499704496708810453, -2.07141538492381416248, 0.74619130398223254552, 0.84506409173685836933
-------------------------------------------------------------------
| Order |          Error^2           |         Efficiency         |
-------------------------------------------------------------------
|   2   | 7.49607237389603264359e-39 | 3.99655019370538240000e+16 |
|   4   | 2.39341777706678755714e-41 | 2.44734422522084200000e+15 |
|   6   | 8.30665550753078181605e-43 | 4.54562256017229609375e+13 |
|   8   | 7.53002673132888551916e-09 | 1.65200124395246459933e-06 |
-------------------------------------------------------------------

Scheme evaluation results:
Order: 8, No. cycles: 17
-------------------------------------------------------------------
Vector a: -1.39067905778615186208, -0.54717085360714468045, 0.41440790600956084466, 1.26926697698531332215, 0.19130638102150132607, -0.36375995333837340961, 0.64118518975224292333, 0.58155201880749607390, 0.20389139215555535101
Vector b: -0.87977637769458272299, -1.02180536018313716795, -0.07253634703115156845, 0.90135215905027288308, 1.63718179492035287304, -1.25456903287735044294, 0.52704912620060384576, 0.75532125330388166784, 0.40778278431111064650
-------------------------------------------------------------------
| Order |          Error^2           |         Efficiency         |
-------------------------------------------------------------------
|   2   | 4.54457279780398056387e-37 | 5.13281515950137800000e+15 |
|   4   | 3.32110013154986173637e-40 | 6.56996913921211375000e+14 |
|   6   | 4.23685447339530587932e-42 | 2.01272619171751914062e+13 |
|   8   | 7.58826036351937305701e-09 | 1.64565016296621876886e-06 |
-------------------------------------------------------------------

Scheme evaluation results:
Order: 8, No. cycles: 17
-------------------------------------------------------------------
Vector a: -1.31996173318712672895, 1.21714293138633045110, 1.26097978150938261344, -0.75199946830822184118, -0.17694745602699049614, -0.36406595800600999313, -0.21182564344892609864, 1.05442617248190262380, 0.29225137359965952522
Vector b: -1.31100735510800214811, -0.01790875615824907494, 2.45219461893091006388, 0.06976494408785549606, -1.57376388070429928945, 1.21986896865031835269, -1.94800088466233822793, 1.52434959776448608615, 0.58450274719931905043
-------------------------------------------------------------------
| Order |          Error^2           |         Efficiency         |
-------------------------------------------------------------------
|   2   | 1.62147047903953232911e-38 | 2.71736285269137720000e+16 |
|   4   | 5.73593500402077371641e-40 | 4.99921947746578375000e+14 |
|   6   | 4.91382225116111989518e-42 | 1.86894598739387578125e+13 |
|   8   | 7.96198321213780183919e-09 | 1.60656388595183651104e-06 |
-------------------------------------------------------------------

Scheme evaluation results:
Order: 8, No. cycles: 17
-------------------------------------------------------------------
Vector a: 1.05660943037199350769, -0.03293538437548256675, -1.60024445794519976083, -0.28435452458470827919, 0.51933177043084555180, -0.65437648436866235890, 0.06931601300886215677, 1.41305066795560319015, 0.51360296950674855232
Vector b: 0.11723145074650016817, 1.87875595925098681782, -1.94462672800195202072, -1.25586218788844772298, 0.68715313871903116461, 0.35151040214265999451, -1.66026337087998476783, 1.79889539689770905362, 1.02720593901349710464
-------------------------------------------------------------------
| Order |          Error^2           |         Efficiency         |
-------------------------------------------------------------------
|   2   | 1.68421995164873476163e-36 | 2.66626157184806500000e+15 |
|   4   | 1.54475779590853454338e-39 | 3.04631014409639187500e+14 |
|   6   | 4.14851047811535621057e-41 | 6.43221238683382617188e+12 |
|   8   | 8.30969323250325263046e-09 | 1.57259225818936952839e-06 |
-------------------------------------------------------------------

Scheme evaluation results:
Order: 8, No. cycles: 17
-------------------------------------------------------------------
Vector a: 0.79826075826348408260, -0.03208227901256360121, -0.61741922902304990917, -0.32990080123352544250, 0.72004202000246442239, 0.34811870619915841196, -0.96962992929533831088, -0.03701909184393788188, 1.11962984594330827726
Vector b: 1.10176693178173690235, -0.60701234703650586155, 0.54284778901137864526, -1.77768624705747857462, 1.11788464459042780064, 0.32219939541450115517, 0.37403801698381566876, -2.31329787557449240154, 2.23925969188661655451
-------------------------------------------------------------------
| Order |          Error^2           |         Efficiency         |
-------------------------------------------------------------------
|   2   | 4.55733649684031387367e-39 | 5.12562240083201920000e+16 |
|   4   | 5.58557567879872084470e-42 | 5.06606017741858200000e+15 |
|   6   | 9.48044781209019757882e-43 | 4.25492633692874609375e+13 |
|   8   | 8.60350529135271669071e-09 | 1.54550677746608706093e-06 |
-------------------------------------------------------------------

Scheme evaluation results:
Order: 8, No. cycles: 17
-------------------------------------------------------------------
Vector a: -0.69336399111405266904, 0.70089192344122774880, 0.65235761293164151731, -0.49718459010639526330, -0.70463679143722712794, -0.25704688871921316240, -0.14663400236458540293, 1.03825262571880161389, 0.90736410164980274562
Vector b: -0.96982614066884209603, 0.55292429910957885397, 0.84885954777287664363, 0.45585567809040633547, -1.45022485830319691757, 0.04095127542874232168, -0.55504505286716832035, 0.26177704813799757000, 1.81472820329960549124
-------------------------------------------------------------------
| Order |          Error^2           |         Efficiency         |
-------------------------------------------------------------------
|   2   | 1.96944091370067090416e-39 | 7.79705646514071200000e+16 |
|   4   | 7.13050723571683166540e-42 | 4.48377800289981800000e+15 |
|   6   | 9.48200100911852635556e-43 | 4.25457783403395468750e+13 |
|   8   | 8.70694156619375145544e-09 | 1.53629923413335007747e-06 |
-------------------------------------------------------------------

Scheme evaluation results:
Order: 8, No. cycles: 17
-------------------------------------------------------------------
Vector a: -0.87803466657279738428, 0.21414618311322772271, 0.53388224986398591376, 0.71954263827456954594, -0.39091292314413345066, -0.96302446387515594495, -0.13646251600686268302, 1.00708699797254941366, 0.89377650037461697785
Vector b: -0.95550271097038097512, 0.15493608879516737598, 0.27335627743128781963, 0.79440822229668417442, 0.64467705425245480644, -1.42650290054072170776, -0.49954602720959018214, 0.22662099519586476060, 1.78755300074923395570
-------------------------------------------------------------------
| Order |          Error^2           |         Efficiency         |
-------------------------------------------------------------------
|   2   | 8.75307072755853735182e-40 | 1.16955846977110688000e+17 |
|   4   | 8.93467900853503364421e-42 | 4.00557471798134200000e+15 |
|   6   | 1.53982892835477960814e-43 | 1.05577223000103140625e+14 |
|   8   | 8.98823465210898002478e-09 | 1.51206836754211486913e-06 |
-------------------------------------------------------------------

Scheme evaluation results:
Order: 8, No. cycles: 17
-------------------------------------------------------------------
Vector a: -0.22467169714376222789, 0.95694316840885074171, 0.20304669000884334462, -0.85304369674129310042, -0.50927415827024902217, 0.58572497679037149876, -0.51095254176750959374, 0.33727447773168761636, 1.01495278098306074277
Vector b: -1.05379785237923351282, 1.65825231047094256986, 0.25563402634675891356, 0.15045935367092783119, -1.85654674715351397651, 0.83799843061301593217, 0.33345152296772706535, -1.35535660650274625283, 2.02990556196612148554
-------------------------------------------------------------------
| Order |          Error^2           |         Efficiency         |
-------------------------------------------------------------------
|   2   | 4.60186415684269926091e-41 | 5.10076434934711872000e+17 |
|   4   | 2.48103834260639775955e-41 | 2.40374047582784450000e+15 |
|   6   | 1.00225328456105004237e-42 | 4.13825956597190937500e+13 |
|   8   | 9.37866149021354885003e-09 | 1.48026066416775219657e-06 |
-------------------------------------------------------------------

Scheme evaluation results:
Order: 8, No. cycles: 17
-------------------------------------------------------------------
Vector a: -0.66832823761432047505, 0.69709273698896256910, 0.63745777485105048488, -0.48356406236646271024, -1.00485897344846786261, -0.30155575247830906926, 0.16061826731207570762, 1.06715540762155391974, 0.89598283913391740807
Vector b: -0.95825665953148964071, 0.57985684383433844236, 0.81432863014358669584, 0.46058691955851438493, -1.42771504429143991644, -0.58200290260549569776, -0.02110860235112199321, 0.34234513697527307885, 1.79196567826783481614
-------------------------------------------------------------------
| Order |          Error^2           |         Efficiency         |
-------------------------------------------------------------------
|   2   | 6.89788608544505473235e-39 | 4.16623869535016400000e+16 |
|   4   | 1.64463394265482155529e-41 | 2.95236256449072150000e+15 |
|   6   | 5.34721946276587678943e-43 | 5.66555509535686328125e+13 |
|   8   | 9.85856345691722320531e-09 | 1.44378262437158839531e-06 |
-------------------------------------------------------------------

Scheme evaluation results:
Order: 8, No. cycles: 17
-------------------------------------------------------------------
Vector a: -0.00872563725432083312, -0.67566300093649900305, 0.68210381824897303726, 0.65309647584658148123, -0.46780779627832225209, -0.99390844578995829472, -0.13102118035117452099, 1.04555927117585012454, 0.89636649533887025054
Vector b: 0.94183139940805138401, -1.90111407332474446896, 0.54978807145174646287, 0.81441956504619972268, 0.49177338664696335080, -1.42738897920360785498, -0.56042791237630862344, 0.29838555167395952594, 1.79273299067774050108
-------------------------------------------------------------------
| Order |          Error^2           |         Efficiency         |
-------------------------------------------------------------------
|   2   | 6.47511994395211472132e-41 | 4.30009696127266880000e+17 |
|   4   | 1.12951662716901880002e-41 | 3.56252565304061700000e+15 |
|   6   | 8.10395431484445054250e-43 | 4.60212043459537109375e+13 |
|   8   | 9.91120103999320464876e-09 | 1.43994361433938280434e-06 |
-------------------------------------------------------------------

Scheme evaluation results:
Order: 8, No. cycles: 17
-------------------------------------------------------------------
Vector a: 0.00721351471795999687, -0.69404664550070105378, 0.68023350261920978443, 0.65545984927635647654, -0.46626100735827785693, -0.99378534185385569710, -0.13090401681494917563, 1.04545772532262959409, 0.89663241959162798267
Vector b: 0.97382882551114113845, -1.93323062158636238550, 0.54513733058496049999, 0.81532967465345895786, 0.49559002389925399523, -1.42811203861580970909, -0.55945864509190179614, 0.29765061146200344488, 1.79326483918325596534
-------------------------------------------------------------------
| Order |          Error^2           |         Efficiency         |
-------------------------------------------------------------------
|   2   | 1.97548555475638243508e-38 | 2.46187063461571400000e+16 |
|   4   | 2.43265413406788243512e-41 | 2.42752734664517500000e+15 |
|   6   | 5.92607102091056077667e-43 | 5.38174412940446406250e+13 |
|   8   | 9.92292341968976656283e-09 | 1.43909282908375339623e-06 |
-------------------------------------------------------------------

Scheme evaluation results:
Order: 8, No. cycles: 17
-------------------------------------------------------------------
Vector a: -0.67781873442050943890, 0.68579747240584021384, 0.64795845766700865820, -0.47131348165136555117, -1.00023306409919854332, -0.11963849626497338741, 0.15637659669911255222, 0.88381111959360181274, 0.89506013007048357277
Vector b: -0.95731322816620578742, 0.55898898749139269704, 0.81260595732028773064, 0.48331095801372964127, -1.42593792131646068810, -0.57452820688193628751, 0.33525121435198951270, -0.02249802095376400232, 1.79012026014096714555
-------------------------------------------------------------------
| Order |          Error^2           |         Efficiency         |
-------------------------------------------------------------------
|   2   | 7.80601717342925298260e-40 | 1.23847546126018464000e+17 |
|   4   | 6.82992871511915840368e-42 | 4.58137908694385400000e+15 |
|   6   | 5.58390068922808258680e-43 | 5.54418391978266640625e+13 |
|   8   | 9.95921435019308021183e-09 | 1.43646844124503806256e-06 |
-------------------------------------------------------------------

Scheme evaluation results:
Order: 8, No. cycles: 17
-------------------------------------------------------------------
Vector a: -0.83746524997780891209, 0.12426500365807628679, 0.88694899727331255601, 0.70348756788378619120, -1.20281468029614435622, -0.57563807575321834786, 0.63202920094974424092, 0.81673143991597496605, 0.45245579634627730581
Vector b: -1.13769187140923810908, 0.60045324286285850501, -0.35192323554670590369, 2.12582123009333079366, -0.71884609432575852228, -1.68678326626653007914, 0.53550711476009327239, 0.72855128713939532048, 0.90491159269255461162
-------------------------------------------------------------------
| Order |          Error^2           |         Efficiency         |
-------------------------------------------------------------------
|   2   | 1.49232681256735718785e-40 | 2.83250174599398496000e+17 |
|   4   | 1.75442567733467097280e-42 | 9.03934218626500000000e+15 |
|   6   | 4.97122262091247177146e-43 | 5.87590635364701406250e+13 |
|   8   | 1.00449897545901832023e-08 | 1.43032220179158410840e-06 |
-------------------------------------------------------------------

Scheme evaluation results:
Order: 8, No. cycles: 17
-------------------------------------------------------------------
Vector a: 0.49006865416225914300, -0.10802382303497030935, -0.43134446480991245343, -0.62619927434826672119, 0.88740122126029996608, -0.54538893920758824141, -0.01773464286233987844, 1.25396964612094441449, 0.09725162271957411841
Vector b: 1.05128478093976185370, -1.12243225355500531037, 0.90638460748506466391, -1.76907353710488957077, 0.51667498840835601737, 1.25812745411224380376, -2.34890533252742050863, 2.31343604680274061991, 0.19450324543914826458
-------------------------------------------------------------------
| Order |          Error^2           |         Efficiency         |
-------------------------------------------------------------------
|   2   | 1.69244568573819858382e-38 | 2.65977431124441240000e+16 |
|   4   | 3.79998205827707522971e-42 | 6.14205274227571800000e+15 |
|   6   | 1.00412258679887671299e-42 | 4.13440582263789843750e+13 |
|   8   | 1.01114457059047726986e-08 | 1.42561416488956361878e-06 |
-------------------------------------------------------------------

Scheme evaluation results:
Order: 8, No. cycles: 17
-------------------------------------------------------------------
Vector a: 0.53566253282874221053, -0.21202543379009844426, -0.24436427561828039101, -0.25620738007460985841, 0.81338869009579717329, -0.62097857786527543844, -0.15556141861954456140, 1.02754534248112094907, 0.11254052056214844391
Vector b: 1.12333209849772575062, -1.17533913133796708017, 0.75128826375777013613, -1.24001681499433091815, 0.72760205484511120133, 0.89917532534648314524, -2.14113248107703402212, 1.83000964383794495483, 0.22508104112429686006
-------------------------------------------------------------------
| Order |          Error^2           |         Efficiency         |
-------------------------------------------------------------------
|   2   | 4.71015650216572112415e-39 | 5.04178693485003120000e+16 |
|   4   | 1.66493963321442835766e-41 | 2.93430375014412700000e+15 |
|   6   | 1.25534955474846393824e-43 | 1.16929511492398968750e+14 |
|   8   | 1.16747257649076787053e-08 | 1.32673835671320825249e-06 |
-------------------------------------------------------------------

Scheme evaluation results:
Order: 8, No. cycles: 17
-------------------------------------------------------------------
Vector a: -0.18970635774357533232, -0.44752027264381660787, 0.85825539251833538046, -0.28207498267062236508, -0.19410243990600864472, -0.31078189889657692468, 0.31449401309102303914, 1.12873174074934246036, 0.12270480550189892532
Vector b: 0.82329082692334676352, -2.02599436933384424719, 1.13095382404621114247, 0.58555696099045972947, -1.14970692633170434860, 0.76150204651968722569, -1.38306584431284096404, 2.01205387049488715334, 0.24540961100379785065
-------------------------------------------------------------------
| Order |          Error^2           |         Efficiency         |
-------------------------------------------------------------------
|   2   | 4.59751452640943502873e-39 | 5.10317665219540240000e+16 |
|   4   | 1.55213948589398159850e-41 | 3.03905766551322700000e+15 |
|   6   | 2.53224052395438693650e-43 | 8.23292187808577500000e+13 |
|   8   | 1.18110142756081529626e-08 | 1.31906146103198445365e-06 |
-------------------------------------------------------------------

Scheme evaluation results:
Order: 8, No. cycles: 17
-------------------------------------------------------------------
Vector a: 1.37010176463447952422, -0.87507494577201705432, -0.18440756326257659592, -0.39206357068238839592, -0.23648433494483503403, 1.13418523514631441884, -1.14050587380764345546, -0.05246444704595960157, 1.37671373573462596518
Vector b: 1.37083545670810180717, -0.00146738414724403702, -1.74868250739679087502, 1.37986738087163773869, -2.16399452223641430848, 1.69102585234674451797, 0.57734461794588454175, -2.85835636556117123064, 2.75342747146925193036
-------------------------------------------------------------------
| Order |          Error^2           |         Efficiency         |
-------------------------------------------------------------------
|   2   | 5.78609543543423628434e-37 | 4.54893112170378900000e+15 |
|   4   | 2.13109470454518180146e-41 | 2.59359965374656150000e+15 |
|   6   | 1.52749585972208333727e-41 | 1.06002583697806425781e+13 |
|   8   | 1.24861271992313731404e-08 | 1.28290574964558800102e-06 |
-------------------------------------------------------------------

Scheme evaluation results:
Order: 8, No. cycles: 17
-------------------------------------------------------------------
Vector a: 0.57623836221092727961, 0.11990345881451822119, -0.55621742989995104356, -0.58823172031340620336, 1.66854595698440610896, -0.00006217892781582796, -2.01450792672173095710, 1.16841113332741342035, 0.62592034452563893865
Vector b: -0.40004138580141995751, 1.95255949602469680570, -1.71275257839566896756, 0.60031771859576221750, -1.77678115922258217374, 5.11387307319119521765, -5.11399743104682702466, 1.08498157760358582280, 1.25184068905125789328
-------------------------------------------------------------------
| Order |          Error^2           |         Efficiency         |
-------------------------------------------------------------------
|   2   | 2.58799522465297438997e-33 | 6.80174618849554531250e+13 |
|   4   | 3.95339949529171041919e-36 | 6.02169789244489843750e+12 |
|   6   | 2.11035194990457501714e-37 | 9.01839029732023620605e+10 |
|   8   | 1.25652276392192154067e-08 | 1.27886130957612310597e-06 |
-------------------------------------------------------------------

Scheme evaluation results:
Order: 8, No. cycles: 17
-------------------------------------------------------------------
Vector a: -0.88290079834504198164, 1.28860326653371237704, 0.03997477648104837133, -0.57901883311670321319, 0.73480320020168532480, -0.51372480547392929129, -0.93644798390711736502, 0.86027472460480247651, 0.98843645302154337084
Vector b: -1.11226870509576469814, 0.45873581350144548852, 2.11847071956597954312, -2.03852116660388249514, 0.88048350037047617977, 0.58912290003289435880, -1.61657251098075294138, -0.25632345683348184417, 1.97687290604308674169
-------------------------------------------------------------------
| Order |          Error^2           |         Efficiency         |
-------------------------------------------------------------------
|   2   | 1.56102687107934566957e-37 | 8.75783921586600000000e+15 |
|   4   | 1.24156894091057471344e-40 | 1.07453086466645462500e+15 |
|   6   | 1.92514403561986172490e-42 | 2.98589724209703320312e+13 |
|   8   | 1.27324188230359466967e-08 | 1.27043710941460206826e-06 |
-------------------------------------------------------------------

Scheme evaluation results:
Order: 8, No. cycles: 17
-------------------------------------------------------------------
Vector a: 0.46795080303086017404, -0.18614583404415516177, -0.38074998484295197176, -0.22381231165924900250, 1.11192190787810973873, 0.30190915670579521191, -1.37112498637971502724, -0.04731270338048139401, 1.32736395269178730771
Vector b: 1.31072338475618210829, -1.68554516345064375749, 1.31325349536233360048, -2.07475346504823754401, 1.62712884172973959451, 0.59671497402647988295, 0.00710333938510912793, -2.74935331214453748672, 2.65472790538357461543
-------------------------------------------------------------------
| Order |          Error^2           |         Efficiency         |
-------------------------------------------------------------------
|   2   | 2.19727903995013722559e-37 | 7.38175370605801500000e+15 |
|   4   | 1.54097989524871483655e-40 | 9.64507986610073375000e+14 |
|   6   | 5.91688697372433037768e-42 | 1.70317720152624199219e+13 |
|   8   | 1.29653178359821045386e-08 | 1.25897482291926545380e-06 |
-------------------------------------------------------------------

Scheme evaluation results:
Order: 8, No. cycles: 17
-------------------------------------------------------------------
Vector a: -0.97176997361666517250, 0.75353867219243619857, 0.77490627092938990650, 0.50854379632448820647, -0.04134465094968253068, -1.20952135141565619847, -0.95522548815728625105, 1.03675468376650381508, 1.10411804092647214404
Vector b: -1.17863160173554404331, 0.41372325623775779713, 1.09335408814711465553, 0.45645845371166515747, 0.56062913893731136650, -0.64331844083667644174, -1.77572426199463628826, -0.13472671431993635260, 2.20823608185294428807
-------------------------------------------------------------------
| Order |          Error^2           |         Efficiency         |
-------------------------------------------------------------------
|   2   | 1.78299333255553671550e-37 | 8.19459128833991100000e+15 |
|   4   | 2.05755456113741540158e-40 | 8.34696580388366625000e+14 |
|   6   | 7.85477122075972965963e-42 | 1.47822213658807636719e+13 |
|   8   | 1.30963723001052602232e-08 | 1.25265974891464246272e-06 |
-------------------------------------------------------------------

Scheme evaluation results:
Order: 8, No. cycles: 17
-------------------------------------------------------------------
Vector a: 0.86055558268805310007, -0.83793342845484819481, 0.22346542598425137016, -0.03372687013750745588, -0.57986814429646871272, 0.80696499539540078594, -0.79482266383566513301, 0.22127850629012638106, 1.13408659636665776205
Vector b: 0.68683359381365693963, 0.34744397774879232088, -2.02331083465848848846, 2.47024168662699139531, -2.53769542690200644586, 1.37795913830906879838, 0.23597085248173271799, -1.82561618015306303953, 2.26817319273331552409
-------------------------------------------------------------------
| Order |          Error^2           |         Efficiency         |
-------------------------------------------------------------------
|   2   | 7.76009942535025737682e-39 | 3.92797318577791920000e+16 |
|   4   | 7.58102469199726035370e-42 | 4.34850885621816800000e+15 |
|   6   | 2.69158302633454205430e-42 | 2.52523954248869609375e+13 |
|   8   | 1.31258928839931139641e-08 | 1.25125031860613759737e-06 |
-------------------------------------------------------------------

Scheme evaluation results:
Order: 8, No. cycles: 17
-------------------------------------------------------------------
Vector a: -0.75322032025417429146, 0.97451146602371030436, 0.64699669342907839553, -0.81027606578217736821, -0.82360039968223097695, 0.34016043509014470825, -0.19907149819887023923, 0.56190701873425308310, 1.06259267064026641236
Vector b: -1.13260570813186145500, 0.75877077575537410503, 1.19025215629204650369, 0.10374123056611032900, -1.72429336213046502380, 0.07709256276600311153, 0.60322830741428623558, -1.00137130381202665852, 2.12518534128053282473
-------------------------------------------------------------------
| Order |          Error^2           |         Efficiency         |
-------------------------------------------------------------------
|   2   | 5.39999892057125667037e-38 | 1.48903642187656720000e+16 |
|   4   | 1.00355390821086099351e-40 | 1.19518177255991325000e+15 |
|   6   | 4.14452225559058028689e-42 | 2.03502258607786093750e+13 |
|   8   | 1.35583498395940012823e-08 | 1.23113367644451964219e-06 |
-------------------------------------------------------------------

Scheme evaluation results:
Order: 8, No. cycles: 17
-------------------------------------------------------------------
Vector a: -0.21363947260503213244, 1.07462041280019593437, -0.80342544561368844924, -0.49116348499004564010, 0.57242445339578840180, 0.17279097778551583131, -0.68100887412548138933, 0.30196902689970289702, 1.06743240645304449110
Vector b: -1.11643386499073793416, 1.80558878477141160346, 0.34365204082898043181, -1.95050293205635738580, 0.96817596207626610560, 0.17667294471531092004, 0.16890901085572046503, -1.53092675910668307715, 2.13486481290608898220
-------------------------------------------------------------------
| Order |          Error^2           |         Efficiency         |
-------------------------------------------------------------------
|   2   | 1.17578133674778123050e-38 | 3.19108870002229400000e+16 |
|   4   | 2.79923381233525458088e-41 | 2.26300090055915350000e+15 |
|   6   | 1.29559502475691296506e-42 | 3.63975235689763750000e+13 |
|   8   | 1.38110056919716088632e-08 | 1.21982063796234457956e-06 |
-------------------------------------------------------------------

Scheme evaluation results:
Order: 8, No. cycles: 17
-------------------------------------------------------------------
Vector a: 0.87012796904408096221, 0.03042939066916702101, -0.98167819871531114551, -0.67475646577126568992, -0.10216904908380811112, 1.35462284212698436114, -1.53635501572450561270, -0.00104562620700995846, 2.04082415366166802784
Vector b: -0.41850028163575236917, 2.57725650135966599663, -2.51639772002133232931, 0.55304132259070992728, -1.90255425413324075201, 1.69821615596562525141, 1.01102952828834391497, -4.08373955973735291991, 4.08164830732333339114
-------------------------------------------------------------------
| Order |          Error^2           |         Efficiency         |
-------------------------------------------------------------------
|   2   | 8.53133392208506757151e-36 | 1.18465989646581300000e+15 |
|   4   | 1.06870657966041120082e-37 | 3.66247840701333671875e+13 |
|   6   | 7.02270751137801537118e-39 | 4.94372359573613220215e+11 |
|   8   | 1.38707469611817300783e-08 | 1.21719092128618507782e-06 |
-------------------------------------------------------------------

Scheme evaluation results:
Order: 8, No. cycles: 17
-------------------------------------------------------------------
Vector a: 0.14166887900133581790, -0.30001751605967769132, 0.85387620822039722590, -0.69333692502616239839, -0.88005744311485878395, 0.35996582232931156886, -0.22248798262296060058, 0.67619048977739548700, 1.06419846749521940232
Vector b: 0.91439625795826628973, -1.54545475791386111020, 0.94541972579450561653, 0.76233269064628894629, -2.14900654069861385409, 0.38889165446889623068, 0.33103999018972685153, -0.77601595543564805268, 2.12839693499043880465
-------------------------------------------------------------------
| Order |          Error^2           |         Efficiency         |
-------------------------------------------------------------------
|   2   | 2.34072895480817443527e-38 | 2.26165623192115320000e+16 |
|   4   | 2.02671548518378698989e-41 | 2.65954854294062750000e+15 |
|   6   | 2.56978774711399774868e-42 | 2.58438876693173906250e+13 |
|   8   | 1.38805250779782231840e-08 | 1.21676212152099161134e-06 |
-------------------------------------------------------------------

Scheme evaluation results:
Order: 8, No. cycles: 17
-------------------------------------------------------------------
Vector a: 0.99081096689601022565, -0.71470455553271083904, -0.46762316929731900794, 0.76791859607735546422, -0.77114610664787353045, -0.55021963314452604354, -0.00956192175626414433, 0.53650815417767616644, 1.21801766922765164480
Vector b: 0.92099487684441050384, 0.13963218010319938811, -1.56904129116862112170, 0.63379495257398310581, 0.90204223958072793366, -2.44433445287647499455, 1.34389518658742290746, -1.36301903009995117877, 2.43603533845530328961
-------------------------------------------------------------------
| Order |          Error^2           |         Efficiency         |
-------------------------------------------------------------------
|   2   | 3.20505881591389328345e-38 | 1.93278771005896200000e+16 |
|   4   | 6.95268246059401237910e-41 | 1.43591296564978575000e+15 |
|   6   | 6.77951755024728573644e-42 | 1.59113517621041503906e+13 |
|   8   | 1.41941022546033030382e-08 | 1.20324665823292731535e-06 |
-------------------------------------------------------------------

Scheme evaluation results:
Order: 8, No. cycles: 17
-------------------------------------------------------------------
Vector a: -0.21836235060165068433, 1.07523681104814827769, -0.79481378408586311757, -0.96691606360986781521, 0.47957929859337933287, 0.65266086531647993230, -0.59297385941824920508, 0.29860487730534507334, 1.06698420545227845579
Vector b: -1.11917298012021015907, 1.80162125903711878294, 0.34885236305917760591, -1.93847993123090378553, 0.00464780401116771363, 0.95451079317559139881, 0.35081093745736835476, -1.53675865629386687594, 2.13396841090455691159
-------------------------------------------------------------------
| Order |          Error^2           |         Efficiency         |
-------------------------------------------------------------------
|   2   | 1.06988353024059761467e-38 | 3.34529103146020720000e+16 |
|   4   | 9.70602374822262920090e-41 | 1.21530039677035275000e+15 |
|   6   | 2.25838444391198037165e-42 | 2.75681443990118828125e+13 |
|   8   | 1.46326999940761871336e-08 | 1.18507652320104216633e-06 |
-------------------------------------------------------------------

Scheme evaluation results:
Order: 8, No. cycles: 17
-------------------------------------------------------------------
Vector a: -0.76548342982599804074, 0.97497032070611100441, 0.65342105027270858120, -0.81343826757227910562, -0.53757957782632292965, 0.35438270216829492743, -0.48875221807902707871, 0.55381810618767202126, 1.06866131396884078697
Vector b: -1.13946572297959725084, 0.74796458630719819816, 1.20197605510502381065, 0.10486604544039340725, -1.73174258058495178503, 0.65658342493230581471, 0.05218197940428365850, -1.02968641556233753143, 2.13732262793768157394
-------------------------------------------------------------------
| Order |          Error^2           |         Efficiency         |
-------------------------------------------------------------------
|   2   | 9.67142568913844946742e-40 | 1.11264573524169536000e+17 |
|   4   | 3.87213798154555077123e-41 | 1.92410559344954175000e+15 |
|   6   | 1.52437021320666604770e-42 | 3.35553091802568945312e+13 |
|   8   | 1.48423397228944607274e-08 | 1.17667748901502919265e-06 |
-------------------------------------------------------------------

Scheme evaluation results:
Order: 8, No. cycles: 17
-------------------------------------------------------------------
Vector a: 1.27248505546183277026, -0.03046443018527764113, -1.06495588573246879882, -0.34929721462392221421, 0.76438211539056166721, 0.35021559951535946587, -1.04155769980294521382, -0.04650168637425924206, 1.14569414635111921363
Vector b: 1.15209546333619905489, 0.24077918425126762503, -0.30170804462182287953, -1.82820372684311482914, 1.12960929759527051175, 0.39915493318585276716, 0.30127626584486638661, -2.38439166545075709180, 2.29138829270223842727
-------------------------------------------------------------------
| Order |          Error^2           |         Efficiency         |
-------------------------------------------------------------------
|   2   | 4.29492374121699132970e-37 | 5.27988457852080700000e+15 |
|   4   | 5.65115644692912228362e-41 | 1.59270612143244250000e+15 |
|   6   | 1.97799316549480969849e-42 | 2.94573773697641562500e+13 |
|   8   | 1.49341454175723105530e-08 | 1.17305517846562213903e-06 |
-------------------------------------------------------------------

Scheme evaluation results:
Order: 8, No. cycles: 17
-------------------------------------------------------------------
Vector a: 0.58520760644855607246, 0.11660178663853812409, -0.56665186480603291219, -0.58536040101859088125, -0.34514969947686052754, 1.16905425380584437889, -1.42776487053997303001, -0.00027746767593272938, 2.05434065662445153322
Vector b: -0.40003634349971745054, 1.97048789989654671295, -1.73728432661947018723, 0.60398059700740514000, -1.77470139904458679148, 1.08440200009086540334, 1.25370650752082268831, -4.10923624860077296717, 4.10868131324890750733
-------------------------------------------------------------------
| Order |          Error^2           |         Efficiency         |
-------------------------------------------------------------------
|   2   | 8.82869725864464311454e-36 | 1.16453848337294400000e+15 |
|   4   | 1.32057462039162806932e-37 | 3.29475284180195234375e+13 |
|   6   | 4.04487304187777636179e-39 | 6.51409404633043823242e+11 |
|   8   | 1.72640249198902274511e-08 | 1.09103228442181438384e-06 |
-------------------------------------------------------------------

Scheme evaluation results:
Order: 8, No. cycles: 17
-------------------------------------------------------------------
Vector a: -0.09784877326821710131, 1.69110318206914844730, -0.00772989521960016496, -1.37820414237876653907, -0.39841300905483068018, 1.00153263505835021796, -0.86017804783790174916, -0.04329127620433054907, 1.09302932683614817400
Vector b: -1.54228079708880305709, 2.88886404764117177280, 0.49334231649712495527, -0.50880210693632521579, -2.24760617782120775132, 1.45078015971154639097, 0.55228511040515393393, -2.27264120608095732123, 2.18605865367229634799
-------------------------------------------------------------------
| Order |          Error^2           |         Efficiency         |
-------------------------------------------------------------------
|   2   | 2.56863882753901418733e-37 | 6.82732592313497800000e+15 |
|   4   | 5.76613298592697352429e-41 | 1.57674690531702575000e+15 |
|   6   | 1.99555089471286468735e-41 | 9.27417032025318359375e+12 |
|   8   | 1.84528790815780287005e-08 | 1.05530151356053693287e-06 |
-------------------------------------------------------------------

Scheme evaluation results:
Order: 8, No. cycles: 17
-------------------------------------------------------------------
Vector a: -0.71088767603087954505, 0.17988294625632414436, 1.11532488590659495387, -1.07527007991647183260, 0.54309967159427374739, -0.00493568892868032419, -0.83262613115020722709, 1.27396160493734611485, 0.51145046733170007602
Vector b: 0.25272243530296395475, -1.92722022266768688858, 2.28698611518033523282, -0.05633634336714534591, -2.09420381646579834012, 3.18040315965434583489, -3.19027453751170630980, 1.52502227521129185561, 1.02290093466340015205
-------------------------------------------------------------------
| Order |          Error^2           |         Efficiency         |
-------------------------------------------------------------------
|   2   | 4.55618855313833898352e-38 | 1.62106829889247440000e+16 |
|   4   | 6.99449720676946492049e-40 | 4.52716229582204500000e+14 |
|   6   | 3.72401938251658018422e-41 | 6.78891709808036230469e+12 |
|   8   | 1.99340154314764457411e-08 | 1.01533938762787702703e-06 |
-------------------------------------------------------------------

Scheme evaluation results:
Order: 8, No. cycles: 17
-------------------------------------------------------------------
Vector a: -0.49369063470171342667, 0.62680371557689440465, 0.53522134338322979730, -0.35911885404161680846, -1.00471666955243432717, -0.30740362970190127090, 0.18020631730724898101, 0.98662519677602411594, 0.83607321495426878410
Vector b: -0.89381285721880066042, 0.80024444503417435648, 0.45336298611961434180, 0.61707970064684525280, -1.33531740873007898074, -0.67411593037478989565, 0.05930867097098728447, 0.30110396364351071918, 1.67214642990853756821
-------------------------------------------------------------------
| Order |          Error^2           |         Efficiency         |
-------------------------------------------------------------------
|   2   | 7.46450392209172316462e-39 | 4.00499226785199600000e+16 |
|   4   | 9.96673532751026141695e-42 | 3.79251975564865950000e+15 |
|   6   | 4.46948524254101419824e-43 | 6.19694608800217656250e+13 |
|   8   | 2.04425381546677113735e-08 | 1.00263121282261497397e-06 |
-------------------------------------------------------------------

Scheme evaluation results:
Order: 8, No. cycles: 17
-------------------------------------------------------------------
Vector a: 0.86440328100375207754, -0.62732934001130247204, -0.55233610565902024891, -0.40296371257531699017, 0.03641500727035244800, 0.96716276349219376662, -0.36686025361967605773, 0.24277822184542557915, 0.83873013825359199469
Vector b: 0.64070413449800034389, 0.44739829301150341179, -1.70205697303410841137, 0.59738476171606791354, -1.40331218686670200491, 1.47614220140740681764, 0.45818332557698071561, -1.19190383281633272006, 1.67746027650718398938
-------------------------------------------------------------------
| Order |          Error^2           |         Efficiency         |
-------------------------------------------------------------------
|   2   | 9.93688767022014281333e-40 | 1.09768307267786256000e+17 |
|   4   | 1.63062095801157338458e-41 | 2.96502121091000900000e+15 |
|   6   | 3.45886030564566041003e-43 | 7.04433434287056406250e+13 |
|   8   | 2.17292424380039232609e-08 | 9.72492669219551563990e-07 |
-------------------------------------------------------------------

Scheme evaluation results:
Order: 8, No. cycles: 17
-------------------------------------------------------------------
Vector a: -0.55026386725931630828, 0.62829394057913778848, 0.07743170884798049325, -1.00794487767319362881, 0.49447126589892553827, 0.90074999807112665628, -0.69402279831133228960, -0.07013438510363567691, 1.22141901495030746894
Vector b: 0.09807064825312945822, -1.29666903102489161625, 2.55325691218316741526, -2.39839349448720628999, 0.38250373914081903237, 0.60643879265703193315, 1.19506120348522149044, -2.58310680010788606964, 2.44283802990061493787
-------------------------------------------------------------------
| Order |          Error^2           |         Efficiency         |
-------------------------------------------------------------------
|   2   | 1.11077902462345307607e-37 | 1.03821744542468240000e+16 |
|   4   | 3.57415186310687842110e-41 | 2.00270883524639000000e+15 |
|   6   | 2.59021536706146718894e-42 | 2.57417776055756835938e+13 |
|   8   | 2.19433316096592889480e-08 | 9.67736999703374175798e-07 |
-------------------------------------------------------------------

Scheme evaluation results:
Order: 8, No. cycles: 17
-------------------------------------------------------------------
Vector a: -0.33025353202179469347, 0.78062305171525603331, -0.03968036092198016368, -1.35273922739314045316, 0.63928018131637742716, 0.88385478850183507582, -1.04290245780212065263, 0.04417142625244820098, 1.41764613035311914935
Vector b: 0.28817992184720220283, -1.23686690773799390364, 2.79811301116850597026, -2.87747373301246645028, 0.17199527822618526640, 1.10656508440656975445, 0.66114449259710061924, -2.74694940820134192450, 2.83529226070623829870
-------------------------------------------------------------------
| Order |          Error^2           |         Efficiency         |
-------------------------------------------------------------------
|   2   | 5.07678102198395166405e-37 | 4.85632721695737000000e+15 |
|   4   | 7.92854671114981498729e-40 | 4.25213965570391750000e+14 |
|   6   | 2.08614039295098651757e-41 | 9.07057263976884570312e+12 |
|   8   | 2.30862478775634111260e-08 | 9.43478378081692695759e-07 |
-------------------------------------------------------------------

Scheme evaluation results:
Order: 8, No. cycles: 17
-------------------------------------------------------------------
Vector a: -0.75479006742353527137, 0.95387312268150670214, 0.66733896565836092751, -0.71566709676517170635, -0.97428112461014448886, 0.96181696892216017591, 0.44749130777281237448, -0.11452407562022617893, 0.52874199938423738221
Vector b: -1.17099783843653804105, 0.83241554202600542833, 1.07533070333700786492, 0.25934722797971404562, -1.69068142151005740281, -0.25788082771023157491, 2.18151476555455214879, -1.28653215000892706676, 1.05748399876847476442
-------------------------------------------------------------------
| Order |          Error^2           |         Efficiency         |
-------------------------------------------------------------------
|   2   | 5.35228751045792529873e-39 | 4.72968742390928080000e+16 |
|   4   | 1.59579869117310168037e-41 | 2.99719681359862800000e+15 |
|   6   | 3.16927202247894481091e-42 | 2.32716251751290078125e+13 |
|   8   | 2.36482272174182671022e-08 | 9.32200505731917015581e-07 |
-------------------------------------------------------------------

Scheme evaluation results:
Order: 8, No. cycles: 17
-------------------------------------------------------------------
Vector a: -1.40040407408674649758, 1.28245879778825577766, 1.33290092573579466162, -1.00708426421034991094, -1.70756992910564475707, -0.00175109936714873968, 1.29924057977429940891, 0.91903610527616141912, 0.28317295819537874335
Vector b: -1.38531907897383699257, -0.03016999022581915227, 2.59508758580233056534, 0.07071426566925892443, -2.08488279408995902386, -1.33025706412133071233, 1.32675486538703313322, 1.27172629416156546256, 0.56634591639075748670
-------------------------------------------------------------------
| Order |          Error^2           |         Efficiency         |
-------------------------------------------------------------------
|   2   | 2.46546738732402093560e-37 | 6.96871215431820200000e+15 |
|   4   | 6.94262814411248181661e-40 | 4.54404226551331312500e+14 |
|   6   | 4.73507386477402230938e-41 | 6.02064600270768847656e+12 |
|   8   | 2.50903031831560309007e-08 | 9.05014785291358127094e-07 |
-------------------------------------------------------------------

Scheme evaluation results:
Order: 8, No. cycles: 17
-------------------------------------------------------------------
Vector a: -0.13985100536983907649, 1.09167925723923686654, -1.07144250855690725821, -0.82677832976769993767, 0.76592365113330740378, 0.83866045790771936996, -0.94881294502579760497, 0.05422048226096913559, 1.23640094017901125412
Vector b: -1.31556373528045078558, 2.35142545982122319614, -0.16806694534274976838, -1.97481807177106460927, 0.32126141223566484495, 1.21058589003094985159, 0.46673502578448894385, -2.36436091583608387623, 2.47280188035802250823
-------------------------------------------------------------------
| Order |          Error^2           |         Efficiency         |
-------------------------------------------------------------------
|   2   | 4.32774775644533584477e-39 | 5.25982369609442880000e+16 |
|   4   | 1.79954748788593008248e-41 | 2.82242661415243950000e+15 |
|   6   | 1.81221897557158292294e-42 | 3.07752177848618515625e+13 |
|   8   | 2.53451302262216301679e-08 | 9.00453655453638146583e-07 |
-------------------------------------------------------------------

Scheme evaluation results:
Order: 8, No. cycles: 17
-------------------------------------------------------------------
Vector a: 0.42036962524699938992, -0.52267615189916627472, -0.18812320198052495668, 0.56525107916813999154, -0.14193878238557547378, -1.02581062129913069825, 0.50238172826184690489, 0.88011127042242220941, 0.51043505446498893541
Vector b: 1.20624884721546954403, -1.57175844393694053025, 0.52640614013860786979, -0.90265254409965778315, 2.03315470243593798827, -2.31703226720708865827, 0.26541102460882726177, 0.73935243191486643699, 1.02087010892997787082
-------------------------------------------------------------------
| Order |          Error^2           |         Efficiency         |
-------------------------------------------------------------------
|   2   | 1.20562787299912837426e-38 | 3.15134185244331760000e+16 |
|   4   | 7.19987150970091011041e-42 | 4.46212714978171350000e+15 |
|   6   | 3.83778564233661924493e-43 | 6.68753572188361640625e+13 |
|   8   | 2.64370666450191709789e-08 | 8.81661742438426676430e-07 |
-------------------------------------------------------------------

Scheme evaluation results:
Order: 8, No. cycles: 17
-------------------------------------------------------------------
Vector a: 0.66674876187300480268, -0.69705614244335389884, -0.82487349868702264377, 1.30176293411995347427, -0.01926057716381955262, -0.88775887870508340960, -0.23410192143458460889, 0.62455518276142329981, 1.06998413967948269310
Vector b: 0.31699380853412123527, 0.69950990667776702381, -2.09362219156447482149, 0.44387519419042953395, 2.15965067404947719254, -2.19817182837711611043, 0.42265407096694945777, -0.89085791383611867555, 2.13996827935896538619
-------------------------------------------------------------------
| Order |          Error^2           |         Efficiency         |
-------------------------------------------------------------------
|   2   | 5.61649392811558360855e-39 | 4.61710244004965920000e+16 |
|   4   | 3.08568724441253368652e-40 | 6.81598085460950875000e+14 |
|   6   | 6.69307157285465502684e-42 | 1.60137755506932050781e+13 |
|   8   | 2.76854303334530791444e-08 | 8.61554965422654346204e-07 |
-------------------------------------------------------------------

Scheme evaluation results:
Order: 8, No. cycles: 17
-------------------------------------------------------------------
Vector a: -0.07672349800911634765, 1.09020844706874142638, -1.08478042014710851504, -0.80508078648970793356, 0.47848963565507945939, -0.29442694422221166173, -0.16399395880619752064, 1.14561792112240357078, 0.71068960382811741106
Vector b: -1.27263727495845091475, 2.39182755389866930074, -0.21141065976118636471, -1.95815018053303058210, 0.34798860755361460395, 0.60899066375654431482, -1.19784455220096774930, 0.86985663458857254149, 1.42137920765623482211
-------------------------------------------------------------------
| Order |          Error^2           |         Efficiency         |
-------------------------------------------------------------------
|   2   | 2.70053755889592906494e-39 | 6.65850984703861200000e+16 |
|   4   | 1.69304880459724398509e-41 | 2.90984312335733050000e+15 |
|   6   | 6.50279805184248667944e-43 | 5.13755327304064843750e+13 |
|   8   | 3.09905225950172817624e-08 | 8.14318270651039766867e-07 |
-------------------------------------------------------------------

Scheme evaluation results:
Order: 8, No. cycles: 17
-------------------------------------------------------------------
Vector a: 0.64481256103279627201, -0.61465495600582420455, -0.91755837041448917724, 1.25057179340919422117, -0.01438793022659140899, -0.76924439126290899971, -0.17018090204509089824, 0.52488587164396605100, 1.06575632386894803005
Vector b: 0.21688336443114566987, 0.85585839320330125979, -2.08516830521494966888, 0.25005156438597136992, 2.25109202243241712793, -2.27986788288559960591, 0.74137910035978193957, -1.08174090444996373606, 2.13151264773789606011
-------------------------------------------------------------------
| Order |          Error^2           |         Efficiency         |
-------------------------------------------------------------------
|   2   | 1.68189895297630428062e-38 | 2.66810064073363680000e+16 |
|   4   | 6.76132114230581535989e-40 | 4.60456419847702812500e+14 |
|   6   | 6.15557042168616044065e-42 | 1.66983023215725097656e+13 |
|   8   | 3.35707642611127233010e-08 | 7.82398510144523738903e-07 |
-------------------------------------------------------------------

Scheme evaluation results:
Order: 8, No. cycles: 17
-------------------------------------------------------------------
Vector a: 0.60720180027633940956, -0.18363362116173242988, 0.41415165227360767330, -0.79546314030343756585, -0.26402925735825821807, 0.97992065506983616618, -0.75928371501813152200, -0.06893260238546124186, 1.07006822860723782576
Vector b: 1.13621741756159022607, -1.05803123457050163303, 0.69076399224703677326, 0.13753931230017851783, -1.72846559290705359402, 1.20040707819053715788, 0.75943423194913506347, -2.27800166198539821849, 2.14013645721447565151
-------------------------------------------------------------------
| Order |          Error^2           |         Efficiency         |
-------------------------------------------------------------------
|   2   | 3.56041913815649521380e-40 | 1.83379841844097120000e+17 |
|   4   | 9.63483778623492849370e-41 | 1.21978169269961025000e+15 |
|   6   | 7.89519856171564162000e-43 | 4.66256547263837890625e+13 |
|   8   | 3.49317816432592510274e-08 | 7.67005115746741438991e-07 |
-------------------------------------------------------------------

Scheme evaluation results:
Order: 8, No. cycles: 17
-------------------------------------------------------------------
Vector a: 0.33682567074601105217, -1.01108782602003421935, 0.86164832599841556515, 0.74152217240731388426, -0.95796072723660430359, 0.33192648520645112731, -0.13669186726081594685, -0.33768031912586565779, 1.17149808528512844319
Vector b: 1.55063897506426950912, -2.42762660863651724696, 0.40545095659644880826, 1.31784569540038232205, 0.16519864941424539095, -2.08112010388745405365, 2.74497307430035641929, -3.01835680882198831299, 2.34299617057025688638
-------------------------------------------------------------------
| Order |          Error^2           |         Efficiency         |
-------------------------------------------------------------------
|   2   | 2.04130218944429902720e-37 | 7.65858446651483100000e+15 |
|   4   | 9.48202618870030719211e-41 | 1.22957136146521575000e+15 |
|   6   | 4.47344828976043282152e-42 | 1.95877819557734609375e+13 |
|   8   | 3.55736691172526352580e-08 | 7.60053736453722336483e-07 |
-------------------------------------------------------------------

Scheme evaluation results:
Order: 8, No. cycles: 17
-------------------------------------------------------------------
Vector a: -1.46430558762286189278, 1.34513404242052070359, 1.63457680238143709950, 0.29970651351376587090, -0.24097127083738545394, -1.35823107318599123339, -0.42305998222416540955, 0.93863511388364995192, 0.26851544167103019722
Vector b: -1.45048919326389080808, -0.02763278871794140265, 2.71790087355898224430, 0.55125273120389117754, 0.04816029582364060591, -0.53010283749841158318, -2.18635930887357021746, 1.34023934442523939836, 0.53703088334206039445
-------------------------------------------------------------------
| Order |          Error^2           |         Efficiency         |
-------------------------------------------------------------------
|   2   | 2.39688636070878606114e-36 | 2.23500467142958425000e+15 |
|   4   | 3.54166976470382916139e-40 | 6.36209694471337125000e+14 |
|   6   | 1.58502712545234726874e-41 | 1.04061030482930878906e+13 |
|   8   | 3.60100860065106629646e-08 | 7.55434038833608129075e-07 |
-------------------------------------------------------------------

Scheme evaluation results:
Order: 8, No. cycles: 17
-------------------------------------------------------------------
Vector a: -0.77250251751649556820, 0.99723508269591742970, -0.30056792250154001911, -0.33047831449120851355, 1.02467939162003895959, -0.06521609712706709361, -1.16378391303911321586, 0.49591350565091391056, 1.11472078470855406884
Vector b: -1.19490835345711143844, 0.84481167188123185152, 1.14965849351060289685, -1.75079433851368304609, 1.08983770953126590797, 0.95952107370881212223, -1.08995326796294644822, -1.23761455811527998350, 2.22944156941710813769
-------------------------------------------------------------------
| Order |          Error^2           |         Efficiency         |
-------------------------------------------------------------------
|   2   | 8.78248678492164391177e-39 | 3.69226960153148720000e+16 |
|   4   | 1.10266074210023368085e-40 | 1.14020609479878525000e+15 |
|   6   | 5.19991223812726654236e-42 | 1.81680562068825078125e+13 |
|   8   | 3.60151320777646631552e-08 | 7.55381115141527029139e-07 |
-------------------------------------------------------------------

Scheme evaluation results:
Order: 8, No. cycles: 17
-------------------------------------------------------------------
Vector a: -1.15435287300130084986, -0.05800353174513438875, 0.70195949480946462362, -0.37974586649571562269, 0.52996141338160840384, -0.84283554801885463004, 0.06244970994976272588, 1.71095188601626913005, 0.42961531510390060795
Vector b: 0.13926612048687120327, -2.58723798697634466137, 2.47123092348607542590, -1.06731193386714595661, 0.30782020087571448919, 0.75210262588750265156, -2.43777372192521246674, 2.56267314182473793238, 0.85923063020780099386
-------------------------------------------------------------------
| Order |          Error^2           |         Efficiency         |
-------------------------------------------------------------------
|   2   | 1.45026285498885403515e-34 | 2.87328559389768125000e+14 |
|   4   | 5.57278266459851385973e-38 | 5.07187172896887500000e+13 |
|   6   | 6.31157570887327797052e-40 | 1.64906423850070703125e+12 |
|   8   | 3.68605470265915334891e-08 | 7.46668346963475768174e-07 |
-------------------------------------------------------------------

Scheme evaluation results:
Order: 8, No. cycles: 17
-------------------------------------------------------------------
Vector a: 0.09782904475751333373, -0.28155835605928664078, 0.65108824823708388863, -0.23026449639805177116, -0.43806165207733338551, -0.63681173754366726669, 0.45182219069347212548, 0.81211962726007669300, 0.57383713113019296781
Vector b: 1.67302992548185791577, -3.15040176144868899755, 2.58728504933011604905, -1.28510855285594827180, 0.82457956005984467396, -1.70070286421451144498, 0.42707938912717680058, 0.47656499225976745038, 1.14767426226038593562
-------------------------------------------------------------------
| Order |          Error^2           |         Efficiency         |
-------------------------------------------------------------------
|   2   | 5.52160920649922159505e-39 | 4.65660418582067520000e+16 |
|   4   | 4.55309897028419562685e-41 | 1.77439689636593975000e+15 |
|   6   | 1.12078697564204529117e-42 | 3.91331613893565468750e+13 |
|   8   | 3.82956727875763121904e-08 | 7.32544103834668782125e-07 |
-------------------------------------------------------------------

Scheme evaluation results:
Order: 8, No. cycles: 17
-------------------------------------------------------------------
Vector a: -1.11008004244640678948, 0.37029555916245732172, -0.39947995803964564399, 1.02353542212802994804, 1.43114611668727942373, -1.10402563627227512377, -0.43501410937745432772, 0.95963397149444951140, 0.26398867666356540251
Vector b: -1.49887863302532342580, 0.77759718115783360570, -0.03700606283291896226, -0.76195385324637232571, 2.80902469750243222180, 0.05326753587212695873, -2.26131880841667687321, 1.39129058966176821777, 0.52797735332713091605
-------------------------------------------------------------------
| Order |          Error^2           |         Efficiency         |
-------------------------------------------------------------------
|   2   | 2.47152279035193848111e-38 | 2.20099901138280080000e+16 |
|   4   | 6.65942572447243628658e-40 | 4.63965752896053562500e+14 |
|   6   | 1.37144935732711971331e-41 | 1.11870758861902011719e+13 |
|   8   | 3.84521775241722965160e-08 | 7.31051814923990854335e-07 |
-------------------------------------------------------------------

Scheme evaluation results:
Order: 8, No. cycles: 17
-------------------------------------------------------------------
Vector a: -0.95610141094876710532, 0.47245319566205085104, 0.83804131176988505558, -0.31173505842256177267, -1.26720969507618597127, -0.48261196291926822255, 0.25983519963485635085, 1.38755818204676772964, 1.05977023825322302919
Vector b: -1.13132871273397728196, 0.35045460357042046429, 0.59445178775368101576, 1.08163083578608909541, -1.70510095263121264075, -0.82931843752115963486, -0.13590548831737694901, 0.65557588758708973398, 2.11954047650644605838
-------------------------------------------------------------------
| Order |          Error^2           |         Efficiency         |
-------------------------------------------------------------------
|   2   | 1.44997647890845198677e-36 | 2.87356932251455400000e+15 |
|   4   | 6.90782864837405539068e-40 | 4.55547362365905812500e+14 |
|   6   | 1.48272933871463089912e-41 | 1.07590897723800410156e+13 |
|   8   | 3.84796311402880874937e-08 | 7.30790980862556681445e-07 |
-------------------------------------------------------------------

Scheme evaluation results:
Order: 8, No. cycles: 17
-------------------------------------------------------------------
Vector a: -1.68366506041940322547, -0.01538377421511403186, 1.57607231851381079935, 1.12441885827045306989, 0.03875389175090576677, -0.81778304903771759093, -0.42810993280123788018, 0.93740220608496982457, 0.26829454185333312388
Vector b: -1.45730848220518294234, -0.45271315642843917848, 0.42194560799821106967, 2.73019902902940936329, -0.48136131248850438924, 0.55886909599031597828, -2.19443519406574960584, 1.33821532846327362343, 0.53658908370666635879
-------------------------------------------------------------------
| Order |          Error^2           |         Efficiency         |
-------------------------------------------------------------------
|   2   | 5.64700196692519378276e-36 | 1.45610665822615550000e+15 |
|   4   | 1.74102435947110058474e-39 | 2.86947133528610875000e+14 |
|   6   | 2.85963648585618241208e-41 | 7.74731219109488867188e+12 |
|   8   | 3.88220227385396425252e-08 | 7.27561231118063690697e-07 |
-------------------------------------------------------------------

Scheme evaluation results:
Order: 8, No. cycles: 17
-------------------------------------------------------------------
Vector a: -0.96593591029349401555, 0.70260993352148981561, 1.14589527831794324442, -0.23327557666422329974, -0.23018607990781300709, -0.18249168154256426022, -0.20537266219527713917, 0.64627932138508059623, 0.32247737737885823206
Vector b: -0.86624399339956570376, -0.19938383378785681788, 1.60460370083083647685, 0.68718685580504990096, -1.15373800913349655595, 0.69336584931787048625, -1.05834921240299895118, 0.64760388801244472834, 0.64495475475771646412
-------------------------------------------------------------------
| Order |          Error^2           |         Efficiency         |
-------------------------------------------------------------------
|   2   | 1.57555273096053672333e-39 | 8.71737414022942720000e+16 |
|   4   | 3.31617281582467959834e-42 | 6.57484830232033400000e+15 |
|   6   | 4.18183572943970527601e-44 | 2.02592324413929375000e+14 |
|   8   | 3.92529626461059873882e-08 | 7.23556431940385268075e-07 |
-------------------------------------------------------------------

Scheme evaluation results:
Order: 8, No. cycles: 17
-------------------------------------------------------------------
Vector a: -0.72789041496846285106, 0.57690013167758014134, 0.07105964916520818297, 0.11055875465476248942, 1.50076219979880809419, -1.54933381972387596015, -0.79930178514293337422, 1.28266639447903885163, 0.53457889005987446751
Vector b: 0.15841707782498876123, -1.77261498558690333560, 2.92641524894206339624, -2.78429595061164736336, 3.00541345992117214792, -0.00388906032355633684, -3.09477857912419507258, 1.49617500883832854619, 1.06915778011974893502
-------------------------------------------------------------------
| Order |          Error^2           |         Efficiency         |
-------------------------------------------------------------------
|   2   | 5.22379817189587584486e-36 | 1.51394104240258300000e+15 |
|   4   | 4.06024828739651421483e-39 | 1.87900535830231281250e+14 |
|   6   | 5.34954318407637921061e-40 | 1.79121667213457910156e+12 |
|   8   | 4.01243666039000410071e-08 | 7.15656358194306037226e-07 |
-------------------------------------------------------------------

Scheme evaluation results:
Order: 8, No. cycles: 17
-------------------------------------------------------------------
Vector a: -0.95083262317312289280, 0.41172569125677932478, 0.90513758001157007538, -0.20831440171241769055, -0.49132389225204869954, -0.17515580007033448862, -0.61457204415683586163, 1.04433290882235363384, 1.07900258127405668240
Vector b: -1.14517679659276150339, 0.38868834683927716567, 0.43476303567428148389, 1.37551212434885861136, -1.79214092777369393694, 0.80949314326959664889, -1.15980474341026562612, -0.06933934490340626366, 2.15800516254811336481
-------------------------------------------------------------------
| Order |          Error^2           |         Efficiency         |
-------------------------------------------------------------------
|   2   | 3.63055132369902365857e-39 | 5.74269653186956320000e+16 |
|   4   | 1.09251534121852200526e-40 | 1.14548799606690225000e+15 |
|   6   | 5.00623836170456586145e-42 | 1.85161508301125781250e+13 |
|   8   | 4.03044235550641783533e-08 | 7.14055998608836923915e-07 |
-------------------------------------------------------------------

Scheme evaluation results:
Order: 8, No. cycles: 17
-------------------------------------------------------------------
Vector a: 0.77005494957955267221, -0.61078681126617895281, -1.17017010249641351116, 1.22093079044936270172, 0.39986664285927236984, -0.19627976538425773168, -0.75986524950172629200, -0.02191432294345145929, 1.36816386870384021357
Vector b: 0.21610021828905082164, 1.10790946258100375665, -2.32948308511336144022, -0.01085711987946542077, 2.45271870077819098555, -1.65298541505964613485, 1.26042588429113067150, -2.78015638329458303346, 2.73632773740768042714
-------------------------------------------------------------------
| Order |          Error^2           |         Efficiency         |
-------------------------------------------------------------------
|   2   | 9.78966389044186315230e-38 | 1.10590613306981380000e+16 |
|   4   | 2.51583521091020357645e-40 | 7.54854448794385625000e+14 |
|   6   | 2.32827772004032733632e-41 | 8.58596434377019531250e+12 |
|   8   | 4.08472604547264930386e-08 | 7.09295429994229453412e-07 |
-------------------------------------------------------------------

Scheme evaluation results:
Order: 8, No. cycles: 17
-------------------------------------------------------------------
Vector a: -0.16526446112354628570, 0.73364056772991070865, -0.20248303806099940405, -0.83104832247547100188, 0.15259949404503572734, 0.14263255723542134223, -0.57605627517034629914, 1.14799055759922263853, 0.59798892022077265729
Vector b: -1.38643072017816693098, 2.44233251810924123504, -0.97505138264942003978, 0.57008530652742128719, -2.23218195147836340198, 2.53738093956843480115, -2.25211582509759233872, 1.10000327475689974044, 1.19597784044154531458
-------------------------------------------------------------------
| Order |          Error^2           |         Efficiency         |
-------------------------------------------------------------------
|   2   | 3.18339137853911723197e-37 | 6.13277652273840800000e+15 |
|   4   | 3.03493221403468881221e-41 | 2.17335072705852500000e+15 |
|   6   | 3.69184687322957620203e-42 | 2.15617810658874375000e+13 |
|   8   | 4.09684683363774862992e-08 | 7.08245404415370885213e-07 |
-------------------------------------------------------------------

Scheme evaluation results:
Order: 8, No. cycles: 17
-------------------------------------------------------------------
Vector a: -0.07798414650328908126, 1.18003177064593156587, -0.60577297681086339498, -0.10251391689640783345, -0.53936517693112995264, -0.81536192107246718841, 0.37366144712201920797, 0.88800252420701009104, 0.69930239623919665526
Vector b: -1.30031691376813318684, 2.44466553452968815563, -0.08460199323782507941, -1.12694396038390176606, 0.92191612659108601591, -2.00064648045334569915, 0.36992263830841154437, 0.37740025593562687156, 1.39860479247839331052
-------------------------------------------------------------------
| Order |          Error^2           |         Efficiency         |
-------------------------------------------------------------------
|   2   | 8.96831017167882925391e-39 | 3.65381746379346800000e+16 |
|   4   | 7.87333555165541719469e-41 | 1.34935099622110575000e+15 |
|   6   | 6.63010033823594030644e-43 | 5.08799201717098046875e+13 |
|   8   | 4.34313597273997927696e-08 | 6.87870866104028771067e-07 |
-------------------------------------------------------------------

Scheme evaluation results:
Order: 8, No. cycles: 17
-------------------------------------------------------------------
Vector a: -0.14191512509728737568, 0.37716534168293730511, -0.48998502120260889470, -0.43330296401048595811, -0.08898459655687541991, 1.25736437674333001446, -1.24408981438068733105, 0.00415780652011240280, 1.75958999630156531779
Vector b: -1.41076912187178771241, 2.53770799354900056244, -1.78337731018312584119, 0.80340726777790805180, -1.67001319579888041211, 1.49204400268512937799, 1.02268475080153109502, -3.51086437956290620122, 3.51917999260313107968
-------------------------------------------------------------------
| Order |          Error^2           |         Efficiency         |
-------------------------------------------------------------------
|   2   | 5.65137276257046317698e-35 | 4.60283259789483125000e+14 |
|   4   | 9.85666613573447568566e-39 | 1.20597773897936703125e+14 |
|   6   | 2.07112430303398895486e-40 | 2.87874627710650048828e+12 |
|   8   | 4.48224020380847966876e-08 | 6.77112865368817226308e-07 |
-------------------------------------------------------------------

Scheme evaluation results:
Order: 8, No. cycles: 17
-------------------------------------------------------------------
Vector a: -1.19781957674288497273, 0.18378539223621712106, 0.48113658926779889757, 0.90406762253705463817, -0.22704279621678333245, -0.56442396521939708354, -0.20113625918024499728, 0.54681165952543564490, 1.07462133379280411205
Vector b: -1.14048141815862069670, -0.11467631716852853818, 0.48224710164096284970, 0.48002607689463505647, 1.32810916817947433088, -1.78219476061304105130, 0.65334683017424677320, -1.05561934853473671225, 2.14924266758560822410
-------------------------------------------------------------------
| Order |          Error^2           |         Efficiency         |
-------------------------------------------------------------------
|   2   | 3.45100575406201349691e-38 | 1.86264167432827000000e+16 |
|   4   | 7.47459607363179049716e-41 | 1.38487460110274625000e+15 |
|   6   | 1.19306712901424591794e-42 | 3.79292304688391875000e+13 |
|   8   | 4.62598418993478437335e-08 | 6.66509826801253206769e-07 |
-------------------------------------------------------------------

Scheme evaluation results:
Order: 8, No. cycles: 17
-------------------------------------------------------------------
Vector a: -0.81168530882399569926, 0.59813190882393663106, -0.47005182764348252267, 0.46950849785101200773, 0.93069960724890832271, -1.08946048412942686490, -0.28107618539249934475, 1.12966466869579096333, 0.52426912336975661777
Vector b: -1.21568918248262525239, 0.80800774731725921729, 0.38825607033061404483, -1.32835972561757897914, 2.26737672131960321664, -0.40597750682178651571, -1.77294346143706738061, 1.21079109065206869111, 1.04853824673951323554
-------------------------------------------------------------------
| Order |          Error^2           |         Efficiency         |
-------------------------------------------------------------------
|   2   | 4.27322043060152856290e-39 | 5.29327563168907280000e+16 |
|   4   | 1.32086393247257257105e-41 | 3.29439199312586100000e+15 |
|   6   | 5.44011877709573090357e-43 | 5.61697228149099843750e+13 |
|   8   | 4.91875461376664163309e-08 | 6.46369790346459626076e-07 |
-------------------------------------------------------------------

Scheme evaluation results:
Order: 8, No. cycles: 17
-------------------------------------------------------------------
Vector a: -1.20243685673200251252, 1.10616376579014530357, 0.64297473310251074263, -0.14529525095247261546, -0.59160635525558513681, -0.73497486474790585387, 0.40348245760784351432, 0.86862037350520837631, 0.65307199768225832059
Vector b: -1.18902804718995036559, -0.02681761908410437711, 2.23914515066439490099, -0.95319568445937341572, 0.66260518255442812929, -1.84581789306559840291, 0.37586816356978680620, 0.43109675164590016694, 1.30614399536451664119
-------------------------------------------------------------------
| Order |          Error^2           |         Efficiency         |
-------------------------------------------------------------------
|   2   | 1.28942776324329535481e-38 | 3.04721886802135400000e+16 |
|   4   | 1.17846398252788466031e-40 | 1.10292544862772325000e+15 |
|   6   | 1.49847043893810688829e-42 | 3.38440541947015039062e+13 |
|   8   | 4.99650640673176638542e-08 | 6.41320916684752090861e-07 |
-------------------------------------------------------------------

Scheme evaluation results:
Order: 8, No. cycles: 17
-------------------------------------------------------------------
Vector a: -0.35490875781026204328, -0.52644609870510683525, 1.23228977629447800091, -0.14291340150894291106, -0.60600099536086349250, 0.85498896150365133462, -0.83170442809017264274, 0.15492899475806151677, 1.21976594891915723906
Vector b: 0.31888308790467395637, -1.34758369142987199929, 0.29469149401965827328, 2.16988805856929767302, -2.45571486158718332860, 1.24371287086545634359, 0.46626505214184615911, -2.12967390832219116703, 2.43953189783831447812
-------------------------------------------------------------------
| Order |          Error^2           |         Efficiency         |
-------------------------------------------------------------------
|   2   | 1.88750643197221312010e-38 | 2.51859268191302400000e+16 |
|   4   | 6.53453499883948696513e-41 | 1.48114293144154300000e+15 |
|   6   | 3.78279699371165427973e-42 | 2.13009981238582929688e+13 |
|   8   | 5.02597060854328286356e-08 | 6.39438316704633096374e-07 |
-------------------------------------------------------------------

Scheme evaluation results:
Order: 8, No. cycles: 17
-------------------------------------------------------------------
Vector a: -0.10827372110338927269, 0.56421450597899325263, -1.01369707068417702622, 1.02065350326308590390, -0.28841128524294046276, -1.27391285376128204909, 0.86603578527144031707, 1.04511593170432237621, 0.18827520457394716913
Vector b: -1.71214217437023852320, 3.20773690653369847325, -2.07930789457571219003, 0.05191375320735788779, 1.98939325331881389225, -2.56621582380469481777, 0.01839011628213053570, 1.71368145426075013660, 0.37655040914789433826
-------------------------------------------------------------------
| Order |          Error^2           |         Efficiency         |
-------------------------------------------------------------------
|   2   | 1.95150429335731324565e-39 | 7.83280656761962240000e+16 |
|   4   | 5.02962802930865373203e-41 | 1.68824853172760550000e+15 |
|   6   | 1.56241579205582652041e-42 | 3.31442473807153867188e+13 |
|   8   | 5.04210107977498061405e-08 | 6.38414665670159701436e-07 |
-------------------------------------------------------------------

Scheme evaluation results:
Order: 8, No. cycles: 17
-------------------------------------------------------------------
Vector a: 0.53656802740878084546, -0.63686843100720857969, 0.51283225024847900464, -0.38892945431211778384, -0.24707835683240586544, 1.00595946570013849986, -0.82600831175789513061, -0.07531382583948391385, 1.11883863639171310389
Vector b: 1.19030449091734391587, -1.30747292701712591878, 0.03373606500270871084, 0.99192843549424924987, -1.76978734411848481756, 1.27563063045367308668, 0.73628830094660369099, -2.38830492446239395221, 2.23767727278342620778
-------------------------------------------------------------------
| Order |          Error^2           |         Efficiency         |
-------------------------------------------------------------------
|   2   | 4.22909634455686872297e-38 | 1.68259024882504200000e+16 |
|   4   | 6.66177289940018035517e-42 | 4.63884010037221400000e+15 |
|   6   | 1.04112165264409471676e-42 | 4.06027764826566796875e+13 |
|   8   | 5.17860848050546213332e-08 | 6.29944211906284454104e-07 |
-------------------------------------------------------------------

Scheme evaluation results:
Order: 8, No. cycles: 17
-------------------------------------------------------------------
Vector a: -0.28512017699422476102, -0.20754654908702951932, 1.16069180522710380110, -0.74640530419326789335, -0.78150731842038889674, 0.55866442827111584268, -0.31278443280375134439, 0.46447479296440158381, 1.14953275503604102070
Vector b: 0.86162526408955986135, -2.29349088216756946679, 1.87839778399351020610, 0.44298582646069750712, -1.93579643484723318281, 0.37278179800645544484, 0.74454705853577618502, -1.37011592414327898481, 2.29906551007208204140
-------------------------------------------------------------------
| Order |          Error^2           |         Efficiency         |
-------------------------------------------------------------------
|   2   | 4.66352128927299121203e-39 | 5.06693316034351440000e+16 |
|   4   | 3.90121492468029072545e-41 | 1.91692170996280900000e+15 |
|   6   | 3.00524620555423658459e-42 | 2.38982688751308437500e+13 |
|   8   | 5.33601966463276622046e-08 | 6.20583062516380724638e-07 |
-------------------------------------------------------------------

Scheme evaluation results:
Order: 8, No. cycles: 17
-------------------------------------------------------------------
Vector a: -0.07604955586103809284, 0.72941511988874219163, -0.14486688246988230211, -0.65765087518774967279, -1.04650448328297573930, 0.17735244098176711214, 0.44388632029824820480, 0.89192042156694806287, 0.68249749406594018009
Vector b: -1.28207421449941549874, 2.41204931727675475628, -0.95321907749927037301, 0.66348531255950571328, -1.97878706293500505886, -0.11422190363094628096, 0.46892678559448053299, 0.41884585500201587660, 1.36499498813188036017
-------------------------------------------------------------------
| Order |          Error^2           |         Efficiency         |
-------------------------------------------------------------------
|   2   | 2.42503107042195543026e-39 | 7.02657204575666960000e+16 |
|   4   | 2.36118791238731676451e-41 | 2.46399055555254350000e+15 |
|   6   | 2.71111738693378100203e-43 | 7.95668766849922812500e+13 |
|   8   | 5.59308447161553814672e-08 | 6.06153950213384162850e-07 |
-------------------------------------------------------------------

Scheme evaluation results:
Order: 8, No. cycles: 17
-------------------------------------------------------------------
Vector a: -0.75868054913159288510, 0.16280903845368632776, 1.14586856091340871799, -1.10608985329753739535, -0.25488108940588188878, 1.31887089599688112074, -1.12827781512474789594, -0.00540443505707501135, 1.62578524665285906181
Vector b: 0.25962870780809021998, -2.03661851387936598812, 2.36223659078673886569, -0.07049946895992126317, -2.14168023763515380509, 1.63191805882339013856, 1.00582373317037232496, -3.26237936341986811684, 3.25157049330571812362
-------------------------------------------------------------------
| Order |          Error^2           |         Efficiency         |
-------------------------------------------------------------------
|   2   | 1.16116801342164087897e-36 | 3.21110587624427550000e+15 |
|   4   | 4.30573055497386431895e-39 | 1.82465553981089375000e+14 |
|   6   | 1.25042504457094268979e-40 | 3.70490980761909521484e+12 |
|   8   | 5.81194550901894430328e-08 | 5.94631431907797794955e-07 |
-------------------------------------------------------------------

Scheme evaluation results:
Order: 8, No. cycles: 17
-------------------------------------------------------------------
Vector a: 0.02154322694382343473, 0.49896310426864470822, -0.15444947093333305510, -0.35146379393900345489, -0.25176275393127206526, 1.01427864738462236716, -0.82944630731953550296, -0.07862982509425210653, 1.13096717262030566076
Vector b: -1.16629626524002283361, 2.37567898436769286974, -1.37775277583040334228, 1.06885383396373723208, -1.77178142184174403084, 1.26825591397920001135, 0.76030138079004461193, -2.41919399542911550682, 2.26193434524061132151
-------------------------------------------------------------------
| Order |          Error^2           |         Efficiency         |
-------------------------------------------------------------------
|   2   | 1.25384150848207376033e-38 | 3.09015906874628040000e+16 |
|   4   | 1.45600515637205792937e-40 | 9.92253999220138875000e+14 |
|   6   | 1.19168956470054671957e-42 | 3.79511467735076250000e+13 |
|   8   | 5.89818577180352448640e-08 | 5.90268225340305569075e-07 |
-------------------------------------------------------------------

Scheme evaluation results:
Order: 8, No. cycles: 17
-------------------------------------------------------------------
Vector a: -1.08758065976375628559, 0.88672389597239253956, 1.12630996267549177148, -0.58261274061556289627, -0.36165439055957504522, 0.70675260324685507118, 1.19192842490061123861, -0.00052261103143040686, -0.87934448482502602928
Vector b: -1.02068229514450847795, -0.13379672923849561528, 1.90724452118328047234, 0.34537540416770262652, -1.51060088539882841907, 0.78729210427967855068, 0.62621310221403159169, 1.75764374758719110758, -1.75868896965005183652
-------------------------------------------------------------------
| Order |          Error^2           |         Efficiency         |
-------------------------------------------------------------------
|   2   | 6.58221735162786209736e-36 | 1.34870214346159000000e+15 |
|   4   | 2.21032972491196425792e-39 | 2.54668823736907750000e+14 |
|   6   | 8.03129103668764646003e-40 | 1.46188695146802124023e+12 |
|   8   | 6.01401264975982680076e-08 | 5.84556454663200105499e-07 |
-------------------------------------------------------------------

Scheme evaluation results:
Order: 8, No. cycles: 17
-------------------------------------------------------------------
Vector a: 0.26226769292760593322, -0.42536793509355741438, 0.98282926987067453783, 0.64575546712935238958, -0.03110612764090706431, -1.73335317092703022901, -1.40382192846619324733, 1.34881302159848370792, 1.35398371060157129975
Vector b: 1.32830523458550242566, -2.13207508331579331795, 1.28133921312867848918, 0.68431932661267058648, 0.60719160764603352654, -0.66940386292784770372, -2.79730247892621175509, -0.01034137800617494253, 2.70796742120314259950
-------------------------------------------------------------------
| Order |          Error^2           |         Efficiency         |
-------------------------------------------------------------------
|   2   | 2.59198800243718345287e-35 | 6.79650536025610625000e+14 |
|   4   | 1.28177331051176747404e-39 | 3.34424974267394437500e+14 |
|   6   | 2.69148080954861164198e-40 | 2.52528749367938232422e+12 |
|   8   | 6.41562189733935793128e-08 | 5.65964574864243798931e-07 |
-------------------------------------------------------------------

Scheme evaluation results:
Order: 8, No. cycles: 17
-------------------------------------------------------------------
Vector a: -1.34770828962210487134, 0.10739785617678031249, 1.37445726724457828460, 0.86224446492207573733, -1.24529133710388095757, -0.76028108380349523898, 0.71476707511721127020, 0.91672667855569922590, 0.37768736851313627900
Vector b: -1.25217583170212010124, -0.19106491583996942918, 0.40586062819353002640, 2.34305390629562637628, -0.61856497645147501263, -1.87201769775628701353, 0.35145553014929653557, 1.07807862008512600482, 0.75537473702627255800
-------------------------------------------------------------------
| Order |          Error^2           |         Efficiency         |
-------------------------------------------------------------------
|   2   | 2.85407502903507062176e-38 | 2.04818633510206040000e+16 |
|   4   | 4.35831848374304605399e-41 | 1.81361388856308150000e+15 |
|   6   | 4.44223879042774566587e-42 | 1.96564697185607578125e+13 |
|   8   | 6.47336432685587487334e-08 | 5.63434717777860658307e-07 |
-------------------------------------------------------------------

Scheme evaluation results:
Order: 8, No. cycles: 17
-------------------------------------------------------------------
Vector a: 0.35234284392267561925, -1.28939076742832892108, 0.74298576276327621404, 0.86986527950183667457, -0.84231710222898648066, 0.47957462345989265717, -0.14214463725434828278, -0.41992701478046862151, 1.24901101204445130755
Vector b: 1.71975575849413653273, -2.73482582914292171594, 0.15604429428626376275, 1.32992723124028855430, 0.40980332776338479484, -2.09443753222135775616, 3.05358677914114329255, -3.33787605364983974710, 2.49802202408890261509
-------------------------------------------------------------------
| Order |          Error^2           |         Efficiency         |
-------------------------------------------------------------------
|   2   | 1.39704748530344130586e-38 | 2.92749777239472200000e+16 |
|   4   | 1.81810067955359066050e-40 | 8.87963981655111625000e+14 |
|   6   | 3.19653367513967257962e-41 | 7.32768564033388085938e+12 |
|   8   | 6.51090865504389859239e-08 | 5.61807881765848507605e-07 |
-------------------------------------------------------------------

Scheme evaluation results:
Order: 8, No. cycles: 17
-------------------------------------------------------------------
Vector a: -1.09808817622504162337, 1.25740785205698801796, 0.89888989114017181503, -0.34587124042635208898, -1.01034199205257446685, -0.67173441019714985600, 0.70340213800556816715, 0.86903442300728883652, 0.39730151469110103202
Vector b: -1.21767324888154981899, 0.23917014531301658553, 2.27564555880095964469, -0.47786577652061579258, -0.21387670433208841314, -1.80680727977306054832, 0.46333845937876066978, 0.94346581663237572002, 0.79460302938220206403
-------------------------------------------------------------------
| Order |          Error^2           |         Efficiency         |
-------------------------------------------------------------------
|   2   | 2.20204300631333301969e-38 | 2.33178905225542520000e+16 |
|   4   | 2.07868614197943364301e-41 | 2.62609150076038750000e+15 |
|   6   | 1.90309409827589581363e-42 | 3.00314526883763320312e+13 |
|   8   | 6.54593683432818093021e-08 | 5.60302711095897624380e-07 |
-------------------------------------------------------------------

Scheme evaluation results:
Order: 8, No. cycles: 17
-------------------------------------------------------------------
Vector a: -1.00719179009122861146, 0.53882879244621117998, -0.28641447798975627759, -0.13256906842947932534, 1.12336518968788889872, -0.26668747151330013390, -1.05301441818014818175, 0.96107094651283886400, 1.12261229755697367061
Vector b: -1.20128639803254122498, 0.38818921588262522704, 0.68946836900979724394, -1.26229732498930991014, 0.99715918813035120394, 1.24957119124542659350, -1.78294613427202697231, -0.32308270208826950221, 2.24522459511394734122
-------------------------------------------------------------------
| Order |          Error^2           |         Efficiency         |
-------------------------------------------------------------------
|   2   | 2.09499725610417451371e-38 | 2.39061933665925400000e+16 |
|   4   | 1.21027345766805800782e-40 | 1.08833490990635925000e+15 |
|   6   | 6.21396566930002051473e-42 | 1.66196566355311132812e+13 |
|   8   | 6.64708229271744033802e-08 | 5.56023441184991850379e-07 |
-------------------------------------------------------------------

Scheme evaluation results:
Order: 8, No. cycles: 17
-------------------------------------------------------------------
Vector a: -0.79976797898896867522, 0.39063245580193173279, 0.79506442378218322720, -0.18918643886101008111, -0.79000522147037044451, 0.35665684475694031663, -0.36972459515892813764, 0.51527487956923612167, 1.09105563056898602348
Vector b: -1.14675548253419634648, 0.69397500709045523148, 0.08728990451340838674, 1.50283894305095788724, -1.88121182077297821600, 0.30120137783223721595, 0.41211231168164347283, -1.15156150199949980362, 2.18211126113797204695
-------------------------------------------------------------------
| Order |          Error^2           |         Efficiency         |
-------------------------------------------------------------------
|   2   | 1.72370921499667098260e-38 | 2.63554329884453920000e+16 |
|   4   | 3.46849395889678721395e-41 | 2.03298345048726150000e+15 |
|   6   | 2.01739151341945384427e-42 | 2.91683173846838281250e+13 |
|   8   | 7.05542113919508334036e-08 | 5.39693463315505690302e-07 |
-------------------------------------------------------------------

Scheme evaluation results:
Order: 8, No. cycles: 17
-------------------------------------------------------------------
Vector a: -0.90626289381647318066, 0.29167263596012693583, 1.02911024095388103916, -0.18802112153704916842, -0.80415297752943293297, 0.43351511407176163138, -0.40120344855785172733, 0.47431797827408989088, 1.07102447218094765091
Vector b: -1.02296921353785874587, 0.23341263944277104714, 0.34993263247748285227, 1.70828784943027911503, -2.08433009250437750737, 0.47602413744551158592, 0.39100609069801178785, -1.19341298781371518700, 2.14204894436189530182
-------------------------------------------------------------------
| Order |          Error^2           |         Efficiency         |
-------------------------------------------------------------------
|   2   | 7.27814243672423709272e-39 | 4.05594336301278160000e+16 |
|   4   | 3.86309960645065570112e-41 | 1.92635516368537275000e+15 |
|   6   | 1.87838144848991236347e-42 | 3.02283593605837382812e+13 |
|   8   | 7.17511889235237137141e-08 | 5.35172856266656431653e-07 |
-------------------------------------------------------------------

Scheme evaluation results:
Order: 8, No. cycles: 17
-------------------------------------------------------------------
Vector a: -1.55192807870081517230, 1.49019966130406422700, 1.41295658825401693193, -0.73677163276089685517, -0.08368439555752715808, -0.59687493124186008497, -0.85352666903269724941, 1.12840350409840950441, 0.79122595363730596763
Vector b: -1.56991320279943336047, 0.03597024819723623063, 2.94442907441089207765, -0.11851589790285803339, -1.35502736761893571860, 1.18765857650388140243, -2.38140843898760135033, 0.67435510092220685152, 1.58245190727461193525
-------------------------------------------------------------------
| Order |          Error^2           |         Efficiency         |
-------------------------------------------------------------------
|   2   | 3.74294218677050274678e-38 | 1.78852739931062100000e+16 |
|   4   | 5.05692182014754035653e-40 | 5.32428377720002875000e+14 |
|   6   | 5.72829300095028982144e-41 | 5.47386219443210351562e+12 |
|   8   | 7.30751410139612928451e-08 | 5.30302650695966852750e-07 |
-------------------------------------------------------------------

Scheme evaluation results:
Order: 8, No. cycles: 17
-------------------------------------------------------------------
Vector a: 0.33287107216475858573, -0.63887859182295259064, -0.50625944810944245589, 1.15753608929011808648, -0.24763588409289602477, -0.61693275445341455576, -0.09082911191710517362, 0.52267655523421141517, 1.08745207370672258840
Vector b: 0.15119740350407509522, 0.36334733732136698103, -1.64110452096727210680, 0.62858562474838730605, 1.68648655383184897794, -2.18175832201764086093, 0.94789281311081197146, -1.12955103694502234646, 2.17490414741344517680
-------------------------------------------------------------------
| Order |          Error^2           |         Efficiency         |
-------------------------------------------------------------------
|   2   | 7.76009942535025737682e-39 | 3.92797318577791920000e+16 |
|   4   | 1.70909367201376314055e-41 | 2.89615220009054800000e+15 |
|   6   | 1.68034040282362711930e-42 | 3.19600784587541875000e+13 |
|   8   | 7.73494982858622309767e-08 | 5.15442088970669865598e-07 |
-------------------------------------------------------------------

Scheme evaluation results:
Order: 8, No. cycles: 17
-------------------------------------------------------------------
Vector a: -0.07504403003321985510, 1.52655920037285985913, 0.33012963674149098381, -0.50712476102982595449, -1.38747037072706147498, -0.74921813520418401033, 0.40566659598864657221, 0.84042003605087867157, 0.61608182784041520819
Vector b: -1.22127268037945690971, 2.29245730069247422023, 0.76066110005324527599, -0.10040182657026337776, -0.91384769548938848960, -1.86109304596473434934, 0.36265677555636621765, 0.44867641642092687126, 1.23216365568083041637
-------------------------------------------------------------------
| Order |          Error^2           |         Efficiency         |
-------------------------------------------------------------------
|   2   | 6.09845091674160389266e-39 | 4.43090451174908880000e+16 |
|   4   | 5.51018582141804568629e-41 | 1.61295106652184525000e+15 |
|   6   | 2.58851591634820216726e-42 | 2.57502264051474765625e+13 |
|   8   | 8.06575026817397616461e-08 | 5.04761524492090564556e-07 |
-------------------------------------------------------------------

Scheme evaluation results:
Order: 8, No. cycles: 17
-------------------------------------------------------------------
Vector a: -0.44122924963069404258, 1.19690644600237172668, -0.25679978191443669777, -0.30165679721341454034, -0.31744981002902911138, 0.33947476647519253534, 0.27521002306387071235, -0.15176770185461183060, 0.65731210510075133158
Vector b: -1.16591342681907561563, 1.44936835437676325711, 0.94444453762798008523, -1.45804410145685348077, 0.85473050703002428907, -1.48963012708808251183, 2.16857966003846769354, -1.61815961391072615783, 1.31462421020150266315
-------------------------------------------------------------------
| Order |          Error^2           |         Efficiency         |
-------------------------------------------------------------------
|   2   | 2.87100719863920025140e-38 | 2.04213766990512360000e+16 |
|   4   | 3.02792572171306472685e-41 | 2.17586379504158550000e+15 |
|   6   | 1.30343541966808581545e-42 | 3.62878896780221562500e+13 |
|   8   | 8.07992865108504140691e-08 | 5.04318460894378308080e-07 |
-------------------------------------------------------------------

Scheme evaluation results:
Order: 8, No. cycles: 17
-------------------------------------------------------------------
Vector a: -1.10764698863859067934, 0.89223594458554122966, 0.37496770462654677170, -0.20254422106569591744, -0.38536719897329202444, -0.58509106940639832306, 0.49099740176000561398, 0.91205669308448167332, 0.61039173402740176666
Vector b: -1.03331469439585710290, -0.14866458848546715288, 1.93313647765654961219, -1.18320106840345595778, 0.77811262627206423392, -1.54884702421864828281, 0.37866488540585147016, 0.60332991811415981331, 1.22078346805480353332
-------------------------------------------------------------------
| Order |          Error^2           |         Efficiency         |
-------------------------------------------------------------------
|   2   | 7.80601717342925298260e-40 | 1.23847546126018464000e+17 |
|   4   | 3.01251143860549173907e-41 | 2.18142337339292025000e+15 |
|   6   | 3.96512898239601988805e-43 | 6.57927155784301875000e+13 |
|   8   | 8.43206701203757549273e-08 | 4.93675533649053507543e-07 |
-------------------------------------------------------------------

Scheme evaluation results:
Order: 8, No. cycles: 17
-------------------------------------------------------------------
Vector a: -0.09279055348080363086, 0.98343659458957444208, -0.09083632876448398397, -0.79763994515115055339, -0.35719363156891992261, -0.11292663198609124986, -0.41237809869835301280, 1.13785527278640774540, 0.74247332227382012437
Vector b: -1.42145058047748085173, 2.65732005399335458051, -0.69044686481420547430, 0.50877420728523747862, -2.10405409758753858540, 1.38966683444969874017, -1.61552009842188115663, 0.79076390102517524205, 1.48494664454764024875
-------------------------------------------------------------------
| Order |          Error^2           |         Efficiency         |
-------------------------------------------------------------------
|   2   | 1.91591803859609165117e-38 | 2.49984852547420520000e+16 |
|   4   | 2.26814169435614891100e-41 | 2.51402286590061150000e+15 |
|   6   | 8.13095394248227148079e-43 | 4.59447318550003359375e+13 |
|   8   | 8.58105974820319784142e-08 | 4.89370928369548747450e-07 |
-------------------------------------------------------------------

Scheme evaluation results:
Order: 8, No. cycles: 17
-------------------------------------------------------------------
Vector a: -0.09631580055777104465, 0.92938184716554406162, -0.11923685682806245412, -0.82879604889336833118, -0.76137548738462101916, 1.09141246011250969694, -0.46402042487383871050, 0.04155088589431562424, 1.20739942536529221151
Vector b: -1.46709828855800195058, 2.74156497600046167307, -0.88280128166937354983, 0.64432756801324864160, -2.30191966579998519293, 0.77916869103074326564, 1.40365622919427601722, -2.33169707894195354925, 2.41479885073058486711
-------------------------------------------------------------------
| Order |          Error^2           |         Efficiency         |
-------------------------------------------------------------------
|   2   | 2.87700520448201905240e-37 | 6.45107117449912400000e+15 |
|   4   | 1.03505509768888288127e-40 | 1.17685397934649375000e+15 |
|   6   | 6.84092288685976932199e-42 | 1.58397792310099785156e+13 |
|   8   | 8.58543369736687638077e-08 | 4.89246254629620852104e-07 |
-------------------------------------------------------------------

Scheme evaluation results:
Order: 8, No. cycles: 17
-------------------------------------------------------------------
Vector a: -1.32529818062406579138, 0.72337126726200318139, 0.94116647858252411307, 0.41179537047408215633, -0.26319506347217397346, -0.18875629913900129897, -0.76935860214993345707, 0.21803595587626012353, 1.25223907319030480778
Vector b: -1.32889258894668826905, 0.00718881664524493105, 1.43955371787876140743, 0.44277923928628698524, 0.38081150166187727191, -0.90720162860622521883, 0.52968903032822267640, -2.06840623462808936850, 2.50447814638060961556
-------------------------------------------------------------------
| Order |          Error^2           |         Efficiency         |
-------------------------------------------------------------------
|   2   | 7.09888385301272065359e-38 | 1.29869486078359540000e+16 |
|   4   | 5.97289457433810028311e-41 | 1.54921570117801025000e+15 |
|   6   | 4.00228357641971815669e-42 | 2.07086860136877968750e+13 |
|   8   | 8.79712188602979967905e-08 | 4.83323959142707029799e-07 |
-------------------------------------------------------------------

Scheme evaluation results:
Order: 8, No. cycles: 17
-------------------------------------------------------------------
Vector a: 0.12651475628236669158, 0.42807801716189675112, -1.03454569578993060830, 0.94236337972840744648, -0.20209065420735772278, -1.12154378227109674526, 0.58473245423775987994, 0.83947119303668016332, 0.43702033182127425492
Vector b: -1.17673761531177500927, 2.60650474318828351272, -1.75034870886449001048, -0.31874268271537131714, 2.20346944217218609907, -2.60765075058690154464, 0.36456318604470805411, 0.80490172243081170578, 0.87404066364254850985
-------------------------------------------------------------------
| Order |          Error^2           |         Efficiency         |
-------------------------------------------------------------------
|   2   | 1.55798919232032090412e-37 | 8.76637282682404800000e+15 |
|   4   | 1.15304442838503247864e-40 | 1.11501649892437237500e+15 |
|   6   | 4.48082949300335299234e-42 | 1.95716419764789960938e+13 |
|   8   | 8.90227323431932753599e-08 | 4.80461031207870550832e-07 |
-------------------------------------------------------------------

Scheme evaluation results:
Order: 8, No. cycles: 17
-------------------------------------------------------------------
Vector a: 0.47684115692674305942, -0.22224703881047538911, -0.46648576403837460624, -0.66940354994197193150, 1.10713558763049046973, -0.06584963703727438056, -0.74784492453310569271, 0.93722154017784065072, 0.65063262962612800067
Vector b: 1.04055737122376212866, -1.12743242859403824951, 0.68293835097308741577, -1.61590987904983673928, 0.27710277916589282077, 1.93716839609508806319, -2.06886767016963668553, 0.57317782110342530011, 1.30126525925225600133
-------------------------------------------------------------------
| Order |          Error^2           |         Efficiency         |
-------------------------------------------------------------------
|   2   | 3.32042715796236974297e-39 | 6.00489169173587440000e+16 |
|   4   | 1.55824389232919658287e-41 | 3.03309908357642100000e+15 |
|   6   | 1.34444084755761419663e-43 | 1.12988858799838953125e+14 |
|   8   | 8.95385369691836376589e-08 | 4.79075136527251444378e-07 |
-------------------------------------------------------------------

Scheme evaluation results:
Order: 8, No. cycles: 17
-------------------------------------------------------------------
Vector a: -0.75168899314522985566, 1.15109175985508804807, 0.88967416696905432527, -1.07214925600045041243, -0.85093617859154102590, 0.48467366116365523387, -0.38906596533066584165, 0.44523341671588628765, 1.09316738836420324077
Vector b: -1.01769916346835831433, 0.53202034064625713938, 1.77016317906391917880, 0.00918515487418953940, -2.15348366687509029660, 0.45161130969200846685, 0.51773601263530211192, -1.29586794329663379521, 2.18633477672840648154
-------------------------------------------------------------------
| Order |          Error^2           |         Efficiency         |
-------------------------------------------------------------------
|   2   | 9.79088358062521147308e-38 | 1.10583724731225940000e+16 |
|   4   | 9.97794571522485995351e-42 | 3.79038867744111300000e+15 |
|   6   | 2.41368203763517616240e-42 | 2.66665260694658828125e+13 |
|   8   | 9.14047248978418959317e-08 | 4.74159335970652352039e-07 |
-------------------------------------------------------------------

Scheme evaluation results:
Order: 8, No. cycles: 17
-------------------------------------------------------------------
Vector a: -0.08700813267327801859, 0.51521700286575078387, -1.16623458928991374783, -0.08561019598512556450, 1.04549564819318985265, -0.29398091103274631708, -0.60135279723393397777, 1.03625194146254062666, 0.63722203369351648750
Vector b: -1.34375567462083900239, 2.51349508389512221740, -1.48306107816362042762, -0.84940810041620695703, 0.67818770844595577252, 1.41280358794042371073, -2.00076541000591623387, 0.79805981553804827833, 1.27444406738703297499
-------------------------------------------------------------------
| Order |          Error^2           |         Efficiency         |
-------------------------------------------------------------------
|   2   | 2.22701078183128688033e-38 | 2.31868096872559000000e+16 |
|   4   | 8.59276218323977827890e-42 | 4.08449076407669900000e+15 |
|   6   | 3.88293783260067914655e-43 | 6.64853949593110234375e+13 |
|   8   | 9.14815081596107065515e-08 | 4.73960305894302558811e-07 |
-------------------------------------------------------------------

Scheme evaluation results:
Order: 8, No. cycles: 17
-------------------------------------------------------------------
Vector a: -0.78199392348975249600, 1.15486593797359038405, -0.81085416034626311976, -0.00204192495125865917, 0.61526793282203462443, -0.47966030143702670374, -0.23353142500933402048, 0.40639885826248195455, 1.13154900617552800490
Vector b: -1.15912513969557418037, 0.75426243241164336872, 1.55546944353553762141, -3.17717776422806297276, 3.17309391432554566137, -1.94255804868147752273, 0.98323744580742400423, -1.45030029582609198968, 2.26309801235105600981
-------------------------------------------------------------------
| Order |          Error^2           |         Efficiency         |
-------------------------------------------------------------------
|   2   | 4.65746588624507366652e-37 | 5.07022597630020600000e+15 |
|   4   | 1.79912429574970398772e-39 | 2.82275854189098750000e+14 |
|   6   | 4.02837427589347215797e-41 | 6.52742010375408105469e+12 |
|   8   | 9.22271534347577473642e-08 | 4.72040461990607058429e-07 |
-------------------------------------------------------------------

Scheme evaluation results:
Order: 8, No. cycles: 17
-------------------------------------------------------------------
Vector a: -0.08265507870939163559, 0.75545284767353215738, -0.66190988888578894400, 0.15016686390824240949, 0.50967672803058972075, -0.82116862741632790090, -0.64461941451095627897, 1.09419900886992804701, 0.70085756104017238322
Vector b: -1.35730018607074942594, 2.54929021472271566395, -1.03838451937565112715, -0.28543525839592670534, 0.58576898621241157983, 0.43358446984876797270, -2.07592172468142388553, 0.78668289565951121656, 1.40171512208034476643
-------------------------------------------------------------------
| Order |          Error^2           |         Efficiency         |
-------------------------------------------------------------------
|   2   | 4.50567903025144381717e-40 | 1.63012921869712704000e+17 |
|   4   | 1.71294724279065638750e-41 | 2.89289266846024800000e+15 |
|   6   | 4.69870838635617873288e-43 | 6.04389937992768906250e+13 |
|   8   | 9.36487841400466450719e-08 | 4.68443866943068033411e-07 |
-------------------------------------------------------------------

Scheme evaluation results:
Order: 8, No. cycles: 17
-------------------------------------------------------------------
Vector a: -0.78178408323263759439, 1.15439411294234473004, -0.19655826578187168829, -0.47836648818101479286, -0.23903618916612953682, 0.41308194461282576881, -0.24212784744741117082, -0.00780302585511431085, 1.37819984210900869925
Vector b: -1.16261308703808285969, 0.76165800761089041959, 1.54713021827379915152, -1.94024674983754241708, 0.98351377347551294239, -1.46158615180777196052, 2.28775004103342372019, -2.77200573592824595082, 2.75639968421801739851
-------------------------------------------------------------------
| Order |          Error^2           |         Efficiency         |
-------------------------------------------------------------------
|   2   | 9.41313835619409918491e-39 | 3.56644011609319760000e+16 |
|   4   | 7.53898573806751584157e-41 | 1.37894788677412250000e+15 |
|   6   | 7.54428439788574405612e-42 | 1.50833373989614707031e+13 |
|   8   | 9.79281081886467540846e-08 | 4.58094361878317035448e-07 |
-------------------------------------------------------------------

Scheme evaluation results:
Order: 8, No. cycles: 17
-------------------------------------------------------------------
Vector a: -0.78432784358983753670, 1.16479304763464330819, -0.17825519383267415807, -0.91789827088866970950, 0.32134596763083883575, 0.36422139886713617019, -0.56323306485922541853, 0.47791360020082140903, 1.11544035883696701639
Vector b: -1.17805955162786246682, 0.78746341607604997126, 1.54212267919323675613, -1.89863306685858512779, 0.06283652508124570879, 0.57985541018043196271, 0.14858738755384046093, -1.27505351727229143677, 2.23088071767393403277
-------------------------------------------------------------------
| Order |          Error^2           |         Efficiency         |
-------------------------------------------------------------------
|   2   | 1.27967741642464613165e-37 | 9.67279323497350000000e+15 |
|   4   | 1.53409251329655836065e-40 | 9.66670664410962375000e+14 |
|   6   | 5.59643317604311648849e-42 | 1.75126073513254882812e+13 |
|   8   | 9.80717021629837609065e-08 | 4.57758874248263751331e-07 |
-------------------------------------------------------------------

Scheme evaluation results:
Order: 8, No. cycles: 17
-------------------------------------------------------------------
Vector a: -0.07331969452474754179, 0.17222336020263243062, -0.88461097466704174952, 1.15547901201784641856, -0.19943722847346284643, -0.50400009248245702942, -0.20913418568280492393, 0.42516528220382343584, 1.11763452140621177833
Vector b: -1.49773512388369067772, 2.84883085871788610532, -2.50438413831262129960, 0.73516218897853802261, 1.57579583505715503655, -1.97467029200408061840, 0.96667010703916667058, -1.38493847840477646294, 2.23526904281242355665
-------------------------------------------------------------------
| Order |          Error^2           |         Efficiency         |
-------------------------------------------------------------------
|   2   | 2.53265079248210138130e-38 | 2.17427514367371520000e+16 |
|   4   | 6.55807681304014389192e-42 | 4.67537085152804100000e+15 |
|   6   | 2.96999615951659697235e-42 | 2.40396714495183710938e+13 |
|   8   | 9.82448829636018855388e-08 | 4.57355239920378537585e-07 |
-------------------------------------------------------------------

Scheme evaluation results:
Order: 8, No. cycles: 17
-------------------------------------------------------------------
Vector a: -0.08650495782053206628, 0.69379476818923513370, -0.15937317282602603274, -0.60940734144132413519, -0.63588287041692692636, 1.80765976191749433433, 0.00065842931099834782, -0.71073452409048198941, 0.69978990717756339723
Vector b: -1.36262532914984646482, 2.55224074265862910238, -1.16465120628015861293, 0.84590486062810654744, -2.06471954351075481782, 0.79295380267690085407, 2.82236572115808792560, -2.82104886253609121738, 1.39957981435512679447
-------------------------------------------------------------------
| Order |          Error^2           |         Efficiency         |
-------------------------------------------------------------------
|   2   | 1.83921818014863936617e-35 | 8.06836490500559625000e+14 |
|   4   | 1.29620472287646303513e-38 | 1.05164101272977203125e+14 |
|   6   | 2.83141319640073527381e-40 | 2.46209522462133691406e+12 |
|   8   | 9.90103075337437163240e-08 | 4.55583958965505610805e-07 |
-------------------------------------------------------------------

Scheme evaluation results:
Order: 8, No. cycles: 17
-------------------------------------------------------------------
Vector a: -0.79040927358658086277, 1.17109160323610894672, -0.17288256831399767544, -0.67857636260395115535, 0.34396592354963140270, 0.11757740740448678618, -0.58350537893153420210, 0.47729419808692979954, 1.11544445115890678011
Vector b: -1.17477369224714434104, 0.76872883732112706756, 1.57345436915109115894, -1.91921950577908639879, 0.56206678057118397707, 0.12586506652808140960, 0.10928974828088765248, -1.27630050614395385011, 2.23088890231781356022
-------------------------------------------------------------------
| Order |          Error^2           |         Efficiency         |
-------------------------------------------------------------------
|   2   | 2.56251526535379188272e-36 | 2.16156812056249000000e+15 |
|   4   | 9.46331885420157088422e-41 | 1.23078608573828800000e+15 |
|   6   | 2.46283011805141230019e-42 | 2.63991074540907734375e+13 |
|   8   | 9.92567269305808744934e-08 | 4.55018080496137562191e-07 |
-------------------------------------------------------------------

Scheme evaluation results:
Order: 8, No. cycles: 17
-------------------------------------------------------------------
Vector a: -0.08514634108400853663, 0.71059726174698301104, -1.58761057480671929909, 0.00260529558839669041, 1.42908417771718943001, -0.62937737274341387650, -0.65019047630866710907, 1.10331697028991881915, 0.70672105960032105543
Vector b: -1.37428430976376914074, 2.57827593735952120824, -1.15708141386555496410, -2.01813973574788318999, 2.02335032692467642335, 0.83481802850970177055, -2.09357277399652952354, 0.79319182137919530540, 1.41344211920064211085
-------------------------------------------------------------------
| Order |          Error^2           |         Efficiency         |
-------------------------------------------------------------------
|   2   | 6.09931187451808506027e-38 | 1.40107613918248860000e+16 |
|   4   | 1.29124048293674593817e-40 | 1.05366061724756087500e+15 |
|   6   | 6.36792678658685241241e-41 | 5.19167432131389941406e+12 |
|   8   | 9.92955280181278943818e-08 | 4.54929169536002992735e-07 |
-------------------------------------------------------------------

Scheme evaluation results:
Order: 8, No. cycles: 17
-------------------------------------------------------------------
Vector a: -0.76452796423344160370, 1.21997508822127320727, -0.25243502229526937342, 0.18294415692562365772, 0.05658900745448183778, -0.72149351602559863572, -0.31515775782585969678, 0.45067015500777291015, 1.14343585277101777997
Vector b: -1.26419176825814250087, 0.99932760804940146127, 1.44062256839314506429, -1.94549261298368381112, 2.31138092683493123758, -2.19820291192596739549, 0.75521587987477023507, -1.38553139552648962862, 2.28687170554203555994
-------------------------------------------------------------------
| Order |          Error^2           |         Efficiency         |
-------------------------------------------------------------------
|   2   | 2.76833798379382101410e-38 | 2.07966125802765280000e+16 |
|   4   | 1.28541108132515469916e-40 | 1.05604711559399300000e+15 |
|   6   | 7.66896592087930504123e-42 | 1.49602230186325566406e+13 |
|   8   | 9.94333662626266733375e-08 | 4.54613740283709695507e-07 |
-------------------------------------------------------------------

Scheme evaluation results:
Order: 8, No. cycles: 17
-------------------------------------------------------------------
Vector a: -0.08545716396580629870, 0.70738192996076620922, -0.15108867173704987330, -0.61358586830530004175, -0.66450516608052934142, -0.98954321319043048177, 0.00004874204421033489, 2.08476649278519232666, 0.71198291848894745826
Vector b: -1.37803868250045535859, 2.58516303706929795325, -1.17039917714776575686, 0.86822183367366601026, -2.09539357028426609375, 0.76638323812320729989, -2.74546966450405749427, 2.74556714859247819049, 1.42396583697789513856
-------------------------------------------------------------------
| Order |          Error^2           |         Efficiency         |
-------------------------------------------------------------------
|   2   | 3.28838259650766617831e-35 | 6.03407892936041875000e+14 |
|   4   | 7.41974420706364558766e-37 | 1.38998414926434140625e+13 |
|   6   | 7.36772211878268272537e-39 | 4.82658382249392700195e+11 |
|   8   | 1.00866241981286146173e-07 | 4.51373136825169589193e-07 |
-------------------------------------------------------------------

Scheme evaluation results:
Order: 8, No. cycles: 17
-------------------------------------------------------------------
Vector a: 0.03836268362936127302, 0.40526560557108060046, -0.07230101628830019889, -1.27428878854522231734, 0.72898662168687899943, 0.80098977361473544523, -1.06890645466748934744, 0.09440917497453171769, 1.34748240002442387642
Vector b: 0.94724846876974888588, -1.81777157028077573919, 2.62830278142293760624, -2.77290481399953758768, 0.22432723690909289749, 1.23364600646466526790, 0.36833354076480562256, -2.50614645009978431744, 2.69496480004884775283
-------------------------------------------------------------------
| Order |          Error^2           |         Efficiency         |
-------------------------------------------------------------------
|   2   | 2.54958296208623101094e-38 | 2.16704327012949520000e+16 |
|   4   | 9.37367779143871233619e-40 | 3.91065319885144750000e+14 |
|   6   | 1.40109839612610194567e-41 | 1.10680765393873222656e+13 |
|   8   | 1.01824335483360446549e-07 | 4.49244570209741317942e-07 |
-------------------------------------------------------------------

Scheme evaluation results:
Order: 8, No. cycles: 17
-------------------------------------------------------------------
Vector a: 0.44186191899733401334, -0.18705374316310252603, -0.40209778397566492414, -0.69984317989220246048, 0.34222016719238951277, 0.87949578975605091635, -0.40745364513590065503, -0.05318768878341651601, 1.08605816500451268780
Vector b: 1.12117764416534138050, -1.35863145033601462330, 0.98452396400980946023, -1.78871953196113930851, 0.38903317217673433204, 0.29540716220804469350, 1.46358441730405708370, -2.27849170757585817171, 2.17211633000902537560
-------------------------------------------------------------------
| Order |          Error^2           |         Efficiency         |
-------------------------------------------------------------------
|   2   | 1.16588032231824780301e-39 | 1.01338663206870288000e+17 |
|   4   | 1.06414605380826608366e-41 | 3.67031801237053300000e+15 |
|   6   | 8.22507631394346378366e-43 | 4.56810947940998671875e+13 |
|   8   | 1.03773091842272064341e-07 | 4.45006393647565983148e-07 |
-------------------------------------------------------------------

Scheme evaluation results:
Order: 8, No. cycles: 17
-------------------------------------------------------------------
Vector a: 0.02057630562807302027, -0.79708489479132227373, 1.15241020945246130935, -0.19270462197238430457, -0.86184052890641082989, 0.39691616578224364620, -0.31478127379262543784, 0.47279547197674559600, 1.12371316662321918400
Vector b: 1.24015575800943445017, -2.43915890476272290144, 0.84498911518007835397, 1.45983130372484426474, -1.84524054766961276286, 0.12155948985679104757, 0.67227284170769641136, -1.30183538929294728703, 2.24742633324643836801
-------------------------------------------------------------------
| Order |          Error^2           |         Efficiency         |
-------------------------------------------------------------------
|   2   | 1.11350539091564344017e-39 | 1.03694565284109664000e+17 |
|   4   | 5.01840012536325113525e-41 | 1.69013607568745775000e+15 |
|   6   | 2.93548507946600365037e-42 | 2.41805699429435039062e+13 |
|   8   | 1.04846450249082243162e-07 | 4.42722672399764175472e-07 |
-------------------------------------------------------------------

Scheme evaluation results:
Order: 8, No. cycles: 17
-------------------------------------------------------------------
Vector a: 0.20090768607491529818, -0.35356038953322299623, -1.39112869716136677845, 1.36246531410772431236, 1.43468209702222204704, -0.92161613214633686386, -0.68047378405121061729, 0.82489756093813693116, 0.52382634474913858380
Vector b: -0.82437270673260287790, 2.05056078561503651869, -2.75768156468148228910, -0.02457582964125106309, 2.74950645785669944843, 0.11985773618774454852, -1.96309000048041815134, 0.60214243237799691677, 1.04765268949827716760
-------------------------------------------------------------------
| Order |          Error^2           |         Efficiency         |
-------------------------------------------------------------------
|   2   | 3.68776914259433458921e-39 | 5.69797178288262400000e+16 |
|   4   | 7.45033959721432791366e-40 | 4.38648127721864750000e+14 |
|   6   | 2.25393618512530337925e-41 | 8.72641100183102343750e+12 |
|   8   | 1.06771504339257195073e-07 | 4.38713448987462489554e-07 |
-------------------------------------------------------------------

Scheme evaluation results:
Order: 8, No. cycles: 17
-------------------------------------------------------------------
Vector a: 0.30737199045244822937, -0.00301383931979397205, -1.08257200451655299922, 1.15187043610501604896, -0.19582914876785290081, -0.48096619474069485234, -0.24448283198332809718, 0.41679327049365511026, 1.13082832227710339268
Vector b: -1.16936734507636486136, 2.95347867105762595941, -2.95950634969721404488, 0.79436234066410793542, 1.50937853154592427352, -1.90103682908163018617, 0.93910443960024048149, -1.42807010356689656483, 2.26165664455420678536
-------------------------------------------------------------------
| Order |          Error^2           |         Efficiency         |
-------------------------------------------------------------------
|   2   | 9.64760585732247049692e-38 | 1.11401844345114280000e+16 |
|   4   | 2.67704058624613053229e-41 | 2.31407183626627650000e+15 |
|   6   | 3.23322542329120653063e-42 | 2.30403185476938867188e+13 |
|   8   | 1.06806377608951773307e-07 | 4.38641821141737044397e-07 |
-------------------------------------------------------------------

Scheme evaluation results:
Order: 8, No. cycles: 17
-------------------------------------------------------------------
Vector a: -0.61985289284719657932, 1.10521234203877050106, 0.45818047504891012967, -0.42788895204042454168, -0.37786227985856790657, 0.26626889921172264275, -0.88110095305663604925, 0.22266978222167016499, 1.25437357928175186039
Vector b: -1.33252414286347731220, 1.42534250003256168782, 0.78508218404497909226, 0.13127876605284105604, -0.98705667013369013940, 0.23133211041655427076, 0.30120568800689112576, -2.06340759412016305774, 2.50874715856350372079
-------------------------------------------------------------------
| Order |          Error^2           |         Efficiency         |
-------------------------------------------------------------------
|   2   | 4.82423340754947583226e-39 | 4.98181965025492160000e+16 |
|   4   | 7.93695450193576388971e-42 | 4.24988686632422700000e+15 |
|   6   | 7.00159872464320103250e-42 | 1.56569751863852988281e+13 |
|   8   | 1.07871073359216297130e-07 | 4.36471738970309270311e-07 |
-------------------------------------------------------------------

Scheme evaluation results:
Order: 8, No. cycles: 17
-------------------------------------------------------------------
Vector a: -0.77241138529146036174, 1.15047482821720503665, -0.19329148381608038387, -0.46594786937218485301, -0.27765806921873981139, 0.33953153825957343992, 0.04087814951414007331, 0.07679348578119433999, 1.10163080592635242994
Vector b: -1.20170396577157601037, 0.85858516096023118624, 1.44236449547417877604, -1.82894746310633959929, 0.89705172436197000430, -1.45236786279944962708, 2.13143093931859661794, -2.04967464029031631867, 2.20326161185270485987
-------------------------------------------------------------------
| Order |          Error^2           |         Efficiency         |
-------------------------------------------------------------------
|   2   | 6.99821636499766013098e-37 | 4.13626613686512050000e+15 |
|   4   | 1.38718038229674453893e-40 | 1.01657130200472637500e+15 |
|   6   | 1.34869794165937832291e-42 | 3.56737795634167812500e+13 |
|   8   | 1.08762037770252672952e-07 | 4.34680302878033250261e-07 |
-------------------------------------------------------------------

Scheme evaluation results:
Order: 8, No. cycles: 17
-------------------------------------------------------------------
Vector a: -0.55829185771135569905, -0.07063901522034689295, -0.43539049379596195255, 0.49288551343054415321, 0.76902985164447112965, -0.30637682381562592049, -1.04980333454049823416, 1.00334674489318720347, 1.15523941511558603246
Vector b: -1.23843283857551722527, 1.36028196172832305244, -1.50155999216901681059, 0.63077900457709290549, 0.35499202228399534542, 1.18306768100494696938, -1.79582132863619881036, -0.30378534044479765797, 2.31047883023117206491
-------------------------------------------------------------------
| Order |          Error^2           |         Efficiency         |
-------------------------------------------------------------------
|   2   | 1.59427138795086477575e-37 | 8.66604682379349600000e+15 |
|   4   | 1.49781990254751047077e-40 | 9.78305546942255000000e+14 |
|   6   | 2.62602882334714716373e-41 | 8.08456630880337792969e+12 |
|   8   | 1.14734353062936781621e-07 | 4.23215819926072583843e-07 |
-------------------------------------------------------------------

Scheme evaluation results:
Order: 8, No. cycles: 17
-------------------------------------------------------------------
Vector a: -0.75897766708364133859, 1.17643320701280940099, -0.18284089577252168879, -0.83874861166490843889, 0.46744983858695937640, -0.42351988159885201046, -0.64520747069283290731, 1.10621965716574188754, 1.09919182404724602442
Vector b: -1.04076874182958101223, 0.56358214949187934728, 1.78928426453373923266, -2.15496605607878244371, 0.47746883274896551042, 0.45743084442495329789, -1.30447060762265731881, 0.01405566623699163256, 2.19838364809449204884
-------------------------------------------------------------------
| Order |          Error^2           |         Efficiency         |
-------------------------------------------------------------------
|   2   | 3.45100575406201349691e-38 | 1.86264167432827000000e+16 |
|   4   | 1.35164345324146717802e-40 | 1.02984826549185737500e+15 |
|   6   | 8.99175335444704847446e-42 | 1.38160621735042207031e+13 |
|   8   | 1.14922353411985719834e-07 | 4.22869510935977650325e-07 |
-------------------------------------------------------------------

Scheme evaluation results:
Order: 8, No. cycles: 17
-------------------------------------------------------------------
Vector a: 0.62201003933071807861, -0.34645245629578952373, 0.37394168813201839052, -0.76095057456058667888, 0.18353401027852261906, -0.07033614276911664964, -0.78629080258503092349, 1.08741424774854955615, 0.69712999072071524242
Vector b: 1.18064985175388681427, -1.11727962484633747131, 0.42437471225475836833, 0.32350866400927841271, -1.84540981313045171497, 2.21247783368749706412, -2.35315011922573047443, 0.78056851405566851643, 1.39425998144143048485
-------------------------------------------------------------------
| Order |          Error^2           |         Efficiency         |
-------------------------------------------------------------------
|   2   | 5.79711569497319522973e-39 | 4.54460532839155120000e+16 |
|   4   | 3.31603268597824711663e-41 | 2.07919352072376700000e+15 |
|   6   | 6.41618336954135495046e-43 | 5.17211399267516171875e+13 |
|   8   | 1.15726558335710483290e-07 | 4.21397650811329926323e-07 |
-------------------------------------------------------------------

Scheme evaluation results:
Order: 8, No. cycles: 17
-------------------------------------------------------------------
Vector a: -1.58529953321330552285, -0.12212877204262229114, 1.38972580692021741022, 1.58711814005825635476, 0.36060278607413021046, -1.01254569451901010879, -0.55371424752641806855, 0.61483078472029295547, 0.32141072952845894939
Vector b: -1.13454891643383382061, -0.90150123355894307142, 0.65724368947369848915, 2.12220792436673599823, 1.05202835574977671129, -0.33082278360151640140, -1.69426860543650370516, 0.58684011038366779012, 0.64282145905691800980
-------------------------------------------------------------------
| Order |          Error^2           |         Efficiency         |
-------------------------------------------------------------------
|   2   | 8.70810003303367103041e-37 | 3.70800620818589200000e+15 |
|   4   | 3.42080076566349206494e-40 | 6.47351895693216000000e+14 |
|   6   | 8.36874669694999273974e-42 | 1.43210961404637949219e+13 |
|   8   | 1.15850478300943098753e-07 | 4.21172215600778175386e-07 |
-------------------------------------------------------------------

Scheme evaluation results:
Order: 8, No. cycles: 17
-------------------------------------------------------------------
Vector a: -0.78369610591985583437, 1.15894642438727091260, -0.18467908887133074880, -0.42256784182117956838, -0.14652151699695786791, -0.10795796329848768302, -0.12886930365698812118, 0.47904261854401775089, 1.13630277763351106302
Vector b: -1.21492647562324274091, 0.86246073940677392411, 1.45543210936776779008, -1.82479028711042934319, 0.97965460346807020642, -1.27269763746198583121, 1.05678171086501060394, -1.31452031817898684629, 2.27260555526702257012
-------------------------------------------------------------------
| Order |          Error^2           |         Efficiency         |
-------------------------------------------------------------------
|   2   | 1.58325112841190583036e-37 | 8.69615464218114100000e+15 |
|   4   | 2.31407625801671641458e-40 | 7.87073845836028250000e+14 |
|   6   | 2.85955495584146575975e-42 | 2.44995015187515468750e+13 |
|   8   | 1.18916782152637489767e-07 | 4.15706729111707341380e-07 |
-------------------------------------------------------------------

Scheme evaluation results:
Order: 8, No. cycles: 17
-------------------------------------------------------------------
Vector a: -0.03414437637658727237, -0.06541443800772601957, 0.63148418264569639025, -0.76545070280793892081, 0.56196854947311125628, -0.44047547544819515286, -0.66313589113856019619, 1.08595843004302161638, 0.68920972161717819482
Vector b: 1.37076437244167692597, -2.80981749763652821628, 2.67898862162107631590, -1.41602025632968353541, -0.11488114928619422295, 1.23881824823241681877, -2.11976919912880701347, 0.79349741685168684313, 1.37841944323435661168
-------------------------------------------------------------------
| Order |          Error^2           |         Efficiency         |
-------------------------------------------------------------------
|   2   | 5.44957573920029723848e-38 | 1.48224778767091780000e+16 |
|   4   | 3.43318123759580182376e-41 | 2.04341204616209100000e+15 |
|   6   | 6.03303463696609683168e-43 | 5.33382254080296406250e+13 |
|   8   | 1.18952473241583842410e-07 | 4.15644359080422408124e-07 |
-------------------------------------------------------------------

Scheme evaluation results:
Order: 8, No. cycles: 17
-------------------------------------------------------------------
Vector a: 0.12809376396468941106, 0.89680472831796786970, -1.24747754571116242772, -0.72217293751862010609, 1.39123243660251083575, 0.15951404520708212242, -0.65514295731689897728, 0.62590834449345067458, 0.42324012196098076410
Vector b: -0.92010836099976101021, 2.09640424992890084255, -0.30279479329296510315, -2.19216029812935975229, 0.74781442309211954012, 2.03465045011290213139, -1.71562235969873766450, 0.40533644506493976545, 0.84648024392196152821
-------------------------------------------------------------------
| Order |          Error^2           |         Efficiency         |
-------------------------------------------------------------------
|   2   | 6.82022051935831607101e-38 | 1.32496055355748000000e+16 |
|   4   | 6.46306877715892129451e-41 | 1.48930938318861675000e+15 |
|   6   | 2.65801724970661414007e-42 | 2.54113404198727148438e+13 |
|   8   | 1.19040835020418679481e-07 | 4.15490067937765053593e-07 |
-------------------------------------------------------------------

Scheme evaluation results:
Order: 8, No. cycles: 17
-------------------------------------------------------------------
Vector a: -0.09512756959541081303, 0.59490642562769113777, -0.82979223090653875250, 0.61341856477831480099, -0.37921493217131535536, -1.06393797608068907401, 0.40899538900728366064, 1.07790620390014502128, 0.67284612544051924932
Vector b: -1.44458643645092399410, 2.69891773371102638990, -1.50910488245564411436, -0.15047957935743341840, 1.37731670891406299262, -2.13574657325669381436, 0.00787062109531566981, 0.81012015691925154393, 1.34569225088103849863
-------------------------------------------------------------------
| Order |          Error^2           |         Efficiency         |
-------------------------------------------------------------------
|   2   | 5.16574665888700565025e-39 | 4.81432722503632080000e+16 |
|   4   | 3.43626409421731642132e-41 | 2.04249521326835500000e+15 |
|   6   | 6.20401802392717561581e-43 | 5.25980866625697109375e+13 |
|   8   | 1.19055955747239654392e-07 | 4.15463682398019145761e-07 |
-------------------------------------------------------------------

Scheme evaluation results:
Order: 8, No. cycles: 17
-------------------------------------------------------------------
Vector a: -0.09280279130830815237, 0.62476625758703341340, -0.68445435887987315926, -0.05776234045067274447, 0.53870073899535952933, -0.44049859512879668832, -0.66315121715545122250, 1.08589618249027886066, 0.68930612385042999701
Vector b: -1.42480300899568579354, 2.66400043537475550437, -1.41446792020068845552, 0.04555920244094222027, -0.16108388334228784800, 1.23848536133300690665, -2.11948255159060039432, 0.79318011727969783831, 1.37861224770085999403
-------------------------------------------------------------------
| Order |          Error^2           |         Efficiency         |
-------------------------------------------------------------------
|   2   | 7.46163406283678593925e-40 | 1.26673329008587856000e+17 |
|   4   | 1.14626214381770036402e-41 | 3.53640779859269600000e+15 |
|   6   | 2.42184470382403308938e-43 | 8.41847305200456250000e+13 |
|   8   | 1.19095545164245062223e-07 | 4.15394623005098295187e-07 |
-------------------------------------------------------------------

Scheme evaluation results:
Order: 8, No. cycles: 17
-------------------------------------------------------------------
Vector a: -0.59731822401979794979, 1.13339131501641521282, -0.24453695356345678258, -1.14122637524985481861, -0.04190804764657794085, 0.93881355641458585914, -0.52969786315882372296, 0.23428598807130376902, 1.24819660413620625583
Vector b: -1.33052896850489998926, 1.46642148897020430098, 0.80036114106262612466, -1.28943504818953957880, -0.99301770231016994739, 0.90920160701701402406, 0.96842550581215769423, -2.02782123212980502913, 2.49639320827241251166
-------------------------------------------------------------------
| Order |          Error^2           |         Efficiency         |
-------------------------------------------------------------------
|   2   | 5.60196526563746390516e-39 | 4.62308577652235760000e+16 |
|   4   | 8.99073094710802632705e-41 | 1.26271928643475450000e+15 |
|   6   | 7.50427144237048478977e-42 | 1.51234962966668164062e+13 |
|   8   | 1.24269818573727405825e-07 | 4.06654700664005758107e-07 |
-------------------------------------------------------------------

Scheme evaluation results:
Order: 8, No. cycles: 17
-------------------------------------------------------------------
Vector a: -0.85420738220694747422, 0.42901998996586515611, 0.85085285155345180552, 0.72596733457816842172, -0.94265301429268988365, -0.56212132390529423454, -0.24523309206908294744, 0.49254558276325999255, 1.10582905361326910842
Vector b: -1.17082316680399856068, 0.63323156919410228394, 0.22480841073762797278, 1.47689729236927558276, -0.02496262321293886421, -1.86034340537244080593, 0.73610075756185233686, -1.22656694170001823174, 2.21165810722653821685
-------------------------------------------------------------------
| Order |          Error^2           |         Efficiency         |
-------------------------------------------------------------------
|   2   | 2.53695558136450721935e-39 | 6.86982581381155600000e+16 |
|   4   | 9.65102278349788013087e-41 | 1.21875846191002800000e+15 |
|   6   | 3.52448065635231243033e-42 | 2.20677932295380312500e+13 |
|   8   | 1.24555860674505559674e-07 | 4.06187491721125698935e-07 |
-------------------------------------------------------------------

Scheme evaluation results:
Order: 8, No. cycles: 17
-------------------------------------------------------------------
Vector a: 1.22197175284334091927, -0.63339761367553881755, -0.15301308635673355196, -0.54981162102312075568, 0.31731156539087312929, -0.02171141283782015291, -0.99161318361170880387, 1.09214887157345619251, 0.71811472769725182008
Vector b: 1.22554355192604669256, -0.00714359816541175040, -1.25965162918566564443, 0.95362545647219854050, -2.05324869851843994084, 2.68787182930018619942, -2.73129465497582657463, 0.74806828775240896690, 1.43622945539450364016
-------------------------------------------------------------------
| Order |          Error^2           |         Efficiency         |
-------------------------------------------------------------------
|   2   | 1.03429727547937602020e-38 | 3.40235375590623480000e+16 |
|   4   | 8.22646276466527109656e-41 | 1.32007238598040175000e+15 |
|   6   | 2.40875816357565591589e-42 | 2.66937674060472695312e+13 |
|   8   | 1.37514862058899679950e-07 | 3.86575040638723741089e-07 |
-------------------------------------------------------------------

Scheme evaluation results:
Order: 8, No. cycles: 17
-------------------------------------------------------------------
Vector a: -0.83374936761670503937, 1.23355465144804954392, -0.14599104514348346107, -0.65622811252713020291, 0.55937650551060580373, 0.12127733722527368754, -0.75890955984312014060, 0.33074834476335573941, 1.14992124618315383344
Vector b: -1.05870444181909628689, 0.44991014840478232850, 2.01719915449131725893, -2.30918124477828401453, 0.99672501972402360870, 0.12202799129718895632, 0.12052668315335679505, -1.63834580283959629909, 2.29984249236630766688
-------------------------------------------------------------------
| Order |          Error^2           |         Efficiency         |
-------------------------------------------------------------------
|   2   | 3.76597280729137398030e-37 | 5.63849977368557500000e+15 |
|   4   | 2.25070954145994818663e-40 | 7.98076620572661375000e+14 |
|   6   | 3.22637767181124424096e-42 | 2.30647562862421523438e+13 |
|   8   | 1.44377774452753799315e-07 | 3.77275373285570009553e-07 |
-------------------------------------------------------------------

Scheme evaluation results:
Order: 8, No. cycles: 17
-------------------------------------------------------------------
Vector a: 0.50349317700594242719, 0.40132161864414889196, -0.41931178748919079036, 0.22096926006117054153, 0.23161597574875131267, -1.75556273602230983322, -0.11136674478789815312, 1.41334018717086906669, 0.51550104966851673094
Vector b: 0.43986334029224299913, 0.12725967342739877286, 0.67538356386089892780, -1.51400713883928039749, 1.95594565896162131402, -1.49271370746411879971, -2.01841176458050064468, 1.79567827500470422741, 1.03100209933703346188
-------------------------------------------------------------------
| Order |          Error^2           |         Efficiency         |
-------------------------------------------------------------------
|   2   | 5.15900248963790317065e-37 | 4.81747299142870400000e+15 |
|   4   | 9.56080718836464840784e-40 | 3.87219334776870937500e+14 |
|   6   | 8.87177183474089041355e-42 | 1.39091723871674941406e+13 |
|   8   | 1.54393337724998504854e-07 | 3.64833198735385612734e-07 |
-------------------------------------------------------------------

Scheme evaluation results:
Order: 8, No. cycles: 17
-------------------------------------------------------------------
Vector a: 0.69018355634518602226, -0.38790739938003127030, 0.39306248059801768280, -1.00144139906282236829, -0.06363436968378670400, 0.19137039505305245002, -0.63498708024033678754, 1.08111357042952094254, 0.73224024594120018516
Vector b: 1.23372966592056054758, -1.08709221915074927267, 0.31127742039068667657, 0.47484754080534863352, -2.47773033893099325908, 2.35046159956341993436, -1.96772080945731508983, 0.69774664897664151475, 1.46448049188240037033
-------------------------------------------------------------------
| Order |          Error^2           |         Efficiency         |
-------------------------------------------------------------------
|   2   | 2.05395826875857219105e-38 | 2.41438402811673400000e+16 |
|   4   | 3.82554480760675060362e-42 | 6.12149737974782600000e+15 |
|   6   | 1.57732016243924340901e-42 | 3.29872828480942226562e+13 |
|   8   | 1.63399582709121941031e-07 | 3.54636275668878828507e-07 |
-------------------------------------------------------------------

Scheme evaluation results:
Order: 8, No. cycles: 17
-------------------------------------------------------------------
Vector a: -0.78461120673703532713, 1.05862298575134450296, -0.17001791193546522685, 0.29447968966520043921, -0.04887550387685206388, -0.63871144228460885461, -0.21836250482805522055, 0.35360926081117011188, 1.15386663343430173612
Vector b: -1.13600098788621206580, 0.70277956229835369939, 1.41446640920433508448, -1.75450223307526553818, 2.34346161240566663864, -2.44121262015937068313, 1.16378973559015275185, -1.60051474524626335949, 2.30773326686860347223
-------------------------------------------------------------------
| Order |          Error^2           |         Efficiency         |
-------------------------------------------------------------------
|   2   | 1.26148250874834412286e-37 | 9.74230093698216200000e+15 |
|   4   | 4.93831591812708783964e-40 | 5.38784235095272562500e+14 |
|   6   | 6.18857260845625947414e-42 | 1.66537187650947910156e+13 |
|   8   | 1.67603361478917624354e-07 | 3.50160591030460290732e-07 |
-------------------------------------------------------------------

Scheme evaluation results:
Order: 8, No. cycles: 17
-------------------------------------------------------------------
Vector a: -0.09917237617280101614, 0.41875904878347680604, -0.73268493267642298417, -0.14764166136729861556, -0.23577452196073594992, 1.19235139380046595292, -0.43392520912811310962, -0.12786632483418794437, 1.16595458355561687469
Vector b: -1.67120491276491223154, 3.14406507318422256958, -2.30654697561726917954, 0.84117711026442310018, -1.13646043299902044232, 0.66491138907754843146, 1.71979139852338347438, -2.58764181677960980466, 2.33190916711123374938
-------------------------------------------------------------------
| Order |          Error^2           |         Efficiency         |
-------------------------------------------------------------------
|   2   | 7.46450392209172316462e-39 | 4.00499226785199600000e+16 |
|   4   | 7.84979373745476026790e-41 | 1.35137285757065000000e+15 |
|   6   | 5.05896114731890306687e-42 | 1.84194135920273828125e+13 |
|   8   | 1.69524946175846627559e-07 | 3.48170379920994883419e-07 |
-------------------------------------------------------------------

Scheme evaluation results:
Order: 8, No. cycles: 17
-------------------------------------------------------------------
Vector a: 0.63522465165253727548, -0.29212215218685183560, 0.37730282843446399932, -0.87107512531863995342, -0.63608189434993112066, 1.09643605626409468279, -0.55973887048303816449, -0.01950822022048331883, 1.26956272620784860194
Vector b: 1.17253888292376107216, -1.07462846254244759336, 0.49038415816874392217, 0.26422149870018407647, -2.00637174933746420535, 0.73420796063760174199, 1.45866415189058740154, -2.57814189285666373053, 2.53912545241569720389
-------------------------------------------------------------------
| Order |          Error^2           |         Efficiency         |
-------------------------------------------------------------------
|   2   | 3.92883732000906151955e-39 | 5.52039474757977760000e+16 |
|   4   | 4.77226205010459701674e-41 | 1.73317402982656925000e+15 |
|   6   | 1.40993615564006926365e-42 | 3.48904642344926835938e+13 |
|   8   | 1.74077099984951159109e-07 | 3.43587857611241239143e-07 |
-------------------------------------------------------------------

Scheme evaluation results:
Order: 8, No. cycles: 17
-------------------------------------------------------------------
Vector a: 0.44619319277388913569, -0.18731327928070537481, -0.36931043064558966016, -0.64478493455210039720, 1.07393555053069400529, 0.76545667261764849254, -1.27162811043332291128, -0.04740590197683230977, 1.23485724096631899194
Vector b: 1.22809488638398001115, -1.56380338722018175091, 1.18917682865877094578, -1.92779768994995026610, 0.63822782084574947170, 1.50964328021563853888, 0.02127006501965763088, -2.56452628588630293649, 2.46971448193263798387
-------------------------------------------------------------------
| Order |          Error^2           |         Efficiency         |
-------------------------------------------------------------------
|   2   | 2.82882026759162303859e-38 | 2.05730878116825120000e+16 |
|   4   | 3.30014196139280369105e-40 | 6.59079803240098625000e+14 |
|   6   | 3.71168999160812500021e-42 | 2.15040679558886953125e+13 |
|   8   | 1.77073287969405142759e-07 | 3.40668598004852905503e-07 |
-------------------------------------------------------------------

Scheme evaluation results:
Order: 8, No. cycles: 17
-------------------------------------------------------------------
Vector a: -0.64752672129936716949, 1.15340879006403773666, -0.16205331431478239845, -0.18120582905549881270, 0.75547347185760316268, -0.04497038612338508795, -1.37442169594365126706, 0.24381415871281025831, 1.25748152610223384862
Vector b: -1.34209346719592792496, 1.38913349179312151094, 0.91768408833495362931, -1.24179071696451859275, 0.87937905885352085633, 0.63156788486168502494, -0.72150865710845513146, -2.02733473477884684755, 2.51496305220446769724
-------------------------------------------------------------------
| Order |          Error^2           |         Efficiency         |
-------------------------------------------------------------------
|   2   | 4.66654038120918517311e-36 | 1.60178655175450900000e+15 |
|   4   | 1.29244559961606528085e-40 | 1.05316926963524625000e+15 |
|   6   | 6.73021278167268515376e-42 | 1.59695277798078535156e+13 |
|   8   | 1.79534133985400389068e-07 | 3.38325796872384732058e-07 |
-------------------------------------------------------------------

Scheme evaluation results:
Order: 8, No. cycles: 17
-------------------------------------------------------------------
Vector a: -0.75888561572389101606, 0.65166814152380392322, -0.04364912742983113186, 0.52186574066672331007, -0.18612468918878644075, -0.43625682388797093481, -0.31852547660931307405, 0.39408730889766019345, 1.17582054175160521936
Vector b: -1.26272873440043298388, 1.00768623735308393563, 0.29565004569452346672, -0.38294830055418566106, 1.42667978188763266978, -1.79892916026520555128, 0.92641551248926379269, -1.56346646570788982977, 2.35164108350321043872
-------------------------------------------------------------------
| Order |          Error^2           |         Efficiency         |
-------------------------------------------------------------------
|   2   | 7.54686888270842153248e-38 | 1.25955969440857820000e+16 |
|   4   | 4.04134477111277243254e-41 | 1.88339478447165975000e+15 |
|   6   | 1.31920208007503735831e-42 | 3.60703875084990937500e+13 |
|   8   | 1.92641243599780157753e-07 | 3.26613395317071237427e-07 |
-------------------------------------------------------------------

Scheme evaluation results:
Order: 8, No. cycles: 17
-------------------------------------------------------------------
Vector a: 0.17893823026816349508, -0.81820089916712357425, 1.10741871380735035224, -0.30139670962110537422, -1.03773309485140052821, 0.59565604013452566612, -0.28577818036823304793, 0.41996772356543432547, 1.14112817623238882447
Vector b: 1.20794769017653780274, -2.05801891981674867083, 0.42161712148250163334, 1.79322030613219896011, -2.39601372537440981958, 0.32054753567160865213, 0.87076454459744268011, -1.44232090533390877596, 2.28225635246477764895
-------------------------------------------------------------------
| Order |          Error^2           |         Efficiency         |
-------------------------------------------------------------------
|   2   | 3.61028294271102950445e-38 | 1.82109053644572200000e+16 |
|   4   | 5.03113792840396372242e-40 | 5.33790945408178687500e+14 |
|   6   | 3.36578360526752689705e-42 | 2.25820506107563867188e+13 |
|   8   | 1.94521218900673712689e-07 | 3.25031264808397999776e-07 |
-------------------------------------------------------------------

Scheme evaluation results:
Order: 8, No. cycles: 17
-------------------------------------------------------------------
Vector a: 1.26470679585201017936, -1.30035625604841498237, -0.60432435720983268546, 1.19290413431312880554, -0.13974824902014718053, -0.27495533381877035328, -0.65244156187682400549, 0.25377548560955354162, 1.26043934219929654184
Vector b: 1.25726393988900575494, 0.01488571192600911253, -2.61559822402283881360, 1.40694950960317366473, 0.97885875902308416840, -1.25835525706337847396, 0.70844458942583776739, -2.01332771317948600043, 2.52087868439859308367
-------------------------------------------------------------------
| Order |          Error^2           |         Efficiency         |
-------------------------------------------------------------------
|   2   | 1.80944626023792059027e-38 | 2.57234557667157800000e+16 |
|   4   | 4.62148233534324669991e-40 | 5.56946739466903687500e+14 |
|   6   | 1.10024043690888266087e-41 | 1.24900066760424375000e+13 |
|   8   | 2.07019631296834088766e-07 | 3.15066960734136861004e-07 |
-------------------------------------------------------------------

Scheme evaluation results:
Order: 8, No. cycles: 17
-------------------------------------------------------------------
Vector a: 0.45224920861331335820, -0.59854551067188954683, 0.77251244860630929878, -0.69184726053185319206, -0.85100537932291575594, 1.33165258943341191511, -0.25139721997592184843, -0.32355739580673942291, 1.15993851965628524958
Vector b: 1.56459515515414060438, -2.22469189308165438135, 1.02760087173787528769, 0.51742402547474330987, -1.90111854653844969398, 0.19910778789261815436, 2.46419739097420587015, -2.96699183092604945600, 2.31987703931257049916
-------------------------------------------------------------------
| Order |          Error^2           |         Efficiency         |
-------------------------------------------------------------------
|   2   | 2.40673571767173061858e-38 | 2.23042670160854480000e+16 |
|   4   | 7.90024048217045368245e-41 | 1.34705137275623250000e+15 |
|   6   | 8.93560836089790922174e-42 | 1.38593993483600468750e+13 |
|   8   | 2.10841603099583458804e-07 | 3.12198257058615242396e-07 |
-------------------------------------------------------------------

Scheme evaluation results:
Order: 8, No. cycles: 17
-------------------------------------------------------------------
Vector a: 0.53390058766031700532, -0.69686162528581041542, 0.73662902986644096526, -0.53645721231612053526, -0.93314168220749826865, 1.31220182672189733530, -0.19293001683355856524, -0.29885060157244219825, 1.07550969396677476020
Vector b: 1.43993522490495151622, -1.81206927448926902180, 0.41834602391764819096, 1.05491203581523373956, -2.12782646044747458802, 0.26154309603247816174, 2.36286055741131661989, -2.74872059107843380588, 2.15101938793354952040
-------------------------------------------------------------------
| Order |          Error^2           |         Efficiency         |
-------------------------------------------------------------------
|   2   | 2.02755556361314971772e-38 | 2.43005316341026480000e+16 |
|   4   | 1.43801949058244890227e-40 | 9.98439900388642875000e+14 |
|   6   | 5.37536055337396622190e-42 | 1.78690996911048945312e+13 |
|   8   | 2.14752007488628520118e-07 | 3.09342800448038588759e-07 |
-------------------------------------------------------------------

Scheme evaluation results:
Order: 8, No. cycles: 17
-------------------------------------------------------------------
Vector a: 0.79772211652024693773, -0.91489247696573305912, 0.08118784128254395716, 0.75691838704132574644, -0.14278447848767106265, -0.91197908258940540982, -0.07530214697854877015, 1.33728125516352269742, 0.07184858501371917117
Vector b: 0.46534383470058054977, 0.66475656363933288695, -2.49454151757079900520, 2.65691720013588694727, -1.14308042605323567642, 0.85751146907789344009, -2.68146963425670437076, 2.53086534029960663617, 0.14369717002743837009
-------------------------------------------------------------------
| Order |          Error^2           |         Efficiency         |
-------------------------------------------------------------------
|   2   | 4.73894477781681016606e-38 | 1.58950293167046860000e+16 |
|   4   | 1.45141163432013566379e-40 | 9.93822933868828500000e+14 |
|   6   | 6.10496795835750116716e-42 | 1.67673634134412460938e+13 |
|   8   | 2.25528273894540421875e-07 | 3.01861781623719413908e-07 |
-------------------------------------------------------------------

Scheme evaluation results:
Order: 8, No. cycles: 17
-------------------------------------------------------------------
Vector a: 0.62662253328794681462, -0.13173420738713884082, -0.86163286430174956809, -0.03195288370250772003, 0.29913693844588973292, -1.08333629398589725845, 0.33367518831843873128, 1.09633777945364818684, 0.75288380987136982458
Vector b: 1.30137121124379118164, -1.34949735591168873405, 1.08602894113741110793, -2.80929466974091024412, 2.74538890233589460976, -2.14711502544411514393, -0.01955756252767923420, 0.68690793916455661350, 1.50576761974273964917
-------------------------------------------------------------------
| Order |          Error^2           |         Efficiency         |
-------------------------------------------------------------------
|   2   | 4.96169966586096892707e-38 | 1.55341294851794280000e+16 |
|   4   | 1.43809656199798676721e-40 | 9.98413145506697500000e+14 |
|   6   | 8.09102360746973058439e-42 | 1.45648071157413535156e+13 |
|   8   | 2.43800754559024944965e-07 | 2.90329459954916862963e-07 |
-------------------------------------------------------------------

Scheme evaluation results:
Order: 8, No. cycles: 17
-------------------------------------------------------------------
Vector a: -0.65162410749428301138, 1.43376186692521212507, -0.03798042479369766189, -0.48774267668630022499, -0.77205595199401932938, 0.39851695003742049206, -0.01339542906162768075, -0.17341225143466509895, 1.30393202450196010744
Vector b: -1.34224777768333480843, 1.38124734037810381615, 1.48627639347232065603, -1.56223724305971600756, 0.58675188968711555759, -2.13086379367515421634, 2.92789769374999542251, -2.95468855187325063483, 2.60786404900392021489
-------------------------------------------------------------------
| Order |          Error^2           |         Efficiency         |
-------------------------------------------------------------------
|   2   | 5.02891176961159874503e-37 | 4.87938570105032500000e+15 |
|   4   | 1.02386713074971354177e-39 | 3.74181674323653125000e+14 |
|   6   | 1.93738051855422939409e-41 | 9.41237036004215039062e+12 |
|   8   | 3.05131682046150424791e-07 | 2.59516501206017838420e-07 |
-------------------------------------------------------------------

Scheme evaluation results:
Order: 8, No. cycles: 17
-------------------------------------------------------------------
Vector a: -0.73412668434200090140, 1.05167740123955466558, 0.46720079365303601726, -0.67938128640982664574, -0.80928054563269080646, 0.53313783390696101172, -0.36361503666035377424, 0.27140861700357521435, 1.26297890724174544097
Vector b: -1.35368513148052826978, 1.23911689427705451472, 0.86423790820205470542, 0.07016367910401738461, -1.42892625192367073161, -0.18963483934171079803, 1.25591050715563268270, -1.98314058047634023119, 2.52595781448349088194
-------------------------------------------------------------------
| Order |          Error^2           |         Efficiency         |
-------------------------------------------------------------------
|   2   | 6.86757319706478028948e-39 | 4.17542328446759520000e+16 |
|   4   | 5.30251338900510779638e-41 | 1.64423325471136925000e+15 |
|   6   | 6.96046021445322774072e-42 | 1.57031758469945175781e+13 |
|   8   | 3.12523896976409758625e-07 | 2.56428926021884309535e-07 |
-------------------------------------------------------------------

Scheme evaluation results:
Order: 8, No. cycles: 17
-------------------------------------------------------------------
Vector a: 0.35904286654935879675, -1.51104215457566803948, -0.14713074419578389684, 1.65377535076706916328, 1.43864424820897895962, -1.53723084539206200638, -1.06578543519472179746, 1.13711802761585856203, 0.67260868621697034175
Vector b: 1.51475924316960464111, -2.31143275324049168873, -0.71065155591084372411, 0.41639006751927609695, 2.89116063401486167450, -0.01387213759690401720, -3.06058955318721936933, 0.92901868279777599646, 1.34521737243394068351
-------------------------------------------------------------------
| Order |          Error^2           |         Efficiency         |
-------------------------------------------------------------------
|   2   | 3.25445626833950027498e-35 | 6.06544874560675250000e+14 |
|   4   | 8.12350936649132678636e-39 | 1.32841102619421296875e+14 |
|   6   | 3.06889167650278505203e-40 | 2.36491585048278027344e+12 |
|   8   | 3.13904985051375091942e-07 | 2.55864198879065666316e-07 |
-------------------------------------------------------------------

Scheme evaluation results:
Order: 8, No. cycles: 17
-------------------------------------------------------------------
Vector a: -0.73680612151280810984, 1.13499423696815560092, -0.23480916144442870452, -0.55669892393099340566, -0.11930515764756277619, 0.31220898315596018469, -0.33750057794413595991, 0.28293552232118573952, 1.25498120003462743099
Vector b: -1.34687963702861646098, 1.22014703103161648023, 1.04984144290469472161, -1.51945976579355224168, 0.40606191793156559688, -0.64467223322669120478, 1.26909019953861146313, -1.94409135542688327192, 2.50996240006925486199
-------------------------------------------------------------------
| Order |          Error^2           |         Efficiency         |
-------------------------------------------------------------------
|   2   | 4.92353053777030382976e-38 | 1.55942265498323160000e+16 |
|   4   | 3.89336765328007174985e-41 | 1.91885256187612250000e+15 |
|   6   | 7.94074854489703396328e-42 | 1.47019773686633027344e+13 |
|   8   | 3.38178629918874765789e-07 | 2.46510571651464218409e-07 |
-------------------------------------------------------------------

Scheme evaluation results:
Order: 8, No. cycles: 17
-------------------------------------------------------------------
Vector a: 0.59159862422329145826, -0.43621997606305312756, 0.51866593618324219328, -0.84936678892460104606, -0.21520673943924434335, 1.14983802566840398462, -0.96892823411718487225, -0.19170679945880711448, 1.40132595192795283978
Vector b: 1.65491107755611510655, -2.12662490666564707453, 1.25418495453954093044, -0.21685308217305626632, -1.48188049567614599233, 1.05146701679765741666, 1.24820903453915033054, -3.18606550277351985301, 2.80265190385590567956
-------------------------------------------------------------------
| Order |          Error^2           |         Efficiency         |
-------------------------------------------------------------------
|   2   | 1.06184792432677338366e-38 | 3.35792503230333720000e+16 |
|   4   | 8.04502263950449378222e-40 | 4.22124616603971812500e+14 |
|   6   | 3.58017039895748756340e-41 | 6.92396115938468652344e+12 |
|   8   | 3.45344783551316361370e-07 | 2.43939527794342763850e-07 |
-------------------------------------------------------------------

Scheme evaluation results:
Order: 8, No. cycles: 17
-------------------------------------------------------------------
Vector a: -0.65163619032688180344, -0.24094334019107624401, -0.01079433546944650810, 1.45677670239354051240, -0.12455604209402003357, -0.28315171236522002074, -0.68565647002770557794, 0.25358803081065600660, 1.28637335727015367226
Vector b: -1.37253936129580034198, 1.44180634193783707708, -1.92369302231998950958, 1.90210435138109668074, 1.01144905340598434407, -1.26056113759402421692, 0.69425771286358428647, -2.06557065291899544235, 2.57274671454030734452
-------------------------------------------------------------------
| Order |          Error^2           |         Efficiency         |
-------------------------------------------------------------------
|   2   | 8.52061212790862209756e-39 | 3.74857978870700880000e+16 |
|   4   | 4.73941561410082330460e-40 | 5.49973693870616125000e+14 |
|   6   | 1.76498577498066877394e-41 | 9.86133850767056640625e+12 |
|   8   | 3.46677117472339401991e-07 | 2.43470327842057651788e-07 |
-------------------------------------------------------------------

Scheme evaluation results:
Order: 8, No. cycles: 17
-------------------------------------------------------------------
Vector a: -1.33732135364516646625, 1.16902706393969157972, 0.25320702041494841383, -0.91209728502228815117, 0.37751169935237921527, -0.40427628010815835902, -0.14084278805818559177, 1.29520085570031717737, 0.69959106742646204324
Vector b: -1.29570870901912460482, -0.08322528925208359796, 2.42127941713146688230, -1.91486537630157016565, 0.09067080625699380780, 0.66435259244776467824, -1.47290515266408128525, 1.19121957654771004620, 1.39918213485292408649
-------------------------------------------------------------------
| Order |          Error^2           |         Efficiency         |
-------------------------------------------------------------------
|   2   | 1.04496454232997768686e-36 | 3.38494315778780750000e+15 |
|   4   | 8.76565438776817420911e-40 | 4.04400927369060875000e+14 |
|   6   | 3.35781765456133275567e-42 | 2.26088211143115820312e+13 |
|   8   | 4.52705727061479444333e-07 | 2.13059368098414892421e-07 |
-------------------------------------------------------------------

Scheme evaluation results:
Order: 8, No. cycles: 17
-------------------------------------------------------------------
Vector a: -1.40643495747801594575, 1.26154482972434967003, 0.26681145058049110519, -0.63148298438741856664, 0.37349904208367812330, -0.74251620228602965845, -0.12303529790543463185, 1.30206591997217668855, 0.69954819969620329889
Vector b: -1.37922312604615671106, -0.05442366286371876777, 2.57751332231241780946, -2.04389042115143571010, 0.78092445237659868784, -0.03392636820924291308, -1.45110603636281587647, 1.20503544055194655726, 1.39909639939240659778
-------------------------------------------------------------------
| Order |          Error^2           |         Efficiency         |
-------------------------------------------------------------------
|   2   | 1.25384150848207376033e-38 | 3.09015906874628040000e+16 |
|   4   | 9.28808648123775250950e-41 | 1.24234206162678425000e+15 |
|   6   | 1.27429244855394774363e-41 | 1.16057154152297871094e+13 |
|   8   | 4.76829354341663763792e-07 | 2.07599898710567131652e-07 |
-------------------------------------------------------------------

Scheme evaluation results:
Order: 8, No. cycles: 17
-------------------------------------------------------------------
Vector a: 0.39204704647166732645, -0.12089189585210605160, -0.08948639707110758734, 0.25456707908952125319, -1.29267025250663158964, 1.24003180961498338242, -0.22668648698511020823, -0.21963212749318899997, 1.06272122473197239145
Vector b: -1.30814973071841955665, 3.40039355438017354416, -3.64217734608438581390, 3.46320455194217036166, -2.95407039376312807732, 0.36872988874986456498, 2.11133373048010275497, -2.56470670445032311591, 2.12544244946394478291
-------------------------------------------------------------------
| Order |          Error^2           |         Efficiency         |
-------------------------------------------------------------------
|   2   | 8.88977091281516564103e-36 | 1.16053133866265875000e+15 |
|   4   | 4.18701973073089548139e-39 | 1.85034116488577375000e+14 |
|   6   | 6.30861209080702647844e-41 | 5.21602374466587597656e+12 |
|   8   | 5.42586111635997141358e-07 | 1.94614095630902986791e-07 |
-------------------------------------------------------------------

Scheme evaluation results:
Order: 8, No. cycles: 17
-------------------------------------------------------------------
Vector a: -0.23136525558112217005, -0.69732532705327332501, 1.11072836855603962469, -0.31505068378613476643, -0.70212910186649024613, 0.32500712653256125240, -0.41053355047759404473, 0.67785021132350964379, 1.24281821235250400370
Vector b: 1.01903734596667439050, -2.50080520309559295455, 1.10615454898904652659, 1.11530218812303250076, -1.74540355569530203361, 0.34114535196232170788, 0.30886890110280074140, -1.12993600205798894187, 2.48563642470500800741
-------------------------------------------------------------------
| Order |          Error^2           |         Efficiency         |
-------------------------------------------------------------------
|   2   | 6.08898038120031104897e-38 | 1.40226427519668720000e+16 |
|   4   | 4.36084082097883072471e-41 | 1.81308930996596725000e+15 |
|   6   | 1.03480335660929577839e-41 | 1.28788640071781796875e+13 |
|   8   | 6.57873339757355494220e-07 | 1.76741072261311176959e-07 |
-------------------------------------------------------------------

Scheme evaluation results:
Order: 8, No. cycles: 17
-------------------------------------------------------------------
Vector a: -0.16588556127604014989, -0.57374039433618373440, 1.10602475464716998310, 0.38579437978592484582, -0.64210953490483246853, -0.20639015083495071412, -0.52324754084155145062, 0.31995599237490457423, 1.29959805538555883686
Vector b: 1.14876034602060994594, -2.62929181459330019166, 1.48181102592093294490, 0.73023848337340702130, 0.04135027619844260788, -1.32556934600810749636, 0.91278904433820595710, -1.95928412602130874731, 2.59919611077111767372
-------------------------------------------------------------------
| Order |          Error^2           |         Efficiency         |
-------------------------------------------------------------------
|   2   | 1.24896274774868047722e-38 | 3.09618865315046160000e+16 |
|   4   | 1.29367874226467111988e-41 | 3.32882598977350500000e+15 |
|   6   | 1.30374626434208130588e-41 | 1.14738702174810117188e+13 |
|   8   | 6.85043330690460555893e-07 | 1.73200685954681318071e-07 |
-------------------------------------------------------------------

Scheme evaluation results:
Order: 8, No. cycles: 17
-------------------------------------------------------------------
Vector a: -0.03605289675383160919, -0.09730499269973813536, 0.46439828283016437727, -1.17646447363121198215, 1.22753857661721110794, -0.28640295569711815560, -1.33805391072921642248, 1.12203072144448134928, 1.12031164861925947029
Vector b: 1.87628340116717740038, -3.82467259584201801914, 3.63006261044254197046, -2.70126604478221343797, 0.34833709751978986224, 2.10674005571463185404, -2.67954596710886816524, 0.00343814565043983012, 2.24062329723851849650
-------------------------------------------------------------------
| Order |          Error^2           |         Efficiency         |
-------------------------------------------------------------------
|   2   | 1.46849550131435846845e-35 | 9.02954459102013250000e+14 |
|   4   | 4.80292316115325617666e-39 | 1.72763301631971562500e+14 |
|   6   | 4.26576737292319921495e-41 | 6.34319244589166699219e+12 |
|   8   | 7.39752446985853781341e-07 | 1.66673065731308020946e-07 |
-------------------------------------------------------------------

Scheme evaluation results:
Order: 8, No. cycles: 17
-------------------------------------------------------------------
Vector a: 0.14665957150248518093, 0.48323947609735401487, -1.23960755619639706460, 1.13448815363327892847, -0.22573810557031689927, -1.00898306461797182543, 1.03086237634038546673, 0.58772594255792054430, 0.09135320625326144584
Vector b: -1.39294101534116321339, 3.07920117368729684415, -2.11272222149258892543, -0.36649289090020525927, 2.63546919816676306070, -3.08694540930739691476, 1.06897928007145348595, 0.99274547260931755854, 0.18270641250652319698
-------------------------------------------------------------------
| Order |          Error^2           |         Efficiency         |
-------------------------------------------------------------------
|   2   | 3.86695400679623982836e-36 | 1.75961499358809800000e+15 |
|   4   | 2.79069477024236200477e-39 | 2.26646045135072375000e+14 |
|   6   | 1.85993222341378260092e-41 | 9.60633908675011328125e+12 |
|   8   | 8.53654555611705254680e-07 | 1.55155633119417572192e-07 |
-------------------------------------------------------------------

Scheme evaluation results:
Order: 8, No. cycles: 17
-------------------------------------------------------------------
Vector a: -0.06581546897655200790, 1.26760336118585592580, -0.53164430854287314521, -0.37578239452011941157, -0.53971944464989818346, -1.02944877171805093674, 0.69609607490207547897, 1.20039018898546090419, 0.37832076333410152857
Vector b: -1.12552476786629274130, 2.11941859777948149457, 0.41578812459223046805, -1.47907674167797686948, 0.72751195263773804633, -1.80695084193753441326, -0.25194670149856773778, 1.64413885130271864021, 0.75664152666820305715
-------------------------------------------------------------------
| Order |          Error^2           |         Efficiency         |
-------------------------------------------------------------------
|   2   | 2.39059275936270872592e-39 | 7.07700263577248400000e+16 |
|   4   | 2.68516811733921447130e-41 | 2.31056703815866400000e+15 |
|   6   | 9.50413003089749918480e-43 | 4.24962185633431171875e+13 |
|   8   | 1.02357821075667949571e-06 | 1.41692907763788352873e-07 |
-------------------------------------------------------------------

Scheme evaluation results:
Order: 8, No. cycles: 17
-------------------------------------------------------------------
Vector a: 0.37446562817403716839, -0.69306051183139649741, 0.61967273469700712152, -0.58110267341568511146, -0.56771322909451149563, 1.16830430682464392333, -0.47600871402100974894, -0.14705587681873688588, 1.30249833548565163710
Vector b: 1.50582951048234914282, -2.26272776461662372682, 0.87660674095383095406, 0.36273872844018317796, -1.52494407527155351190, 0.38951761708253040961, 1.94709099656675754808, -2.89910842460877704596, 2.60499667097130327420
-------------------------------------------------------------------
| Order |          Error^2           |         Efficiency         |
-------------------------------------------------------------------
|   2   | 3.11930742137636898965e-37 | 6.19545301887332500000e+15 |
|   4   | 2.38736416770090434739e-40 | 7.74898783125306125000e+14 |
|   6   | 6.95470996430958234879e-42 | 1.57096663068846406250e+13 |
|   8   | 1.12018670414231184065e-06 | 1.35445138675282992031e-07 |
-------------------------------------------------------------------

Scheme evaluation results:
Order: 8, No. cycles: 17
-------------------------------------------------------------------
Vector a: 0.83558533513340615961, -0.09592810112225386154, -0.49384345619538916328, 0.27326917532421024504, -0.13226160250745677693, -1.41315936257157148681, 0.26729136900454408821, 0.93753636652722505129, 0.82151027640728579993
Vector b: 1.59656384368478021507, -1.52195701710274811091, 1.33010081485824049885, -2.31778772724901882540, 2.86432607789743931548, -3.12884928291235286935, 0.30253055776920978470, 0.23205218023987844722, 1.64302055281457159985
-------------------------------------------------------------------
| Order |          Error^2           |         Efficiency         |
-------------------------------------------------------------------
|   2   | 7.99456692647862868884e-38 | 1.22378376081607140000e+16 |
|   4   | 1.97927242372637382073e-39 | 2.69123441324137500000e+14 |
|   6   | 3.68465546835424909821e-41 | 6.82508444116088769531e+12 |
|   8   | 1.52244713197524324174e-06 | 1.16181644325326912248e-07 |
-------------------------------------------------------------------

Scheme evaluation results:
Order: 8, No. cycles: 17
-------------------------------------------------------------------
Vector a: 0.76514478168786381751, -0.52069710339320018910, 0.51976176149745967336, -0.60882689767007791559, 0.41815306406458258026, -0.26146081685197164468, -1.20895261907525397582, 1.09466027826144784996, 0.80221755147914974859
Vector b: 1.59264907930760357679, -1.65500859523947951857, 0.61361438845307914036, 0.42590913454184031739, -1.64356292988199603755, 2.47986905801116108705, -3.00279069171510437641, 0.58488545356459631375, 1.60443510295829949719
-------------------------------------------------------------------
| Order |          Error^2           |         Efficiency         |
-------------------------------------------------------------------
|   2   | 5.89334207579124039609e-37 | 4.50735051248940100000e+15 |
|   4   | 6.54790338618914571999e-40 | 4.67900148562018750000e+14 |
|   6   | 1.18000504135564843594e-41 | 1.20604785431929394531e+13 |
|   8   | 1.52533364719081662634e-06 | 1.16071662193729577430e-07 |
-------------------------------------------------------------------

Scheme evaluation results:
Order: 8, No. cycles: 17
-------------------------------------------------------------------
Vector a: -0.00017388457047354182, -0.95036503572708097565, -0.48014583182554299023, -0.03844951596863399601, 1.47682514449988921967, -0.46460946020197702033, -1.11287504365167921883, 1.24167113657257832671, 1.32812249087291989191
Vector b: 1.42350575065023621235, -2.84735927044141012843, 0.94662919898723929535, -1.90692086263832538684, 1.83002183070105739482, 1.12362845829872148862, -2.05284737870267575133, -0.17290270860068296388, 2.65624498174583978383
-------------------------------------------------------------------
| Order |          Error^2           |         Efficiency         |
-------------------------------------------------------------------
|   2   | 3.24668325454750280009e-35 | 6.07270517128357500000e+14 |
|   4   | 1.37969044200492839169e-38 | 1.01932690298853234375e+14 |
|   6   | 1.56020659283306918761e-40 | 3.31677046408544921875e+12 |
|   8   | 1.75986175086605352786e-06 | 1.08061092211449553032e-07 |
-------------------------------------------------------------------

Scheme evaluation results:
Order: 8, No. cycles: 17
-------------------------------------------------------------------
Vector a: 0.49203993175674343163, 0.39688979264515528156, -0.43265270444814513118, -1.50406126624495284361, 0.16368844459538228753, 1.93677849166181115237, -0.14080720413654682077, -0.47790375519926081571, 0.56602826936981354145
Vector b: 0.29659347427449439527, 0.39089291496449801722, 0.40288667032581271243, -1.26819207922210308581, -1.73993045326780282345, 2.06730734245856728748, 1.80624964086505546135, -2.08786404913814926942, 1.13205653873962708289
-------------------------------------------------------------------
| Order |          Error^2           |         Efficiency         |
-------------------------------------------------------------------
|   2   | 1.24668981921877019473e-36 | 3.09900980831402700000e+15 |
|   4   | 7.63475047511947384020e-40 | 4.33318160317188250000e+14 |
|   6   | 1.89466226329861492181e-41 | 9.51788754239237500000e+12 |
|   8   | 1.83217424567838833746e-06 | 1.05907140428759860644e-07 |
-------------------------------------------------------------------

Scheme evaluation results:
Order: 8, No. cycles: 17
-------------------------------------------------------------------
Vector a: 0.30697007626189853902, 0.36011687576721918003, -0.34680855089592310669, -0.73886851238289275035, -0.48806107690943273392, 1.66912519763847200238, 0.12315428314796765530, -0.38728145333809388395, 0.50165316071078502880
Vector b: -0.80618421536940931826, 2.22630858326261549252, -1.50607483172817713246, 0.81245772993633091907, -2.29019475470211641976, 1.31407260088325106295, 2.02417779439369294181, -1.77786922809775771448, 1.00330632142157005759
-------------------------------------------------------------------
| Order |          Error^2           |         Efficiency         |
-------------------------------------------------------------------
|   2   | 6.90201150812402699381e-39 | 4.16499340152203680000e+16 |
|   4   | 1.98774187164475301511e-40 | 8.49228032227648375000e+14 |
|   6   | 1.01045129699409205460e-41 | 1.30331315516282519531e+13 |
|   8   | 1.95281953521460637836e-06 | 1.02583514414806868474e-07 |
-------------------------------------------------------------------

Scheme evaluation results:
Order: 8, No. cycles: 17
-------------------------------------------------------------------
Vector a: -0.57755744419480226082, 0.28214983169066143454, -0.28567726501083956503, -0.17079371630431453011, 0.88871633266327287881, 0.22473173292444825755, -1.27686844049224212938, 1.09404465225378366711, 0.82125431647003210855
Vector b: -1.86026500112915793572, 2.56541511386871112776, -2.00111545048738825869, 1.42976092046570912864, -1.77134835307433835538, 3.54878101840088389096, -3.09931755255198737586, 0.54558067156750333915, 1.64250863294006421711
-------------------------------------------------------------------
| Order |          Error^2           |         Efficiency         |
-------------------------------------------------------------------
|   2   | 2.99620480863583670778e-38 | 1.99901663843742480000e+16 |
|   4   | 3.94392650187291114977e-40 | 6.02892537146599500000e+14 |
|   6   | 7.60065197072709271460e-41 | 4.75205051134024902344e+12 |
|   8   | 2.22858196254934759698e-06 | 9.60272127545230576926e-08 |
-------------------------------------------------------------------

Scheme evaluation results:
Order: 8, No. cycles: 17
-------------------------------------------------------------------
Vector a: 0.34831076615528183682, -1.15797331241081202791, 1.08969933667720497716, -0.92782812994216123936, -1.80924868558062024171, 1.32336748160711459299, -0.02997666888767819629, 0.40598562691568784722, 1.75766358546598233659
Vector b: 1.71289666766034032186, -2.72917180301011708110, 0.41322517818849324733, 1.76617349516591670699, -3.62182975505023918572, 0.00333238388899775471, 2.64340257932523226003, -2.70335591710058897874, 3.51532717093196467317
-------------------------------------------------------------------
| Order |          Error^2           |         Efficiency         |
-------------------------------------------------------------------
|   2   | 2.42904887337886754576e-36 | 2.22015875717882375000e+15 |
|   4   | 1.30643436982184991872e-37 | 3.31253530601859023438e+13 |
|   6   | 4.98897971357464312845e-39 | 5.86544008321775512695e+11 |
|   8   | 4.57111569831340402770e-06 | 6.70498054578580899737e-08 |
-------------------------------------------------------------------

Scheme evaluation results:
Order: 8, No. cycles: 17
-------------------------------------------------------------------
Vector a: 2.11933031351764089578, -0.05904127747788599084, -1.51778537465039931043, -0.48157146501009362449, 1.05361243039261198717, -1.46792281663292989435, -1.78933330829895864689, 1.57353019960554774137, 1.56918129855446686349
Vector b: 1.87001071903072380032, 0.49863918897383452400, -0.61672174392960654732, -2.41884900537119262864, 1.45570607535100515761, 0.65151878543421914980, -3.58736441870007904953, 0.00869780210216185984, 3.13836259710893372699
-------------------------------------------------------------------
| Order |          Error^2           |         Efficiency         |
-------------------------------------------------------------------
|   2   | 1.58308324164549200268e-35 | 8.69661574572236375000e+14 |
|   4   | 1.41798848955431137217e-38 | 1.00546732496493562500e+14 |
|   6   | 2.57563229547564013930e-39 | 8.16327713721517822266e+11 |
|   8   | 6.44840559238048880862e-06 | 5.64524059642734525070e-08 |
-------------------------------------------------------------------

Scheme evaluation results:
Order: 8, No. cycles: 17
-------------------------------------------------------------------
Vector a: -2.16474163707584610350, -0.00828847117952503411, 1.42053401869860884688, 1.30977332959673420376, -1.17057058511783940169, 0.31863168803031677312, 0.65054712072511522436, -0.20852320303711452398, 0.85263773935954989547
Vector b: -1.82318668682082218879, -0.68310990051004605306, 0.66653295815099589117, 2.17453507924622080338, 0.44501157994724699352, -2.78615275018292551934, 3.42341612624355873251, -2.12232188479332872788, 1.70527547871909979094
-------------------------------------------------------------------
| Order |          Error^2           |         Efficiency         |
-------------------------------------------------------------------
|   2   | 8.09883720710374485479e-34 | 1.21588030160931031250e+14 |
|   4   | 2.80585466731949647657e-38 | 7.14778907309502812500e+13 |
|   6   | 5.74733859028731891086e-40 | 1.72811675165896386719e+12 |
|   8   | 1.19612505468163814805e-05 | 4.14495991797756277916e-08 |
-------------------------------------------------------------------

Scheme evaluation results:
Order: 8, No. cycles: 17
-------------------------------------------------------------------
Vector a: 0.87664275262305524361, 0.28165425354501044675, -1.64421386644660905141, -0.80521735830977181347, 1.27631872924833378313, 0.19709420547845968308, -0.44066558601777994220, 0.82805968587459422015, 0.43032718400470748588
Vector b: -0.00318157317658496978, 1.75964865159928063321, -1.19634014450925962869, -2.09208758838395869617, 0.48165287176441501371, 2.07098458673225271909, -1.67679617577533335293, 0.79546500373977346854, 0.86065436800941497175
-------------------------------------------------------------------
| Order |          Error^2           |         Efficiency         |
-------------------------------------------------------------------
|   2   | 4.06659056424604833689e-37 | 5.42608925049568800000e+15 |
|   4   | 2.81380731636423267841e-41 | 2.25713293183024800000e+15 |
|   6   | 4.43076086965672574089e-42 | 1.96819133706820429688e+13 |
|   8   | 3.72720205048413940024e-05 | 2.34810309400071447495e-08 |
-------------------------------------------------------------------

