Scheme evaluation results:
Order: 8, No. cycles: 20
---------------------------------------------------------------------------------------------------
Vector a: -0.385533792324152056387063702081265705, -0.256405762605966843096090927778056126, 0.265164975871759447786440139227482014, -0.237758988996594758965526501386754327, 0.084160573066835516686656156646690045, 0.666455639023110530590334342172260009, 0.416677613777420409771743459362430968, 0.342166113168029925197773250146371383, -0.392039931136216783577832979648130176, -0.014457000588578853726490163153517653, 0.511570560744353465720056926492489557
Vector b: -0.771067584648304112774127404162369439, 0.258256059436370426581945548606054868, 0.272073892307148468990934729849092027, -0.747591870300337986921987732622728804, 0.915913016434009020295300045916170259, 0.416998261612212040885368638428091877, 0.416356965942628778658118280296961303, 0.267975260393431071737428219995769089, -1.052055122665864638893094179292083898, 1.023141121488706931440113852985042669
---------------------------------------------------------------------------------------------------
| Order |                  Error^2                   |                 Efficiency                 |
---------------------------------------------------------------------------------------------------
|   2   | 8.150111170944041130758207361799012603e-71 | 2.769224991218574735216264708917384688e+32 |
|   4   | 1.521071095271674342980047380891308776e-72 | 5.067634225081828305185820146055159668e+30 |
|   6   | 2.260530613309338215764604766262790213e-74 | 1.039237548081897256009466534579401703e+29 |
|   8   | 1.457543185919324257186463365217620814e-12 | 3.235558965968387183802264540272820087e-05 |
---------------------------------------------------------------------------------------------------

Scheme evaluation results:
Order: 8, No. cycles: 20
---------------------------------------------------------------------------------------------------
Vector a: 0.468646016296509193225685386081941224, 0.103645389902264824557162865008403924, -0.224225666901755818915402138012910731, 0.271245324391098795847969108182653402, -0.284752279200789547209384167268273377, -0.172728171712421083969901365076521911, 0.425925516669089519610857104359866082, 0.309395149761116608894879455285957563, -0.420941877977964180212417599843220982, -0.011557692342059145330110063400452238, 0.535348291114910833500661414682557098
Vector b: 0.937292032593018386451370772163925686, -0.730001252788488737337045042147169837, 0.281549918984977099506240766121424401, 0.260940729797220492189697450243772578, -0.830445288198799586608465784780157169, 0.484988944773957418668663054627158126, 0.366862088564221620553051154092384816, 0.251928210958011597236707756479562184, -1.093811966913939957661542956166000536, 1.070696582229821667001322829365099752
---------------------------------------------------------------------------------------------------
| Order |                  Error^2                   |                 Efficiency                 |
---------------------------------------------------------------------------------------------------
|   2   | 4.527839539413356183754559645443895890e-71 | 3.715305195213594774388903062498988750e+32 |
|   4   | 3.714243372175018744486162209153195848e-73 | 1.025521663065049522547757575263869922e+31 |
|   6   | 3.156141774512734128626350952959548526e-74 | 8.795120099515671323811156280019677734e+28 |
|   8   | 1.730013194029019852856485316546005081e-12 | 2.969855555021733102668276497159558276e-05 |
---------------------------------------------------------------------------------------------------

Scheme evaluation results:
Order: 8, No. cycles: 20
---------------------------------------------------------------------------------------------------
Vector a: 0.284523951380452465817231175025332656, -0.092606850384223093498568000722511977, -0.065376175748207501926188126309311645, 0.726390192819124042760777424875627998, -0.256890685838108413184809155928868971, 0.190358174873193642725243161924820440, -0.041017720720965630541649915752752594, -0.076852455888968616856047908887184215, 0.142935295569327290500428498478554789, -0.247289061419125975131404677189134682, 0.435825335357501789334987524485428104
Vector b: 0.569047902760904931634462350054807891, -0.754261603529351118631598351496970587, 0.623509252032936114779222098877165954, 0.829271133605311970742332750868694357, -1.343052505281528797111951062725811957, 1.723768855027916082562437386576688514, -1.805804296469847343645737218081974795, 1.652099384691910109933641400307101193, -1.366228793553255528932784403350676474, 0.871650670715003578669975048970975808
---------------------------------------------------------------------------------------------------
| Order |                  Error^2                   |                 Efficiency                 |
---------------------------------------------------------------------------------------------------
|   2   | 4.718008800068717143472251150552539518e-69 | 3.639658488015994979622913920748042969e+31 |
|   4   | 1.459520776532774032357133835711055816e-70 | 5.173385917261657004089523994256381836e+29 |
|   6   | 1.187159227983985060092118564704036272e-71 | 4.534877287464582200266663620007458687e+27 |
|   8   | 1.752143648268805260826144205064645317e-12 | 2.951040571968745399054377987776855758e-05 |
---------------------------------------------------------------------------------------------------

Scheme evaluation results:
Order: 8, No. cycles: 20
---------------------------------------------------------------------------------------------------
Vector a: 0.298925380750681187676094064440854022, -0.444926295890310803008872717327596830, 0.080336008993350038508206757386042147, 0.984095736389629455839111555594065293, -0.263908470564606577683720208254266120, -0.244275779398765377155388406920085760, -0.657528394103623161888725710897788989, -0.854125067621975519017151650737056550, 0.751013635171125942491672274931195741, 1.059231406521422243342301219390595462, 0.291161839753072570896472822394041513
Vector b: 0.597850761501362375352188128881675207, -1.487703353281983981369933563536713732, 1.648375371268684058386347078308751948, 0.319816101510574853291876032879159900, -0.847633042639788008659316449387617751, 0.359081483842257254348539635547430438, -1.674138272049503578125991057342843364, -0.034111863194447459908312244130963194, 1.536139133536699344891656793993088061, 0.582323679506145141792945644788032374
---------------------------------------------------------------------------------------------------
| Order |                  Error^2                   |                 Efficiency                 |
---------------------------------------------------------------------------------------------------
|   2   | 3.260044468377616452303282944719605041e-70 | 1.384612495609287367608132354458692344e+32 |
|   4   | 2.593337783072200587668016828176606386e-72 | 3.881061043496370329869202855508568359e+30 |
|   6   | 3.753689156387996166156800166075129083e-73 | 2.550297664184768038857107352024529648e+28 |
|   8   | 1.914786507306917623818655365543445066e-12 | 2.822928351023376842413909001704849486e-05 |
---------------------------------------------------------------------------------------------------

Scheme evaluation results:
Order: 8, No. cycles: 20
---------------------------------------------------------------------------------------------------
Vector a: 0.504542469030544244761289752698198441, -0.014794395890035266487443226544269427, -0.365800739287098908770739661284563505, 0.343058036480489735139214401572508834, 0.393614027358089086818687298693415384, -0.189829842126234288695514640213248822, -0.273353973262363569171123657751770462, 0.261981657007227443769785816822448554, -0.213798341917408089744463812484327373, 0.099584544528552376273957648362585112, 0.454796558078237236106350080129023274
Vector b: 1.009084938061088489522579505396439829, -1.038673729841159022497465958484984815, 0.307072251266961204955986635915937538, 0.379043821694018265322442167228918014, 0.408184233022159908314932430157955269, -0.787843917274628485705961710584447713, 0.241135970749901347363714395080840849, 0.282827343264553540175857238564160766, -0.710424027099369719664784863532875650, 0.909593116156474472212700160258055985
---------------------------------------------------------------------------------------------------
| Order |                  Error^2                   |                 Efficiency                 |
---------------------------------------------------------------------------------------------------
|   2   | 9.055679078826712367509119290887791781e-70 | 8.307674973655724205648794126752153125e+31 |
|   4   | 9.639345894454215313071230495183293985e-73 | 6.365847567073111259913354111781298828e+30 |
|   6   | 2.197095256469496052977196578595564153e-74 | 1.054133421148284708671761965908329315e+29 |
|   8   | 2.126178171713203899081368947780707318e-12 | 2.678922853141489105091983385224377713e-05 |
---------------------------------------------------------------------------------------------------

Scheme evaluation results:
Order: 8, No. cycles: 20
---------------------------------------------------------------------------------------------------
Vector a: 0.139341240461926699217595118927149262, 0.314249642907941938136847267194086790, -0.376578223413643388147321293819744958, -0.008748149510611655617068786191651887, 0.778581294817961494161157231184407273, -0.179853066843086894765399751213827286, -0.288328407152191688808573836288797828, 0.267193774501088822217696066774933461, -0.214189369301651150747221017822774041, 0.107157798944667790027925203436921452, 0.461173464587598034324363797819297707
Vector b: 0.278682480923853398435190237854471184, 0.349816804892030477838504296533268917, -1.102973251719317254133146884174409450, 1.085476952698093942899009311791174515, 0.471685636937829045423305150579399513, -0.831391770624002834954104653007270077, 0.254734956319619457336956980430125136, 0.279652592682558187098435153119632731, -0.708031331285860488592877188765376487, 0.922346929175196068648727595638983971
---------------------------------------------------------------------------------------------------
| Order |                  Error^2                   |                 Efficiency                 |
---------------------------------------------------------------------------------------------------
|   2   | 2.399754955889078777389916612085264822e-69 | 5.103364168560335429099532198348131250e+31 |
|   4   | 1.954399488692093196503432971959181625e-72 | 4.470677548913790056485859085426431152e+30 |
|   6   | 3.328811169561153680855169325516414015e-74 | 8.563976087963836006382236765262913513e+28 |
|   8   | 2.182732208388278787631674455010663672e-12 | 2.643989987664570838093456534879135936e-05 |
---------------------------------------------------------------------------------------------------

Scheme evaluation results:
Order: 8, No. cycles: 20
---------------------------------------------------------------------------------------------------
Vector a: 0.147818389154735230662274035832489288, -0.413778795032604955859673537876648150, -0.006947386043131690661730353343160342, 0.711424395590437400501268985217426450, 0.403982909794097176664766104235384893, -0.159076859486581830173869002159759559, -0.260321111197323490654248164146808879, 0.269908539888053684077486984179864746, -0.240320889302386802409575541665471916, 0.091522719040695701454786570639157944, 0.455788087594009576398513919087525400
Vector b: 0.295636778309470461324548071665047572, -1.123194368374680373043895147418399242, 1.109299596288416991720434440732077219, 0.313549194892457809282103529702728111, 0.494416624695736544047428678768069023, -0.812570343668900204395166683087603693, 0.291928121274253223086670354793976402, 0.247888958501854145068303613565789202, -0.728530737106627749887454696896762356, 0.911576175188019152797027838175077859
---------------------------------------------------------------------------------------------------
| Order |                  Error^2                   |                 Efficiency                 |
---------------------------------------------------------------------------------------------------
|   2   | 4.708953120989890431104742031261651726e-70 | 1.152067234515563848431389865599917812e+32 |
|   4   | 2.449631938315429029101587933179607738e-72 | 3.993278496150669573918594424659165039e+30 |
|   6   | 2.192345363764194108433234085071023934e-74 | 1.055274735750414099792533667643923798e+29 |
|   8   | 2.384740424513212712786350905934210722e-12 | 2.529527923014194285655942747747883178e-05 |
---------------------------------------------------------------------------------------------------

Scheme evaluation results:
Order: 8, No. cycles: 20
---------------------------------------------------------------------------------------------------
Vector a: -0.742409523186295169041748324133412226, -0.018326259625233553543422619324497530, 0.713136497540598504175396289135472073, 0.634170839562072124139770699463239492, 0.090717152426664175984386443789107024, -1.081874053352874637926322889038408405, -0.300753250563057204984304585981813577, 0.489604349548566480734472966432564398, 0.623406934077041864741956827549508402, 0.476425123867469586595501842467233023, 0.115902189705047829124313349641007390
Vector b: -1.484819046372590338083496648266761859, 1.448166527122123230996651409617780926, -0.021893532040926222645858831346830144, 1.290235211165070470925400230273255097, -1.108800906311742118956627342695111635, -1.054947200394007156896018435381807634, 0.453440699267892746927409263418353091, 0.525767999829240214541536669446791449, 0.721045868324843514942376985652316450, 0.231804379410095658248626699282014395
---------------------------------------------------------------------------------------------------
| Order |                  Error^2                   |                 Efficiency                 |
---------------------------------------------------------------------------------------------------
|   2   | 1.471547850309340759720231884769266164e-68 | 2.060880520821594210366242000094602734e+31 |
|   4   | 3.867138100274410792134002182532214122e-71 | 1.005044234532643556043968062730816284e+30 |
|   6   | 1.284854039457162981846016480177563858e-72 | 1.378456700870804345157602384819929504e+28 |
|   8   | 2.821690183661709938853604061724874139e-12 | 2.325441245036801929144507778530887198e-05 |
---------------------------------------------------------------------------------------------------

Scheme evaluation results:
Order: 8, No. cycles: 20
---------------------------------------------------------------------------------------------------
Vector a: 0.174804841203916383871152857902893917, 0.629387567233734169709480464443282081, 0.079974182210685803877613120665934123, -0.238418424619725662158708034786564359, 0.270070922553289525523749909145983762, -0.261576158809935553781902721988964975, -0.263031451464242211871744099144972476, 0.682312730902518389915964600535305597, -0.007561260000766643764438688435836310, -0.311705714706591343684834308203277008, 0.245742765497117142363666899866215664
Vector b: 0.349609682407832767742305715804128983, 0.909165452059635571676655213084847887, -0.749217087638263963921428971753122473, 0.272380238398812639604012902179804485, 0.267761606707766411443486916112151916, -0.790913924327637519007292360089858796, 0.264851021399153095263804161801092946, 1.099774440405883684568125039268120937, -1.114896960407416972097002416139789518, 0.491485530994234284727333799732623729
---------------------------------------------------------------------------------------------------
| Order |                  Error^2                   |                 Efficiency                 |
---------------------------------------------------------------------------------------------------
|   2   | 2.184682577766944358661575028926679767e-69 | 5.348670396706397649901644219692310156e+31 |
|   4   | 5.669969376357174447684054524758503613e-71 | 8.300221090690720000233107443188967285e+29 |
|   6   | 1.408210709645792745237832876105217280e-72 | 1.316698086981325451794667094408423615e+28 |
|   8   | 2.972771189376698206123620455116546007e-12 | 2.265579430473185147226511159133443107e-05 |
---------------------------------------------------------------------------------------------------

Scheme evaluation results:
Order: 8, No. cycles: 20
---------------------------------------------------------------------------------------------------
Vector a: 0.461144550467234201046601336641158642, -0.220163553802789788686765749408821720, 0.129238749533931535625081448562780151, -0.113100532887495622365219411921481865, -0.025096590198010227045416832239861946, 0.219766245476530065670672036928479537, -0.281580485410972937325024352506743726, 0.681185802841877594923060501304610521, -0.097728785007495310972887543840641966, -0.067687961628122249541747376902776638, 0.314022560615312738671645943383298989
Vector b: 0.922289100934468402093202673282504003, -1.362616208540047979466734172100581499, 1.621093707607911050716897069226348117, -1.847294773382902295447335893069469291, 1.797101592986881841356502228589703215, -1.357569102033821710015158154732406045, 0.794408131211875835365109449718501918, 0.567963474471879354481011552891080139, -0.763421044486869976426786640572463616, 0.628045121230625477343291886766782964
---------------------------------------------------------------------------------------------------
| Order |                  Error^2                   |                 Efficiency                 |
---------------------------------------------------------------------------------------------------
|   2   | 8.593839445806550036766154207052514400e-69 | 2.696785415495503571568984803391033594e+31 |
|   4   | 1.116041698972588965605127787607460276e-71 | 1.870853611190762222958846056932547119e+30 |
|   6   | 3.339908983504784225575533966814482169e-73 | 2.703663948457058215708020367168743515e+28 |
|   8   | 3.400606907613994300204815735967431577e-12 | 2.118272452383173213184494196396485824e-05 |
---------------------------------------------------------------------------------------------------

Scheme evaluation results:
Order: 8, No. cycles: 20
---------------------------------------------------------------------------------------------------
Vector a: -0.463955626615227908516846587442122288, -0.332473281791507953428431019412222996, 0.289386411542963180986346325663833791, -0.207909442167879223722526416937679543, 0.153191115577127567937736892662656613, 0.647015973703857990767414287812643510, 0.661144630194873131159748896086273534, -0.025615859857432415773526335030410632, -0.284735989938806623560897976215777101, 0.418982610112961602157069483567930814, 0.144969459239070651993912449244874343
Vector b: -0.927911253230455817033693174884310347, 0.262964689647439910176831136059717840, 0.315808133438486451795861515268102566, -0.731627017774244899240914349143546682, 1.038009248928500035116388134468942626, 0.256022698479215946418440441156253732, 1.066266561910530315901057351016591134, -1.117498281625395147448110021077443351, 0.548026301747781900326314068645847260, 0.289938918478141303987824898489845174
---------------------------------------------------------------------------------------------------
| Order |                  Error^2                   |                 Efficiency                 |
---------------------------------------------------------------------------------------------------
|   2   | 5.252293865719493173155289188714919233e-70 | 1.090851166148722709982770691426882344e+32 |
|   4   | 1.374449680010702899908088053505428712e-71 | 1.685837053495114894909251897658351807e+30 |
|   6   | 1.133793316449558861862469979529096926e-73 | 4.640375014634102677529517415374333191e+28 |
|   8   | 3.730782019408954860922570064874870908e-12 | 2.022367592013074110924398664166399066e-05 |
---------------------------------------------------------------------------------------------------

Scheme evaluation results:
Order: 8, No. cycles: 20
---------------------------------------------------------------------------------------------------
Vector a: -0.432035827377106511137925123997555412, -0.312560193214398505309115005661146657, 0.262101249404750056776582160756413257, -0.246032242791818499851390978768091739, 0.091633098806392150621900840803923169, 0.767686765902930498216948075055466839, 0.881388374353571059746461212018493207, -0.006036691894084976321593893156530579, -0.439871249637599195430581366374364688, 0.296942361997371483265151802530633190, 0.136784354449992439423562276792759315
Vector b: -0.864071654754213022275850247995054105, 0.238951268325416011657620236672643334, 0.285251230484084101895544084840388461, -0.777315716067721101598326042376625480, 0.960581913680505402842127723984490476, 0.574791618125355593591768426126297602, 1.187985130581786525901153997910709034, -1.200058514369956478544341784223779651, 0.320316015094758087683179051475252882, 0.273568708899984878847124553585677423
---------------------------------------------------------------------------------------------------
| Order |                  Error^2                   |                 Efficiency                 |
---------------------------------------------------------------------------------------------------
|   2   | 1.652661431885875007070414270587022000e-70 | 1.944679618898499443573518206100951562e+32 |
|   4   | 2.185461905617356081344569893318778875e-71 | 1.336929163341557986378132917010875000e+30 |
|   6   | 1.224498429721906056606858008060520375e-72 | 1.412020200279019888384341446710745049e+28 |
|   8   | 4.772936209710668292205608894066280259e-12 | 1.787998786295983242914374996218299456e-05 |
---------------------------------------------------------------------------------------------------

Scheme evaluation results:
Order: 8, No. cycles: 20
---------------------------------------------------------------------------------------------------
Vector a: -0.748096969074576668405300295611770489, -0.019371199187776634510148011088775378, 1.386085672842965013970032236305805601, 0.659954029952969082296756848462109128, -0.580315957293790966759970802214655533, -1.093448626287053192520393925566239858, -0.183895606012481098230297157629794375, 0.660707253810008485341912914566372364, 0.501423091535126136345852534342509369, 0.292158541711852259391872173627108534, 0.124799768002757583079683484807330609
Vector b: -1.496193938149153336810600591223239571, 1.457451539773600067790304569045770962, 1.314719805912329960149759903565229913, 0.005188253993608204443753793361932292, -1.165820168581190137963695397794458920, -1.021077083992916247077092453337239447, 0.653285871967954050616498138078605236, 0.668128635652062920067327691051648686, 0.334717547418189352624377377636590544, 0.249599536005515166159366969615160227
---------------------------------------------------------------------------------------------------
| Order |                  Error^2                   |                 Efficiency                 |
---------------------------------------------------------------------------------------------------
|   2   | 3.196654714825829465730719109683390499e-69 | 4.421729228218147117607518481854865625e+31 |
|   4   | 1.975969183275297081399797924371711903e-71 | 1.406014934632419250218641831912395752e+30 |
|   6   | 1.736377667730754542960908567058922647e-72 | 1.185763097032127348704321657046880531e+28 |
|   8   | 4.866520485542527079009513159997574913e-12 | 1.770723523345602178405501021221597288e-05 |
---------------------------------------------------------------------------------------------------

Scheme evaluation results:
Order: 8, No. cycles: 20
---------------------------------------------------------------------------------------------------
Vector a: 0.397043044999841953177299551874085859, -0.067925165450428198186955521488702821, 0.379694770365299848360859237104785854, 0.022757779091676520864706014110984148, -0.558994443746769260942065870848115870, -0.909250081348828498888129401678725227, -0.002229617375781025841398513225691665, 1.560426252510871964055453413467985386, -0.156872522695485269542571334620656943, -0.106008784803291787845074504411498429, 0.441358768452893754787876929715549729
Vector b: 0.794086089999683906354599103748193000, -0.929936420900540302728510146725356048, 1.689325961631139999450228620933829014, -1.643810403447786957720816592711884841, 0.525821515954248435836684851016860659, -2.344321678651905433612943654372832577, 2.339862443900343381930146627921454765, 0.780990061121400546180760199012449485, -1.094735106512371085265902868253661152, 0.882717536905787509575753859430947695
---------------------------------------------------------------------------------------------------
| Order |                  Error^2                   |                 Efficiency                 |
---------------------------------------------------------------------------------------------------
|   2   | 3.263666740009147137250286592435960158e-68 | 1.383843906876398964079615831916401172e+31 |
|   4   | 1.038334421564727323443699436817390914e-69 | 1.939596499391529554397915759063776245e+29 |
|   6   | 2.958380652934142666956889166207880972e-71 | 2.872718023620994250230728642303989887e+27 |
|   8   | 5.064946436083115230420603349568406627e-12 | 1.735691778160831355305671494357399796e-05 |
---------------------------------------------------------------------------------------------------

Scheme evaluation results:
Order: 8, No. cycles: 20
---------------------------------------------------------------------------------------------------
Vector a: -0.559929271157610844712801992100523202, 0.422791753566668511773217374772432551, 0.980475011598228338373802169682832553, -0.928851679158402563284850515178474528, -0.812905991477755608759401017304222196, 0.475864676735012538385359650989488818, 0.478744355230397141183802142854672879, 0.570919268643652268227043160608425455, -0.566339029343576649827634513612946237, -0.040724019786930755100769671192050071, 0.979954925150317623742233210480363967
Vector b: -1.119858542315221689425603984201216657, 1.965442049448558712972038733746018974, -0.004492026252102036224434394380468982, -1.853211332064703090345266635976340967, 0.227399349109191872826464601368167673, 0.724330004360833203944254700610688556, 0.233158706099961078423349585098461382, 0.908679831187343458030736736118808850, -2.041357889874496757686005763344636421, 1.959909850300635247484466420960517623
---------------------------------------------------------------------------------------------------
| Order |                  Error^2                   |                 Efficiency                 |
---------------------------------------------------------------------------------------------------
|   2   | 1.547707526312129477404791001305521694e-69 | 6.354707443612495669298889597863942188e+31 |
|   4   | 1.733368845160428018539144836923413318e-71 | 1.501186064157239253098180626359191162e+30 |
|   6   | 1.559172386595280625809581977030757720e-72 | 1.251333175160140827148791638700675201e+28 |
|   8   | 5.174649797944016082644415639694896818e-12 | 1.717194753362627804377148861850371818e-05 |
---------------------------------------------------------------------------------------------------

Scheme evaluation results:
Order: 8, No. cycles: 20
---------------------------------------------------------------------------------------------------
Vector a: 0.279652333294616185297780841200970424, -0.309195612780056846621282101641712705, -0.021929498882466630328328819689286450, 0.765550561842758200048073078954522725, -0.259483520778742893867442218269477895, -0.346422420692051201812009260897159117, 0.307276110882225809965577233421397019, -0.217194671805043907120185755212571229, 0.117861784444549367635502421618043166, 0.607262143434393755505404038796963659, 0.076622791039818161296910541718310385
Vector b: 0.559304666589232370595561682401950284, -1.177695892149346063838125885685298657, 1.133836894384412803181468246306715850, 0.397264229301103596914677911602264697, -0.916231270858589384649562348141214516, 0.223386429474486981025543826346831499, 0.391165792289964638905610640496012540, -0.825555135900052453145982150921168577, 1.061278704789151188416986994157278045, 0.153245582079636322593821083436628859
---------------------------------------------------------------------------------------------------
| Order |                  Error^2                   |                 Efficiency                 |
---------------------------------------------------------------------------------------------------
|   2   | 2.829899712133347614846599778402434931e-72 | 1.486122078085437909755561224999595500e+33 |
|   4   | 5.654963169875842340702983199761701639e-73 | 8.311226671672169142563021133918017578e+30 |
|   6   | 8.945499835584303283939832592327574723e-75 | 1.652029202567348138436596491428404846e+29 |
|   8   | 5.928601492927380741483853514982214761e-12 | 1.604293800187167191667804303746705197e-05 |
---------------------------------------------------------------------------------------------------

Scheme evaluation results:
Order: 8, No. cycles: 20
---------------------------------------------------------------------------------------------------
Vector a: 0.238379337909173081956003135123084588, -0.112160199182805911588816687719759690, -0.216006799274336488605474124702670942, -0.374850023944489489134842952796854014, 0.054056406814765254184268599833888249, 0.786915429073072423981721149865776132, 0.351748910843239225317362057839017382, -0.461088549096417102143251248490153870, -0.034719258632830148947561543060084768, 0.661183343150640078885189739140912178, 0.106541402339989076095401874966844618
Vector b: 0.476758675818346163912006270246112794, -0.701079074183957987089639645685605140, 0.269065475635285009878691396280250737, -1.018765523524263988148377301873897567, 1.126878337153794496516914501541667565, 0.446952520992350351446527798189892210, 0.256545300694128099188196317488078565, -1.178722398886962303474698814468330309, 1.109283881621302005579575728348163625, 0.213082804679978152190803749933667472
---------------------------------------------------------------------------------------------------
| Order |                  Error^2                   |                 Efficiency                 |
---------------------------------------------------------------------------------------------------
|   2   | 6.089944180510964067149882723122039973e-70 | 1.013055765815915949595474376405137500e+32 |
|   4   | 1.058725175506138155515363647564426584e-72 | 6.074190345511342028488296061465040039e+30 |
|   6   | 1.575143529731490812624238364437217604e-74 | 1.244973075491452159770414635194195251e+29 |
|   8   | 6.036827934000550873333963435776321543e-12 | 1.589848113789885027388209173808317494e-05 |
---------------------------------------------------------------------------------------------------

Scheme evaluation results:
Order: 8, No. cycles: 20
---------------------------------------------------------------------------------------------------
Vector a: 0.519697415313635042458515333867087778, 0.056120858561551653493249836982750553, 0.306794358144203823230252607916355167, -0.001742234077069739225730690411795429, -1.215477871010787389427260628076839414, -0.315321970194906312898700659602395860, 0.402556165768854102767810701317787694, 0.565809244630936500286879257657752630, 0.405532265172702012727006578510159311, 0.195134101079487898344302255374484493, 0.080897666611392408243675406464653189
Vector b: 1.039394830627270084917030667733462192, -0.927153113504166777930530993768000074, 1.540741829792574424391036209600702896, -1.544226297946713902842497590424278966, -0.886729444074860876012023665728009822, 0.256085503685048250214622346523434240, 0.549026827852659955320999056111410787, 0.582591661409213045252759459203293094, 0.228472868936190980201253697818473635, 0.161795333222784816487350812929512067
---------------------------------------------------------------------------------------------------
| Order |                  Error^2                   |                 Efficiency                 |
---------------------------------------------------------------------------------------------------
|   2   | 3.357958998417430279776975297052329290e-69 | 4.314220261956387571132103036527689844e+31 |
|   4   | 6.827492320133593049713838037633366769e-71 | 7.563963198870593549227867318733061523e+29 |
|   6   | 2.315385626749074516839308817506246969e-72 | 1.026853196873353445334644679654304504e+28 |
|   8   | 6.230219967633943117846610447018696126e-12 | 1.564978388311809633050428210031915791e-05 |
---------------------------------------------------------------------------------------------------

Scheme evaluation results:
Order: 8, No. cycles: 20
---------------------------------------------------------------------------------------------------
Vector a: 0.262578337729855065910020508489591173, -0.084110992364015490891786467985349285, -0.066282627439185857727459155475032896, 0.712468018140377099408370580292588625, -0.333577315419652640518874942554765870, 0.123661342224561101975944152859937513, -0.068159379964353937020332784450696609, -0.048885222463625981113419439112242950, 0.228661979068613637911801493629370531, -0.203133145537296729379108826055630783, 0.476779006024723731444844880362230557
Vector b: 0.525156675459710131820041016977534905, -0.693378660187741113603613952949473606, 0.560813405309369398148695641999781565, 0.864122630971384800668045518587987699, -1.531277261810690081705795403697390884, 1.778599946259812285657683709417232086, -1.914918706188520159698349278318584377, 1.817148261261268197471510400094107397, -1.359824303124040921647907412835442506, 0.953558012049447462889689760724247722
---------------------------------------------------------------------------------------------------
| Order |                  Error^2                   |                 Efficiency                 |
---------------------------------------------------------------------------------------------------
|   2   | 1.240628033799259594348749342851627474e-69 | 7.097725731564658320448469638294232031e+31 |
|   4   | 1.370732673064590250941321767663679420e-70 | 5.338308093663868573456415554160764771e+29 |
|   6   | 1.248578386937056878937544513740299168e-71 | 4.421932608618999056838310999005814075e+27 |
|   8   | 6.292651648840893205239465690558435828e-12 | 1.557195677082468944175243272542597791e-05 |
---------------------------------------------------------------------------------------------------

Scheme evaluation results:
Order: 8, No. cycles: 20
---------------------------------------------------------------------------------------------------
Vector a: 0.124564639727714495790930253408495567, -0.314383340852628210725987701044268390, -0.117790365896227448138268591594747391, -0.138891840263354908443438673629765996, 0.093040589078498320987954783894581339, 0.755223829588214943267072220725920856, 0.327154125316900538444697262291839910, -0.467877654507383350620315408105328415, -0.033901255660141677405164752495127207, 0.665929006035151526522669562053511735, 0.106932267433255770319851044494887962
Vector b: 0.249129279455428991581860506816988269, -0.877895961160685413033835908905417726, 0.642315229368230516757298725715854935, -0.920098909894940333644176072975443501, 1.106180088051936975620085640764635693, 0.404267571124492910914058800687147182, 0.250040679509308165975335723896674964, -1.185795988524074867215966540107425201, 1.117993477203791512405637035117171665, 0.213864534866511540639702088989813672
---------------------------------------------------------------------------------------------------
| Order |                  Error^2                   |                 Efficiency                 |
---------------------------------------------------------------------------------------------------
|   2   | 4.097694783169087346297876479126725781e-70 | 1.235009235368476287618923546883184844e+32 |
|   4   | 1.520242023090385276296010291112479937e-72 | 5.069015867555379973091914061379288086e+30 |
|   6   | 1.350469893917032818550637450028399162e-74 | 1.344551905657626126110494840478956757e+29 |
|   8   | 6.602164063493622360711283472518714925e-12 | 1.520256533495272452836118527129720584e-05 |
---------------------------------------------------------------------------------------------------

Scheme evaluation results:
Order: 8, No. cycles: 20
---------------------------------------------------------------------------------------------------
Vector a: 0.776671060275378735325953171483126190, -0.004592464427246980277293522005527043, -0.173637414981824988562337949317133690, 0.037334177931494303113895386448177015, -1.037673360289100808985216502442632963, -0.420310009484815902755998916726508286, 0.423016803432181193718413866386730518, 0.578666301832336929669302320818365344, 0.410700732140050399905843495263121503, 0.308901994148231650250094731465255480, 0.100922179423315468597343918627026006
Vector b: 1.553342120550757470651906342967370382, -1.562527049405251431206493386978440071, 1.215252219441601454081817488344083134, -1.140583863578612847854026715447796559, -0.934762856999588770116406289439281859, 0.094142838029956964604408455986315855, 0.751890768834405422832419276787650750, 0.405441834830268436506185364850293514, 0.415959629449832363305501625675425397, 0.201844358846630937194687837254379420
---------------------------------------------------------------------------------------------------
| Order |                  Error^2                   |                 Efficiency                 |
---------------------------------------------------------------------------------------------------
|   2   | 4.510294161198129428542510726817800794e-69 | 3.722524587175599729888570087665074219e+31 |
|   4   | 6.814862787238622933893673036669207464e-71 | 7.570968850080580750411691225432770996e+29 |
|   6   | 1.326003864545684185290638140609144379e-72 | 1.356899339677801332689533322517326355e+28 |
|   8   | 6.793318113641150220730743167351529905e-12 | 1.498715016247458197341180628513895476e-05 |
---------------------------------------------------------------------------------------------------

Scheme evaluation results:
Order: 8, No. cycles: 20
---------------------------------------------------------------------------------------------------
Vector a: 0.309026701398793627039738637963382062, -0.201845953532593108620823251628929213, -0.349917903135173287951400415349359968, -0.225067494632696031346656798575411907, -0.328977534190928951781338166388668296, 0.583568963813201873054152555335528515, 0.729870669556469432983786024224423120, 0.343367260358017916514865067479827575, -1.249258118577235780775845710824437311, -0.000022776005930649601537572609903441, 1.389256184948074960485059630373548892
Vector b: 0.618053402797587254079477275927458806, -1.021745309862773471321123779185282566, 0.321909503592426895418322948487164001, -0.772044492857818958111636545639720044, 0.114089424475961054548960212861969293, 1.053048503150442691559344897809515498, 0.406692835962496174408227150640302036, 0.280041684753539658621502984318397950, -2.778557921908011220173194406003933563, 2.778512369896149920970119260784128794
---------------------------------------------------------------------------------------------------
| Order |                  Error^2                   |                 Efficiency                 |
---------------------------------------------------------------------------------------------------
|   2   | 3.495492124427110973858520046282687627e-68 | 1.337167599176599412475411054923077539e+31 |
|   4   | 2.831314661989414288654023078291636149e-70 | 3.714376717079587783207850839202015381e+29 |
|   6   | 4.272160587638652093953221466734572381e-71 | 2.390541246511468217349145631857115984e+27 |
|   8   | 7.054022239967944205612238675823289828e-12 | 1.470759364923702249724432838708318469e-05 |
---------------------------------------------------------------------------------------------------

Scheme evaluation results:
Order: 8, No. cycles: 20
---------------------------------------------------------------------------------------------------
Vector a: 0.155648608749436054766208174094534175, 0.619056421159075860178385808513041253, 0.048610669799599593598529103436062473, -0.320926598586486499444753891644316905, 0.873545256670893321403964686090219488, -0.000645363143535249861483960807923911, -0.591969943616144280558184403844436349, -0.211325814442626612612424052054043482, -0.113103069427705973996936380344194482, 0.413841355013572501740276095994216309, 0.127268477823921284786418820566841462
Vector b: 0.311297217498872109532416348174471679, 0.926815624819279610824355268877688255, -0.829594285220080423627297062003755824, 0.187741088047107424737789278704865931, 1.559349425294679218070140093493013568, -1.560640151581749717793108015108917377, 0.376700264349461156676739207413561805, -0.799351893234714381901587311529956317, 0.573145754379302433907714550839451551, 0.254536955647842569572837641139576751
---------------------------------------------------------------------------------------------------
| Order |                  Error^2                   |                 Efficiency                 |
---------------------------------------------------------------------------------------------------
|   2   | 4.345141213998027261740063163750234691e-68 | 1.199328243069945068649571381013519336e+31 |
|   4   | 1.381450365509507778988097239597859423e-69 | 1.681560025022151695475587507777353210e+29 |
|   6   | 9.091592595883582640985090730483878332e-71 | 1.638702223062074331397615435108722687e+27 |
|   8   | 7.241053574146880645468699101047352293e-12 | 1.451640760912489017071096417868852506e-05 |
---------------------------------------------------------------------------------------------------

Scheme evaluation results:
Order: 8, No. cycles: 20
---------------------------------------------------------------------------------------------------
Vector a: -0.728699489475802835856223428274877691, -0.727571174941520019185988802930761948, 0.708500445594757800905087305248750197, 1.352306846399047062476946507913719757, 0.082055830208760141967420362651759297, -1.071345329149005423483795525888322052, -0.207523437233009809743229570203368713, 0.641565482234129680575408629152613931, 0.519995757015232016194579937663959863, 0.305044175457348699617429191752101658, 0.125670893890062686532365392914425508
Vector b: -1.457398978951605671712446856549779263, 0.002256629068565633340469250688983024, 1.414744262120949968469705359807768030, 1.289869430677144156484187656019732536, -1.125757770259623872549346930716160498, -1.016932888038386974418244121060639991, 0.601886013572367354931784980653776995, 0.681244950895892006219032277651984350, 0.358746563134572026170127597675472238, 0.251341787780125373064730785828862571
---------------------------------------------------------------------------------------------------
| Order |                  Error^2                   |                 Efficiency                 |
---------------------------------------------------------------------------------------------------
|   2   | 7.802599486294066043655044909011193593e-68 | 8.949944687000542021156423765982575195e+30 |
|   4   | 5.240192175446610429790627801576614289e-71 | 8.633887991240569661683459555329173584e+29 |
|   6   | 2.271914365396222590612488058804565774e-72 | 1.036630654191466010263550873893197250e+28 |
|   8   | 7.475371838330730777164591726518075208e-12 | 1.428708520027393552821348157091206206e-05 |
---------------------------------------------------------------------------------------------------

Scheme evaluation results:
Order: 8, No. cycles: 20
---------------------------------------------------------------------------------------------------
Vector a: -0.567118959102514939021884552568940564, 0.351649382606109790091726618357380498, 0.915470969535230591458518733269242943, -0.899014216811774948103160410593510020, -0.418772801093110514977168228226626051, 0.592213714647252292135895449561933684, 0.455612053587041331140887240623416729, 0.462741884933156345002817225880921959, -0.945914260699075880056906543900418009, -0.007590765374743479127278883206016517, 1.060722997772429411456553350802615392
Vector b: -1.134237918205029878043769105137649632, 1.837536683417249458227222341852300561, -0.006594744346788275310184875313685351, -1.791433689276761620896135945873460358, 0.953888087090540590941799489420399211, 0.230539342203963993329991409702169646, 0.680684764970118668951783071545663611, 0.244799004896194021053851380216296513, -2.136627526294345781167664468017259571, 2.121445995544858822913106701605225391
---------------------------------------------------------------------------------------------------
| Order |                  Error^2                   |                 Efficiency                 |
---------------------------------------------------------------------------------------------------
|   2   | 3.483040565693724244353195007257716914e-68 | 1.339555594193760287391532112074590430e+31 |
|   4   | 4.041671612305447480235210199138665077e-71 | 9.831040955555486253500979589887808838e+29 |
|   6   | 2.286691322084457042093964557657934755e-72 | 1.033275790847978155340833207560091591e+28 |
|   8   | 8.313623237862982128953363612676084927e-12 | 1.354767798053109365786677856748459960e-05 |
---------------------------------------------------------------------------------------------------

Scheme evaluation results:
Order: 8, No. cycles: 20
---------------------------------------------------------------------------------------------------
Vector a: 0.802884031637491582256956916578548433, -0.002570965548538733686981888966850895, -0.240325674513761847369497931652404718, 0.572001431363285507808992198484731855, -0.505160683519527585405417082869883233, -0.977557393166539514886870075494538244, -0.198839340855590032768418396856594903, 0.583471906484350542624136634706668772, 0.497181895762842566172433366043577923, 0.324655020867442198140723131270095186, 0.144259771488545317113943128756649922
Vector b: 1.605768063274983164513913833157030999, -1.610909994372060631887877611090728315, 1.130258645344536937148881747786031594, 0.013744217382034078469102649183533268, -1.024065584421089249279936814923438360, -0.931049201911989780493803336065720942, 0.533370520200809714956966542352655744, 0.633573292767891370291306727060631437, 0.360790498757793762053560005026666398, 0.288519542977090634227886257513338170
---------------------------------------------------------------------------------------------------
| Order |                  Error^2                   |                 Efficiency                 |
---------------------------------------------------------------------------------------------------
|   2   | 2.608035574702093161842626355775684033e-69 | 4.895344424804779287618688404899598438e+31 |
|   4   | 2.060907628248361963179397772212726392e-71 | 1.376736269862646375021883655276119873e+30 |
|   6   | 2.625491259087578109722978333103780437e-72 | 9.643057083524873362292065639211358070e+27 |
|   8   | 8.315678136822371598779412733649793601e-12 | 1.354600398419674863168746119832298441e-05 |
---------------------------------------------------------------------------------------------------

Scheme evaluation results:
Order: 8, No. cycles: 20
---------------------------------------------------------------------------------------------------
Vector a: -0.447163546511738745630661510713857305, -0.403485827091794442649021897576129596, 0.349412634602515530572145798533385751, 1.099504072980264111909614476122946992, -0.009993934893304844084300852171877977, -0.650969267290040815256268635431545076, -0.522869134885146874669176374216376508, 0.027940156314724917740681400710529891, 1.032233343331669167933136681389869657, 0.427010865086846228254994656174151533, 0.098380638356005765878856257178902642
Vector b: -0.894327093023477491261323021427696314, 0.087355438839888605963279226275467503, 0.611469830365142455181012370791250603, 1.587538315595385768638216581454611893, -1.607526185381995456806818285798368886, 0.305587650801913826294281014935309549, -1.351325920572207575632633763368036758, 1.407206233201657411113996564789099496, 0.657260453461680924752276797990588204, 0.196761276712011531757712514357774662
---------------------------------------------------------------------------------------------------
| Order |                  Error^2                   |                 Efficiency                 |
---------------------------------------------------------------------------------------------------
|   2   | 7.244543263061369894007295432710233425e-71 | 2.937206654882867572571213042939759375e+32 |
|   4   | 2.969463650451095877770693379046034509e-71 | 1.146940822506310226355206171660910889e+30 |
|   6   | 9.016205598151298490607866325392111049e-73 | 1.645538784292913757346734926912702560e+28 |
|   8   | 8.721935032033332460321490612584002039e-12 | 1.322676419285921827530687326403516599e-05 |
---------------------------------------------------------------------------------------------------

Scheme evaluation results:
Order: 8, No. cycles: 20
---------------------------------------------------------------------------------------------------
Vector a: -0.467241183338402081740396872346581988, -0.270007359233731946333222073416543801, 0.351773770574958080604378967130308473, -0.322673823739761441054851062123240937, 0.094236915318375864971445475171978271, 0.668290340462522010094511459087998809, 0.688485027347258440350131880867955752, -0.028871671349851497508089598899093836, -0.271573200289550444379083727494204222, 0.453262513860822874801651275347656261, 0.104318670387360140193524276673767227
Vector b: -0.934482366676804163480793744694016008, 0.394467648209340270814349597862537569, 0.309079892940575890394408336396547106, -0.954427540420098772504110460641671344, 1.142901371056850502447001410984995338, 0.193679309868193517742021507194303011, 1.183290744826323362958242254537567965, -1.241034087526026357974421452335600065, 0.697887686946925469216253997348158534, 0.208637340774720280387048553347177869
---------------------------------------------------------------------------------------------------
| Order |                  Error^2                   |                 Efficiency                 |
---------------------------------------------------------------------------------------------------
|   2   | 5.297572261113626734992834785169358192e-70 | 1.086179405211716983741996557773941875e+32 |
|   4   | 3.457300085323848827991667468531158360e-71 | 1.062946677794094476130357806593644409e+30 |
|   6   | 7.799753100406041288092109841230408568e-73 | 1.769210867190772130591909447102471542e+28 |
|   8   | 9.247228136777440969288629791667058797e-12 | 1.284559568875050861783924639534912578e-05 |
---------------------------------------------------------------------------------------------------

Scheme evaluation results:
Order: 8, No. cycles: 20
---------------------------------------------------------------------------------------------------
Vector a: 0.541605832926515439835290137833267934, 0.141154585791693510848608863943767837, -0.187302906017303322463927559747923621, 0.333523858648888026056180200136415608, -0.518243290893990033554696260271061099, -0.332071476578804157667788612079867606, 0.407841633254271697168642039057792175, -0.401335725521589651498055792606224840, 0.126775939764005550138282749670792531, 0.758728757659812272261055340605907219, 0.129322790966500668876408893457133862
Vector b: 1.083211665853030879670580275666491956, -0.800902494269643857973362547778956475, 0.426296682235037213045507428283139663, 0.240751035062738839066852971989668635, -1.277237616850718906176245492531779712, 0.613094663693110590840668268372073966, 0.202588602815432803496615809743525069, -1.005260053858612106492727394955987604, 1.258811933386623206769292894297560773, 0.258645581933001337752817786914263680
---------------------------------------------------------------------------------------------------
| Order |                  Error^2                   |                 Efficiency                 |
---------------------------------------------------------------------------------------------------
|   2   | 1.924331804250676378095687849313655753e-70 | 1.802187735443728604750995480056709062e+32 |
|   4   | 5.226471030846276376169813965736997014e-72 | 2.733856681546878819940828775637339355e+30 |
|   6   | 4.764480577127869212779418107369405166e-74 | 7.158338736531722245126924146841064453e+28 |
|   8   | 1.042426059820491544504013386732075056e-11 | 1.209866369201799425516687827455503764e-05 |
---------------------------------------------------------------------------------------------------

Scheme evaluation results:
Order: 8, No. cycles: 20
---------------------------------------------------------------------------------------------------
Vector a: -0.499963099575079075328836683291020900, -0.422851247783352451910614041208313458, 0.832424583613631367044811001752120072, 0.090873903527902385455306066749584666, -0.340409116946344519921696325763959096, 0.634277857884912278520046697674955219, -0.480323721847034501894643942634976571, -0.802593192715293727178334781704638845, 0.723995946861703580154945836339559308, 1.000292679085831515113596058488491984, 0.264275407893123149945420113598197743
Vector b: -0.999926199150158150657673366582023504, 0.154223703583453246836445284165351641, 1.510625463643809487253176719338936676, -1.328877656588004716342564585839755452, 0.648059422695315676499171934311840148, 0.620496293074508880540921461038017711, -1.581143736768577884330209346307990209, -0.024042648662009570026460217101390900, 1.472034542385416730336351889780601963, 0.528550815786246299890840227196411856
---------------------------------------------------------------------------------------------------
| Order |                  Error^2                   |                 Efficiency                 |
---------------------------------------------------------------------------------------------------
|   2   | 3.282683666074683233222055742946824520e-68 | 1.379829709312292341591804282646500586e+31 |
|   4   | 8.093955348531395014026095147446339284e-72 | 2.196846007634021008817584704014422119e+30 |
|   6   | 1.041748964519295434369753605544496339e-73 | 4.841037951162924404727854067779775238e+28 |
|   8   | 1.208046046582165631611622808021219375e-11 | 1.123875724083540173666461976056973692e-05 |
---------------------------------------------------------------------------------------------------

Scheme evaluation results:
Order: 8, No. cycles: 20
---------------------------------------------------------------------------------------------------
Vector a: -0.660809225085951455732250361638647686, 0.222209827181492627511746830483448405, -0.026632325498264541142504472802299033, -0.107031471667051251660917404064571908, 0.122982686414905346320046901612244997, -0.176960470116712042325610008690207609, 0.779021365374799339741194978804231114, 0.717013836069252817765827233577590947, -0.059441523399018996994179096760362791, -0.155231721466982151291046651306244801, 0.344879022193530307807692050784818365
Vector b: -1.321618450171902911464500723277318098, 1.766038104534888166487994384244117601, -1.819302755531417248773003329848698371, 1.605239812197314745451168521719601763, -1.359274439367504052811074718495187458, 1.005353499134079968159854701114862181, 0.552689231615518711322535256493736210, 0.881338440522986924209119210661294980, -1.000221487321024918197477404182006732, 0.689758044387060615615384101569597826
---------------------------------------------------------------------------------------------------
| Order |                  Error^2                   |                 Efficiency                 |
---------------------------------------------------------------------------------------------------
|   2   | 1.231572354720432881981240223560739682e-69 | 7.123772519028930401172070718435503906e+31 |
|   4   | 3.940856435060696971456300082033078332e-71 | 9.955995930419481401483567303100009766e+29 |
|   6   | 2.413810202235499051617830892221292274e-72 | 1.005700038467608578978630393789006996e+28 |
|   8   | 1.236415326014406912396542607712510959e-11 | 1.110907361916779322875692366427196412e-05 |
---------------------------------------------------------------------------------------------------

Scheme evaluation results:
Order: 8, No. cycles: 20
---------------------------------------------------------------------------------------------------
Vector a: 0.558912485461280441013387701872767593, 0.039195402815462787774513898046566966, -0.988436881139522375468105014656148449, -0.405650018701177420269392978847597559, 0.437463158770307335310834216138549663, -0.615221057101581082388543969156015196, -0.000440562629197349610711586906476656, 1.151054271098154734722391033428185403, 0.391071647207018732249704836620057022, 0.330621401889140980161032016533667736, 0.101430152330113216504889846926443412
Vector b: 1.117824970922560882026775403741803698, -1.039434165291635306477747607648375748, -0.937439596987409444458462421657684123, 0.126139559585054603919676463961754287, 0.748786757955560066701991968314755728, -1.979228872158722231479079906623152662, 1.978347746900327532257656732810221702, 0.323760795295981937187125334034443302, 0.458382499118055527312284339213132275, 0.202860304660226433009779693853101469
---------------------------------------------------------------------------------------------------
| Order |                  Error^2                   |                 Efficiency                 |
---------------------------------------------------------------------------------------------------
|   2   | 9.278109196200393490036062033470223166e-69 | 2.595435669439347441851508607995695312e+31 |
|   4   | 7.436773320802021710479275130645785934e-70 | 2.291858208040577422067048707976547852e+29 |
|   6   | 8.502851058817623425622102830556510403e-71 | 1.694485044561944152469633807753176689e+27 |
|   8   | 1.262285223747999535625742521306092338e-11 | 1.099464687977208145715170574256340613e-05 |
---------------------------------------------------------------------------------------------------

Scheme evaluation results:
Order: 8, No. cycles: 20
---------------------------------------------------------------------------------------------------
Vector a: -0.572782889612594255312531376741731884, 0.387312465213992376406921946817424473, 0.956645956853116173587373296631778486, -0.936412445475752199554141686411438306, -0.910885649717174066596845142807722197, 0.499653385183658860439333926409763120, 0.727720381416048281596199326095435736, 0.560917102098260127353718924980466474, -0.767880240717052316065634218969686576, -0.011470507020159164645833111796176112, 1.067182441777656182791438115791886857
Vector b: -1.145565779225188510625062753483465308, 1.920190709653173263438906647118443870, -0.006898795946940916264160053854559652, -1.865926095004563482844123318968635864, 0.044154795570215349650433033352865344, 0.955151974797102371228234819466832624, 0.500288788034994191964163832724071782, 0.621545416161526062743274017236804255, -2.157305897595630694874542455176381653, 2.134364883555312365582876231584024469
---------------------------------------------------------------------------------------------------
| Order |                  Error^2                   |                 Efficiency                 |
---------------------------------------------------------------------------------------------------
|   2   | 1.476302081825724783713174172396982255e-68 | 2.057559451178262842963586209826335156e+31 |
|   4   | 5.125876939516536285173313739239097960e-71 | 8.729631864758983758524970009100994873e+29 |
|   6   | 3.256348452718698029770984238579352268e-72 | 8.658737832183735146406906413390932083e+27 |
|   8   | 1.360068162980828387011156504949941984e-11 | 1.059204207828138814915070577364217203e-05 |
---------------------------------------------------------------------------------------------------

Scheme evaluation results:
Order: 8, No. cycles: 20
---------------------------------------------------------------------------------------------------
Vector a: -0.577179479940918111314269031507214517, -0.561822233139787010031852182612243049, 0.839738314440406045882360858989640444, 0.031372724753404872763361846979000482, -0.333279283283991756612146098858100711, 0.741334122363101100129807943952902685, 0.575857278007027186025139734062339609, -0.785484641869624735235289595338093225, -1.080781711356692712610181405635839931, 1.074600027892905772373971987018591098, 1.075644882134169348629095942949017131
Vector b: -1.154358959881836222628538063014145923, 0.030714493602262202564833697788138208, 1.648762135278549889199888020193477738, -1.586016685771740143673164326235459958, 0.919458119203756630448872128518196290, 0.563210125522445569810743759387258753, 0.588504430491608802239535708737390805, -2.159473714230858272710114899415726977, -0.002089708482527152510247911859647871, 2.151289764268338697258191885900519097
---------------------------------------------------------------------------------------------------
| Order |                  Error^2                   |                 Efficiency                 |
---------------------------------------------------------------------------------------------------
|   2   | 2.382690660624914691272391615421498139e-67 | 5.121606139483660731693671236014681641e+30 |
|   4   | 8.271531555467762576857719283541092076e-70 | 2.173136728295815237375526825300700378e+29 |
|   6   | 1.408034012287754176167290498629486906e-71 | 4.164026197569823795714955672763679028e+27 |
|   8   | 1.457177401310622355344970641210863884e-11 | 1.023301995464701420034543617649324851e-05 |
---------------------------------------------------------------------------------------------------

Scheme evaluation results:
Order: 8, No. cycles: 20
---------------------------------------------------------------------------------------------------
Vector a: 0.150795770588074546806977183515774298, 0.670733062750222099143711265810448090, 0.154696249433876605559311076852456112, -0.182593427580761621000973553078327115, 0.299412170039279511043496471731850851, -0.487612249143491604332107659557995584, -0.327984042560401387873695717141397057, 0.391453059009502175572845172645969675, -0.371973118401709904335226746626492579, 0.108019554964528950616524774179727495, 0.595052970900880628799137731667985633
Vector b: 0.301591541176149093613954367031118680, 1.039874584324295104673468164590066775, -0.730482085456541893554846010885180165, 0.365295230295018651552898904728658922, 0.233529109783540370534094038734911335, -1.208753608070523579198309357850780977, 0.552785522949720803450917923568239062, 0.230120595069283547694772421723605774, -0.974066831872703356365225914976513268, 1.190105941801761257598275463335873815
---------------------------------------------------------------------------------------------------
| Order |                  Error^2                   |                 Efficiency                 |
---------------------------------------------------------------------------------------------------
|   2   | 1.811135815765342473501823858177558356e-69 | 5.874413309765735145142426085879517969e+31 |
|   4   | 8.533916319402126401021777456744842840e-72 | 2.139468158682559059960657687876924316e+30 |
|   6   | 4.219464630253390689099154659596933473e-73 | 2.405422398384595440911621792363522339e+28 |
|   8   | 1.492841206716540108557867399455908273e-11 | 1.011004823271412323211099153665845226e-05 |
---------------------------------------------------------------------------------------------------

Scheme evaluation results:
Order: 8, No. cycles: 20
---------------------------------------------------------------------------------------------------
Vector a: 0.196516800244611782761423638448445120, 0.389634038682156364838551177171364742, -0.913636663577187405400008188325602574, -0.000245212832296486511441456901892305, 0.713686035384771505028095132249211911, -1.022060368479134294194178516439054663, -0.625325272154102172593992167618236813, 0.642615821000595658037778382828972214, 0.947026689061180044848335539748063424, 0.490055721628678757829290413340606159, 0.181732411040726245356146045498122688
Vector b: 0.393033600489223565522847276896791584, 0.386234476875089164154255077446168001, -2.213507804029463974954271454098751634, 2.213017378364871001931388540294967797, -0.785645307595327991875198275795246668, -1.258475429362940596513158757083086837, 0.007824885054736251325174421846536018, 1.277406756946455064750382343811491454, 0.616646621175905024946288735684847150, 0.363464822081452490712292090996283220
---------------------------------------------------------------------------------------------------
| Order |                  Error^2                   |                 Efficiency                 |
---------------------------------------------------------------------------------------------------
|   2   | 6.721577796259127254783643793661463449e-69 | 3.049329771213345620007733582585328906e+31 |
|   4   | 3.761666300944753358813083744502205402e-71 | 1.019036838353169164415826599431155762e+30 |
|   6   | 1.192868285279947206893590325306969850e-72 | 1.430618312623715449892770121124897194e+28 |
|   8   | 1.571377112571854749482942508953024875e-11 | 9.854164844480731903369522964828631774e-06 |
---------------------------------------------------------------------------------------------------

Scheme evaluation results:
Order: 8, No. cycles: 20
---------------------------------------------------------------------------------------------------
Vector a: -0.585542347031369731884538808066766244, -0.573502009981711578879783969436864562, 1.006801634405513905155095415380891558, 0.991676501908807789157557002699195558, -0.929868066947597511968451967481425013, -0.628903221713086730623989660491892751, 0.572508838214093296065646795224620240, 0.759460950835331215101201113746187472, -0.547891827581134576618408018535626442, -0.048732221049340694754984486516518213, 0.983991768940494619250656583478198433
Vector b: -1.171084694062739463769077616133472976, 0.024080674099316306009509677259604207, 1.989522594711711504300681153502468554, -0.006169590894095925985567148103792775, -1.853566543001099097951336786859332069, 0.595760099574925636703357465875324411, 0.549257576853260955427936124573988388, 0.969664324817401474774466102918256748, -2.065447979979670628011282139989701647, 1.967983537880989238501313166956657059
---------------------------------------------------------------------------------------------------
| Order |                  Error^2                   |                 Efficiency                 |
---------------------------------------------------------------------------------------------------
|   2   | 1.812044921047865311423093328356370138e-68 | 1.857186545788318639949128994030233203e+31 |
|   4   | 1.185015322754706257050238425394901947e-70 | 5.741403032425032799099288431417438965e+29 |
|   6   | 3.131326992365906720489253033752959248e-72 | 8.829900610450731067625533889494915962e+27 |
|   8   | 1.573010922524126343407611171007548909e-11 | 9.849045994044155117219147641270919239e-06 |
---------------------------------------------------------------------------------------------------

Scheme evaluation results:
Order: 8, No. cycles: 20
---------------------------------------------------------------------------------------------------
Vector a: 0.612993387395125073070120846689151584, -0.050877888398896802991124630782331071, -1.169211853482795957377299919808586301, 0.126293856064541362721965506930944040, 0.127016673283649233476036840093907096, -0.432734030510457960066891426251420767, 0.214429326886822200236562797513201597, 0.382501811852714593390507070564780529, 0.607018276056300459387689055942624158, 0.474816250992098806945543479538015587, 0.107754189860898991206890379569713493
Vector b: 1.225986774790250146140241693378264072, -1.327742551588043752122490954942928080, -1.010681155377548162632108884674165558, 1.263268867506630888076039898536056238, -1.009235520939332421123966218348254130, 0.143767459918416500990183365845424827, 0.285091193855227899482942229180959975, 0.479912429850201287298071911948578983, 0.734124122262399631477306199936653300, 0.215508379721797982413780759139410422
---------------------------------------------------------------------------------------------------
| Order |                  Error^2                   |                 Efficiency                 |
---------------------------------------------------------------------------------------------------
|   2   | 2.263919769706678091877279822721947945e-72 | 1.661534994731144841129758825350430750e+33 |
|   4   | 1.939476189428889996190765355940262534e-72 | 4.487844403485178573104476661713911133e+30 |
|   6   | 1.654917522294085823681485151323471580e-73 | 3.840889817517440670727271122314546204e+28 |
|   8   | 1.617776215274939677647917560497888658e-11 | 9.711824184118400088602141870896586238e-06 |
---------------------------------------------------------------------------------------------------

Scheme evaluation results:
Order: 8, No. cycles: 20
---------------------------------------------------------------------------------------------------
Vector a: 0.200389213237452556132658866084546548, 0.391431070036463634129040722561830947, -0.206327344209842863140965053338335468, -1.048930224044879621233346679398702678, -0.648748770911628482258731816412620543, 0.661574505699915337176690983794608008, 0.981060749587665546310912186852399879, 0.495965845667146367028209233961432650, -1.287907217379096711455716945976968916, -0.000041197358645717100594260921878163, 1.461533369675449954411842762793687754
Vector b: 0.400778426474905112265317732162355808, 0.382083713598022155992763712972374839, -0.794738402017707882274693819652013200, -1.303122046072051360191999539149084452, 0.005624504248794395674535906322054525, 1.317524507151036278678846061268990125, 0.644596992024294813942978312440274613, 0.347334699309997920113440155478804647, -2.923149134068191343024874047438959526, 2.923066739350899908823685525595202488
---------------------------------------------------------------------------------------------------
| Order |                  Error^2                   |                 Efficiency                 |
---------------------------------------------------------------------------------------------------
|   2   | 1.970515767552692611169984357697183491e-68 | 1.780943129757232600293017679608875977e+31 |
|   4   | 6.644958261553116868111672104661217523e-70 | 2.424565318613640247489696470699532471e+29 |
|   6   | 1.761048650586782610744082196744754536e-70 | 1.177427971952670334123601065106040359e+27 |
|   8   | 1.626264185052401963983698135218131551e-11 | 9.686446538172493159901467994448447618e-06 |
---------------------------------------------------------------------------------------------------

Scheme evaluation results:
Order: 8, No. cycles: 20
---------------------------------------------------------------------------------------------------
Vector a: -0.447101553145073691489914029750157436, -0.127300728585734111215611686892452546, 1.069276084980055632233054501395749391, -0.013086703800123071684606352889351448, -0.583121734246360424253313204837566662, -0.454667839058073898631982127185624497, -0.630540781585455739962256722663373064, 0.674812280854015413328767031834986388, 0.957484556032703050149668273060582600, 0.420242990589915668203433135132399623, 0.134003427964131173322761182794807686
Vector b: -0.894203106290147382979828059500290028, 0.639601649118679160548604685715396154, 1.498950520841432103917504317076048606, -1.525123928441678247286717022854750271, 0.358880459948957398780090613179629273, -1.268216138065105196044054867550847260, 0.007134574894193716119541422224077026, 1.342489986813837110537992641445916327, 0.572479125251568989761343904675217770, 0.268006855928262346645522365589602373
---------------------------------------------------------------------------------------------------
| Order |                  Error^2                   |                 Efficiency                 |
---------------------------------------------------------------------------------------------------
|   2   | 3.848663608501352756191375698627311507e-71 | 4.029814284668584279732348363755575000e+32 |
|   4   | 1.359567834356564152929622291975451063e-71 | 1.695038538334799309317185317149596924e+30 |
|   6   | 3.842183486414064374336856503839408798e-73 | 2.520756962845655282657051257920935822e+28 |
|   8   | 1.676124904568274107618753945299259868e-11 | 9.541284487179350498797578263914786615e-06 |
---------------------------------------------------------------------------------------------------

Scheme evaluation results:
Order: 8, No. cycles: 20
---------------------------------------------------------------------------------------------------
Vector a: 0.149298643511016299488393827059061660, 0.405285557844239451789490925252186977, 0.360776802763417804014891908922948806, -0.428142509437323193515001282980821119, -0.917721619436522095343883765555740577, -0.224631539483780104995410266869912804, 0.320907556754072666517620303182774886, -0.249988054696896662364989250454138045, 0.088636104051211250259055919509315352, 0.997476545773760509085909875052656198, 0.498102512356804075063921806881668606
Vector b: 0.298597287022032598976787654118135165, 0.511973828666446304602194196386231327, 0.209579776860389303427589621459654634, -1.065864795735035690457592187421272219, -0.769578443138008500230175343690256121, 0.320315364170448290239354809950432005, 0.321499749337697042795885796415128262, -0.821475858731490367525864297323406231, 0.998748066833912868043976136342033732, 0.996205024713608150127843613763319590
---------------------------------------------------------------------------------------------------
| Order |                  Error^2                   |                 Efficiency                 |
---------------------------------------------------------------------------------------------------
|   2   | 5.795634610449095915205836346168186740e-70 | 1.038459371706965525706099265844019219e+32 |
|   4   | 2.449631938315429029101587933179607738e-72 | 3.993278496150669573918594424659165039e+30 |
|   6   | 8.648704493512698905162889239176245776e-74 | 5.313057264131312492836355996876337433e+28 |
|   8   | 1.678782612728170734176647789935133774e-11 | 9.533729014081402147491950789761276445e-06 |
---------------------------------------------------------------------------------------------------

Scheme evaluation results:
Order: 8, No. cycles: 20
---------------------------------------------------------------------------------------------------
Vector a: 0.619894010660252502535484865823016977, -0.048173340321914742139335068698475035, -1.186580638661434733879186587702481888, 0.115354659947543482443956349652323099, 0.133353996209779657469076003833812509, -0.399851592493683915249062653437280807, 0.344371633175649304938007776177570773, 0.331568131086948576836065686262477305, 0.460592315736772046396762095759475210, 0.501102141781106598108375686221678371, 0.128368682878981222539855846107883425
Vector b: 1.239788021320505005070969731645631819, -1.336134701964334489349639869042591903, -1.037026575358534978408733306361511753, 1.267735895253621943296646005666206412, -1.001027902834062628358493997998648513, 0.201324717846694797860368691124079605, 0.487418548504603812015646861231110740, 0.175717713669293341656484511292135836, 0.745466917804250751137039680227962943, 0.256737365757962445079711692215624814
---------------------------------------------------------------------------------------------------
| Order |                  Error^2                   |                 Efficiency                 |
---------------------------------------------------------------------------------------------------
|   2   | 1.750009981983262165021137302964065762e-69 | 5.976126002813491902782698769576925000e+31 |
|   4   | 1.958738299774172645483227075135052545e-71 | 1.412185700802165874615088541490651855e+30 |
|   6   | 2.489539200918052600988057814321490887e-73 | 3.131558589042897121385532470981327438e+28 |
|   8   | 1.710423188898550592008273036058274773e-11 | 9.445136676313507189375165462254574533e-06 |
---------------------------------------------------------------------------------------------------

Scheme evaluation results:
Order: 8, No. cycles: 20
---------------------------------------------------------------------------------------------------
Vector a: 0.178730216567150693360818734652345206, 0.389502043845926394305035129446333896, 0.330192364810727663998197876197019918, -0.518015455078895668531071468264823663, -0.980239700838384758292457123544673619, 0.254196360350743026273806839417073017, 0.030308421924295026743723692078136983, -0.328770374606155756622193155883413696, 0.321578326908898663918933515151590952, 0.703087425488382004574422655284817975, 0.619430370627312710270783305465593000
Vector b: 0.357460433134301386721637469304733987, 0.421543654557551401888432789587876797, 0.238841075063903926107962962806182442, -1.274871985221695263170105899335802516, -0.685607416455074253414808347753604714, 1.194000137156560305962422026587729275, -1.133383293307970252474974642431457945, 0.475842544095658739230588330664654242, 0.167314109722138588607278699638534932, 1.238860741254625420541566610931153451
---------------------------------------------------------------------------------------------------
| Order |                  Error^2                   |                 Efficiency                 |
---------------------------------------------------------------------------------------------------
|   2   | 7.244543263061369894007295432710233425e-71 | 2.937206654882867572571213042939759375e+32 |
|   4   | 7.295835195343786819526390053693777558e-72 | 2.313888937369283615437504880695787842e+30 |
|   6   | 1.434257090392656825188929252084490609e-73 | 4.125784341351609790412264370873231506e+28 |
|   8   | 1.743246491052558580455767920334540311e-11 | 9.355793657169706476277799329546608829e-06 |
---------------------------------------------------------------------------------------------------

Scheme evaluation results:
Order: 8, No. cycles: 20
---------------------------------------------------------------------------------------------------
Vector a: 0.207922962543770880809964932890527423, 0.388518300628999499414868602979762206, -0.216823619353287994733082319167577691, -1.051589893525023849013160127501807732, 1.081681919632342126965280769884069802, -0.000013587901625481568393745772423053, -1.733142486316891503695780959180955758, 0.663553954018623888544868608146556152, 0.984632020324718197718093408015350252, 0.499531226779025942621816662154448289, 0.175729203169348292935524167552049992
Vector b: 0.415845925087541761619929865793583357, 0.361190676170457237209807340144404295, -0.794837914877033226675971978471997223, -1.308341872173014471350348276523323357, 3.471705711437698725280909816276003136, -3.471732887240949688417697307820846981, 0.005447914607166681026135389480019803, 1.321659993430081096063601826807319167, 0.647604047219355299372584989213865029, 0.351458406338696585871048335100972947
---------------------------------------------------------------------------------------------------
| Order |                  Error^2                   |                 Efficiency                 |
---------------------------------------------------------------------------------------------------
|   2   | 4.301685274018507575766478777553086900e-66 | 1.205370871563850605725706848188301392e+30 |
|   4   | 5.796237622282286829707359322800654915e-69 | 8.209315118803497060785779005638108826e+28 |
|   6   | 3.780651151832351021157078316453710848e-70 | 8.035940695157640907401218110028918982e+26 |
|   8   | 1.748491963575684326507040637921017809e-11 | 9.341749434621710899002654627853335742e-06 |
---------------------------------------------------------------------------------------------------

Scheme evaluation results:
Order: 8, No. cycles: 20
---------------------------------------------------------------------------------------------------
Vector a: -0.874125171768581525936824256115640974, -0.007954717244033802686495604088896127, 1.556019567740547888499372873414386309, 0.067657671404909361729912162424480759, -0.653182436846816974139266684925800052, -0.580351187845078281691335399811438196, -0.478304074966569790135053665435751904, 0.394443651095537611616373445211614140, 0.614635759577237645331812118955139124, 0.626204582588665111031545396264088212, 0.334956356264182756379959614107818635
Vector b: -1.748250343537163051873648512231020599, 1.732340909049095446500657304053231433, 1.379698226432000330498088442775058162, -1.244382883622181607038264117926086775, -0.061981990071452341240269251925199723, -1.098720385618704222142401547697628839, 0.142112235685564641872294216826026231, 0.646775066505510581360452673597287946, 0.582496452648964709303171564312687257, 0.669912712528365512759919228215644974
---------------------------------------------------------------------------------------------------
| Order |                  Error^2                   |                 Efficiency                 |
---------------------------------------------------------------------------------------------------
|   2   | 5.523964238084294544180562767441552986e-70 | 1.063688783123482681293846203480190156e+32 |
|   4   | 4.529829312648449943796248660913085102e-71 | 9.286222782342485577058733625204587402e+29 |
|   6   | 5.579579876777337420963925063002341713e-72 | 6.614838971204114712847104646047975540e+27 |
|   8   | 1.797631375955540826699376049755808120e-11 | 9.213183366551741954289697506081911235e-06 |
---------------------------------------------------------------------------------------------------

Scheme evaluation results:
Order: 8, No. cycles: 20
---------------------------------------------------------------------------------------------------
Vector a: 0.056368756320651331826318175992797600, -0.406259808702676985800418962797622066, -0.304692008849657537196743276869772282, 0.315788946822725849880860403040014596, -0.274116055477645360599391713470496426, 0.112676100156604536777528717320395183, 0.846541776156723805361676289751069318, 0.502509963823823206364276499143096673, -0.399125742688953483344462174887368198, -0.024715202100476607222246656704425690, 0.575023274538881243952602699482311295
Vector b: 0.112737512641302663652636351988583255, -0.925257130046656635253474277586805465, 0.315873112347341560859987723847304860, 0.315704781298110138901733082232719566, -0.863936892253400860100516509173717329, 1.089289092566609933655573943814498306, 0.603794459746837677067778635687535174, 0.401225467900808735660774362598735595, -1.199476953278715702349698712373555576, 1.150046549077762487905205398964701553
---------------------------------------------------------------------------------------------------
| Order |                  Error^2                   |                 Efficiency                 |
---------------------------------------------------------------------------------------------------
|   2   | 9.417906241979780862209484062523303452e-70 | 8.146345539087877378064974183304562500e+31 |
|   4   | 2.732621909528763790586247911019851231e-72 | 3.780856935256035262994522921644454102e+30 |
|   6   | 1.038504666355453900230599677971662299e-73 | 4.848593778268972760932104050955228424e+28 |
|   8   | 1.802789867704333913905234630909652457e-11 | 9.199992650955931419344094457291251214e-06 |
---------------------------------------------------------------------------------------------------

Scheme evaluation results:
Order: 8, No. cycles: 20
---------------------------------------------------------------------------------------------------
Vector a: 0.637692553457011108862043483633637858, 0.057198581819808387052561827299289476, -0.615229538493037677085112054687134536, -1.054595647132001874647260071594878542, -0.001230048569158343605465319173526183, 0.485913187584944853739347364993048323, -0.409066862176742236447386566967043135, 0.472191301462008027928866961048312730, 0.548297894583295290033471924583260386, 0.539292576265240605926483918256352621, 0.339536001198631858242448532608680959
Vector b: 1.275385106914022217724086967269128460, -1.160987943274405443618963312670862700, -0.069471133711669910551260796704340665, -2.039720160552333838743259346488820139, 2.037260063414017151532328708141768572, -1.065433688244127444053633978154313086, 0.247299963890642971158860844221256105, 0.697082639033373084698873077875098063, 0.399513150133217495368070771293962866, 0.679072002397263716484897065217122525
---------------------------------------------------------------------------------------------------
| Order |                  Error^2                   |                 Efficiency                 |
---------------------------------------------------------------------------------------------------
|   2   | 1.392763442323548362122902546938542376e-68 | 2.118367619140930388953545284940920703e+31 |
|   4   | 5.660882745250246276827008020782539545e-70 | 2.626866110446114262097049132050187988e+29 |
|   6   | 9.780292669862293559756842443516838591e-71 | 1.579952754938365226294514426025732517e+27 |
|   8   | 1.838000086098341180651283556329595952e-11 | 9.111445273462414731109060885899827373e-06 |
---------------------------------------------------------------------------------------------------

Scheme evaluation results:
Order: 8, No. cycles: 20
---------------------------------------------------------------------------------------------------
Vector a: -0.380891156622073115072277118424603138, -0.126933164381395128604462382051460010, 0.935271131936600293180384096562573223, 0.089994682710361108168675868714358541, -0.403715063379213277951552885187287133, -0.505993236478197475673954183003194469, -0.681350205757030705138071444475017712, 0.632733509147191737322748522400188349, 0.841324302428636788445446057639401357, 0.410198209002039758786992173940109828, 0.189360991393080016536071293884931236
Vector b: -0.761782313244146230144554236849235261, 0.507915984481355972935629472746321066, 1.362626279391844613425138720378880654, -1.182636913971122397087786982950174357, 0.375206787212695841184681212575559694, -1.387193260169090792532589578581953592, 0.024492848655029382256446689631905971, 1.240974169639354092389050355168489154, 0.441674435217919484501841760110340234, 0.378721982786160033072142587769866421
---------------------------------------------------------------------------------------------------
| Order |                  Error^2                   |                 Efficiency                 |
---------------------------------------------------------------------------------------------------
|   2   | 8.263307159429375035352071352935110000e-70 | 8.696871644630858910938902183640481250e+31 |
|   4   | 2.931599233038139794755149457938772437e-72 | 3.650292933118456242038436647921770508e+30 |
|   6   | 1.528404568643802969142810269198023359e-73 | 3.996693667747263416800029090850704956e+28 |
|   8   | 1.867511800594693888367436068452060364e-11 | 9.039165900777492308940339669675152778e-06 |
---------------------------------------------------------------------------------------------------

Scheme evaluation results:
Order: 8, No. cycles: 20
---------------------------------------------------------------------------------------------------
Vector a: 0.270321821556184672931149624287695513, 0.408217887084325742251573068305649802, -0.417008153645074078321540924728486114, 0.066496449537407868120633475225878795, 0.236455870577013627120395708856735154, -1.028529593409238805642614048917325536, -0.045933665789725203848175450833429696, 0.851522201905242758914472671671110471, 0.375468761597703208624968531489945107, 0.202293054882262436355934833714542890, 0.080695365703897773493202510927683602
Vector b: 0.540643643112369345862299248575305226, 0.275792131056282138640846888036082586, -1.109808438346430295283928737493064251, 1.242801337421246031525195687944803640, -0.769889596267218777284404270231358659, -1.287169590551258834000823827603187450, 1.195302258971808426304472925936333089, 0.507742144838677091524472417405898830, 0.243195378356729325725464645573843425, 0.161390731407795546986405021855343514
---------------------------------------------------------------------------------------------------
| Order |                  Error^2                   |                 Efficiency                 |
---------------------------------------------------------------------------------------------------
|   2   | 1.313073466429873293288822297178729808e-69 | 6.899148546561461707959021413232502344e+31 |
|   4   | 2.914603253321713927732389117472781250e-72 | 3.660920472755920318866491388204567871e+30 |
|   6   | 3.691890792044778839015668824986584231e-74 | 8.131966915550291537181623837230102539e+28 |
|   8   | 2.073632130904200997787804888174983322e-11 | 8.578160699725672732328900790828787708e-06 |
---------------------------------------------------------------------------------------------------

Scheme evaluation results:
Order: 8, No. cycles: 20
---------------------------------------------------------------------------------------------------
Vector a: 0.243379038786477604989631372770808841, 0.567280766892514386139061181079578787, -0.160633691362001700191498397369318569, -0.305003719530032371094322211320397556, -0.519021326164205996078629717459567528, -0.702459691974649055133968969276392922, 0.682798416041230860446979016598480049, 0.859955213837740239519699340838119784, -0.330898795127145551127755022302051947, 0.080227430774426800569530658679087971, 0.584376357825644781961272747761653005
Vector b: 0.486758077572955209979262745541634390, 0.647803456212073562298859616617501661, -0.969070838936076962681856411356135044, 0.359063399876012220493211988715313547, -1.397106052204424212650471423634451010, -0.007813331744873897617466514918323731, 1.373410163827335618511424548115273747, 0.346500263848144860527974133561009636, -1.008297854102435962783484178165137123, 1.168752715651289563922545495523314099
---------------------------------------------------------------------------------------------------
| Order |                  Error^2                   |                 Efficiency                 |
---------------------------------------------------------------------------------------------------
|   2   | 5.886191401237363038880927539077064657e-70 | 1.030440260410797105183121000047301406e+32 |
|   4   | 6.305370296097115154330080131252925332e-72 | 2.488998982604870350370891825775002197e+30 |
|   6   | 1.205717082398123150261752049445220785e-73 | 4.499842560408120463814586594761560059e+28 |
|   8   | 2.131820515864484970276011609884857725e-11 | 8.460279598347208598445384159876579669e-06 |
---------------------------------------------------------------------------------------------------

Scheme evaluation results:
Order: 8, No. cycles: 20
---------------------------------------------------------------------------------------------------
Vector a: 0.213941596478451419524643315154258079, -0.526995175945398405308860589442453349, -0.004505302743076449727951309817431355, 0.909013703456999322047407500222222928, -0.209939777864555194934763958524325466, -0.960257404506682173568376898256640650, -0.567941686428127264753685851510964565, 0.608871216277835656448915746327936362, 0.850454397309867117487396533640059414, 0.469367660717245600380914241148962394, 0.217990773247440372404361271058376066
Vector b: 0.427883192956902839049286630308862055, -1.481873544847699649667007809193941556, 1.472862939361546750211105189559074266, 0.345164467552451893883709810884988331, -0.765044023281562283753237727933507529, -1.155470785731802063383516068579617097, 0.019587412875547533876144365557648065, 1.198155019680123779021687127098269305, 0.502753774939610455953105940181543301, 0.435981546494880744808722542116680872
---------------------------------------------------------------------------------------------------
| Order |                  Error^2                   |                 Efficiency                 |
---------------------------------------------------------------------------------------------------
|   2   | 2.592188136314146415199485397016630397e-69 | 4.910285558729143636108632796574256250e+31 |
|   4   | 7.390902138798266465962643014999484356e-72 | 2.298959345774069873556939709251685303e+30 |
|   6   | 1.596163660379289925803359883632341100e-73 | 3.910941470047745492235343554226313400e+28 |
|   8   | 2.207357188366420425633206077063278955e-11 | 8.314262405482537977558671978062860440e-06 |
---------------------------------------------------------------------------------------------------

Scheme evaluation results:
Order: 8, No. cycles: 20
---------------------------------------------------------------------------------------------------
Vector a: -0.540551196562908210329276128650149546, 0.073951204947136601974932454988564158, 0.117503013589564654079646139021393139, -0.139911531398134064315511959738984548, 0.579904559695993134434527900003097422, 0.443278046451540286991851332426996525, 0.358304561856718937968781794147215788, -0.583184642375156427778296449342742196, -0.722288728357436298765300725310273827, 0.705866922374613603127024621666104009, 0.707127789778067782611621020788779196
Vector b: -1.081102393125816420658552257300000188, 1.229004803020089624608417167277295361, -0.993998775840960316449124889234355803, 0.714175713044692187818100969756124685, 0.445633406347294081050954830248967564, 0.440922686555786492932747834605844729, 0.275686437157651383004815753688523194, -1.442055721907964238561408652374770109, -0.002521734806908358969192798245965416, 1.414255579556135565223242041578335891
---------------------------------------------------------------------------------------------------
| Order |                  Error^2                   |                 Efficiency                 |
---------------------------------------------------------------------------------------------------
|   2   | 3.260044468377616452303282944719605041e-70 | 1.384612495609287367608132354458692344e+32 |
|   4   | 3.829208047980435991339305325150794767e-72 | 3.193931045612071575761834411039370605e+30 |
|   6   | 1.523814158308986215954185720901730753e-73 | 4.002709056057403492804941422051120758e+28 |
|   8   | 2.344057423308352725665577570536295586e-11 | 8.068186180938338551173784944041450309e-06 |
---------------------------------------------------------------------------------------------------

Scheme evaluation results:
Order: 8, No. cycles: 20
---------------------------------------------------------------------------------------------------
Vector a: 0.067206320602516811420474946788495042, -0.451232694501720425196661094121636146, -0.384456638453692515294306936192540277, 0.338179349046359456778439536784036308, -0.232286713277467296194404049981131418, 0.156847526520369042064787804566860246, 1.190065819945114359615912342346653773, -0.035262489126149138012529246926405264, -0.293579048115854425111415970411539555, 0.491468308061141064365962999696764889, 0.153050259299383065563739667450442517
Vector b: 0.134412641205033622840949893576186007, -1.036878030208474473234272081818655187, 0.267964753301089442645658209433572610, 0.408393944791629470911220864134490087, -0.872967371346564063300028964096748204, 1.186662424387302147429604573230470478, 1.193469215502926571802220111462857484, -1.263994193755224847827278605315666652, 0.676836097523515997604446664492604876, 0.306100518598766131127479334900888597
---------------------------------------------------------------------------------------------------
| Order |                  Error^2                   |                 Efficiency                 |
---------------------------------------------------------------------------------------------------
|   2   | 2.943095700618681519440463769538532329e-70 | 1.457262591488213116625501395173495000e+32 |
|   4   | 3.702083646849445766453618225730372885e-72 | 3.248305771300807688532155866045388184e+30 |
|   6   | 1.100353464573631642194836302638468426e-73 | 4.710358026771508891005968160684684753e+28 |
|   8   | 2.352012309559316034029961386948406231e-11 | 8.054530669212559787906736125075297770e-06 |
---------------------------------------------------------------------------------------------------

Scheme evaluation results:
Order: 8, No. cycles: 20
---------------------------------------------------------------------------------------------------
Vector a: 0.508922245142154428358177982879984051, -0.536847354012960944162996331050482201, -0.007040203838702393440434391262515421, 1.068660992424991817133809400406424525, -0.778652575478488248051331478213263786, -0.813031284322026390168934180388555362, 0.842194494649192549542035389664642475, 0.235794712951550532430427266713024861, -0.350569645974972650665267371762934618, 0.545422932958444984767693844319454951, 0.285145685500816314256819868694220457
Vector b: 1.017844490284308856716355965760021642, -2.091539198310230745042348627861169586, 2.077458790632825958161479845336130503, 0.059863194217157676106138955476937808, -1.617168345174134172208801911903624564, -0.008894223469918608129066448873401610, 1.693283212768303707213137228202633983, -1.221693786865202642352282694776481320, 0.520554494915257341021747951250498262, 0.570291371001632628513639737388454973
---------------------------------------------------------------------------------------------------
| Order |                  Error^2                   |                 Efficiency                 |
---------------------------------------------------------------------------------------------------
|   2   | 1.074003538748848086786581547899292105e-68 | 2.412332414609462052972393442836630859e+31 |
|   4   | 5.017102669331410736227647560256754367e-71 | 8.823756668353696363593127556886263428e+29 |
|   6   | 2.244955283320225384882720480678229693e-72 | 1.042836392503761128941481870360143471e+28 |
|   8   | 2.371423350571019090925950511608418130e-11 | 8.021498169665909436736180818382126731e-06 |
---------------------------------------------------------------------------------------------------

Scheme evaluation results:
Order: 8, No. cycles: 20
---------------------------------------------------------------------------------------------------
Vector a: -0.511318323855551726685919279224409391, 0.101711195622604286116689445937111755, 0.897641664619823284928960584971854105, -0.261829085272430430249762307719035098, -0.194564344350868918242585669924507602, 0.545933820883050396281642306898711337, 0.321348613134391830738918092005372992, -0.687519820041552336938683681397055538, -0.823109034771543940964006647955278826, 0.801703888808328084790114236280238847, 0.810001425223749470224632920126997442
Vector b: -1.022636647711103453371838558448874826, 1.226059038956312025605217450323107484, 0.569224290283334544252703719620731112, -1.092882460828195404752228335058830485, 0.703753772126457568267056995209825440, 0.388113869639643224296227618587527275, 0.254583356629140437181608565423213749, -1.629622996712245111058975928217302388, -0.016595072830842770869037367693382197, 1.620002850447498940449265840253984868
---------------------------------------------------------------------------------------------------
| Order |                  Error^2                   |                 Efficiency                 |
---------------------------------------------------------------------------------------------------
|   2   | 1.577952079485554630038464036437197718e-69 | 6.293512565491348618034546558797969531e+31 |
|   4   | 2.038412136396051953819191402880503912e-71 | 1.384312113244192989042472188149798340e+30 |
|   6   | 3.635740600009210242841400270720340215e-73 | 2.591335120172897547372399503940388870e+28 |
|   8   | 2.397354633577883658671950853003199128e-11 | 7.977997453410589572557323449416685668e-06 |
---------------------------------------------------------------------------------------------------

Scheme evaluation results:
Order: 8, No. cycles: 20
---------------------------------------------------------------------------------------------------
Vector a: 0.342668201364561692285238441523551677, -0.427284036872172967104477602647236114, -0.773847936398282795878680967457686342, 0.761136779283359259491016155253375315, 0.952910888324492688494603549732517159, -0.346284431505681673762409152216518836, -0.374763817040779480395802544250926860, 0.398748478519038176162430510742324711, -0.234660671942098697376547346742228692, 0.113683210575457205213440088868993899, 0.587693335692106592871188867193834119
Vector b: 0.685336402729123384570476883046964109, -1.539904476473469318779432088343384030, -0.007791396323096272977929846571502742, 1.530064954889814791959962157077800971, 0.375756821759170585029244942389304829, -1.068325684770533932554063246822628743, 0.318798050688974971762458158320238506, 0.478698906349101380562402863165227028, -0.948020250233298775315497556650217943, 1.175386671384213185742377734388198062
---------------------------------------------------------------------------------------------------
| Order |                  Error^2                   |                 Efficiency                 |
---------------------------------------------------------------------------------------------------
|   2   | 2.318253844179638366082334538467274696e-68 | 1.641948436070714121823281489966571875e+31 |
|   4   | 1.454745320768549008257080198585001707e-71 | 1.638651247214471983002982574807349609e+30 |
|   6   | 1.884152893664954983920540385907163174e-73 | 3.599663920976065763538751323082405853e+28 |
|   8   | 2.445728380688565049934932768467197838e-11 | 7.898705526270422644591556090642566076e-06 |
---------------------------------------------------------------------------------------------------

Scheme evaluation results:
Order: 8, No. cycles: 20
---------------------------------------------------------------------------------------------------
Vector a: 0.317257077941559036543216581127826898, 0.578340097073229184952391069389813637, -0.371501805782900665886770087855673390, -0.530039839595721024676221745811284729, 0.828514891482909596230965290304279415, -0.063650101657251397141734717187755536, -0.834048116729570849819743235830141171, 0.709130148885191702802376979674533551, 0.213929458257427684768004936706493328, -0.193780304705448465936811586065559857, 0.345848494830575198164326515547467915
Vector b: 0.634514155883118073086433162255320032, 0.522166038263340296818348976524656220, -1.265169649829141628591889152236458098, 0.205089970637699579239445660613036512, 1.451939812328119613222484919996629440, -1.579240015642622407505954354372226432, -0.088856217816519292133532117289238924, 1.507116515586902697738286076639379815, -1.079257599072047328202276203226070808, 0.691696989661150396328653031094972230
---------------------------------------------------------------------------------------------------
| Order |                  Error^2                   |                 Efficiency                 |
---------------------------------------------------------------------------------------------------
|   2   | 1.177238280247472607776185507815412931e-70 | 2.304134469031127696862779731199835625e+32 |
|   4   | 2.199362682523636099413591765277142398e-71 | 1.332697525619110273893953081310473633e+30 |
|   6   | 5.307501706989778971957584140476654502e-72 | 6.782268123614250850840722418217315674e+27 |
|   8   | 2.467725455525644410023004115937121325e-11 | 7.863422560357583367293107945184498133e-06 |
---------------------------------------------------------------------------------------------------

Scheme evaluation results:
Order: 8, No. cycles: 20
---------------------------------------------------------------------------------------------------
Vector a: -0.421076926237526056555323082582908630, -0.207019429650290648462793833184713499, 0.374427182739306724027095672153980156, 0.775679833426165003049973162841064206, -0.016928566335050832699512177728224162, -1.123324969909603671376242088911102741, -0.475158360590051231555142995132144651, 0.570332009116647384523524831788242305, 0.805278379807609062153972695579155353, 0.484332557017081932265537927466498222, 0.233458290615712334628909887710153356
Vector b: -0.842153852475052113110646165165826215, 0.428114993174470816185058498796425264, 0.320739372304142631869132845511512515, 1.230620294548187374230813480170630487, -1.264477427218289039629837835627077775, -0.982172512600918303122646342195127612, 0.031855791420815840012360351930847633, 1.108808226812478929034689311645618951, 0.501748532802739195273256079512697340, 0.466916581231424669257819775420299394
---------------------------------------------------------------------------------------------------
| Order |                  Error^2                   |                 Efficiency                 |
---------------------------------------------------------------------------------------------------
|   2   | 3.515867402354471076685415564687185159e-69 | 4.216224861704762533007396067277263281e+31 |
|   4   | 1.186347019945901820411473000852145769e-71 | 1.814571750798749752522941168149836426e+30 |
|   6   | 1.242469714555731129547405022245720376e-73 | 4.432789620656013280356548266888857269e+28 |
|   8   | 2.511556170595906878935379570426988232e-11 | 7.794505842534982073006243078090635357e-06 |
---------------------------------------------------------------------------------------------------

Scheme evaluation results:
Order: 8, No. cycles: 20
---------------------------------------------------------------------------------------------------
Vector a: 0.727755945750886485462338398409274266, 0.728750567615591730565007709627109796, -0.706906517868046139243263360537571668, -0.550822867109815099920588397584649822, 0.432470776952350603756655942961103549, -0.205495102488053733564887715973087415, 0.455913114193310879332095916175283289, -0.003075075177232209813161332901004096, -0.545488052507779861407502781878568170, 0.530642477159509312733629736832762440, 0.136254733479278032099675884869347732
Vector b: 1.455511891501772970924676796818387139, 0.001989243729410490205338622435382749, -1.415802279465502768691865343510132039, 0.314156545245872568850688548339364740, 0.550785008658828638662623337584783502, -0.961775213634936105792398769532267964, 1.873601442021557864456590601883063630, -1.879751592376022284082913267685009801, 0.788775487360462561267907703927424527, 0.272509466958556064199351769739003614
---------------------------------------------------------------------------------------------------
| Order |                  Error^2                   |                 Efficiency                 |
---------------------------------------------------------------------------------------------------
|   2   | 1.366126162313179587693874472544395936e-66 | 2.138920310604393534283520916069945068e+30 |
|   4   | 8.904284971375453530559386450008453704e-70 | 2.094500614059483507337499281410475769e+29 |
|   6   | 1.794006030255741947386090795870278830e-71 | 3.688995086336956253838930299669438839e+27 |
|   8   | 2.598362156188272160886347689308720486e-11 | 7.663200587084583384275700787565184131e-06 |
---------------------------------------------------------------------------------------------------

Scheme evaluation results:
Order: 8, No. cycles: 20
---------------------------------------------------------------------------------------------------
Vector a: 0.176582894879484251764655808718639395, 0.589908255081266330113587691672609889, 0.061811785813127258356213768279242310, -0.244208830498734412067655052745101755, 0.249959921485093554777243750462982844, -0.231462487732442210872851365362579150, -0.146526237695962430168195089733353417, 0.385840115322844234698649053620641349, 1.114603029279364449648902069752104734, -0.000077052172933941871730327215285897, -0.956431393761107084378820307449900267
Vector b: 0.353165789758968503529311617323929002, 0.826650720403564156697863766219054459, -0.703027148777309639985436229661297347, 0.214609487779840815850126124140485996, 0.285310355190346293704361376806657026, -0.748235330655230715450064107542651137, 0.455182855263305855113673928080729999, 0.316497375382382614283624179063686030, 1.912708683176346285014179960615783400, -1.912862787522214168757640615046377283
---------------------------------------------------------------------------------------------------
| Order |                  Error^2                   |                 Efficiency                 |
---------------------------------------------------------------------------------------------------
|   2   | 3.941031535105385222339968715394366983e-68 | 1.259316963958932587416358863673617188e+31 |
|   4   | 3.589444794869938114671427158925648467e-68 | 3.298878938328686627463902501162552261e+28 |
|   6   | 4.363324846523084560863262335633479679e-69 | 2.365436274111020250145237277737826705e+26 |
|   8   | 2.619146221070678905801598308222175933e-11 | 7.632734611008540588776031532243635067e-06 |
---------------------------------------------------------------------------------------------------

Scheme evaluation results:
Order: 8, No. cycles: 20
---------------------------------------------------------------------------------------------------
Vector a: 0.065763656497651341013792367537685939, -0.588150141519991818429430934962745948, 0.293806560084672503349217904271054227, 0.940761222056341461791708212423479815, -0.916524384955589131030385364499950185, -0.377400122707536216859402082815977663, 0.929152767685068673154727799862244526, 0.533985078397380786977451565430058487, -0.997798178851478182442668963564143565, -0.009196036226194213480326760073306556, 1.125599579539674795955316256391600801
Vector b: 0.131527312995302682027584735079384554, -1.307827596035286318886446605008565978, 1.895440716204631325584882413550312646, -0.013918272091948402001465988703384705, -1.819130497819229860059304740296517502, 1.064330252404157426340500574665004561, 0.793975282965979919968955025058988853, 0.273994873828781653985948105801380417, -2.269591231531738018871286032929229879, 2.251199159079349591910632512782626905
---------------------------------------------------------------------------------------------------
| Order |                  Error^2                   |                 Efficiency                 |
---------------------------------------------------------------------------------------------------
|   2   | 2.954415299467214909899850168652142068e-69 | 4.599432364374307805306014275488335156e+31 |
|   4   | 1.011711255679172814085900409839639257e-70 | 6.213720674166132031844585603628695679e+29 |
|   6   | 2.947624183552652230160342920467190003e-72 | 9.100892206975265714140762958464673042e+27 |
|   8   | 2.679531247011701021495081610763910860e-11 | 7.546240145920925293342705090798708974e-06 |
---------------------------------------------------------------------------------------------------

Scheme evaluation results:
Order: 8, No. cycles: 20
---------------------------------------------------------------------------------------------------
Vector a: 0.838681122979575018040223917090687245, -0.005901087395509229131343011681170808, -0.858028244720154248067020185275710976, 0.634310386994082388649608038952289673, 0.069224067477782360838304539165809498, -1.114236925289763345614167679929255634, -0.275774835318516186628265736714417937, 0.518977521982762235081548147346093087, 0.633206998491590920857123049114223778, 0.466850103708427951014354505314470106, 0.092690891089722134959634416616981985
Vector b: 1.677362245959150036080447834181486002, -1.689164420750168494343133857543844069, -0.026892068690140001790906513002673216, 1.295512842678304779090122590902287993, -1.157064707722740057413513512570576697, -1.071409142856786633814821847288015074, 0.519859472219754260558290373858926807, 0.518095571745770209604805920833534967, 0.748318425237411632109440177394774692, 0.185381782179444269919268833234098690
---------------------------------------------------------------------------------------------------
| Order |                  Error^2                   |                 Efficiency                 |
---------------------------------------------------------------------------------------------------
|   2   | 3.465721579455468156950333816613894012e-68 | 1.342898452669864966977694791375238477e+31 |
|   4   | 1.027301958048313713079217883130515562e-70 | 6.166389584245150220493797926583170776e+29 |
|   6   | 3.724784052041745442515166477009802484e-72 | 8.095980928315368752035728189835638046e+27 |
|   8   | 2.694932703217479251572276861366112635e-11 | 7.524645985886852087487905667865565509e-06 |
---------------------------------------------------------------------------------------------------

Scheme evaluation results:
Order: 8, No. cycles: 20
---------------------------------------------------------------------------------------------------
Vector a: -0.601999085698228395012493876973168858, -0.592603959981253341385477400411182792, 0.980787952336237937003815285078991210, 0.967121933443810122656792746193337972, -0.947836918297190296975383034990535843, -0.434075756682837001262801591999983543, 0.780182608621285082243120363044914420, 0.569650572332969021584169564084158041, -0.814210795240664144871748681609948360, -0.010092789112688801592683317866297522, 1.103076238278559817612689945449715364
Vector b: -1.203998171396456790024987753946345998, 0.018790251433950107254032953123931814, 1.942785653238525766753597617034058050, -0.008541786350905521440012124647370341, -1.887132050243475072510753945333723861, 1.018980536877801069985150761333787879, 0.541384680364769094501089964756104710, 0.597916464301168948667249163412146372, -2.226338054782497238410746526631963262, 2.206152476557119635225379890899374492
---------------------------------------------------------------------------------------------------
| Order |                  Error^2                   |                 Efficiency                 |
---------------------------------------------------------------------------------------------------
|   2   | 1.883581248395956172441896812504660690e-69 | 5.760336172577819242156949327999589062e+31 |
|   4   | 1.390984142879544519810067747327871845e-70 | 5.299305144806801302972792986499542847e+29 |
|   6   | 4.904562705799943193383639479874034945e-72 | 7.055371400265530103800216547647405624e+27 |
|   8   | 2.709672553110616088443873552335413057e-11 | 7.504152108036724038368931770923393429e-06 |
---------------------------------------------------------------------------------------------------

Scheme evaluation results:
Order: 8, No. cycles: 20
---------------------------------------------------------------------------------------------------
Vector a: 0.070605213296050096278103437640516921, -0.577827013171949433734636956137391789, 0.386323352218619254767161657502611052, 1.030245060689287828244940249786535411, -0.964636432802955451053756454121691547, -0.842538525386926614176599326530530870, 0.558994915473536037444591287385172431, 0.937207185614328889248023570524277834, -0.592134908270234656587724391914675083, -0.047086707744740669581727537639952863, 1.040847860084984719151624463505128436
Vector b: 0.141210426592100192556206875287419311, -1.296864452935999060025480787568399857, 2.069511157373237569559804102572892227, -0.009021035994661913069923602999929361, -1.920251829611248989037589305243470206, 0.235174778837395760684390652183132375, 0.882815052109676314204791922587383076, 0.991599319118981464291255218460786347, -2.175869135659450777466704002289127808, 2.081695720169969438303248927009313936
---------------------------------------------------------------------------------------------------
| Order |                  Error^2                   |                 Efficiency                 |
---------------------------------------------------------------------------------------------------
|   2   | 5.014038949155562370766124260171661431e-67 | 3.530580815848283776638017058962121582e+30 |
|   4   | 8.730738055240150831812182570238809067e-71 | 6.688897456844171986330557455333436279e+29 |
|   6   | 2.222260545613539989550457639192210057e-72 | 1.048147826561645907516763854448153496e+28 |
|   8   | 2.747902556120879901978652708885138256e-11 | 7.451768778147179811799557010986111285e-06 |
---------------------------------------------------------------------------------------------------

Scheme evaluation results:
Order: 8, No. cycles: 20
---------------------------------------------------------------------------------------------------
Vector a: 0.566590562859048848937437674284560313, -0.045684983849728337795816004799747227, -0.503660914662483596488763950384548039, -0.396452192878503242689776277725541287, -0.403176902491703241194889559711786357, 0.339559002566954139992571635211318102, -0.168847166350176785729455026263799018, 0.178669444661850418932539556761870573, 0.878693913274365287817426545517513974, 0.423908729499427021560481090552197802, 0.130400507370949486658244316557961096
Vector b: 1.133181125718097697874875348569036849, -1.224551093417554373466507358168520625, 0.217229264092587180488979457399630887, -1.010133649849593665868532012850821336, 0.203779844866187183478752893427350697, 0.475338160267721096506390376995157337, -0.813032492968074667965300429522670246, 1.170371382291775505830379543046379565, 0.587016444256955069804473547988570961, 0.260801014741898973316488633115885791
---------------------------------------------------------------------------------------------------
| Order |                  Error^2                   |                 Efficiency                 |
---------------------------------------------------------------------------------------------------
|   2   | 2.037527792736010282689551840449753151e-70 | 1.751411665142095063278166922631010000e+32 |
|   4   | 7.413287087693071266431644439027862992e-73 | 7.258963419673164376756085780506990234e+30 |
|   6   | 3.572698593659025897336538977048115142e-74 | 8.266503167731253170087200687189883423e+28 |
|   8   | 2.762126398229261513499347323168002780e-11 | 7.432557204385419542560789394392157962e-06 |
---------------------------------------------------------------------------------------------------

Scheme evaluation results:
Order: 8, No. cycles: 20
---------------------------------------------------------------------------------------------------
Vector a: 0.253009978492491378605213129920479028, -0.060706576411475899560298682224806655, -0.173792619391707702847154888334591437, -0.565498061126078545061807194009569841, 0.014707420277339832377363958488340476, 0.875090592964899119414353608538654525, 0.283215412879710403168378597621193421, 0.262436116482846671391439598717547788, -0.613938186544087781392236263658195511, -0.011322071910191346183687331021492619, 0.736797994286253870088435465962440829
Vector b: 0.506019956984982757210426259841372517, -0.627433109807934556331023624290969720, 0.279847871024519150636713847621925129, -1.410843993276676240760328235641637150, 1.440258833831355905515056152618320090, 0.309922352098442333313651064458941727, 0.256508473660978473023106130783535634, 0.268363759304714869759773066651497831, -1.496240132392890432544245593967920487, 1.473595988572507740176870931924934429
---------------------------------------------------------------------------------------------------
| Order |                  Error^2                   |                 Efficiency                 |
---------------------------------------------------------------------------------------------------
|   2   | 4.708953120989890431104742031261651726e-70 | 1.152067234515563848431389865599917812e+32 |
|   4   | 2.493849121317512585583566054717145783e-71 | 1.251540562999018822214406954626911987e+30 |
|   6   | 4.277753370394931256292621668200921920e-73 | 2.388978025176337278822002700657514572e+28 |
|   8   | 3.046503925350721221632527514445227704e-11 | 7.077162435388531571758793701698043164e-06 |
---------------------------------------------------------------------------------------------------

Scheme evaluation results:
Order: 8, No. cycles: 20
---------------------------------------------------------------------------------------------------
Vector a: 0.172207418070070513140196210140133410, 0.390184927986296498515594811358380370, 0.337763029565131560402482007733425374, -0.561993079607839085567747729329841049, -0.617379496444261145296963686239305389, -0.315026743049501981450738432614427883, 0.247003869620756287934925512522334123, 0.029743437631456046625532221127639141, -0.306176326458906611425889814050746863, 0.957091457039588521877359129458302727, 0.666581505647209395245249769894106141
Vector b: 0.344414836140141026280392420280259405, 0.435955019832451970750797202436493103, 0.239571039297811150054166813030385812, -1.363557198513489321189662271690099303, 0.128798205624967030595734899211559255, -0.758851691723970993497211764440376743, 1.252859430965483569367062789485071086, -1.193372555702571476115998347229784919, 0.581019902784758253264218719128265385, 1.333163011294418790490499539788226920
---------------------------------------------------------------------------------------------------
| Order |                  Error^2                   |                 Efficiency                 |
---------------------------------------------------------------------------------------------------
|   2   | 4.636507688359276732164669076934549392e-69 | 3.671508318603584465714016303674699219e+31 |
|   4   | 2.547794084580054524491579362992942199e-71 | 1.238220114958484726776357861665450806e+30 |
|   6   | 2.239811905185131949705513821496940630e-73 | 3.301522426347236689654443283616685867e+28 |
|   8   | 3.111014387746023935700594718188678867e-11 | 7.003401500326338164876331817800517268e-06 |
---------------------------------------------------------------------------------------------------

Scheme evaluation results:
Order: 8, No. cycles: 20
---------------------------------------------------------------------------------------------------
Vector a: 0.177264849455596921768653772329241116, 0.705166882898048112688530606697908808, -0.387317708249001757058379818015507943, 0.256004035845243328041905799718952852, -0.009148667232201528145742543987814404, -0.218225588660242851466393201448881852, 0.319008733080624920978194746884352204, -0.188146832638557265460672167984972904, -0.210543438086254922375664260702083820, -0.054798497444491323803371036982171983, 0.610736231031236364832938103490977965
Vector b: 0.354529698911193843537307544659791864, 1.055804066884902381839753668735045164, -1.830439483382905895956513304766782984, 2.342447555073392552040324904205678037, -2.360744889537795608331809992181315578, 1.924293712217309905399023589282723194, -1.286276246056060063442634095513541927, 0.909982580778945532521289759543061000, -1.331069456951455377272618280947585563, 1.221472462062472729665876206982926792
---------------------------------------------------------------------------------------------------
| Order |                  Error^2                   |                 Efficiency                 |
---------------------------------------------------------------------------------------------------
|   2   | 3.854821470274954920601281899745115205e-66 | 1.273320919105253561942600818943427734e+30 |
|   4   | 1.677962503999667218089402151730801270e-69 | 1.525769367590682105352247989237055969e+29 |
|   6   | 3.675867315751226784966843055362761994e-71 | 2.577152467308885915054793010266698837e+27 |
|   8   | 3.295266445176163985382160377530056911e-11 | 6.804790618897729970643050349232166549e-06 |
---------------------------------------------------------------------------------------------------

Scheme evaluation results:
Order: 8, No. cycles: 20
---------------------------------------------------------------------------------------------------
Vector a: 0.115877867090465079950908357991823529, -0.485908535288133213037345701378097963, -0.193435701682310777409668279195498348, 1.091419974852246259536496428205990511, 0.115694663642874638894294974241740820, -0.270517393781561372325683292479306213, 0.496299611071795176199999397372846842, -0.633933523580608024213362070845638035, -0.857187313214468829329818330082807648, 0.798939477798056350039894636496856025, 0.822750873091644711694283879672090527
Vector b: 0.231755734180930159901816715983319168, -1.203572804757196585976508118739219246, 0.816701401392575031157171560348243977, 1.366138548311917487915821296063862616, -1.134749221026168210127231347580389377, 0.593714433463045465475864762621733233, 0.398884788680544886924134032123921692, -1.666751835841760935350858173815118173, -0.047622790587176723308778486350445653, 1.645501746183289423388567759344091884
---------------------------------------------------------------------------------------------------
| Order |                  Error^2                   |                 Efficiency                 |
---------------------------------------------------------------------------------------------------
|   2   | 2.168155963448085608590870886220809547e-68 | 1.697832133932353036612395727745196484e+31 |
|   4   | 2.056099009596885376411982651495519130e-71 | 1.378345222912295089589633125949866699e+30 |
|   6   | 5.154432430843956066327153711673447481e-73 | 2.176354313810048403299762365044912338e+28 |
|   8   | 3.557745269460059614840379866159423657e-11 | 6.548964100413438442094621078464796413e-06 |
---------------------------------------------------------------------------------------------------

Scheme evaluation results:
Order: 8, No. cycles: 20
---------------------------------------------------------------------------------------------------
Vector a: 0.286091195052317136924474694687753589, -0.354725465231570486659188739396299942, -0.018653424215115506554738883194542741, 0.904640551818352316708731810708859465, -0.211072128475888609729354933997241896, -0.411237128111528732295949264383648251, 0.176064548882376759810124716078811974, 0.242905301704861941127209288211090583, -0.299066085140661321981969455329654659, 0.118416739819884961119196904860022749, 0.566635893896971541531463861754849128
Vector b: 0.572182390104634273848949389375515941, -1.281633320567775247167326868168068545, 1.244326472137544234057849101778977190, 0.564954631499160399359614519638701007, -0.987098888450937618818324387633182680, 0.164624632227880154226425858865814076, 0.187504465536873365393823573291862521, 0.298306137872850516860595003130315756, -0.896438308154173160824533913789629647, 1.133271787793943083062927723509694405
---------------------------------------------------------------------------------------------------
| Order |                  Error^2                   |                 Efficiency                 |
---------------------------------------------------------------------------------------------------
|   2   | 7.244543263061369894007295432710233425e-70 | 9.288262988033986935972257656247471875e+31 |
|   4   | 4.775455764225024100053637126054108947e-72 | 2.860043272770912057970156873818942871e+30 |
|   6   | 1.009416971140826423926720271603767703e-73 | 4.917956974530346440617379321638627625e+28 |
|   8   | 3.687592777993174549691181614384843138e-11 | 6.432629777538572891284986939295361072e-06 |
---------------------------------------------------------------------------------------------------

Scheme evaluation results:
Order: 8, No. cycles: 20
---------------------------------------------------------------------------------------------------
Vector a: 0.501822390227515278693938469578803119, -0.609356540806317085711574847796665766, -1.111692410250872576982291397358960051, 1.106765448707835398688291226104863585, 1.139757110368239761904971265875130255, -0.806154252216754534990818481669654438, 0.025358212976155320772130160658072539, 0.273549356159355002114564805453491481, -0.337967989082670564789717824283641321, 0.535195988155881219899537297907845007, 0.282722685761632780400969325530715601
Vector b: 1.003644780455030557387876939157825602, -2.222357862067664728811026634752281107, -0.001026958434080425153556159966773898, 2.214557855849751222530138612177624510, 0.064956364886728301279803919573733166, -1.677264869320237371261440882913532034, 1.727981295272548012805701204229733903, -1.180882582953838008576571593322313465, 0.504946604788496878997135944754568599, 0.565445371523265560801938651061414734
---------------------------------------------------------------------------------------------------
| Order |                  Error^2                   |                 Efficiency                 |
---------------------------------------------------------------------------------------------------
|   2   | 2.023491490163828878519912705548877073e-67 | 5.557625998868653641095866117620024414e+30 |
|   4   | 2.902946498452789650154827635182447783e-70 | 3.668263305055220465054933404978494873e+29 |
|   6   | 5.980256476609129880314635900048497137e-72 | 6.389400640864889147960000898474047661e+27 |
|   8   | 3.802140641329042268815793889640070500e-11 | 6.334990179693381175112748946507863918e-06 |
---------------------------------------------------------------------------------------------------

Scheme evaluation results:
Order: 8, No. cycles: 20
---------------------------------------------------------------------------------------------------
Vector a: -0.569094670544382182770203941377705453, -0.563573716729117834619849890148881234, 0.540078864855446872268741146246266649, 0.696323717193881474666889230529344028, -0.928039865503930043731590811741352777, 0.179984985645588442748947830097495307, -0.002404274414694865114463491750296567, -0.175876455316805103767810911228543673, 1.335875452169697819556597191095678969, 0.363141469206453020971823740749322956, 0.123584493437862399790919907528671691
Vector b: -1.138189341088764365540407882755234299, 0.011041907630528696300708102458775481, 1.069115822080365048236774190032329535, 0.323531612307397901097004271027118927, -2.179611343315257988560185894509443676, 2.539581314606434874058081554704567710, -2.544389863435824604287008538205159433, 2.192636952802214396751386715747937175, 0.479113951537181242361807666441719686, 0.247168986875724799581839815057388930
---------------------------------------------------------------------------------------------------
| Order |                  Error^2                   |                 Efficiency                 |
---------------------------------------------------------------------------------------------------
|   2   | 4.634753150537754056643464185071939882e-66 | 1.161252613722272361005762911223231201e+30 |
|   4   | 1.895569355780002313670845118343266083e-69 | 1.435523074654921965725469416424255371e+29 |
|   6   | 7.425655939864307861541052612035969884e-71 | 1.813228825780723138679987722868930340e+27 |
|   8   | 3.829575226564044324826461953596279258e-11 | 6.312257865529051215788176257352212841e-06 |
---------------------------------------------------------------------------------------------------

Scheme evaluation results:
Order: 8, No. cycles: 20
---------------------------------------------------------------------------------------------------
Vector a: -0.648935005620505642596478316942191026, -0.060326198905604106399453567006448346, 0.696366945580948827287408872818311178, -0.460152754508757797566290183146903069, -0.439492513712579189689354712513798243, 0.283993091228390193596627605961744932, -0.188086863846490739279741705147657939, 0.295300499385110383020358616918613805, 0.911893999934298305648155323093805834, 0.441185362800861327348757527272953402, 0.168253437664328438630010538691569532
Vector b: -1.297870011241011285192956633884405933, 1.177217613429803072394049499871505750, 0.215516277732094582180768245765153199, -1.135821786749610177313348612058962226, 0.256836759324451797934639187031302185, 0.311149423132328589258616024892236453, -0.687323150825310067818099435187588105, 1.277924149595530833858816669024852211, 0.545863850273065777437493977162762635, 0.336506875328656877260021077383143783
---------------------------------------------------------------------------------------------------
| Order |                  Error^2                   |                 Efficiency                 |
---------------------------------------------------------------------------------------------------
|   2   | 3.703772743240125358311229789973106838e-69 | 4.107880894631160807622627894568862500e+31 |
|   4   | 9.961025900794373186477621329368883269e-72 | 1.980286298703479183219442702164120605e+30 |
|   6   | 1.237835954702971812447281952612928947e-73 | 4.441078802837949739470415075868873596e+28 |
|   8   | 3.864469964024731408966129018633098312e-11 | 6.283694560902258545871129621243919997e-06 |
---------------------------------------------------------------------------------------------------

Scheme evaluation results:
Order: 8, No. cycles: 20
---------------------------------------------------------------------------------------------------
Vector a: -0.514772495274389083927317075553019249, -0.449510467093274253960994349359811544, 0.345009543920933662041763080449826800, 0.390134354298584030552569716855860411, 0.782466775375096325406863714558665058, -0.015012595495800950786258510766361741, -1.172230377977764957628133909232442361, 0.107436773278512868669385193254915561, 0.724863322684332433653621609725791295, 0.466951935011978305525297950015495876, 0.334663231271791620453202580051079946
Vector b: -1.029544990548778167854634151106119965, 0.130524056362229659932645452386596521, 0.559495031479637664150880708513113677, 0.220773677117530396954258725198410435, 1.344159873632662253859468703918885039, -1.374185064624264155431985725451602294, -0.970275691331265759824282093013076546, 1.185149237888291497163052479522842212, 0.264577407480373370144190739928846689, 0.669326462543583240906405160102104233
---------------------------------------------------------------------------------------------------
| Order |                  Error^2                   |                 Efficiency                 |
---------------------------------------------------------------------------------------------------
|   2   | 1.177238280247472607776185507815412931e-70 | 2.304134469031127696862779731199835625e+32 |
|   4   | 6.245677099044302353079409667177248970e-72 | 2.500865028949149323773447197662847168e+30 |
|   6   | 3.077369122079578925587045691030980381e-73 | 2.816632785225194330225393503444841385e+28 |
|   8   | 4.337855023916484027620003694687986573e-11 | 5.930926172760140971430869139961573559e-06 |
---------------------------------------------------------------------------------------------------

Scheme evaluation results:
Order: 8, No. cycles: 20
---------------------------------------------------------------------------------------------------
Vector a: -0.442555703416142268284772363188908284, -0.180061863559763395409674410277091503, 0.407168252033823605531941387565960178, -0.532916448477463845755468977677809937, -0.675752025102749890315078167321455870, 0.716656322157690877388720057271647132, 1.471807366936990789451485326338727835, -0.019061858922958676884075135045892007, -0.434801201339636337037442087278836800, 0.515383848802495040660498465728764860, 0.174133310887714100653865903884894469
Vector b: -0.885111406832284536569544726377568124, 0.524987679712757745750195905823384299, 0.289348824354889465313686869308347605, -1.355181721309817156824624824663807915, 0.003677671104317376194468490020536257, 1.429634973211064378582971624523100861, 1.513979760662917200319999028153911266, -1.552103478508834554088149298245683339, 0.682501075829561880013265123688064532, 0.348266621775428201307731807769714596
---------------------------------------------------------------------------------------------------
| Order |                  Error^2                   |                 Efficiency                 |
---------------------------------------------------------------------------------------------------
|   2   | 5.936224028147880624711415423159219707e-68 | 1.026088611498525544937898289627835938e+31 |
|   4   | 1.460040328433048514145797078639121888e-70 | 5.172465366784395806943587634193963013e+29 |
|   6   | 3.217359968495211958898298235320043727e-72 | 8.711043833276852823177106337092472076e+27 |
|   8   | 4.702914910050010011379942130918335762e-11 | 5.696085166308103596524605868379424576e-06 |
---------------------------------------------------------------------------------------------------

Scheme evaluation results:
Order: 8, No. cycles: 20
---------------------------------------------------------------------------------------------------
Vector a: 0.225361646847437481017704465182392315, 0.571649046301290777279690250218112918, -0.179319019423944842104633838098522501, -0.374125073768689696264825014822216934, 0.369938470022927290415100320411192976, -0.489998951617713017148470968725028842, -0.718175741909907432621769380142704046, 0.600442973331723234393147247167474523, 0.109678537397268898149010047158770425, 0.192032005753388701740458486161672683, 0.692516107066218605144588385488856662
Vector b: 0.450723293694874962035408930364802735, 0.692574798907706592523971570071406201, -1.051212837755596276733239246268440128, 0.302962690218216884203589216623964707, 0.436914249827637696626611424198461449, -1.416912153063063730923553361648544363, -0.019439330756751134319985398636910602, 1.220325277420197603106279892971895977, -1.000968202625659806808259798654351780, 1.385032214132437210289176770977716021
---------------------------------------------------------------------------------------------------
| Order |                  Error^2                   |                 Efficiency                 |
---------------------------------------------------------------------------------------------------
|   2   | 1.189010663049947333853947362893567061e-68 | 2.292699487930718531625923139791566797e+31 |
|   4   | 2.678676946266221851678234602744054815e-71 | 1.207590943603672743135575312255572876e+30 |
|   6   | 2.767309080530300627424112193276789036e-73 | 2.970237603057236823905673535473731232e+28 |
|   8   | 4.765657835006408232498576710929587553e-11 | 5.658464634369277067121772173701855717e-06 |
---------------------------------------------------------------------------------------------------

Scheme evaluation results:
Order: 8, No. cycles: 20
---------------------------------------------------------------------------------------------------
Vector a: 0.997371899298246181794572459363463784, -0.002399620988653854981038801426622397, -1.018757078119541235525561077950876596, 0.656041696536706108086569015025663603, 0.077386080946311310677472546238457190, -1.175512646749463833568408863759280486, -0.519357573754172980233913173061486731, 0.317631306792794613098928748154814191, 0.588213470837079082254752952308040713, 0.704239264408616967363949902017376596, 0.375143200792077641032676293090450101
Vector b: 1.994743798596492363589144918726693953, -1.999543040573800073551222521579956957, -0.037971115665282397499899634300914514, 1.350054508738694613673037664331964779, -1.195282346846071992318092571854982438, -1.155742946652855674818725155664346594, 0.117027799144509714350898809542444732, 0.518234814441079511846958686765380703, 0.658192127233078652662547217852694735, 0.750286401584155282065352586181021632
---------------------------------------------------------------------------------------------------
| Order |                  Error^2                   |                 Efficiency                 |
---------------------------------------------------------------------------------------------------
|   2   | 3.177637788760293369758949959172526136e-68 | 1.402451376089118304095148956785597266e+31 |
|   4   | 4.092830893038858155084858885757596596e-70 | 3.089357138554724474951835105957277832e+29 |
|   6   | 6.381301301604800076209587808889631415e-71 | 1.955984462280696511099353554585320473e+27 |
|   8   | 4.878658858246185031098145664400633989e-11 | 5.592549145066896097711677912245437563e-06 |
---------------------------------------------------------------------------------------------------

Scheme evaluation results:
Order: 8, No. cycles: 20
---------------------------------------------------------------------------------------------------
Vector a: -0.439181602733234226984632867387816200, -0.189871004385764076081057675455769303, 0.402574269843763132729914289828143103, -0.508516427114136840231134531655356532, 0.038672448166305916686367233203660156, 1.441403036501277606779641695818124715, 0.742320956139885169183410279309576605, -0.759178757495646588396713964738628719, -0.419975214953380000348990754294856756, 0.516163152494269897929264476034072135, 0.175589143536660008733931819338850826
Vector b: -0.878363205466468453969265734773092773, 0.498621196694940301807150383859039768, 0.306527342992585963652678195800208518, -1.323560197220859644114947259113461738, 1.400905093553471477487681725521060528, 1.481900979449083736071601666113783551, 0.002740932830686602295218892506075643, -1.521098447821979779088646821984041887, 0.681148017915219778390665313392698075, 0.351178287073320017467863638677730156
---------------------------------------------------------------------------------------------------
| Order |                  Error^2                   |                 Efficiency                 |
---------------------------------------------------------------------------------------------------
|   2   | 2.869291916126243813645264447317796826e-68 | 1.475885416058846522429943789265772266e+31 |
|   4   | 1.940244462983551197984639725801977258e-70 | 4.486955795472313750806176800594484253e+29 |
|   6   | 4.749260905350387289920702845572986366e-72 | 7.169799511519228664999053666177812576e+27 |
|   8   | 5.083067224452586619514540873944779128e-11 | 5.478947109166051952210882594887776130e-06 |
---------------------------------------------------------------------------------------------------

Scheme evaluation results:
Order: 8, No. cycles: 20
---------------------------------------------------------------------------------------------------
Vector a: 0.377038670591466525588285059710009216, -0.418317199052297937902193296919876174, -0.009674402552285488460540444518254461, 0.931578672930546874279999440353860766, -0.420955856334083370211782923301631111, -0.393079862945687855654604167398603951, 0.466271214269960241252784507969010275, -0.247606189350311818070574848529989899, -0.559700191781195702057261087420730975, 0.627424578417750737347372872494604298, 0.647020565806137793888514887561602034
Vector b: 0.754077341182933051176570119420027869, -1.590711739287528926980956713259730817, 1.571362934182957950059875824223219645, 0.291794411678135798500123056484457976, -1.133706124346302538923688903087717214, 0.347546398454926827614480568290487742, 0.584996030084993654891088447647533963, -1.080208408785617291032238144707508272, -0.039191974776774113082284030133961870, 1.294041131612275587777029775123190972
---------------------------------------------------------------------------------------------------
| Order |                  Error^2                   |                 Efficiency                 |
---------------------------------------------------------------------------------------------------
|   2   | 5.360962014665413721565398620205572734e-69 | 3.414433381327654632776254684549853516e+31 |
|   4   | 1.591818588075008033351212375351369649e-72 | 4.953740260284793032518537416665318359e+30 |
|   6   | 1.322801937583816083270427514825137202e-73 | 4.296082520409451321923103222925524902e+28 |
|   8   | 5.179329335888032583098440892337429441e-11 | 5.427792931180599688754163890645263554e-06 |
---------------------------------------------------------------------------------------------------

Scheme evaluation results:
Order: 8, No. cycles: 20
---------------------------------------------------------------------------------------------------
Vector a: 0.131711998398774207477937900783683843, 0.286289138886891669975412398805120061, -0.210567406415107221793545574540696723, -0.776992227746973949418553326118538857, 0.116376679747287578922319095653313948, 0.729868960072142618461614050370285565, 0.425110127239733331001901578576936190, -0.317985085895723814076346193362479228, -0.072338548561956404006368136617499055, 0.578819214683663475057873070305758396, 0.109707149591268508397755136144115788
Vector b: 0.263423996797548414955875801567563024, 0.309154280976234924994948996042453835, -0.730289093806449368582040145123819019, -0.823695361687498530255066507113274488, 1.056448721182073688099704698419913675, 0.403289198962211548823523402320634873, 0.446931055517255113180279754833290759, -1.082901227308702741332972141558282485, 0.938224130184789933320235868323277513, 0.219414299182537016795510272288242361
---------------------------------------------------------------------------------------------------
| Order |                  Error^2                   |                 Efficiency                 |
---------------------------------------------------------------------------------------------------
|   2   | 1.471547850309340759720231884769266164e-70 | 2.060880520821594210366242000094602812e+32 |
|   4   | 2.777391807318373391524250759076608502e-73 | 1.185936517988720763312114918016752539e+31 |
|   6   | 1.100209078630601156948755624568262232e-74 | 1.489643733026409208904140207606774750e+29 |
|   8   | 5.633451901870849640681483088289433384e-11 | 5.204424819832443271448082787463516991e-06 |
---------------------------------------------------------------------------------------------------

Scheme evaluation results:
Order: 8, No. cycles: 20
---------------------------------------------------------------------------------------------------
Vector a: -0.645437434947964988790956450939642855, 0.113602419944924595022336934173567790, 0.716424882840551809472667257093995368, -0.630759614187102145497001095101354536, -0.507973004576269751785288327460921024, 0.440175551091824365001976455012998521, 1.147364444328453036048707660050396074, -0.039139594766614044512634662471611129, -0.575033589449762296232602692058573194, 0.616121237916967229985322368386481134, 0.364654701804992191287472553314663777
Vector b: -1.290874869895929977581912901879245458, 1.518079709785779167626586770226309490, -0.085229944104675548681252256038474139, -1.176289284269528742312749934164106244, 0.160343275116989238742173279242322890, 0.720007827066659491261779630783636838, 1.574721061590246580835635689317156370, -1.653000251123474669860905014260347959, 0.502933072223950077395699630143386076, 0.729309403609984382574945106629362029
---------------------------------------------------------------------------------------------------
| Order |                  Error^2                   |                 Efficiency                 |
---------------------------------------------------------------------------------------------------
|   2   | 4.527839539413356183754559645443895890e-71 | 3.715305195213594774388903062498988750e+32 |
|   4   | 1.195853714291349785055098296982716449e-71 | 1.807344696167350579814718050906999268e+30 |
|   6   | 1.087788769147827818197047548222325167e-72 | 1.498123928288705384853564261268827629e+28 |
|   8   | 5.670543848100715503001857123556275409e-11 | 5.187375400270156145728604518659604426e-06 |
---------------------------------------------------------------------------------------------------

Scheme evaluation results:
Order: 8, No. cycles: 20
---------------------------------------------------------------------------------------------------
Vector a: 0.441349862356846504812649476224337807, 0.511286631441508079066958794931607668, -0.516813021454331283929798814234215962, -0.294139370923682224613551240290127257, 0.522987812764412142634127421094942228, -0.613192710516345642187701274192961730, -0.023021470026350683460305901483330184, 0.157807118574957708098654151156276983, -0.671795713075466470280459315713760879, 0.738238331423562079635639568395228579, 0.747292529434889790223787134112002705
Vector b: 0.882699724713693009625298952448688614, 0.139873538169323148508618637414511603, -1.173499581077985716368216265882934860, 0.585220839230621267141113785302673991, 0.460754786298203018127141056887204351, -1.687140207330894302502543605273125740, 1.641097267278192935581931802306466565, -1.325483030128277519384623499993912647, -0.018108396022655421176295131433579330, 1.494585058869779580447574268224007528
---------------------------------------------------------------------------------------------------
| Order |                  Error^2                   |                 Efficiency                 |
---------------------------------------------------------------------------------------------------
|   2   | 1.177238280247472607776185507815412931e-70 | 2.304134469031127696862779731199835625e+32 |
|   4   | 7.932562630573790032866875003834325417e-72 | 2.219081549429105305567482867018781738e+30 |
|   6   | 3.716278269390812873001018868310868192e-73 | 2.563102139147109197544145786910093307e+28 |
|   8   | 5.736085230863420078266962869214088628e-11 | 5.157654386783123676973059799739266911e-06 |
---------------------------------------------------------------------------------------------------

Scheme evaluation results:
Order: 8, No. cycles: 20
---------------------------------------------------------------------------------------------------
Vector a: -0.437438506058327100865985466961782098, -0.334953675342637109915916791857647515, 0.423855442372293812303311121242915622, -0.561656891826308691989505788699140614, 0.020106298871426621982843040292149231, 1.838926226574961076235859893111412792, -0.014073664469971146260432871569766713, -0.871354439963038024244908305675200959, 0.413340096182592352800149136605647957, 0.429038780557022749914470993124944689, 0.094210333101985460040115040386467576
Vector b: -0.874877012116654201731970933921622666, 0.204969661431379981900137350204526314, 0.642741223313207642706484892283041445, -1.766055006965825026685496469683352217, 1.806267604708678270651182550267678437, 1.871584848441243881820537235955494007, -1.899732177381186174341402979095016225, 0.157023297455110125851586367738669685, 0.669656894910074579748711905477693398, 0.188420666203970920080230080772887774
---------------------------------------------------------------------------------------------------
| Order |                  Error^2                   |                 Efficiency                 |
---------------------------------------------------------------------------------------------------
|   2   | 1.044996500719538847064880930850711467e-66 | 2.445584034859718476366036847767339111e+30 |
|   4   | 1.141219412054740207577086650101231305e-69 | 1.850101018212521814270609141630971680e+29 |
|   6   | 4.058859845658040906153193230323228173e-71 | 2.452550724790075919299176531579404354e+27 |
|   8   | 6.314506745543793218931307428836720494e-11 | 4.915756010781429636669256151528984605e-06 |
---------------------------------------------------------------------------------------------------

Scheme evaluation results:
Order: 8, No. cycles: 20
---------------------------------------------------------------------------------------------------
Vector a: 0.356661810060438590452982044487235121, -0.102820569934311323786665342832023446, 0.217700864004087770165629483584874188, 0.673577555379871796682621617058974462, -0.629746755972496259945838543688402384, -0.394684394651200607865520243151356871, 0.429958065475149705501936627758028425, 0.347254290510696279585307262116576406, -0.589374525707838201672793392934223775, -0.023326881305056144615743293192569558, 0.714800542140658395498083780792887430
Vector b: 0.713323620120877180905964088974482760, -0.918964759989499828479294774638931233, 1.354366487997675368810553741808782646, -0.007211377237931775445310507689830680, -1.252282134707060744446366579687921049, 0.462913345404659528715326093384999451, 0.397002785545639882288547162131179214, 0.297505795475752676882067362102391669, -1.476254846891429080227654147971317717, 1.429601084281316790996167561586165054
---------------------------------------------------------------------------------------------------
| Order |                  Error^2                   |                 Efficiency                 |
---------------------------------------------------------------------------------------------------
|   2   | 3.622271631530684947003647716355116712e-71 | 4.153837486827862102824397063376076875e+32 |
|   4   | 3.926485850585019815599657192533378467e-71 | 9.974198314942907152960731603221352539e+29 |
|   6   | 1.591581093439742936124014250675142638e-73 | 3.916567720914691320250145562529341507e+28 |
|   8   | 6.356626988292708074315782092362411791e-11 | 4.899442565694396937398096086349945487e-06 |
---------------------------------------------------------------------------------------------------

Scheme evaluation results:
Order: 8, No. cycles: 20
---------------------------------------------------------------------------------------------------
Vector a: -0.000000000000000000000000000025571798, -1.016996028104449914123979902975413788, -0.003305299200784909453312394832146224, 1.725624861633891525803228175851872326, 0.038426773766249068175264200975876196, -0.510367456207256856581108603804725707, 0.450609252202542955438386861136814090, -0.314285393392875865299784653537574509, -0.088703784827818986976924124721803801, 0.603965639809892711610630560384825870, 0.115031434320610271407599881547847320
Vector b: -0.024116752521596797182028848214865962, -1.985758551165706233883902109573585183, 1.979147952764136414977277319909310697, 1.472101770503646636629179031796140715, -1.395248222971148500278650629844286657, 0.374513310556634787116433422233137969, 0.526705193848451123760340300042227352, -1.155275980634202854359909607118989913, 0.977868410978564880406061357675102931, 0.230062868641220542815199763095808174
---------------------------------------------------------------------------------------------------
| Order |                  Error^2                   |                 Efficiency                 |
---------------------------------------------------------------------------------------------------
|   2   | 6.505260262263654163104769706600381323e-67 | 3.099614404171101709729012650206745117e+30 |
|   4   | 6.825856422541212839635118853318107666e-69 | 7.564869541395442166043145195258244324e+28 |
|   6   | 6.487347964458174363586604400818998117e-71 | 1.939931654066885542400301648244666100e+27 |
|   8   | 6.083885765753561883153611314143392442e-11 | 5.008059836836540744703539807304869068e-06 |
---------------------------------------------------------------------------------------------------

Scheme evaluation results:
Order: 8, No. cycles: 20
---------------------------------------------------------------------------------------------------
Vector a: 0.549627647022597935582529261294150229, -0.497854863478206092122464901619659810, -0.023524998174361131700224064284588964, 0.138485188800956818200256900736101525, -0.888816488241323947139661114742301910, 0.941037598833858664676853253282150335, 0.953006801618159460468545150652740162, -0.652857089416635754634665118611976768, -0.324460490805388715856360059416097437, 0.571189165260026363880019866213340133, 0.234167528580316398645170826496142549
Vector b: 1.099255294045195871165058522588308546, -2.094965021001608055409988325827746996, 2.047915024652885792009540197258550880, -1.770944647050972155609026395786305075, -0.006688329431675738670295833698507943, 1.888763527099393068024002340263052202, 0.017250076136925852913087961042623284, -1.322964254970197362182418198266705984, 0.674043273359419930469698079434449095, 0.468335057160632797290341652992282016
---------------------------------------------------------------------------------------------------
| Order |                  Error^2                   |                 Efficiency                 |
---------------------------------------------------------------------------------------------------
|   2   | 2.286558967403744872796052620949167425e-70 | 1.653289112592847465621949932615730625e+32 |
|   4   | 2.234294257095282109034354481291797454e-71 | 1.322238604245421881065466436712024170e+30 |
|   6   | 2.334713310830627813173888771753464766e-72 | 1.022594014450295954380160589688151932e+28 |
|   8   | 6.463319846217174136170293956417673064e-11 | 4.858835664789662911678953343318343991e-06 |
---------------------------------------------------------------------------------------------------

Scheme evaluation results:
Order: 8, No. cycles: 20
---------------------------------------------------------------------------------------------------
Vector a: 0.715846917099960343000225344552270733, -0.038378380247072456093667871141260939, -0.794942152410127945542474933883305424, -0.588704539598894506905344987582889475, 0.146790883159114104388084173892814842, 0.116315009088167531408525907464730645, -0.453459350089912646980227156549199787, 0.463626819060861669382073865855563137, 0.567382499872242208508373070991333203, 0.547141091696937762208413085403819270, 0.318381202368723936626019500996123821
Vector b: 1.431693834199920686000450689104471555, -1.508450594694065598187786431386991099, -0.081433710126190292897163436379575333, -1.095975369071598720913526538786126460, 1.389557135389826929689694886571750319, -1.156927117213491866872643071642319098, 0.250008417033666572912188758543935075, 0.677245221088056765851958973167178728, 0.457519778656427651164787168815441166, 0.636762404737447873252039001992235027
---------------------------------------------------------------------------------------------------
| Order |                  Error^2                   |                 Efficiency                 |
---------------------------------------------------------------------------------------------------
|   2   | 1.974138039184223296116988005413538608e-69 | 5.626667478346602998753516380860339844e+31 |
|   4   | 4.171449044416562718509815985851339241e-71 | 9.676906523428596019779078318602563477e+29 |
|   6   | 9.360949913706118825860882054415090910e-73 | 1.614953660706319457364981263132369232e+28 |
|   8   | 6.596831508802132458810173608467384398e-11 | 4.809415943761882733231738658351681656e-06 |
---------------------------------------------------------------------------------------------------

Scheme evaluation results:
Order: 8, No. cycles: 20
---------------------------------------------------------------------------------------------------
Vector a: 0.934347406864340813652775510549886539, -0.007071552800850005729794765749814485, -0.201322206004353094085220224964253416, 0.104225937456600366536370589104874310, -0.573952724956823674113003540587028772, 0.552912640157199645093983917627356889, -0.166589077861608468307532611040039553, -0.572404941751681400137573352612375215, 0.411069726860398074025137083742265896, 0.422337916938731394237013611630024040, 0.096446875098046348827843782299103777
Vector b: 1.868694813728681627305551021099333581, -1.882837919330381638765140552598958574, 1.480193507321675450594700102670624931, -1.271741632408474717521958924460948484, 0.123836182494827369295951843287328065, 0.981989097819571920892015991966948852, -1.315167253542788857507081214046913412, 0.170357370039426057231934508822308511, 0.651782083681370090818339658662244009, 0.192893750196092697655687564598032486
---------------------------------------------------------------------------------------------------
| Order |                  Error^2                   |                 Efficiency                 |
---------------------------------------------------------------------------------------------------
|   2   | 2.829899712133347614846599778402434931e-70 | 1.486122078085437909755561224999595469e+32 |
|   4   | 4.778274955088149130557148246756201509e-70 | 2.859199432934693711913243843646014709e+29 |
|   6   | 3.645003971148994256966147164335062418e-71 | 2.588040230818095353771812911774778843e+27 |
|   8   | 6.690189504723620053327133604520444508e-11 | 4.775741648107494717907813937293008796e-06 |
---------------------------------------------------------------------------------------------------

Scheme evaluation results:
Order: 8, No. cycles: 20
---------------------------------------------------------------------------------------------------
Vector a: 0.956314254635830048642073372642510276, -0.007347707345990868196060555933284035, -0.983562839843671277831734043363529198, 0.787783469412549253356507799826833348, 0.029979411721424373032487574059563264, -0.526709522911151086062294268749961771, 0.432596677994644293452714676345274941, -0.390408945897124670348570627400080529, -0.069710507726803670365810168145182625, 0.636682706741717371250417652255252332, 0.134383003218576233070268588462604049
Vector b: 1.912628509271660097284146745282971940, -1.927323923963641833676267857149568187, -0.039801755723700721987200229576197807, 1.615368694548799228700215829229184368, -1.555409871105950482635240681110053482, 0.501990825283648310510652143612554685, 0.363202530705640276394777209076117898, -1.144020422499889617091918463874740620, 1.004599407046282276360298127584727069, 0.268766006437152466140537176925004046
---------------------------------------------------------------------------------------------------
| Order |                  Error^2                   |                 Efficiency                 |
---------------------------------------------------------------------------------------------------
|   2   | 5.408504329829253961494821496482733641e-69 | 3.399393328976648413522225118659024219e+31 |
|   4   | 7.997574325669572196895643398841188777e-70 | 2.210043769512152169730783034220069275e+29 |
|   6   | 5.643584954551317750525897335091017805e-71 | 2.079900180077567747531933081667193890e+27 |
|   8   | 6.985211592036711793287856113078085560e-11 | 4.673801371302350857932649379485942881e-06 |
---------------------------------------------------------------------------------------------------

Scheme evaluation results:
Order: 8, No. cycles: 20
---------------------------------------------------------------------------------------------------
Vector a: 0.408279694190146200070209149474784747, -0.060791519607817810685432581347761935, 0.352155157746409360534270534104989295, 0.016634546096901842142859337560749849, -0.553503245337534738461397275234583887, 0.658352044249853771118086402405068209, -1.293432400090235918475273555334720877, -0.000127707345200100641306892379960219, 1.160849216628328475330028533260611395, -0.114067363393737701934206266237092784, 0.425651576862886621002162613727916207
Vector b: 0.816559388380292400140418298948180899, -0.938142427595928021511283461638435135, 1.642452743088746742579824529843858611, -1.609183650894943058294105854722955229, 0.502177160219873581371311304263675083, 0.814526928279833960864861500537624302, -3.401391728460305797815408611190697770, 3.401136313769905596532794826430779307, -1.079437880513248645872737759923494473, 0.851303153725773242004325227451464597
---------------------------------------------------------------------------------------------------
| Order |                  Error^2                   |                 Efficiency                 |
---------------------------------------------------------------------------------------------------
|   2   | 1.970515767552692611169984357697183491e-68 | 1.780943129757232600293017679608875977e+31 |
|   4   | 1.781501459717346073947602121123100358e-69 | 1.480767677827532477643030337556922607e+29 |
|   6   | 2.261639842798554546232289389296048297e-70 | 1.038982667908127827795074861849873662e+27 |
|   8   | 7.193833171949438818221957606243119637e-11 | 4.605532524132423500006651703493732891e-06 |
---------------------------------------------------------------------------------------------------

Scheme evaluation results:
Order: 8, No. cycles: 20
---------------------------------------------------------------------------------------------------
Vector a: -1.018972869015264209701209091426393247, -0.003345838587681002145416057377252522, 0.996291798993482958326429977774614011, 0.737915338928881578910673971052648976, 0.037084104977572830699050479024854385, -0.528822611100111343995564668571840571, 0.462459069418277157627019753259977817, -0.316379445641460746745095965192498202, -0.088677035281678705145118166733191492, 0.610632556400371513975402720102133207, 0.111814930907609968193827048086947476
Vector b: -2.037945738030528419402418182858828520, 2.031254060855166415111586068104354481, -0.038670462868200498458726112530911785, 1.514501140725963656280074054621278153, -1.440332930770817994881973096571343723, 0.382687708570595306890843759419552827, 0.542230430265959008363195747108094924, -1.174989321548880501853387677497656263, 0.997635250985523091563151344029896816, 0.223629861815219936387654096175563096
---------------------------------------------------------------------------------------------------
| Order |                  Error^2                   |                 Efficiency                 |
---------------------------------------------------------------------------------------------------
|   2   | 1.981853477759383655054105775049375007e-66 | 1.775841648147727558997012981950110596e+30 |
|   4   | 8.499489097074097906967137303678975327e-70 | 2.143796743015902115309443892639064941e+29 |
|   6   | 7.612022002216188957032641598939277447e-71 | 1.790894524130585167563451078942668676e+27 |
|   8   | 7.689517293424200583109033296710888750e-11 | 4.454618288102432882604335245933530472e-06 |
---------------------------------------------------------------------------------------------------

Scheme evaluation results:
Order: 8, No. cycles: 20
---------------------------------------------------------------------------------------------------
Vector a: -0.646031773936387044653512555860815649, 0.213697962561991831132869193408679326, 0.225141994191416336836534821454600062, -0.173957225252895622002367760477859031, -0.222400299715015176307739293274552607, -0.171761390521379068692490334675422866, 0.728719635531750044546974475877577832, 0.689746353262595383398743545986664284, -0.451159064240317732240474210838919789, -0.057725700050312523836754644241504205, 0.865729508168553571818216762641552668
Vector b: -1.292063547872774089307025111721390943, 1.719459472996757751572763498538812139, -1.269175484613925077899693855629772975, 0.921261034108133833894958334673726927, -1.366061633538164186510436921222609021, 1.022538852495406049125456251871673830, 0.434900418568094039968492699883976171, 0.944592287957096726828994392088551259, -1.846910416437732191309942813766609431, 1.731459016337107143636433525283642092
---------------------------------------------------------------------------------------------------
| Order |                  Error^2                   |                 Efficiency                 |
---------------------------------------------------------------------------------------------------
|   2   | 3.972047235950366712198687448965657670e-68 | 1.254390644829356674174367529678637109e+31 |
|   4   | 1.246570823194739624339927202386272587e-70 | 5.597853629041273054850210765692785034e+29 |
|   6   | 1.487921702033479010688290955912940867e-72 | 1.280943537327902077321414019571340942e+28 |
|   8   | 7.672864697524618610099595231524719741e-11 | 4.459449648723028688245398768382721520e-06 |
---------------------------------------------------------------------------------------------------

Scheme evaluation results:
Order: 8, No. cycles: 20
---------------------------------------------------------------------------------------------------
Vector a: -0.920287918017325300702637566114184298, 0.074891284121051132898168137465935857, -0.023037646356585189749193526040175110, -0.061240073511816378962620678579015898, 1.349134583819350058534671539903339120, -0.088641519872023902825435429377743144, -0.141664458122241179020897835128874004, 0.652191713833878715343108732895146899, -0.169622951835318398713127755891079475, -0.077201404571089566453220762404056003, 0.405478390512120009651185143270706032
Vector b: -1.840575836034650601405275132234019273, 1.990358404276752867201611407165826372, -2.036433696989923246699998459246468117, 1.913953549966290488774757102088534194, 0.784315617672409628294585977726522996, -0.961598657416457433945456836482281370, 0.678269741171975075903661166222302028, 0.626113686495782354782556299568391594, -0.965359590166419152208811811351510475, 0.810956781024240019302370286542702053
---------------------------------------------------------------------------------------------------
| Order |                  Error^2                   |                 Efficiency                 |
---------------------------------------------------------------------------------------------------
|   2   | 2.622316380609402887246188236897414080e-66 | 1.543822850547956342626005111838435547e+30 |
|   4   | 4.248563811572196441014385829812805593e-70 | 3.032207688196193923403634858515266724e+29 |
|   6   | 7.097204239543026913761012839940797486e-71 | 1.854711540909675129142386700085208178e+27 |
|   8   | 7.844563109186157148233483872966447809e-11 | 4.410376384864415199516481547073452158e-06 |
---------------------------------------------------------------------------------------------------

Scheme evaluation results:
Order: 8, No. cycles: 20
---------------------------------------------------------------------------------------------------
Vector a: -0.893495178166607602541322081086956978, -0.025475119733594701683003294662820753, 0.435960718217902439190763050120994851, -0.016013328686356541987906977692424062, 1.200483032627920530817144098664978208, 0.122090429609145471722354413158365958, -1.306243886381917908546785016877486754, -0.366804420597599702844821883597705643, 0.669167175204482124090817336553746095, 0.786202439408405474793377742794589932, 0.394128138498220416989382612624719090
Vector b: -1.786990356333215205082644162173894119, 1.736040116866025801716637572848343341, -0.864118680430220923335111472602649981, 0.832092023057507839359297517217869360, 1.568874042198333222274990680108361055, -1.324693182980042278830281853791887213, -1.287794589783793538263288179963244029, 0.554185748588594132573644412768007233, 0.784148601820370115607990260339719054, 0.788256276996440833978765225249375299
---------------------------------------------------------------------------------------------------
| Order |                  Error^2                   |                 Efficiency                 |
---------------------------------------------------------------------------------------------------
|   2   | 1.098001088307738874560480714020144753e-67 | 7.544641764522270672913557831911138672e+30 |
|   4   | 6.393804662101282267294036374328001423e-71 | 7.816284081692885810645082904278012695e+29 |
|   6   | 4.860808940951927341533766562694072247e-72 | 7.087054140534696736778418927238581657e+27 |
|   8   | 8.095961090130698181423330819841857239e-11 | 4.341360280816238541692013074615734782e-06 |
---------------------------------------------------------------------------------------------------

Scheme evaluation results:
Order: 8, No. cycles: 20
---------------------------------------------------------------------------------------------------
Vector a: 0.446097236841554774435379820268488526, 0.484704927479920306019831316067169418, -0.925620342954011874351345401267367165, -0.008799700445624335135217294636635193, 0.458676113990814379557904777599591553, -0.333212582536638463724541337624736265, 0.404529872930647066125863813127209918, 0.340303004166006563800922396204874211, -0.763383480860308173225155186391890374, 0.017004351336335929039004919989405335, 0.879700600051303827457352176663890119
Vector b: 0.892194473683109548870759640537030112, 0.077215381276731063168902991597256002, -1.928456067184754811871593794131532876, 1.910856666293506141601159204858245789, -0.993504438311877382485349649659454417, 0.327079273238600455036266974409884676, 0.481980472622693677215460651844587497, 0.198625535709319450386384140565153800, -1.725392497429935796836694513348753510, 1.759401200102607654914704353327582831
---------------------------------------------------------------------------------------------------
| Order |                  Error^2                   |                 Efficiency                 |
---------------------------------------------------------------------------------------------------
|   2   | 1.306281707120753259013190457710563964e-69 | 6.917060688900889679650210887859056250e+31 |
|   4   | 2.941548099213608594963594535284718497e-71 | 1.152370256319575697137408752678219849e+30 |
|   6   | 9.709736065783581970796020129335031492e-73 | 1.585682793330438127589329764239871025e+28 |
|   8   | 8.083901145271683831891595498331202577e-11 | 4.344597396919779729685518350062025450e-06 |
---------------------------------------------------------------------------------------------------

Scheme evaluation results:
Order: 8, No. cycles: 20
---------------------------------------------------------------------------------------------------
Vector a: -0.640675035657227108065783889959172677, -0.634791035003071358517006804644495988, 1.148963951788004965684884005384863167, 1.142134359181294296144848765219569755, -1.149281904130441394550130470987478957, -0.240521212026635736031717299461340012, 0.031979118997123443733266367312528991, -0.330000409291834681429181606234903200, 0.834353133305588303761920647628472707, 0.563178297140247479833056945121210853, 0.274660735696951789435843340620745482
Vector b: -1.281350071314454216131567779918565295, 0.011768001308311499097554170630388449, 2.286159902267698432272213840138504996, -0.001891183905109839982516309700111903, -2.296672624355772949117744632274103298, 1.815630200302501477054310033351473732, -1.751671962308254589587777298726394228, 1.091671143724585226729414086256551429, 0.577035122886591380794427209000736222, 0.549321471393903578871686681241520046
---------------------------------------------------------------------------------------------------
| Order |                  Error^2                   |                 Efficiency                 |
---------------------------------------------------------------------------------------------------
|   2   | 5.658441072404871222838073188911236694e-67 | 3.323468829653695607101733595599195312e+30 |
|   4   | 1.639263625436243689456374899761147972e-70 | 4.881526106352179851485588362791202393e+29 |
|   6   | 1.029277703750486627040860394592283562e-71 | 4.870277905498158177413350435862333298e+27 |
|   8   | 8.164642211521845337897081189512139066e-11 | 4.323061916487179246723980836320782452e-06 |
---------------------------------------------------------------------------------------------------

Scheme evaluation results:
Order: 8, No. cycles: 20
---------------------------------------------------------------------------------------------------
Vector a: -0.592833983554084547234648056075270361, -0.579350712082591200458788666654742181, 0.853422421489822067176096947116512831, 0.828453468043516290945650553362607419, -0.783297115809153541863490114128820676, -0.380546591623693194872764032504697159, 0.652992580379476239415592924465681369, 0.656236750769843705554860869355905044, -0.543205305752738336459316498410976496, -0.024792915107075601168958723559407802, 0.912921403246678118965764797033207963
Vector b: -1.185667967108169094469296112150541878, 0.026966542942986693551718778840991228, 1.679878300036657440800475115392077346, -0.022971363949624858909174008666974277, -1.543622867668682224817806219590545807, 0.782529684421295835072278154581352267, 0.523455476337656643758907694349343329, 0.789018025202030767350814044363116086, -1.875428636707507440269447041185188583, 1.825842806493356237931529594066370281
---------------------------------------------------------------------------------------------------
| Order |                  Error^2                   |                 Efficiency                 |
---------------------------------------------------------------------------------------------------
|   2   | 3.244197029989669705660141985960551405e-69 | 4.389210378984530228987550389315496875e+31 |
|   4   | 3.857728131016779885270181213542506806e-71 | 1.006269265792726473949268674129636353e+30 |
|   6   | 6.942109875939148969233319530950780254e-73 | 1.875315246234546499772748193753558350e+28 |
|   8   | 8.343178097516524386586748912154670661e-11 | 4.276557124350724943434734827607753983e-06 |
---------------------------------------------------------------------------------------------------

Scheme evaluation results:
Order: 8, No. cycles: 20
---------------------------------------------------------------------------------------------------
Vector a: 0.191109747988746217176372119818883423, 0.351183663415774481413726975902470007, -0.594567284938211677034275754726021783, -0.456575489473161207564869834807897102, 1.851777208985009215547978277237654253, -0.000026612100528055711501169974356280, -1.914043240658957109173108275820621794, -0.324686467234280562993754541206945012, 0.792698420871985339817847938368331247, 0.930104905392195344856398570080310410, 0.173025147751428013665185695128192503
Vector b: 0.382219495977492434352744239628873864, 0.320147830854056528474709712192139047, -1.509282400730479882543261221650170619, 0.596131421784157467413521552034056325, 3.107422996185860963682435002445819235, -3.107476220386917075105437342394533703, -0.720610260930997143240779209250926804, 0.071237326462436017253270126837680895, 1.514159515281534662382425749898649268, 0.346050295502856027330371390258412625
---------------------------------------------------------------------------------------------------
| Order |                  Error^2                   |                 Efficiency                 |
---------------------------------------------------------------------------------------------------
|   2   | 2.956905611213892255800915176457136211e-68 | 1.453855614515124900988678180705916406e+31 |
|   4   | 1.476869554098077773556174759114264634e-68 | 5.142910287340374533382931780536122131e+28 |
|   6   | 1.811323656204731976503211036405537632e-68 | 1.160972670409458516508554819248379767e+26 |
|   8   | 8.606752540288638676381231208552576488e-11 | 4.210565003784837349936810740748921085e-06 |
---------------------------------------------------------------------------------------------------

Scheme evaluation results:
Order: 8, No. cycles: 20
---------------------------------------------------------------------------------------------------
Vector a: -0.622740364366735220502579943600159348, -0.615707070985625628986245073042198935, 1.080464125974551636951625869345230677, 1.070926155990301492669475458150158831, -0.970989082099235709555826802924758977, 0.039712328169921916610303229848563086, -0.086043404960718932701803840283211982, -0.558619044775623110961835296083124264, 0.815570828763936802747042446858373741, 0.563687631601025330668301681126489019, 0.283737896688201423061542270604638195
Vector b: -1.245480728733470441005159887200596801, 0.014066586762219183032669741117162212, 2.146861665186884090870581997572674879, -0.005009353206281105531631081272542469, -1.936968810992190313580022524576750706, 2.016393467332034146800628984273891479, -2.188480277253472012204236664840344187, 1.071242187702225790280566072673689287, 0.559899469825647815213518821043496632, 0.567475793376402846123084541209319627
---------------------------------------------------------------------------------------------------
| Order |                  Error^2                   |                 Efficiency                 |
---------------------------------------------------------------------------------------------------
|   2   | 2.001305076420703433219515363286201984e-69 | 5.588346936142237570607323856783039062e+31 |
|   4   | 2.464798432085143688974906428866983287e-70 | 3.980973739982803145455364073769500122e+29 |
|   6   | 1.067874731390175381994496758077919428e-71 | 4.781452777381600513286274619688008308e+27 |
|   8   | 8.710144858458516596672582720610597610e-11 | 4.185499995303906727237420816245261193e-06 |
---------------------------------------------------------------------------------------------------

Scheme evaluation results:
Order: 8, No. cycles: 20
---------------------------------------------------------------------------------------------------
Vector a: 0.611018093103822559739094567166665268, 0.618486180676108711330477060821628967, -0.868578982617825622728396849046703054, -0.885053412177068143476213295084739915, 0.905255607514278348390644674208231735, 0.209741679439338623416667308225974143, -0.413801392797258292906768338745302006, 0.559856078964971129351601223956727312, -0.989848190709799890095042594859735926, -0.003030526903350320622532297919411874, 1.255954865506782897600468541276665354
Vector b: 1.222036186207645119478189134333516195, 0.014936175144572303182764987309684731, -1.752094140380223548639558685403244722, -0.018012683973912738312867904766686104, 1.828523899002469435094157253183622832, -1.409040540123792188260822636731517102, 0.581437754529275602447285959240708845, 0.538274403400666656255916488672741158, -2.517970784820266436446001678392735804, 2.511909731013565795200937082553910027
---------------------------------------------------------------------------------------------------
| Order |                  Error^2                   |                 Efficiency                 |
---------------------------------------------------------------------------------------------------
|   2   | 5.152681395852399337112688876515153523e-69 | 3.482758523981102756379316066723343750e+31 |
|   4   | 1.755245296450708858108603512554110266e-70 | 4.717491305106384303828637187072286987e+29 |
|   6   | 1.744894891618270941697301096778303301e-71 | 3.740549363292083138710455481333284378e+27 |
|   8   | 8.783847783039150008903783316983632235e-11 | 4.167903298038850493474395272029628969e-06 |
---------------------------------------------------------------------------------------------------

Scheme evaluation results:
Order: 8, No. cycles: 20
---------------------------------------------------------------------------------------------------
Vector a: -0.609506195078487831857165273613126479, 0.085595819259563434076843973989663443, 1.094020234936644849457505234090138818, 0.447910877081135951627391975843561535, -0.922733452094790021348029405253913289, -0.981452684324058647029514522137256089, 0.958254945299031631412628017000568460, 0.369630728088407753736288284279514909, -0.353575048901067107988928046387390072, 0.578315259894951507588990288024616205, 0.333539515838668480323989474163622511
Vector b: -1.219012390156975663714330547226240247, 1.390204028676102531868018495205585718, 0.797836441197187167046991972974664472, 0.097985312965084736207791978712522768, -1.943452217154664778903850789220407184, -0.019453151493452515155178255054298260, 1.935963042091515777980434289055631914, -1.196701585914700270507857720496669697, 0.489551488112566054530001627721920560, 0.667079031677336960647978948327289895
---------------------------------------------------------------------------------------------------
| Order |                  Error^2                   |                 Efficiency                 |
---------------------------------------------------------------------------------------------------
|   2   | 2.354476560494945215552371015630825863e-69 | 5.152201302053985525915605000236507031e+31 |
|   4   | 1.945998223921697320771857128867049396e-71 | 1.416800813560625041947764140686578369e+30 |
|   6   | 1.056636270610280857030028650661889584e-72 | 1.520047882819178673991370455601517868e+28 |
|   8   | 9.076515227177468340597246586695165035e-11 | 4.100156789423266797827209051353181886e-06 |
---------------------------------------------------------------------------------------------------

Scheme evaluation results:
Order: 8, No. cycles: 20
---------------------------------------------------------------------------------------------------
Vector a: 0.783648874297185388589102687176072697, -0.034661802210700679068091544813680311, -1.508778641247113888437448163195172407, 0.070726484762728127201033954987589780, 0.730671706727500632240130109223335027, -0.551233535071943795811539758341630171, -0.408696496912725059128814108356286399, 0.448459530916020224868162883218722776, 0.539084393235022649218629215845528745, 0.566709321603896122810434464947906567, 0.364070163900130277518400259307613810
Vector b: 1.567297748594370777178205374352246698, -1.636621353015772135314388463979640891, -1.380935929478455641560507862410869746, 1.522388899003911895962575772386109419, -0.061045485548910631482315553941319007, -1.041421584594976960140763962739925204, 0.224028590769526841883135746027154229, 0.672890471062513607853190020410471976, 0.405278315407531690584068411280481273, 0.728140327800260555036800518615291368
---------------------------------------------------------------------------------------------------
| Order |                  Error^2                   |                 Efficiency                 |
---------------------------------------------------------------------------------------------------
|   2   | 6.701202518331767151956748275256965918e-70 | 9.657475991385989872721730873550171875e+31 |
|   4   | 9.180592620807598414570707484231336760e-71 | 6.522959155288536415734479588470556641e+29 |
|   6   | 7.540698980887292153623973458671807438e-72 | 5.690025645484667412261032659717417717e+27 |
|   8   | 9.170296322519915211149815933480418965e-11 | 4.079137548727395823160602296286364295e-06 |
---------------------------------------------------------------------------------------------------

Scheme evaluation results:
Order: 8, No. cycles: 20
---------------------------------------------------------------------------------------------------
Vector a: -0.568160854512091815603688999666230736, 0.110970715468879759693362456685596974, 1.043685085187552615227190634559978023, -0.239694610042415232706271432471553240, -0.486319604591234357751501482242864845, 0.488249528957066702320399998501505896, 0.528346305239116776696721915862095575, -0.728338059955340041796078938713287192, -0.897925168932762642132469576694630653, 0.868812425571808812488587915998249981, 0.880374237609419423563747508181140194
Vector b: -1.136321709024183631207377999332248271, 1.358263139961943150594102912703255501, 0.729107030413162079860278356416272314, -1.208496250497992545272821221358756286, 0.235857041315523829769818256872257067, 0.740642016598609574870981740131605383, 0.316050593879623978522462091592305737, -1.772726713790304062114619969019241908, -0.023123624075221222150319184368092765, 1.760748475218838847127495016362643426
---------------------------------------------------------------------------------------------------
| Order |                  Error^2                   |                 Efficiency                 |
---------------------------------------------------------------------------------------------------
|   2   | 5.886191401237363038880927539077064657e-70 | 1.030440260410797105183121000047301406e+32 |
|   4   | 2.875885582455514513587857024801474499e-71 | 1.165451527872790239098907174106438599e+30 |
|   6   | 1.095664227458415868789297421069589593e-72 | 1.492730081315364877036310060571070862e+28 |
|   8   | 9.200690225426859982954061915415388979e-11 | 4.072394387735091446927524792977640470e-06 |
---------------------------------------------------------------------------------------------------

Scheme evaluation results:
Order: 8, No. cycles: 20
---------------------------------------------------------------------------------------------------
Vector a: 0.720880098097599613744714546750616626, -0.023239568565657242931192506418378121, -0.573894233745040913353536540274275584, 0.324313505237004111585395998559925997, 0.409110717788458755797916885626424610, -0.329048756290825874851061354477301903, -0.591729705824667172333123726389505486, 0.657943898798657373148383595508523319, 0.139666377275209615850681661483720942, -0.129969079179178366951525733174447818, 0.395966746408440100293347172804697412
Vector b: 1.441760196195199227489429093501184718, -1.488239333326513713351814106337961797, 0.340450865836431886644741025788205863, 0.308176144637576336526050971333489101, 0.510045290939341175069782799918791632, -1.168142803520992924771905508873564824, -0.015316608128341419894341943907215081, 1.331204405725656166191109134926078289, -1.051871651175236934489745811958519068, 0.791933492816880200586694345609511344
---------------------------------------------------------------------------------------------------
| Order |                  Error^2                   |                 Efficiency                 |
---------------------------------------------------------------------------------------------------
|   2   | 7.244543263061369894007295432710233425e-70 | 9.288262988033986935972257656247471875e+31 |
|   4   | 3.755807524196977287579221643398481611e-71 | 1.019831338976705833540384345508728394e+30 |
|   6   | 2.062434482607882609986561488472807325e-72 | 1.088002630610645623788159884672183800e+28 |
|   8   | 9.322189908565147317250096552775002809e-11 | 4.045768807405711820317193662334872445e-06 |
---------------------------------------------------------------------------------------------------

Scheme evaluation results:
Order: 8, No. cycles: 20
---------------------------------------------------------------------------------------------------
Vector a: -1.002434932780439557552331667848047586, -0.004599915707415555236045491864366279, 1.419210615671993241409615298755167825, -0.135376896698839437480227595635410653, -1.081494609932962416885742014037737885, 0.208149526015273200756781352596322655, 0.062033796646193631424404933428091968, -0.316143167822795950617899919108443853, 0.810648537877949899335451789576443295, 0.747970454213777742577391654011687102, 0.292036592517265202268601660126293363
Vector b: -2.004869865560879115104663335696520417, 1.995670034146048004632572351967762474, 0.842751197197938478186658245543095104, -1.113504990595617353147113436813704511, -1.049484229270307480624370591262185720, 1.465783281300853882137933296455143898, -1.341715688008466619289123429598783343, 0.709429352362874718053323591381566687, 0.911867723393025080617579987771131932, 0.584073185034530404537203320252493896
---------------------------------------------------------------------------------------------------
| Order |                  Error^2                   |                 Efficiency                 |
---------------------------------------------------------------------------------------------------
|   2   | 1.189916230957830005090698274822655840e-67 | 7.247393037192382425782418486367067383e+30 |
|   4   | 2.542437172859352101623787713568669465e-69 | 1.239523892617972564540439204267762451e+29 |
|   6   | 5.277883549005647149705757975449969194e-71 | 2.150750953690567464805362418460883856e+27 |
|   8   | 9.395574419511910704357970720702067165e-11 | 4.029938015258478792734257866931012962e-06 |
---------------------------------------------------------------------------------------------------

Scheme evaluation results:
Order: 8, No. cycles: 20
---------------------------------------------------------------------------------------------------
Vector a: -0.930157345715913556043114498871848031, -0.022076295394205192938955953479378868, 1.714848178197863643652222459974136918, 0.807661140035016067774599571156617935, -0.710251851192634475550585188996831733, -0.734753964472512701469533592334925377, -0.654507589424928819272168720709076098, -0.296702684453786190295842213633929917, 0.691235593126704968901041041833292392, 0.745871804285488016929732188291742935, 0.388833015008908238312604906770199729
Vector b: -1.860314691431827112086228997744066034, 1.816162100643416726208317090785347430, 1.613534255752310561096127829163588734, 0.001788024317721574453071313150057629, -1.422291726702990525554241691144217329, -0.047216202242034877384825493526346463, -1.261798976607822761159511947891504384, 0.668393607700250380567827520623692505, 0.714077578553159557234254563043055116, 0.777666030017816476625209813540392814
---------------------------------------------------------------------------------------------------
| Order |                  Error^2                   |                 Efficiency                 |
---------------------------------------------------------------------------------------------------
|   2   | 9.925024270394076754789994742813019792e-68 | 7.935498610714000381937853950200003906e+30 |
|   4   | 1.098558224813565127372153638351517733e-69 | 1.885682095020730515786385342835589294e+29 |
|   6   | 1.987198173366247325791422206002757047e-71 | 3.505092119131460048161582810395535946e+27 |
|   8   | 9.423799553040030825926702637303981104e-11 | 4.023898474875476832113806706448555468e-06 |
---------------------------------------------------------------------------------------------------

Scheme evaluation results:
Order: 8, No. cycles: 20
---------------------------------------------------------------------------------------------------
Vector a: -0.618167738902982564326655136290297047, 0.443039521033739197176190924852860147, 0.065350694595715480401953594176488468, 0.053017455254858340790309741108714916, 1.047356571240253894263664556930257438, -1.099131055472956849127217925201843275, -1.088183783374235609975960708770003588, 0.545182688655040496088952023128994131, 0.811686708110810879283610458861828925, 0.557891390529318815071765236111317306, 0.281957548330437920353387235091682591
Vector b: -1.236335477805965128653310272580721012, 2.122414519873443523005692122286662596, -1.991713130682012562201784933933658360, 2.097748041191729243782404416151106705, -0.003034898711221455255075302290861384, -2.195227212234692242999360548112576645, 0.018859645486221023047439130572920734, 1.071505731823859969130464915684464687, 0.551867684397761789436756002039325379, 0.563915096660875840706774470183337352
---------------------------------------------------------------------------------------------------
| Order |                  Error^2                   |                 Efficiency                 |
---------------------------------------------------------------------------------------------------
|   2   | 4.392004353230955498241922856080579014e-69 | 3.772320882261135336456778915955570312e+31 |
|   4   | 2.106771901317273132140329578777537730e-70 | 4.305972567018479643607122914539427490e+29 |
|   6   | 5.313751692442569759009771818783339079e-72 | 6.778278329650477162049819618087768555e+27 |
|   8   | 9.507680983523929353981703051361729594e-11 | 4.006108746356803982308863218335119167e-06 |
---------------------------------------------------------------------------------------------------

Scheme evaluation results:
Order: 8, No. cycles: 20
---------------------------------------------------------------------------------------------------
Vector a: 0.603440959637388267704580137435008692, -0.032315816105892627561588527160743417, -0.443579794292039419806369950196737670, -0.752817873713546935425406223202542548, -0.944546610665273898339894598475665209, 0.953512623989506163478741140409391916, 1.162538912410902172880821966081268259, 0.332046303609779362773936778969782553, -1.334482871979185594399383537614242539, -0.000425237779845963265683169017828276, 1.456629404888208471960245982772308312
Vector b: 1.206881919274776535409160274869994273, -1.271513551486561790532337329191645305, 0.384353962902482950919597428797243160, -1.889989710329576821770409875201205198, 0.000896488999029025090620678246695876, 1.906128758979983301866861602575311998, 0.418949065841821043894782329587312150, 0.245143541377737681653091228351951356, -2.914109285336108870451858303579953797, 2.913258809776416943920491965544295763
---------------------------------------------------------------------------------------------------
| Order |                  Error^2                   |                 Efficiency                 |
---------------------------------------------------------------------------------------------------
|   2   | 1.174340462942248059818582589642328838e-66 | 2.306975573031490894303694570268363281e+30 |
|   4   | 8.698050502705860562682880243892184066e-70 | 2.119185895862958848137166653567848206e+29 |
|   6   | 2.000126014872550609072589866211781296e-70 | 1.104819540228832895641830373059042692e+27 |
|   8   | 9.508604423180597973523853848597007456e-11 | 4.005914212577557783254835222000900581e-06 |
---------------------------------------------------------------------------------------------------

Scheme evaluation results:
Order: 8, No. cycles: 20
---------------------------------------------------------------------------------------------------
Vector a: -0.668371612405486566133009404665363135, -0.164262782612885927936283337364840760, 0.557139879649834451663513468087248508, -0.571499086237761429563981982950862691, 0.114727331918975940482145812606667760, 1.655783090609365264901678109010708255, -0.007642215176017128258279488845223443, -0.804606131568898811408584885346720922, 0.419601106031491770650385429853249191, 0.384584909810180904007172096650178576, 0.084545509981201531595244182964958684
Vector b: -1.336743224810973132266018809330168520, 1.008217659585201276393452134601674192, 0.106062099714467626933574801570072006, -1.249060272189990486061538767468872298, 1.478514936027942367025830392681531890, 1.833051245190788162777525825336183176, -1.848335675542822419294084803026644962, 0.239123412405024796476915032336033055, 0.600078799657958744823855827370617837, 0.169091019962403063190488365929573589
---------------------------------------------------------------------------------------------------
| Order |                  Error^2                   |                 Efficiency                 |
---------------------------------------------------------------------------------------------------
|   2   | 2.691178028244570914766819457265147571e-68 | 1.523943249394444447663377767341452148e+31 |
|   4   | 1.349310138793565175381373398686891261e-70 | 5.380518456868319375136208392238936157e+29 |
|   6   | 1.792408062024087527032243984895134689e-71 | 3.690639127057866378911278224588554859e+27 |
|   8   | 9.519602222952818581895670958041552751e-11 | 4.003599568905765970269892519954671221e-06 |
---------------------------------------------------------------------------------------------------

Scheme evaluation results:
Order: 8, No. cycles: 20
---------------------------------------------------------------------------------------------------
Vector a: 0.278388330112896703565939923594604680, 0.484792076639006948655721187647651917, -0.382384070614553669522664263191341569, -0.968124091252678833151597025818642095, -0.282784322536604737210977876446346307, 0.649369294154172813551876505865379917, 0.699139725718881245152853166749874281, -0.347749990166190837122966446044799513, -0.370727279755926622914613590112212357, 0.681712710625689908066965778350392249, 0.558367617075307080929462639405438798
Vector b: 0.556776660225793407131879847189158419, 0.412807493052220490179562528106237618, -1.177575634281327829224891054488948441, -0.758672548224029837078302997148344319, 0.193103903150820362656347244255681580, 1.105634685157525264447405767475017995, 0.292644766280237225858300566024703603, -0.988144746612618900104233458114311682, 0.246690187100765654275006277889920239, 1.116735234150614161858925278810885107
---------------------------------------------------------------------------------------------------
| Order |                  Error^2                   |                 Efficiency                 |
---------------------------------------------------------------------------------------------------
|   2   | 4.437282748625089060079468452535017973e-70 | 1.186810710522246315092684875250307656e+32 |
|   4   | 3.608122132970018208929414717463104538e-72 | 3.290329585205609116807278800510223145e+30 |
|   6   | 3.476111819478983301996915289476303330e-74 | 8.380562259714898459987117203408311462e+28 |
|   8   | 9.706914359450997005578502383856336591e-11 | 3.964783119817539089578427342639632702e-06 |
---------------------------------------------------------------------------------------------------

Scheme evaluation results:
Order: 8, No. cycles: 20
---------------------------------------------------------------------------------------------------
Vector a: 0.656000543802751654125601172049403317, -0.080409440666042422921734308574292654, -0.753192672437568380172079191993633976, -0.535644314151049802992038564683698574, 0.194774574560449949531753556797866389, 0.977274620152470065747285009831606971, 0.431062514837856924602884062077782622, -0.404948910626266602267741759281678208, -0.404436183022287026742850957856502776, 0.543728045290888762434229622707975159, 0.375791222258796878654691358925171669
Vector b: 1.312001087605503308251202344098816071, -1.472819968937588154094670961247392206, -0.033565375937548606249487422740032518, -1.037723252364550999734589706627235400, 1.427272401485450898798096820222947089, 0.527276838819489232696473199440304601, 0.334848190856224616509294924715257899, -1.144746012108757821044778443278596355, 0.335873646064183767559076527565590226, 0.751582444517593757309382717850340641
---------------------------------------------------------------------------------------------------
| Order |                  Error^2                   |                 Efficiency                 |
---------------------------------------------------------------------------------------------------
|   2   | 7.135875114115449345597186001219579923e-69 | 2.959486670656776536437521471038583984e+31 |
|   4   | 2.130383877040385751301705895678583047e-71 | 1.354101078570682295539269689715544434e+30 |
|   6   | 4.531739123733832218048501921422038393e-73 | 2.321066457358616627916641704102540207e+28 |
|   8   | 9.797034303342364963101184955177174059e-11 | 3.946505572259203504826927473374912272e-06 |
---------------------------------------------------------------------------------------------------

Scheme evaluation results:
Order: 8, No. cycles: 20
---------------------------------------------------------------------------------------------------
Vector a: 0.242812676669587102630902151675552978, -0.300569766354000366795588750715788465, 0.187949749817830966184146169912981535, 0.751416564129511390985475884244515628, -0.737152190150037880030797703195253748, -0.325788752946818085798668827496109379, -0.173610403006415062334061479047458224, 0.081236073231995307987826952681977153, 0.863084003649025159591781824786138044, 0.293705881939311753620954741285395626, 0.116916163020009713958029035868048851
Vector b: 0.485625353339174205261804303351080197, -1.086764886047174938852981804782616393, 1.462664385682836871221274144608577152, 0.040168742576185910749677623880487759, -1.514473122876261670811273030271035361, 0.862895616982625499213935375278803025, -1.210116422995455623882058333373738781, 1.372588569459446239857712238737702718, 0.353579437838604079325851410834623975, 0.233832326040019427916058071736115806
---------------------------------------------------------------------------------------------------
| Order |                  Error^2                   |                 Efficiency                 |
---------------------------------------------------------------------------------------------------
|   2   | 9.055679078826712367509119290887791781e-72 | 8.307674973655724205648794126752153750e+32 |
|   4   | 1.816911685294989638067282250303399263e-72 | 4.636743889625583801083931995496503418e+30 |
|   6   | 3.159346602687476207686552919471134612e-74 | 8.790658100877280987180892406549063110e+28 |
|   8   | 9.934980301265385257284029960286394350e-11 | 3.919011424536142527492760487003818644e-06 |
---------------------------------------------------------------------------------------------------

Scheme evaluation results:
Order: 8, No. cycles: 20
---------------------------------------------------------------------------------------------------
Vector a: 0.161129358965224481811950956061575134, 0.315865760156223676624793728733648631, -0.517009991533119039578950177959236955, -0.473909142490637650462611908861965192, -0.120258503334624983776308392853334082, -0.243515820576589169498892551463335968, 0.755833931524641332351792130477872463, 0.906531364610117772967024410916752979, -0.525233434464151534590033626709585874, -0.004972161699114629630313679325128341, 0.745538638842029743781549110982737204
Vector b: 0.322258717930448963623901912123109969, 0.309472802381998389625685545344227257, -1.343492785448236468783585901262719415, 0.395674500466961167858362083538773142, -0.636191507136211135410978869245410419, 0.149159865983032796413193766318763858, 1.362507997066249868290390494636950927, 0.450554732153985677643658327196560711, -1.501021601082288746823725580615594274, 1.491077277684059487563098221965338245
---------------------------------------------------------------------------------------------------
| Order |                  Error^2                   |                 Efficiency                 |
---------------------------------------------------------------------------------------------------
|   2   | 7.434712523716730853724986937818877052e-69 | 2.899398557227820498449635159605958203e+31 |
|   4   | 1.338011957643048419144657957725901266e-71 | 1.708637839427218149014537842076388428e+30 |
|   6   | 2.393686838415527216818335145812386749e-73 | 3.193642948496522740097890070070828247e+28 |
|   8   | 9.972512478482236028168921861215827310e-11 | 3.911629749789508541057286562284778032e-06 |
---------------------------------------------------------------------------------------------------

Scheme evaluation results:
Order: 8, No. cycles: 20
---------------------------------------------------------------------------------------------------
Vector a: -0.619023279112069674550951115194576951, 0.464700423846863147122056212431643144, 1.081617436989903837345346620472842191, -0.992466076928571602132124098959688792, 0.039041694356097303313679411041157317, -0.076588790097278471871671957538084774, -1.096818149779896859093276558153801525, 0.545287772886633311212541963984034985, 0.810890385729643250780251466228996281, 0.559066670292353615669197880082019181, 0.284291911816322142204950175605458935
Vector b: -1.238046558224139349101902230389113072, 2.167447405917865643346014655252201278, -0.004212531938057968655321414306847158, -1.980719621919085235608926783612254019, 2.058803010631279842236285605694544616, -2.211980590825836785979629520770667291, 0.018344291266043067793076404463236922, 1.072231254507223554632007523504891906, 0.549549516952062946928495408953096033, 0.568583823632644284409900351210910744
---------------------------------------------------------------------------------------------------
| Order |                  Error^2                   |                 Efficiency                 |
---------------------------------------------------------------------------------------------------
|   2   | 7.918285786526077294149973907952285133e-68 | 8.884324699998669437771276210583212891e+30 |
|   4   | 2.201175587026721525229352868260181458e-70 | 4.212623766656740097522241556222471924e+29 |
|   6   | 6.875011029410209008365682998491004694e-72 | 5.959136402731605310645103682015394211e+27 |
|   8   | 1.043215300602206270595320038319714772e-10 | 3.824485869214892775805078458175833581e-06 |
---------------------------------------------------------------------------------------------------

Scheme evaluation results:
Order: 8, No. cycles: 20
---------------------------------------------------------------------------------------------------
Vector a: 0.639453145985632227049028446812263929, 0.042641239735521565825777286914892647, -1.111463996820785892910600525311326708, -0.452521542476373903793099028750096705, 0.439541378736570459845742154096082288, 0.404579351322820251336176664861945201, -1.003328064465538233112967685286121898, -0.001021779717104792136436471634612803, 1.335221241254659994351855425221837813, 0.506322731135136878767581548629322432, 0.200576295309461444776942184445813858
Vector b: 1.278906291971264454098056893623089766, -1.193623812500221322446502319793503120, -1.029304181141350463374698730826775817, 0.124261096188602655788500673327625022, 0.754821661284538263902983634865024899, 0.054337041361102238769369694815973165, -2.060993170292178704995305065345606291, 2.058949610857969120722432122076381914, 0.611492871651350867981278728366638992, 0.401152590618922889553884368891151530
---------------------------------------------------------------------------------------------------
| Order |                  Error^2                   |                 Efficiency                 |
---------------------------------------------------------------------------------------------------
|   2   | 4.819658797728546989797541014592754980e-68 | 1.138759103124392554637480631136257617e+31 |
|   4   | 5.743966832111161279456644911151573533e-70 | 2.607798646691415008077550979925820923e+29 |
|   6   | 1.154334176176386325169570819544506921e-70 | 1.454300820186299121700531161824040413e+27 |
|   8   | 1.042735388336488487737399969602729295e-10 | 3.825365865503027212080862715896363225e-06 |
---------------------------------------------------------------------------------------------------

Scheme evaluation results:
Order: 8, No. cycles: 20
---------------------------------------------------------------------------------------------------
Vector a: 0.339980706711381927934653557094492377, -0.381293175739621954694648983139470665, -0.423864653640348174815010990874996062, 0.389637725341508326358893398607891724, -0.347651280700130977913361978086172637, 0.310386476206011584669496989752957023, 0.872355072812084702122472982230123909, -0.689474265767498140836706175025381675, -0.015795684747750671559757347860949927, 0.870743239959600184502964769803954049, 0.074975839564763194231003777497551884
Vector b: 0.679961413422763855869307114188993903, -1.442547764902007765258605080467938892, 0.594818457621311415628583098717938101, 0.184456993061705237089203698497863282, -0.879759554461967192915927654670223457, 1.500532506873990362254921634176141355, 0.244177638750179041990024330284058315, -1.623126170285175323663436680334795087, 1.591534800789673980543921984612894655, 0.149951679129526388462007554995067850
---------------------------------------------------------------------------------------------------
| Order |                  Error^2                   |                 Efficiency                 |
---------------------------------------------------------------------------------------------------
|   2   | 1.576254139658274621469556076570156257e-69 | 6.296901336749471294795626959251270312e+31 |
|   4   | 2.195866761492533868229235370043080797e-72 | 4.217713006182340979194634454441565918e+30 |
|   6   | 1.308705933087328720975581363415461906e-73 | 4.319156995591180043435746751846462250e+28 |
|   8   | 1.040266967124706875510712653771635158e-10 | 3.829901729684442153172544667449313855e-06 |
---------------------------------------------------------------------------------------------------

Scheme evaluation results:
Order: 8, No. cycles: 20
---------------------------------------------------------------------------------------------------
Vector a: 0.679272151965958601911725445511492721, -0.042416820862994777138721862177836613, -1.289091845776247404055426488677415930, 0.107302117610706511695153697825556569, 0.689724489444939561400458066874078152, -0.506981639301235727759915710904764147, -0.357637384511602375792073955312552719, 0.454427448891878987023088326402302999, 0.657583073375410343907261695470745414, 0.487668893661645006180395548857163675, 0.120149515501541272628055236131229927
Vector b: 1.358544303931917203823450891023442273, -1.443377945657906758100894615379182353, -1.134805745894588050009958361976400619, 1.349409981116001073400265757627684418, 0.030038997773878049400650376126443092, -1.044002276376349504920481797941553447, 0.328727507353144753336333887316042698, 0.580127390430613220709842765489016471, 0.735038756320207467104680625452068179, 0.240299031003082545256110472262439343
---------------------------------------------------------------------------------------------------
| Order |                  Error^2                   |                 Efficiency                 |
---------------------------------------------------------------------------------------------------
|   2   | 9.414510362325220845071668142789220530e-68 | 8.147814628494023532689919578631144531e+30 |
|   4   | 8.143533864972481201731513116220303818e-71 | 6.925857696331620132367643955217919922e+29 |
|   6   | 6.442953502168725771709201917764442066e-73 | 1.946603623500172417704575003287381554e+28 |
|   8   | 1.053485321263082516698946753373055138e-10 | 3.805798497420349416192106929311527627e-06 |
---------------------------------------------------------------------------------------------------

Scheme evaluation results:
Order: 8, No. cycles: 20
---------------------------------------------------------------------------------------------------
Vector a: 0.158775631107114618081280940816740343, 0.331185040118608398731911035662901245, -0.447544949638455478072317510222080469, -0.336206038153755463167033671540627887, -0.208927911977727304658206788523169557, -0.458253589196127309716609622564021925, 0.595475049757353375871361080388876629, 0.139564632823948599107529761327359774, 0.175173660970084848117878603371926657, 0.823709954407325775044202497114428010, 0.227048519781629940660003674167667253
Vector b: 0.317551262214229236162561881633544819, 0.344818818022987561301260189692165033, -1.239908717299898517445895210136293279, 0.567496640992387591111827867055046748, -0.985352464947842200428241444101401943, 0.068845286555587580995022198973351053, 1.122104812959119170747699961804410859, -0.842975547311221972532640439149673256, 1.193322869251391668768397645893519973, 0.454097039563259881320007348335329981
---------------------------------------------------------------------------------------------------
| Order |                  Error^2                   |                 Efficiency                 |
---------------------------------------------------------------------------------------------------
|   2   | 1.958290600796276549473847046654484973e-69 | 5.649388466282182004732721736013613281e+31 |
|   4   | 3.170372021249390999757831314241477884e-72 | 3.510143763201585302933244012526522461e+30 |
|   6   | 3.719911532489967840525058360871897891e-74 | 8.101281446325902272779642723093078613e+28 |
|   8   | 1.066980377630780663621624500572491066e-10 | 3.781654240038602847949742354665719300e-06 |
---------------------------------------------------------------------------------------------------

Scheme evaluation results:
Order: 8, No. cycles: 20
---------------------------------------------------------------------------------------------------
Vector a: -0.516762216877402695827217505570495541, -0.497684691018835895651189532680607023, 0.583562480814667073173830554314881719, 0.894499297929100108626414103748351686, -0.380993764829319619972145485611777820, -0.523833954101014917375964794811228722, 0.358531312259902353580955652385504310, -0.272506353593782941292873266842390875, 0.260927818974835163722819064700034291, 0.899525700784533645693613490585863620, 0.194734369657317725321757719781864307
Vector b: -1.033524433754805391654435011141003022, 0.038155051717133600352055945779791473, 1.128969909912200545995605162849973693, 0.660028685945999671257223044646747301, -1.422016215604638911201514015870310836, 0.374348307402609076449584426247857051, 0.342714317117195630712326878523145598, -0.887727024304761513298073412207925037, 1.409582662254431840743711541607993620, 0.389468739314635450643515439563730154
---------------------------------------------------------------------------------------------------
| Order |                  Error^2                   |                 Efficiency                 |
---------------------------------------------------------------------------------------------------
|   2   | 3.133264961274042479158155274647175956e-69 | 4.466233735134261916443786937232832031e+31 |
|   4   | 7.532397124404933846704973003919606103e-72 | 2.277264168917361702768583610485415283e+30 |
|   6   | 4.596065169793502041282088871413708155e-74 | 7.288311684423886877027991268887555695e+28 |
|   8   | 1.081838626345450180479207059989261687e-10 | 3.755595351992658123760664646920438076e-06 |
---------------------------------------------------------------------------------------------------

Scheme evaluation results:
Order: 8, No. cycles: 20
---------------------------------------------------------------------------------------------------
Vector a: 0.513196489979497292789999794058727297, -0.293303061710456136807927540777791918, -0.811086089371930877704152877669024501, 0.924334314539459774156495725479360616, 0.931926165037004853103481116688428239, -1.106764362960425116747141852162585952, -0.017357025534798610192084688325267982, 0.313009637083793645662411793437349119, -0.286803111840382093106577918498345647, 0.662723473047627833736161874023701839, 0.170123571730609435109334573745448910
Vector b: 1.026392979958994585579999588117405676, -1.612999103379906859195854669672615881, -0.009173075363954896212451085665233832, 1.857841704442874444525442536623723137, 0.006010625631135261681519696752913585, -2.219539351551985495175803401077642917, 2.184825300482388274791634024427106044, -1.558806026314800983466810437552806089, 0.985199802634036797253654600556298145, 0.340247143461218870218669147490852080
---------------------------------------------------------------------------------------------------
| Order |                  Error^2                   |                 Efficiency                 |
---------------------------------------------------------------------------------------------------
|   2   | 6.361614552875765438175156301848673726e-69 | 3.134413814390853356280082226476270703e+31 |
|   4   | 1.098769361862400076354355083881859477e-70 | 5.962477412566209806894512733858612061e+29 |
|   6   | 5.791823130565997216682403197220145804e-72 | 6.492506311907800559807584367378602028e+27 |
|   8   | 1.094651592740737665226449569563268039e-10 | 3.733550913199815004843057861548824708e-06 |
---------------------------------------------------------------------------------------------------

Scheme evaluation results:
Order: 8, No. cycles: 20
---------------------------------------------------------------------------------------------------
Vector a: 0.215547306838487801730985434851752758, -0.627299605750137279225936481305895215, -0.014994536003296329895875815856595112, 0.984038016327785510438072066272199372, -0.649103666573154466714068608359569097, -0.739735892485114934051329151564852155, 0.304036477716639587940176339817825477, -0.087316028371926460385697613652727437, 0.497143551477126413478551532886710848, 0.970313510279393163224891180251298174, 0.147370866544196993460231116659852371
Vector b: 0.431094613676975603461970869703571046, -1.685693825177250161913843832315439717, 1.655704753170657502122092200602250225, 0.312371279484913518754051931942093966, -1.610578612631222452182189148661159216, 0.131106827660992584079530845531521855, 0.476966127772286591800821834104100811, -0.651598184516139512572217061409549932, 1.645885287470392339529320127182929740, 0.294741733088393986920462233319681149
---------------------------------------------------------------------------------------------------
| Order |                  Error^2                   |                 Efficiency                 |
---------------------------------------------------------------------------------------------------
|   2   | 6.361614552875765438175156301848673726e-70 | 9.911886782971352581175760513174270312e+31 |
|   4   | 4.054384052418546502723778909080707265e-71 | 9.815616339015714632193128672776827393e+29 |
|   6   | 3.696769299564988195942968371114549945e-73 | 2.569856372488868844090275853611771393e+28 |
|   8   | 1.106483172771476805589422503304463910e-10 | 3.713535909671597369534250763856976907e-06 |
---------------------------------------------------------------------------------------------------

Scheme evaluation results:
Order: 8, No. cycles: 20
---------------------------------------------------------------------------------------------------
Vector a: 0.493122829396095509407088901658198563, -0.165682686314031737914067799725563375, -0.675583442492253202972253047847691782, 0.717257931137878016301907950080778212, 0.124401885760644346146284256469779348, -0.403699338501133104123142381167093924, 0.453166511709587201892365871217241695, 0.364806544026792454327935823098082967, -0.752312931427032312445999235789118552, -0.012682450349505628592633592286234083, 0.857205147052958457972513254291620953
Vector b: 0.986245658792191018814177803316413497, -1.317611031420254494642313402767543040, -0.033555853564251911302192692927775458, 1.468071715840007943906008593089271956, -1.219267944318719251613440080149718917, 0.411869267316453043367155317815600161, 0.494463756102721360417576424618761895, 0.235149331950863548238295221577458084, -1.739775194804928173130293693155676628, 1.714410294105916915945026508583208588
---------------------------------------------------------------------------------------------------
| Order |                  Error^2                   |                 Efficiency                 |
---------------------------------------------------------------------------------------------------
|   2   | 1.811135815765342473501823858177558356e-70 | 1.857652597606797387194451531249494375e+32 |
|   4   | 2.218154985299521610918432466930596068e-71 | 1.327040182942028717575912566912359619e+30 |
|   6   | 3.730911177486351022613157868248400619e-73 | 2.558070863472369075962929192946794510e+28 |
|   8   | 1.138768293064138162425594260656916559e-10 | 3.660516353633844068626903741224412307e-06 |
---------------------------------------------------------------------------------------------------

Scheme evaluation results:
Order: 8, No. cycles: 20
---------------------------------------------------------------------------------------------------
Vector a: 0.169230765864447556061429505785931424, 0.723947569104420877309827419876747910, -0.038781021977372841265025242050975240, -0.154074989708189141287640700791926336, -0.262271665586078104259653179764286453, 0.377538994293353942651088488213909875, -0.140977497152620168404015186242082439, -0.016323303009892826472267942002843081, 0.167726535870667671479360136326989980, -0.431088270679692852201007265297809896, 0.605072882980955886387903965946344403
Vector b: 0.338461531728895112122859011568811405, 1.109433606479946642496795828187470995, -1.186995650434692325026846312289152097, 0.878845671018314042451564910705835365, -1.403389002190470250970871270232729342, 2.158466990777178136273048246658158434, -2.440421985082418473081078619141339933, 2.407775379062632820136542735135765674, -2.072322307321297477177822462482959809, 1.210145765961911772775807931890139259
---------------------------------------------------------------------------------------------------
| Order |                  Error^2                   |                 Efficiency                 |
---------------------------------------------------------------------------------------------------
|   2   | 8.729674631988950722278790996415831277e-69 | 2.675721942132341347587448657278209766e+31 |
|   4   | 7.010899668078360381556523038505882391e-70 | 2.360440955202438217817935639704130249e+29 |
|   6   | 1.155890815871612690676143309702192165e-70 | 1.453321235851342162853208023615482807e+27 |
|   8   | 1.156357213805454457725785115335283832e-10 | 3.632570298784361506397156560085467736e-06 |
---------------------------------------------------------------------------------------------------

Scheme evaluation results:
Order: 8, No. cycles: 20
---------------------------------------------------------------------------------------------------
Vector a: -0.635371614719034793779091089605191056, 0.064640552937720421717528705340918154, 0.929775264583192498789728026014504165, 0.480673655175834630774280825545356966, -0.523991686539559358231530538278398897, -0.443895476091395531231272824341845772, 0.564189098920748640124319037847654597, -0.259263564428403835169826648468816090, -0.584747541546520058716919479887878410, 0.657844832406244313909289941924387886, 0.750146479301173071813494043909308446
Vector b: -1.270743229438069587558182179210456453, 1.400024335313510430993239589892301547, 0.459526193852874566586216462136825564, 0.501821116498794694962345188953864247, -1.549804489577913411425406265510689966, 0.662013537395122348962860616826971074, 0.466364660446374931285777458868312697, -0.984891789303182601625430755805938040, -0.184603293789857515808408203969829807, 1.500292958602346143626988087818639041
---------------------------------------------------------------------------------------------------
| Order |                  Error^2                   |                 Efficiency                 |
---------------------------------------------------------------------------------------------------
|   2   | 1.811135815765342473501823858177558356e-70 | 1.857652597606797387194451531249494375e+32 |
|   4   | 7.110123026735035882302081943236117765e-72 | 2.343912848258504375307552007622100342e+30 |
|   6   | 4.984542802549207538462131571122420871e-73 | 2.213132221338098346282499250962411880e+28 |
|   8   | 1.189911706393259056302488000668085878e-10 | 3.580986354464331527945811308359785372e-06 |
---------------------------------------------------------------------------------------------------

Scheme evaluation results:
Order: 8, No. cycles: 20
---------------------------------------------------------------------------------------------------
Vector a: 0.184330800406465525494202843663869213, 0.396415818936484799168755575941791410, -0.447428971413923992474627850240015734, -0.401156959139741353400916457890428997, 0.810946689641151440524091803970313096, 0.565611133836951437657893538418036412, -0.495665692862871058941413929842702719, -0.913128008313422886218986275369971159, 0.245524943450624292500331652932252009, 0.852258014679728002793253618900574983, 0.202292230778553792897415479516281486
Vector b: 0.368661600812931050988405687327743001, 0.424170037060038547349105464555807174, -1.319027979887886532298361165035804794, 0.516714061608403825496528249254970971, 1.105179317673899055551655358685602355, 0.026042950000003819764131718150420675, -1.017374335725745937646959577835781730, -0.808881680901099834791012972904101077, 1.299931567802348419791676278768590266, 0.404584461557107585794830959032553151
---------------------------------------------------------------------------------------------------
| Order |                  Error^2                   |                 Efficiency                 |
---------------------------------------------------------------------------------------------------
|   2   | 7.357739251546703798601159423846330822e-70 | 9.216537876124510787451118924799342188e+31 |
|   4   | 2.544698881769908675537840894485314536e-72 | 3.917976419637300624081541259559087891e+30 |
|   6   | 2.368416936932853015117014229445715283e-73 | 3.210635082837861339933034998449325180e+28 |
|   8   | 1.201845023729873218936762723987691811e-10 | 3.563163901702506880416500624145858116e-06 |
---------------------------------------------------------------------------------------------------

Scheme evaluation results:
Order: 8, No. cycles: 20
---------------------------------------------------------------------------------------------------
Vector a: 0.173822658605962267145676007252961120, 0.346252654601710137657826602600627416, -0.566787352707761558493737569248022228, -0.418408223295523483858510723919425449, -0.068311270060053195920454792829207678, 0.381749261552184131641031560519327030, -0.026481248395389397138375273649797886, -0.770109851745294464035734644140505377, 0.800127020191105546562568899437807258, 0.960516158886923678595387204940001369, 0.187630192366136337844322729036234437
Vector b: 0.347645317211924534291352014505955510, 0.344859991991495741024301190695254304, -1.478434697407018858011776329191285808, 0.641618250815971890294754881352434717, -0.778240790936078282135664467010851542, 1.541739314040446545417727588049519949, -1.594701810831225339694478135349117984, 0.054482107340636411623008847068088639, 1.545771933041574681502128951807532709, 0.375260384732272675688645458072469452
---------------------------------------------------------------------------------------------------
| Order |                  Error^2                   |                 Efficiency                 |
---------------------------------------------------------------------------------------------------
|   2   | 2.718967643417720388344613067089059482e-69 | 4.794441114593107117575282768936682031e+31 |
|   4   | 2.313111385796496048463480482932459021e-72 | 4.109431486525323293216127297653937012e+30 |
|   6   | 1.068890169390080713326535739896712541e-73 | 4.779181064791437772300296148870040894e+28 |
|   8   | 1.218316419507117762997139943584558072e-10 | 3.538995301270565639647960932246622787e-06 |
---------------------------------------------------------------------------------------------------

Scheme evaluation results:
Order: 8, No. cycles: 20
---------------------------------------------------------------------------------------------------
Vector a: -0.716707791348047379831136817095487502, 0.039402042460666884151123907964925156, 1.014481182371426760239546853002148743, 0.513640666687296052677511072292079992, -0.566048014534919610680757745840652197, -0.490686340555189542431328164273474439, 0.469778937555235142890912828657703037, -0.319962797815686335595797321564947183, -0.502568804721712221107184799553267807, 0.757606429222912941198490505581365984, 0.801064490678017308488619680829606233
Vector b: -1.433415582696094759662273634190939566, 1.512219667617428527964521450120805056, 0.516742697125424992514572255883438021, 0.510538636249167112840449888700741896, -1.642634665319006334201965380382151831, 0.661261984208627249339309051835263909, 0.278295890901843036442516605480132102, -0.918221486533215707634111248610023915, -0.086916122910208734580258350496563397, 1.602128981356034616977239361659297978
---------------------------------------------------------------------------------------------------
| Order |                  Error^2                   |                 Efficiency                 |
---------------------------------------------------------------------------------------------------
|   2   | 9.621659021253381890478439246568278767e-70 | 8.059628569337168559464696727511149219e+31 |
|   4   | 2.790988591091514085142459031449401451e-71 | 1.183044243674928255668100332916682495e+30 |
|   6   | 1.734023898545331932163980391712206728e-72 | 1.186567603288186369726461058053869629e+28 |
|   8   | 1.242427431108886873908418613660838659e-10 | 3.504487529875475103285425266045968446e-06 |
---------------------------------------------------------------------------------------------------

Scheme evaluation results:
Order: 8, No. cycles: 20
---------------------------------------------------------------------------------------------------
Vector a: -0.643036205905253247366104240502449823, -0.293994109007911621013399641169621544, 1.358822024877053643529964004717975599, -0.004825361111695906013355985467559865, -1.334451806602761187005943736855445489, 0.421642361964088491940839412713170418, 0.100934685558202095836566113050441548, -0.228830094777631886319044501486644517, 0.733478285440842551825252512322540991, 0.606007202933150921404960715411962984, 0.284253016631916143180265347265629684
Vector b: -1.286072411810506494732208481005286372, 0.698084193794683252705409198665513364, 2.019559855959424034354518810770745790, -2.029210578182815846381230781705822015, -0.639693035022706527630656692005591950, 1.482977758950883511512335517432078387, -1.281108387834479319839203291331728821, 0.823448198279215547201114288358981937, 0.643508372602469556449390736289360741, 0.568506033263832286360530694531748842
---------------------------------------------------------------------------------------------------
| Order |                  Error^2                   |                 Efficiency                 |
---------------------------------------------------------------------------------------------------
|   2   | 2.114319951324460803566029172036481625e-67 | 5.436941431965016057342952754498291016e+30 |
|   4   | 9.787915629341216062850676983549421819e-71 | 6.317349563772446777898237166572824707e+29 |
|   6   | 3.449761933070212792574399207789523558e-72 | 8.412507476815028551866224414025946617e+27 |
|   8   | 1.246549321033071149977381042737510509e-10 | 3.498688692807907878239869300679241698e-06 |
---------------------------------------------------------------------------------------------------

Scheme evaluation results:
Order: 8, No. cycles: 20
---------------------------------------------------------------------------------------------------
Vector a: 0.165501925207876324284019421445677496, -0.889039305218103232129939501906567370, -1.054259050538241161730587606462706383, 1.053310034421135635438156069946387073, 1.342882499666643119354441250160864614, -0.109780511387949248060513689310833620, -1.256607386938058298695078163283301649, 0.005583915705823578665559321104250146, 1.151681100352277332840255761959130529, 0.439925866479093266086737800160600163, 0.150800912249502683946949336186499090
Vector b: 0.331003850415752648568038842867676839, -2.109082460851959112827917846667905056, 0.000564359775476789366742633727192949, 2.106055709066794481509569506180818631, 0.579709290266491757199312994161644003, -0.799270313042390253320340372785876967, -1.713944460833726344069815953799069946, 1.725112292245373501400934596007766886, 0.578249908459181164279576927930026087, 0.301601824499005367893898672377726626
---------------------------------------------------------------------------------------------------
| Order |                  Error^2                   |                 Efficiency                 |
---------------------------------------------------------------------------------------------------
|   2   | 2.039791712505716960781429120272475099e-66 | 1.750439468750147015194679483597502441e+30 |
|   4   | 9.002544395442683609773638231689170749e-69 | 6.587147396272813098221650124814924622e+28 |
|   6   | 1.041725669213656319017974298013443767e-70 | 1.530887733241225160747851590623600006e+27 |
|   8   | 1.251354501258241454096246981645556806e-10 | 3.491964778820525523393236899307103429e-06 |
---------------------------------------------------------------------------------------------------

Scheme evaluation results:
Order: 8, No. cycles: 20
---------------------------------------------------------------------------------------------------
Vector a: 0.343078866794180484217330218649080669, -0.148580430094612013674032654202373259, -0.950937197861085374850692858592532089, -0.079408194476192054532900285602595048, 1.411420347476051355453904427178985035, -0.010480124579625281755125611419762544, -0.647830101916537439059538696089899407, -0.509597335333508293471308013826028430, 0.023925449618662452208309056839921889, 1.248066084483937643433366565050793683, 0.320342635888728522030687852014409459
Vector b: 0.686157733588360968434660437298199856, -0.983318593777584995782725745703008920, -0.918555801944585753918659971482096184, 0.759739412992201644852859400276912926, 2.063101281959901066054949454081014388, -2.084061531119151629565200676920537551, 0.788401327286076751446123284740842351, -1.807595997953093338388739312392849907, 1.855446897190418242805357426072691410, 0.640685271777457044061375704028831630
---------------------------------------------------------------------------------------------------
| Order |                  Error^2                   |                 Efficiency                 |
---------------------------------------------------------------------------------------------------
|   2   | 1.104792847616858908836112553488310597e-69 | 7.521415516186814735035728362534119531e+31 |
|   4   | 7.064579328242889819125644478052453578e-71 | 7.435956906549004314983968678574718018e+29 |
|   6   | 3.349258454040234356571116902155309980e-72 | 8.537794451159127958153252558551947594e+27 |
|   8   | 1.270771812231223661020542419363016229e-10 | 3.465183583465723936714356273570962293e-06 |
---------------------------------------------------------------------------------------------------

Scheme evaluation results:
Order: 8, No. cycles: 20
---------------------------------------------------------------------------------------------------
Vector a: 0.195440010926422558254582729089281749, 0.602125090322154144083811003754589084, -0.088259235393414768955978213811458979, -0.299055663626737914449950634438371702, -0.570126845905857904858003359342791538, -0.019402175679137917433719472233261626, 0.919664827982088612604077855402017656, -0.466764094141277704766742652804006934, -0.647086085078299372628114104474649830, 0.683096843124999392566601755721029713, 0.690367327469060875583435093137622477
Vector b: 0.390880021852845116509165458178543132, 0.813370158791463171658456549330669077, -0.989888629578292709570412976953601504, 0.391777302324816880670511708076911785, -1.532030994136532690386518426762484222, 1.493226642778256855519079482295967211, 0.346103013185920369689076228507957600, -1.279631201468475779222561534115904590, -0.014540968688122966033666674833285983, 1.380734654938121751166870186275227621
---------------------------------------------------------------------------------------------------
| Order |                  Error^2                   |                 Efficiency                 |
---------------------------------------------------------------------------------------------------
|   2   | 1.572971455992199938236334020827209432e-68 | 1.993331766046045401622624801842552148e+31 |
|   4   | 1.359236205484048526256007456063919528e-71 | 1.695245304985903049189103527975121094e+30 |
|   6   | 2.068670032449894727369810659925807962e-73 | 3.435377084966129067173371832177661133e+28 |
|   8   | 1.282460705389988792604791949967308832e-10 | 3.449355856126430955858653459783634931e-06 |
---------------------------------------------------------------------------------------------------

Scheme evaluation results:
Order: 8, No. cycles: 20
---------------------------------------------------------------------------------------------------
Vector a: 0.156564002240787667593045564665820067, -0.494122751210333483551137752187634756, 0.454837210294076034802160449313566844, -0.011120913536567300886957754917860530, -1.102954153569952039703190967531128004, 0.635431504893941352415677796370695225, 0.817836439549865636881908705887543995, -0.822537264688240990174275810606035832, 0.019317743293533578321955278870667344, 1.192349424541200422196693521340713794, 0.154398758191689122104120968793651899
Vector b: 0.313128004481575335186091129331598727, -1.301373506902242302288366633706715175, 2.211047927490394371892687532333669751, -2.233289754563528973666603042169399971, 0.027381447423624894260221107107325326, 1.243481562364257810571134485634032901, 0.392191316735473463192682926140884308, -2.037265846111955443541234547352834012, 2.075901332699022600185145105094175983, 0.308797516383378244208241937587262198
---------------------------------------------------------------------------------------------------
| Order |                  Error^2                   |                 Efficiency                 |
---------------------------------------------------------------------------------------------------
|   2   | 1.524297180943506359260972504638687551e-68 | 2.024907483668339991401380529891340430e+31 |
|   4   | 5.573023202625106250097317493287451448e-71 | 8.372103559538592531496216739832845459e+29 |
|   6   | 1.295267841863203311881911068075748649e-72 | 1.372904202422303515116772795146162224e+28 |
|   8   | 1.287795106997366371582293319402693593e-10 | 3.442204352127681937021523528335904647e-06 |
---------------------------------------------------------------------------------------------------

Scheme evaluation results:
Order: 8, No. cycles: 20
---------------------------------------------------------------------------------------------------
Vector a: 0.189618834924064857022114212339587743, 0.360080061244621281707094351676288872, -0.513767268407992030443438822048368957, -0.025863530399184207814161505593198351, 0.841922091582180677878351027531049653, -0.398985854726089165452093826534867696, -0.244523782443444083477107004287216459, -0.092621151808585270280181721217566955, -0.408155826681073665977928370646295099, 0.657390475689237361839342701669331528, 0.634905951026264244998008957111255806
Vector b: 0.379237669848129714044228424679203507, 0.340922452641112849369960278673348719, -1.368456989457096910256837922770042433, 1.316729928658728494628514911583646452, 0.367114254505632861128187143478404850, -1.165085963957811192032374796548124595, 0.676038399070923025078160787973676028, -0.861280702688093565638524230408803655, 0.044969049325946233682667489116196780, 1.269811902052528489996017914222494279
---------------------------------------------------------------------------------------------------
| Order |                  Error^2                   |                 Efficiency                 |
---------------------------------------------------------------------------------------------------
|   2   | 3.078930886801082204953100558901849205e-68 | 1.424754503805786080234414143687100781e+31 |
|   4   | 9.020305332425045522323536793657761344e-73 | 6.580659170411218233614557601020446289e+30 |
|   6   | 5.648054235031766785002674118271461320e-74 | 6.574619096471776572783415304475846863e+28 |
|   8   | 1.359295483965246756236135973757430607e-10 | 3.350449664331055368860402175624600395e-06 |
---------------------------------------------------------------------------------------------------

Scheme evaluation results:
Order: 8, No. cycles: 20
---------------------------------------------------------------------------------------------------
Vector a: 0.742590646035196256785464034890292113, 0.031450175553985078002475553103679734, -0.532896769182371279723607500953094921, 0.472940958152450314891288564172044761, 0.339314337982079172142378952937725414, -0.792065438886367011333647960969346018, -0.467181924481376012578072413932035344, 0.437267275572522231252309128115380300, -0.406188678308176532092869454842880522, 0.350407029607409387187574715577951244, 0.824362387954648395466706381900283255
Vector b: 1.485181292070392513570928069780476567, -1.422280940962422357565976963573092868, 0.356487402597679798118761961666707208, 0.589394513707220831663815166677800577, 0.089234162256937512620942739197295845, -1.673365040029671535288238661135902694, 0.739001191066919510132093833271815059, 0.135533360078124952372524422958984951, -0.947910716694478016558263332644784586, 1.648724775909296790933412763800700170
---------------------------------------------------------------------------------------------------
| Order |                  Error^2                   |                 Efficiency                 |
---------------------------------------------------------------------------------------------------
|   2   | 2.048847391584543673148938239563362890e-69 | 5.523129206247901025671705987843491406e+31 |
|   4   | 6.262037456755073268977741572146138047e-71 | 7.898091973848396659349246374431895752e+29 |
|   6   | 1.736467934246423659992964729289379241e-72 | 1.185732276971446992810333415181924248e+28 |
|   8   | 1.377949029006964368906398856015364620e-10 | 3.327694570658034442031850116720783681e-06 |
---------------------------------------------------------------------------------------------------

Scheme evaluation results:
Order: 8, No. cycles: 20
---------------------------------------------------------------------------------------------------
Vector a: 0.313494671432467287040126577514004588, -0.452768256118530137206360965249196834, -0.707702291227399440666010515453913711, 0.604253880349420602304230915865404592, 0.631605271220894125862157593567280938, -0.403294079744903126760945280412284891, -0.237763024671165581410359752815681616, -0.205347122385176405494126068808233744, 0.306672085592084523143949850488759366, 0.957155577899189067157201398604317786, 0.193693287653119086030136246699543479
Vector b: 0.626989342864934574080253155028005612, -1.532525855101994848492975085526393985, 0.117121272647195967160954054618570427, 1.091386488051645237447507777112220089, 0.171824054390143014276807410022335142, -0.978412213879949267798697970846889035, 0.502886164537618104977978465215547421, -0.913580409307970915966230602832031616, 1.526924580492139962254130303809553622, 0.387386575306238172060272493399082336
---------------------------------------------------------------------------------------------------
| Order |                  Error^2                   |                 Efficiency                 |
---------------------------------------------------------------------------------------------------
|   2   | 6.271057762087498314500065108939795808e-70 | 9.983196240376673934796486061647914062e+31 |
|   4   | 3.442860411499730916578021488216556091e-72 | 3.368374026890029267485073494972048828e+30 |
|   6   | 5.768198183047834578318498155475279066e-74 | 6.505788482617478707301592789764012146e+28 |
|   8   | 1.414156565755206719753004132095827186e-10 | 3.284817816257091857362939864771890983e-06 |
---------------------------------------------------------------------------------------------------

Scheme evaluation results:
Order: 8, No. cycles: 20
---------------------------------------------------------------------------------------------------
Vector a: 0.174991348145983385121652671508134011, -0.340103905566062187690779862047872628, 0.054507542850953734875260515593162247, 0.720489740657610710254832493772033329, -0.466651010272117155148939102846580435, -0.473243144909816549313006822774728358, -0.265826878633540943517598573913824043, -0.327320613027236380280205485284261417, 0.676380862207308558416459651063263937, 0.920177922845504407029159676334844817, 0.326598135701412420253164838595828532
Vector b: 0.349982696291966770243305343016290171, -1.030190507424091145624865067112104519, 1.139205593125998615375386098298430423, 0.301773888189222805134278889245693918, -1.235075908733457115432157094938866633, 0.288589618913824016806143449389394895, -0.820243376180905903841340597217026129, 0.165602150126433143280929626648506594, 1.187159574288183973551989675478018512, 0.653196271402824840506329677191662745
---------------------------------------------------------------------------------------------------
| Order |                  Error^2                   |                 Efficiency                 |
---------------------------------------------------------------------------------------------------
|   2   | 7.425656844637904141357477818527989260e-70 | 9.174292254746121850001264175301551562e+31 |
|   4   | 3.824786329680227635691107512997040962e-72 | 3.195776715252160150229044549176748535e+30 |
|   6   | 4.445248696861605040645022658007720288e-74 | 7.410917768391573894458512482067952728e+28 |
|   8   | 1.430191311289404015561714297293163516e-10 | 3.266351865894946402906757625245680904e-06 |
---------------------------------------------------------------------------------------------------

Scheme evaluation results:
Order: 8, No. cycles: 20
---------------------------------------------------------------------------------------------------
Vector a: 0.198134906142159967146970605308089391, 0.392168110281979638034956687395340908, -0.666431137604177862468850516708771048, -0.845826994101787961698642330206204375, 0.488021492563724030851481910019007071, -0.035228145595092953195187242542619310, 1.853651442216579838251657623746373977, -0.000006256737374873337205576950084174, -1.497962903225246325436962204063385885, 0.988893286152276150196078462301985187, 0.124586199906960351655702581700268452
Vector b: 0.396269812284319934293941210580260623, 0.388066408279639341775972164283186004, -1.720928683487995066713673197736819691, 0.029274695284419143316388537288410872, 0.946768289843028918386575282773516378, -1.017224581033214824776949767859937868, 4.724527465466374501280265015031938560, -4.724539978941124247954676168932118600, 1.728614172490631597080751761139508002, 0.249172399813920703311405163432055904
---------------------------------------------------------------------------------------------------
| Order |                  Error^2                   |                 Efficiency                 |
---------------------------------------------------------------------------------------------------
|   2   | 8.272583681617816864460765008995424495e-63 | 2.748649884882532477890085906925425720e+28 |
|   4   | 8.006619130361311728101502459650174190e-66 | 2.208795111217010869880281411424906254e+27 |
|   6   | 4.389938944830066965724772640636356706e-67 | 2.358255119705525395218754329737734422e+25 |
|   8   | 1.474587987753352259905200744787459452e-10 | 3.216804656913594837797547871291076905e-06 |
---------------------------------------------------------------------------------------------------

Scheme evaluation results:
Order: 8, No. cycles: 20
---------------------------------------------------------------------------------------------------
Vector a: 0.293646764634849816857255128105266067, -0.466718846407824966260100811046377064, -0.048684588165461433701321288654940155, 0.845714920916892413746470356108755821, -0.296285803198219103541597860295847043, -0.270708708875736572364685256478745646, -0.511340604607429330628488680770914020, -0.652256412783875253716155589803844243, 0.755575464223030856141941430325752070, 1.043969047150544378594471301220158939, 0.307088767113229194872211271290735291
Vector b: 0.587293529269699633714510256210477149, -1.520731222085349566234711878303214039, 1.423362045754426698832069300993332826, 0.268067796079358128660871411224251567, -0.860639402475796335744067131815989324, 0.319221984724323191014696618858517244, -1.341903193939181852271673980400358428, 0.037390368371431344839362800792664452, 1.473760560074630367444520059858841903, 0.614177534226458389744422542581476746
---------------------------------------------------------------------------------------------------
| Order |                  Error^2                   |                 Efficiency                 |
---------------------------------------------------------------------------------------------------
|   2   | 4.238057808890901387994267828135486553e-69 | 3.840224115051879494771299551999726172e+31 |
|   4   | 7.879502010971289765088501257989279762e-72 | 2.226540668108421677413413803245143311e+30 |
|   6   | 3.358292299603022520285781420667902008e-73 | 2.696253855908433423300644503202297211e+28 |
|   8   | 1.511028790894932807474001412229312377e-10 | 3.177778811696131565255319367510162906e-06 |
---------------------------------------------------------------------------------------------------

Scheme evaluation results:
Order: 8, No. cycles: 20
---------------------------------------------------------------------------------------------------
Vector a: 0.178748374867299993987547424123624845, 0.380194071181714355855943660160302152, -0.440581398820369285477280470761880011, -0.036212936827262667940734036395037809, 0.777562894679913183817836996171440820, -0.389271356609174699287618860742147282, -0.301050414659227392183197153799569411, -0.109737664327326339318251468376438343, -0.329872637368236531807960142820096348, 0.655027886582049350690660705353523571, 0.615193181300620031663053347086277930
Vector b: 0.357496749734599987975094848247404102, 0.402891392628828723736792472072928261, -1.284054190269567294691353413596973369, 1.211628316615041958809885340806910256, 0.343497472744784408825788651536378669, -1.122040185963133807401026373020833519, 0.519939356644679023034632065421698549, -0.739414685299331701671135002174645555, 0.079669410562858638055214716534387402, 1.230386362601240063326106694172745180
---------------------------------------------------------------------------------------------------
| Order |                  Error^2                   |                 Efficiency                 |
---------------------------------------------------------------------------------------------------
|   2   | 1.133771020669104388412141735219151531e-68 | 2.347887764418385083070754549124666406e+31 |
|   4   | 2.476162248116679162990774806102130565e-72 | 3.971828322225870624529529253894770996e+30 |
|   6   | 6.785059801363419760213696005708276426e-74 | 5.998507223071068476108969996161927795e+28 |
|   8   | 1.528836017920363655253159981573576088e-10 | 3.159217902851073062113095374903529794e-06 |
---------------------------------------------------------------------------------------------------

Scheme evaluation results:
Order: 8, No. cycles: 20
---------------------------------------------------------------------------------------------------
Vector a: 0.494319100199249074305975579188284370, 0.134798232954796907723138175963225328, -0.745740373646847652863837986018034339, -0.230675074308433666263772781364388762, 0.611226598009145650527954844111793648, 0.563663421085751883782896011744819893, -0.404280307632970118063517132189017817, -0.338528231244232844993632230362449678, 0.350099401154943832124729880571004753, 0.370741651512117719751370824018837876, 0.194375581916479213968694814335924799
Vector b: 0.988638200398498148611951158376561325, -0.719041734488904333165674806450108744, -0.772439012804790972562001165585947897, 0.311088864187923640034455602857169217, 0.911364331830367661021454085366408882, 0.215962510341136106544337938123229916, -1.024523125607076342671372202501265093, 0.347466663118610652684107741776309404, 0.352732139191277011565352019365787925, 0.388751163832958427937389628671854991
---------------------------------------------------------------------------------------------------
| Order |                  Error^2                   |                 Efficiency                 |
---------------------------------------------------------------------------------------------------
|   2   | 8.444420741005909282702253738752865835e-70 | 8.603102094548719586588119042293300000e+31 |
|   4   | 1.072266687800526244687969447285297611e-73 | 1.908660168473769508952713957369240820e+31 |
|   6   | 1.069964777795225973480886487444054700e-74 | 1.510550626452233887582596915432131958e+29 |
|   8   | 1.528948676870512478019715724273425744e-10 | 3.159101508908574764211222406083434812e-06 |
---------------------------------------------------------------------------------------------------

Scheme evaluation results:
Order: 8, No. cycles: 20
---------------------------------------------------------------------------------------------------
Vector a: 0.615916762457764517168121661565987509, 0.107445065677203550991330632972624793, -0.316261959616848413087314017537600913, 0.455162065306589435230284916438486794, -0.423794192777221634234854057825941885, -0.390150725163645154344951435750501043, 0.502257985957698044614844606757203182, -0.296647467442135092886649914866359466, -0.538818751180759092077114763790226678, 0.624191061621987261009985801205783143, 0.660700155159366577616316570830544503
Vector b: 1.231833524915529034336243323131721374, -1.016943393561121932353582057186415719, 0.384419474327425106178954022111345964, 0.525904656285753764281615810765627094, -1.373493041840197032751323926417700183, 0.593191591512906724061421054916711675, 0.411324380402489365168268158597954256, -1.004619315286759550941567988330872859, -0.073018187074758633212661539249691949, 1.321400310318733155232633141661320310
---------------------------------------------------------------------------------------------------
| Order |                  Error^2                   |                 Efficiency                 |
---------------------------------------------------------------------------------------------------
|   2   | 6.157861773602164409906201117803698411e-70 | 1.007453571167146069933087090938893750e+32 |
|   4   | 4.563213285815023028940142142673926327e-72 | 2.925799984005554133194716796928647461e+30 |
|   6   | 2.236530161134196060747867007789076478e-73 | 3.303943761888460021039775221700757599e+28 |
|   8   | 1.578200367394328495178403764082199612e-10 | 3.109416971213871272514503018215958999e-06 |
---------------------------------------------------------------------------------------------------

Scheme evaluation results:
Order: 8, No. cycles: 20
---------------------------------------------------------------------------------------------------
Vector a: 0.310236820358769070841008845379341451, -0.333167870370380149705616112082251101, -0.261627694261114038643102587370679285, -0.186752186155426901702761966384434433, -0.377727208666141852832323910450196641, 0.989361113815157042382877978385438740, -0.026308778930608926641671214675798529, -0.946264899868014775038379852598345245, 0.613777106666040869106507418301388106, 0.976823842578664784063879952679600682, 0.241649754833054878169581448815936134
Vector b: 0.620473640717538141682017690758688680, -1.286809381458298441093249914923201765, 0.763553992936070363807044740181842136, -1.137058365246924167212568672950709221, 0.381603947914640461547920852050303999, 1.597118279715673623217835104720594956, -1.649735837576891476501177534072191532, -0.242793962159138073575582171124525006, 1.470348175491219811788597007727320238, 0.483299509666109756339162897631877660
---------------------------------------------------------------------------------------------------
| Order |                  Error^2                   |                 Efficiency                 |
---------------------------------------------------------------------------------------------------
|   2   | 8.534977531794176406377344931661743753e-70 | 8.557340588642741817446074304593017188e+31 |
|   4   | 1.636477942907112425398010278104283075e-71 | 1.544987390646932496022863608797518555e+30 |
|   6   | 1.863119775029289810736806469268808514e-73 | 3.619925547395908558965193380477244949e+28 |
|   8   | 1.589377577589481118807435912599790702e-10 | 3.098464279472787259660805027127200145e-06 |
---------------------------------------------------------------------------------------------------

Scheme evaluation results:
Order: 8, No. cycles: 20
---------------------------------------------------------------------------------------------------
Vector a: 0.150115736402223568262619550581739790, 0.305027224014693504900353697119937838, 0.794896289623293307787624106675022699, 0.038747703346893117952035426759042577, -0.581325602351296239502028927733667843, 0.726565573576201277149702884570239445, -0.014300682322213657858403661745680916, -0.445315801896068495858304222188605270, -0.153764117459130760862377633668146708, -0.125024699041719404143787786273599668, 0.304378376107123782172566565903717941
Vector b: 0.300231472804447136525239101145324032, 0.309822975224939873275468293120666822, 1.279969604021646742299779920217613455, -1.202474197327860506395709066699626426, 0.039822992625268027391651211235046637, 1.413308154527134526907754557902125323, -1.441909519171561842624561881393480619, 0.551277915379424850907953437018431069, -0.858806150297686372632708704354053058, 0.608756752214247564345133131807952609
---------------------------------------------------------------------------------------------------
| Order |                  Error^2                   |                 Efficiency                 |
---------------------------------------------------------------------------------------------------
|   2   | 5.360962014665413721565398620205572734e-69 | 3.414433381327654632776254684549853516e+31 |
|   4   | 1.848499335402103078729095370876778005e-69 | 1.453685196860326423136918550169135742e+29 |
|   6   | 2.103307078673714844903510596504675674e-70 | 1.077379441964011916381415422801809192e+27 |
|   8   | 1.590546705743967840372318398056013411e-10 | 3.097325310169134476333425258378697667e-06 |
---------------------------------------------------------------------------------------------------

Scheme evaluation results:
Order: 8, No. cycles: 20
---------------------------------------------------------------------------------------------------
Vector a: 0.568938479403545043578565316949752094, -0.623872584377970725256637170416441350, -1.448619557962411524226217865201633077, -0.003510512879329266082343531542019984, 1.476042218609819299415443345905644103, 0.577507957020209217717677674414663237, -0.292195219979588345824664801469505656, 0.571005594805755563163905741969642460, -1.072459897496690439676532728376715477, -0.021130454568664789542602714424260673, 1.268293977425325966733406732190874176
Vector b: 1.137876958807090087157130633980257467, -2.385622127563031537670404974902531050, -0.511616988361791510782030755607879497, 0.504595962603132978617343692523679849, 2.447488474616505620213542999399085900, -1.292472560576087184778187650487236602, 0.708082120616910493128858047460449589, 0.433929068994600633198953436485995505, -2.578848863987981512552018893351885216, 2.536587954850651933466813464500064006
---------------------------------------------------------------------------------------------------
| Order |                  Error^2                   |                 Efficiency                 |
---------------------------------------------------------------------------------------------------
|   2   | 4.883148163750201070206147449941169289e-66 | 1.131331964460645954969968370053411133e+30 |
|   4   | 2.844958315976537190842102247473258888e-68 | 3.705459437753104997498430350229777908e+28 |
|   6   | 1.338138067294374185772300161928977809e-70 | 1.350733164412417939734789553240898609e+27 |
|   8   | 1.596357574598845496264086032825730979e-10 | 3.091682915251133196977949212988927415e-06 |
---------------------------------------------------------------------------------------------------

Scheme evaluation results:
Order: 8, No. cycles: 20
---------------------------------------------------------------------------------------------------
Vector a: 0.177751562903128720075254836543556732, 0.658262145653617816124203063240382413, -0.308774989081774374581623117005737413, -1.155089147390674003215343628568221475, 0.005943990094582308845934920042812702, 1.364016493161686314650631388659156937, -0.042387969936057676938442580433891804, -0.093119823120470036936971695157025679, 0.174658862896856215921517580993016828, -0.274069668304160090622519128174583577, 0.492808543123264806677358359860534288
Vector b: 0.355503125806257440150509673086560625, 0.961021165500978192097896453394549808, -1.578571143664526941261142687406262776, -0.731607151116821065169544569730538301, 0.743495131305985682861414409816164308, 1.984537855017386946439848367502089766, -2.069313794889502300316733528369940157, 1.883074148648562226442790138056094175, -1.533756422854849794599754976069849677, 0.985617086246529613354716719721132325
---------------------------------------------------------------------------------------------------
| Order |                  Error^2                   |                 Efficiency                 |
---------------------------------------------------------------------------------------------------
|   2   | 4.824865813198872349408858758185015461e-68 | 1.138144460442551544258751561516617578e+31 |
|   4   | 1.080641422261120870285656103504507317e-69 | 1.901249934385132002899012558777165527e+29 |
|   6   | 3.102139866513782035724089003426156770e-71 | 2.805364768276636935544204363416886330e+27 |
|   8   | 1.601026553115920202144264510156636760e-10 | 3.087171578308635392852134905590784766e-06 |
---------------------------------------------------------------------------------------------------

Scheme evaluation results:
Order: 8, No. cycles: 20
---------------------------------------------------------------------------------------------------
Vector a: -0.712313780053126527550144231920874264, 0.422731655925935916189231025253485878, -0.029618732037672126677596662319821018, -0.073304901307131886388734611236549738, 1.089428477024230938025854726499258049, -1.041900390250014350019697718238184216, -1.037133023071846830475715509134861966, 0.642913055716635884535758249229449227, 0.908624681381732149626768285505928833, 0.549560579914574435683443054991790906, 0.281012376756682397050833391370378277
Vector b: -1.424627560106253055100288463841457328, 2.270090871958124887478750514348381802, -2.329328336033469140833943838987946830, 2.182718533419205368056474616514851591, -0.003861579370743492004765163517047973, -2.079939201129285208034630272958726004, 0.005673154985591547083199254689775523, 1.280152956447680221988317243768420927, 0.537096406315784077265219327243076494, 0.562024753513364794101666782740671718
---------------------------------------------------------------------------------------------------
| Order |                  Error^2                   |                 Efficiency                 |
---------------------------------------------------------------------------------------------------
|   2   | 1.811135815765342473501823858177558356e-70 | 1.857652597606797387194451531249494375e+32 |
|   4   | 3.081694460738712427233224191497945333e-70 | 3.560288803309722446126007830460640259e+29 |
|   6   | 2.417299048428446926334859600636141781e-71 | 3.178006897606342002794734528737689495e+27 |
|   8   | 1.607397244786014009483238314233099618e-10 | 3.081047720533865587764342444064815212e-06 |
---------------------------------------------------------------------------------------------------

Scheme evaluation results:
Order: 8, No. cycles: 20
---------------------------------------------------------------------------------------------------
Vector a: 0.742926046210589705196424899888841746, 0.049028239968024468497176160439776210, -1.122789934441450843428710904603410148, -0.109324220317011118186687898719334474, -0.308535866043332040243030397390268175, 1.049146229298284806129713962790169305, -0.000117806211435999286315204589439170, -1.154492344389930690013707392689916279, 0.820884099941901986134122437204473582, 0.665642095440632533573505168179341511, 0.367633460543727191627509169489765918
Vector b: 1.485852092421179410392849799778233537, -1.387795612485130473398497478898543930, -0.857784256397771213458924330308506804, 0.639135815763748977085548532869717486, -1.256207547850413057571609327650864934, 3.354500006446982669831037253235788799, -3.354735618869854668403667662414668309, 1.045750930089993288376252877029973933, 0.596017269793810683891991997379063653, 0.735266921087454383255018338979806569
---------------------------------------------------------------------------------------------------
| Order |                  Error^2                   |                 Efficiency                 |
---------------------------------------------------------------------------------------------------
|   2   | 4.597070205970986399804166862422733059e-66 | 1.166002389752415633980446677294516602e+30 |
|   4   | 6.562504269549981556161903402524093453e-69 | 7.715164988369191621631798432377037048e+28 |
|   6   | 2.113331142536872271412264370267603776e-70 | 1.074821263307848514099243383230170131e+27 |
|   8   | 1.628914766751593463290812139300117335e-10 | 3.060630166708652542499319661153587237e-06 |
---------------------------------------------------------------------------------------------------

Scheme evaluation results:
Order: 8, No. cycles: 20
---------------------------------------------------------------------------------------------------
Vector a: -0.511430722132693572453935110600786050, -0.415001396448290223317562639353276492, 0.282336656998106907245239094681858321, 0.375648263323236369753793730102217201, 0.921068500978598714603200997457607619, -0.026667640297213221035683510754291703, -0.691626003360064852495127989996421085, -0.583930000884855405836840562048554102, 0.054927111164469905049015675993424098, 1.149950774307122480436292982054011339, 0.444724456351582898051607332464210869
Vector b: -1.022861444265387144907870221201553418, 0.192858651368806698272744942494958809, 0.371814662627407116217733246868821412, 0.379481864019065623289854213335516886, 1.462655137938131805916547781579745587, -1.515990418532558247987914803088330588, 0.132738411812428542997658823095549591, -1.300598413582139354671339947192710059, 1.410452635911079164769371299179564346, 0.889448912703165796103214664928437339
---------------------------------------------------------------------------------------------------
| Order |                  Error^2                   |                 Efficiency                 |
---------------------------------------------------------------------------------------------------
|   2   | 1.524976356874418362688535688585504136e-68 | 2.024456518780151815436095427613888086e+31 |
|   4   | 1.685559016039425173093005993010950306e-71 | 1.522327300633790678840016023785270264e+30 |
|   6   | 1.220809326708685385647403785972455908e-72 | 1.414152047785996026030093196801498985e+28 |
|   8   | 1.682749080425023065824009353190367423e-10 | 3.011274550330886109082974463382588890e-06 |
---------------------------------------------------------------------------------------------------

Scheme evaluation results:
Order: 8, No. cycles: 20
---------------------------------------------------------------------------------------------------
Vector a: -0.491705193641023244430370058409258599, -0.392283005364581272724466473699022161, 0.197161138447417628622672710221283246, 0.198867997839740051642683109895375364, -0.442457551772368795445780953588321354, 0.063212912600812661495505534719010722, 0.970431419730803768584565822518933605, 1.080730590688593411259138989907582116, -0.010345045012813978944696187871722548, -0.450528495764564851672861160826443277, 0.276915232247984621613608667132582975
Vector b: -0.983410387282046488860740116818761790, 0.198844376552883943411807169421549686, 0.195477900341951313833538251016136813, 0.202258095337528789451827968781311264, -1.087173198882266380343389875960930136, 1.213599024083891703334400945399010586, 0.727263815377715833834730699639684292, 1.434197365999470988683547280175705564, -1.454887456025098946572939655919165499, 0.553830464495969243227217334265459461
---------------------------------------------------------------------------------------------------
| Order |                  Error^2                   |                 Efficiency                 |
---------------------------------------------------------------------------------------------------
|   2   | 7.846745921803346266446651865554271578e-68 | 8.924732614607868384321330211118679688e+30 |
|   4   | 1.034016613644573864153234273249250324e-69 | 1.943641927880522071348951993318386841e+29 |
|   6   | 2.944440652304507147673937853970959331e-71 | 2.879510214415425378055123537353896141e+27 |
|   8   | 1.711728991557081249117011471244741386e-10 | 2.985674998913356673240803404038650373e-06 |
---------------------------------------------------------------------------------------------------

Scheme evaluation results:
Order: 8, No. cycles: 20
---------------------------------------------------------------------------------------------------
Vector a: -0.649208848447435931946109029297758942, -0.641973345676453555834663578893243130, 0.819149050859434196066822243118546086, 0.785220555011128158885328338543156015, -0.713638637515189399442067747890452803, -0.288749816125193032634695070464429926, 1.269484448945620462622702800690421190, -0.033290823638210858603006358493921706, -0.562501398986059717793174713298822650, 0.678793430428729288187036669308569270, 0.336715385143630390491826446677936637
Vector b: -1.298417696894871863892218058595456832, 0.014471005541964752222890900808972505, 1.623827096176903639910753585428075762, -0.053385986154647322140096908341939683, -1.373891288875731476744038587438817354, 0.796391656625345411474648446509972043, 1.742577241265895513770757154870795227, -1.809158888542317230976769871858624952, 0.684156090570197795390420445261120726, 0.673430770287260780983652893355902452
---------------------------------------------------------------------------------------------------
| Order |                  Error^2                   |                 Efficiency                 |
---------------------------------------------------------------------------------------------------
|   2   | 6.157861773602164409906201117803698411e-69 | 3.185847921758720502239222815499614844e+31 |
|   4   | 3.751385805896768931931023831244727806e-71 | 1.020432194115722071759806182791249756e+30 |
|   6   | 2.144141910583496818872470675318063304e-72 | 1.067070867137841097047820397504092026e+28 |
|   8   | 1.712605514909353031793148479708409803e-10 | 2.984910856566148568668570674906760690e-06 |
---------------------------------------------------------------------------------------------------

Scheme evaluation results:
Order: 8, No. cycles: 20
---------------------------------------------------------------------------------------------------
Vector a: 0.343489634800688379851259791940604883, 0.492166718695697064553913459184454906, -0.505123075760952655293651944245676670, -0.482577367075831132719755161311816925, -0.306125985458657616592620630951672836, -0.435846308701729527320232668225099865, 0.608898857733320999975589170243102524, 0.769558215062475684561325384365799888, -0.279530421625849520129129055462831550, 0.156698742019387910924748985986582239, 0.638390990311450412188552668476553382
Vector b: 0.686979269601376759702519583881157188, 0.297354167790017369405307334487857346, -1.307600319311922679992611222979283920, 0.342445585160260414553100900355640921, -0.954697556077575647738342162258932762, 0.083004938674116593097876825808819939, 1.134792776792525406853301514677275475, 0.404323653332425962269349254054280728, -0.963384496584125002527607364979954180, 1.276781980622900824377105336953139313
---------------------------------------------------------------------------------------------------
| Order |                  Error^2                   |                 Efficiency                 |
---------------------------------------------------------------------------------------------------
|   2   |                    0.0                     |                  Infinity                  |
|   4   | 7.835284827969206208606523136451741716e-72 | 2.232814393330346032426949938570978516e+30 |
|   6   | 1.537632027997137327354803883882211392e-73 | 3.984683374216098026220554632173432922e+28 |
|   8   | 1.710004975297075240643485303721180149e-10 | 2.987179689130963014200419921167233182e-06 |
---------------------------------------------------------------------------------------------------

Scheme evaluation results:
Order: 8, No. cycles: 20
---------------------------------------------------------------------------------------------------
Vector a: 0.310350426159004787815072622297202043, 0.849366283711104576806499363166456022, 0.016877136528900404225213544640801124, -0.389300670095941549231965641625601610, 0.865622792604403276929135358323173134, -0.001749081261539100290619578840524738, -1.107912789677438541290684542868483602, -0.227073654747930758539802744496002387, 0.303019874475994543098865298937317807, 0.268757122394306831255888601811992161, 0.112042559909135529222397718653669908
Vector b: 0.620700852318009575630145244593906522, 1.078031715104199577982853481715524488, -1.044277442046398769532426392434198461, 0.265676101854515671068495109191917881, 1.465569483354290882789775607437096076, -1.469067645877369083371014765118120435, -0.746757933477507999210354320592919322, 0.292610623981646482130748831594271004, 0.313429124970342604066981766304373589, 0.224085119818271058444795437308148514
---------------------------------------------------------------------------------------------------
| Order |                  Error^2                   |                 Efficiency                 |
---------------------------------------------------------------------------------------------------
|   2   | 6.653599077334144831718844712424591518e-66 | 9.691961818088355692811426851673123779e+29 |
|   4   | 8.895120960198271713478496484319798944e-70 | 2.095579243912184309869657117942275696e+29 |
|   6   | 3.354258152390884335855610543031277099e-70 | 8.531429062250188696378293566541476250e+26 |
|   8   | 1.671872590225098156551184738296619505e-10 | 3.021053705482508422841299642836568184e-06 |
---------------------------------------------------------------------------------------------------

Scheme evaluation results:
Order: 8, No. cycles: 20
---------------------------------------------------------------------------------------------------
Vector a: 0.234112868301186224758944058750940524, -0.381125051678061569310739662312172533, -0.412083512166732277847509224196428245, 0.844187789231436623189754266533409214, -0.049987024293444329388569164616993069, -0.589129741664906467766545997847053166, -0.257706805652513776914745509622117942, -0.290281639444204845839435407648039178, 0.745752849796240689013698258557975981, 0.916348643555736259726966801273853640, 0.239911624015263470378181581126624749
Vector b: 0.468225736602372449517888117501877341, -1.230475839958495588139367442126212104, 0.406308815625031032444348993733361824, 1.282066762837842213935159539333441053, -1.382040811424730872712297868567426035, 0.203781328094917937179205872873332511, -0.719194939399945491008696892117572246, 0.138631660511535799329826076821489966, 1.352874039080945578697570440294460287, 0.479823248030526940756363162253247379
---------------------------------------------------------------------------------------------------
| Order |                  Error^2                   |                 Efficiency                 |
---------------------------------------------------------------------------------------------------
|   2   | 3.373240456862950356897146935855702438e-70 | 1.361182504743189570885004623074146719e+32 |
|   4   | 2.573440050721262987251126673484714266e-72 | 3.896036254279425874251870519844583008e+30 |
|   6   | 7.115963370660552173830696735345084392e-74 | 5.857376953132418485550600212196947479e+28 |
|   8   | 1.771171862323761281881362318531372118e-10 | 2.935145822964576204807121278133974132e-06 |
---------------------------------------------------------------------------------------------------

Scheme evaluation results:
Order: 8, No. cycles: 20
---------------------------------------------------------------------------------------------------
Vector a: -0.497401646063053239479983054652701697, -0.065894571890757922252601883068627212, 1.531074918604780403590661620148325597, -0.185151265015701713246117036086895618, -0.003929840495048550827109901468233160, 0.192353795876225534509459581845595345, -0.828097844897491333369254561700770591, 0.785614221091687877964326313336545664, -0.037623898829676707166360640877511927, -0.226922180061453776975066976018876664, 0.335978311680489427252046538543150251
Vector b: -0.994803292126106478959966109313620951, 0.863014148344590634454762343176252128, 2.199135688864970172726560897136183988, -2.569438218896373599218794969307013288, 2.561578537906276497564575166370517305, -2.176870946153825428545656002682350036, 0.520675256358842761807146879285656997, 1.050553185824532994121505747374465120, -1.125800983483886408454227029130085795, 0.671956623360978854504093077089994629
---------------------------------------------------------------------------------------------------
| Order |                  Error^2                   |                 Efficiency                 |
---------------------------------------------------------------------------------------------------
|   2   | 1.267093255907130661242794743979247045e-65 | 7.023211044472027434257986667318693848e+29 |
|   4   | 3.106869513880948700116238434995342620e-69 | 1.121291449821649338545483533308119507e+29 |
|   6   | 4.630061805239335891112646758604408116e-70 | 7.261504851557368505019979022650516033e+26 |
|   8   | 1.771887346840776028213296317651196920e-10 | 2.934553160164316144646710823566345965e-06 |
---------------------------------------------------------------------------------------------------

Scheme evaluation results:
Order: 8, No. cycles: 20
---------------------------------------------------------------------------------------------------
Vector a: 0.752583274906492905620506545078312959, 0.350349269325337559499201042084701397, -0.344235886131925932342652264178979248, 0.376880228904300273917141232937031692, -0.471167073526821099656072964229666251, -0.533614623595960858191024363217177617, 0.405177325887816263248970551684102719, 0.259872569729067656782446612177130192, -0.612252722461067094666225421842837244, 0.046512555637255367992235476018804015, 0.769895081325504957795473553488577542
Vector b: 1.505166549812985811241013090157087949, -0.804468011162310692242611005987354666, 0.115996238898458827557306477629000548, 0.637764218910141720276975988245457327, -1.580098365963783919589121916705232601, 0.512869118771862203207073190270036506, 0.297485533003770323290867913099115862, 0.222259606454364990274025311254195328, -1.446765051376499179606476154939824508, 1.539790162651009915590947106977518314
---------------------------------------------------------------------------------------------------
| Order |                  Error^2                   |                 Efficiency                 |
---------------------------------------------------------------------------------------------------
|   2   | 8.608554924309643444363356525900207062e-68 | 8.520692280672537646819276027438106445e+30 |
|   4   | 1.583682626402624658958528400988462649e-70 | 4.966448554658406738583643177527059326e+29 |
|   6   | 2.271608118762850921205030022467806001e-72 | 1.036700528468251142955914306540982056e+28 |
|   8   | 1.772753057234665350047311406240201654e-10 | 2.933836539371386247332285122443486035e-06 |
---------------------------------------------------------------------------------------------------

Scheme evaluation results:
Order: 8, No. cycles: 20
---------------------------------------------------------------------------------------------------
Vector a: 0.325965324230213387210332236921882213, 0.425411402088040673109754298797775348, -0.777222025266797942202740488228127267, -0.436352232025916922588160126820142784, 0.487944006382380915447549775252008853, -0.469940840683652902179589977524133752, 0.367375346441869454139352167899160966, 0.981352846860783322948691334919436994, -1.262053552185627960301560651440213870, -0.000471176239254171290695529373043354, 1.357990900397962145707066959595396668
Vector b: 0.651930648460426774420664473843881234, 0.198892155715654571798844123750970421, -1.753336206249250456204325100206521052, 0.880631742197416611028004846566541804, 0.095256270567345219867094703937053208, -1.035137951934651024226274658984918048, 1.769888644818389932504978994782990284, 0.192817048903176713392403675056089657, -2.716924153274432633995524977936532155, 2.715981800795924291414133919190444743
---------------------------------------------------------------------------------------------------
| Order |                  Error^2                   |                 Efficiency                 |
---------------------------------------------------------------------------------------------------
|   2   | 3.622271631530684947003647716355116712e-69 | 4.153837486827862102824397063376076562e+31 |
|   4   | 1.347386000439490133118837319491859332e-70 | 5.384358918492785749798155654450297241e+29 |
|   6   | 2.665819634425611119881075036749514150e-71 | 3.026248901844642682620824947659791470e+27 |
|   8   | 1.778837036846565674654720911563368195e-10 | 2.928815087262588661814856346727192151e-06 |
---------------------------------------------------------------------------------------------------

Scheme evaluation results:
Order: 8, No. cycles: 20
---------------------------------------------------------------------------------------------------
Vector a: 0.393959799659072882693778323757737264, -0.291678582185358643226086902548213679, -0.523804486447736217222569093823692936, 0.325518270645069433939821786376449531, -0.362581158365772161992308312992133780, -0.498594730360465346214508812644894726, 0.680519861069890729294156738597752916, 0.130889274998162415771527988277461619, 0.111495330234550175106588470893302414, 0.833865766902592139729245940539206451, 0.200410653849994592120353873567024915
Vector b: 0.787919599318145765387556647515460275, -1.371276763688863051839730452611865870, 0.323667790793390617394592264964560742, 0.327368750496748250485051307788285741, -1.052531067228292574469667933772570106, 0.055341606507361882040650308482757971, 1.305698115632419576547663168712777371, -1.043919565636094745004607192157752925, 1.266910226105195095217784133944306065, 0.400821307699989184240707747134040777
---------------------------------------------------------------------------------------------------
| Order |                  Error^2                   |                 Efficiency                 |
---------------------------------------------------------------------------------------------------
|   2   | 2.829899712133347614846599778402434931e-70 | 1.486122078085437909755561224999595469e+32 |
|   4   | 3.020033599042306907719105701013848528e-72 | 3.596450854182143480755862625419615234e+30 |
|   6   | 8.422305310738892939047926950166715458e-74 | 5.383993608941322953015793979014546204e+28 |
|   8   | 1.808690502697084990564658882312821506e-10 | 2.904543637298720067608493065406566634e-06 |
---------------------------------------------------------------------------------------------------

Scheme evaluation results:
Order: 8, No. cycles: 20
---------------------------------------------------------------------------------------------------
Vector a: 0.404160915771838270558886255784737342, -0.179289244154157546757039360198118638, -1.028471318918462549346454637165075907, 0.392075473789983667372678933847247556, 0.017575232716024875589672599416070320, -0.461566106052683026267251064604825324, 2.249741505066253471480658370208094208, -0.000073201693758325704103927818448288, -1.393530305200961395533261786414992517, 0.748853078110615231355715418776691657, 0.250523970565307327250499198168619587
Vector b: 0.808321831543676541117772511574622887, -1.166900319851991634631851231973253805, -0.890042317984933464061058042366999897, 1.674193265564900798806415910070135308, -1.639042800132851047627070711237829381, 0.715910588027484995092568582018534062, 3.783572422105021947868748158395080734, -3.783718825492538599276956014031977056, 0.996658215090615808210432441211475301, 0.501047941130614654500998396340211654
---------------------------------------------------------------------------------------------------
| Order |                  Error^2                   |                 Efficiency                 |
---------------------------------------------------------------------------------------------------
|   2   | 3.015926488616815610298623706927939102e-63 | 4.552286983163778729919105930938871765e+28 |
|   4   | 9.348344917116801915220326789052702497e-66 | 2.044149492787238102947892707767040968e+27 |
|   6   | 8.963982546695843497346780590421201010e-68 | 5.218786435138954937328665786112507433e+25 |
|   8   | 1.819615013715411177023994906875275222e-10 | 2.895811436242628663699300530445267658e-06 |
---------------------------------------------------------------------------------------------------

Scheme evaluation results:
Order: 8, No. cycles: 20
---------------------------------------------------------------------------------------------------
Vector a: 0.395834186570988531061195688440448969, -0.879170748843518521552672664605580062, -0.003789179226999461843781781694254331, 0.666467144936386975048153441774820789, -1.042684948537969869742479287746838051, -0.024816912772186294613679314285879561, 0.916221506775221484998316151724529764, -0.505951050515873292576595523773058368, 0.017209342013987752114870082946023449, 1.243471567195191133694794060889671416, 0.217209092404771563411879146330116020
Vector b: 0.791668373141977062122391376880753975, -2.550009870829014105227736706089629368, 2.542431512375015181540173142701104625, -1.209497222502241231443866259153992563, -0.875872674573698508041092316339168545, 0.826238849029325918813733687767425558, 1.006204164521117051182898615681192546, -2.018106265552863636336089663225597515, 2.052524949580839140565829829117698507, 0.434418184809543126823758292660212780
---------------------------------------------------------------------------------------------------
| Order |                  Error^2                   |                 Efficiency                 |
---------------------------------------------------------------------------------------------------
|   2   | 7.321697648812973483378473129068597411e-67 | 2.921689860426103107895975271741662598e+30 |
|   4   | 7.916710770467543077868085847263118028e-70 | 2.221302104161065155637729272347720642e+29 |
|   6   | 2.442616174741027623488016308875133316e-71 | 3.161494362337345622218355687823856354e+27 |
|   8   | 1.844970190653993688401213090958820673e-10 | 2.875844223885253977660760027663680441e-06 |
---------------------------------------------------------------------------------------------------

Scheme evaluation results:
Order: 8, No. cycles: 20
---------------------------------------------------------------------------------------------------
Vector a: 0.192762631071190968062008681690213481, 0.394058666981038103900805609125968068, 0.702754912172784252297517851431778436, 0.017181728108986034654132079265354038, -0.362317320236967180908114560818412929, 0.784121922117038165848888017414477318, -0.002266189226460346489593720495066352, -0.992762612297473086162035870114331187, -0.228779685727181578074032998264004420, 0.297400295090410781758210164294738313, 0.197845651946633885112214746469285204
Vector b: 0.385525262142381936124017363331356385, 0.402592071819694271677593854991957797, 1.002917752525874232917441847876807993, -0.968554296307902163609177689345323406, 0.243919655833967801792948567694386428, 1.324324188400108529904827467158283315, -1.328856566853029222884014908148553298, -0.656668657741916949440056832111122133, 0.199109286287553793291990835600952387, 0.395691303893267770224429492951254582
---------------------------------------------------------------------------------------------------
| Order |                  Error^2                   |                 Efficiency                 |
---------------------------------------------------------------------------------------------------
|   2   | 4.386797337760630138630605112488318533e-68 | 1.193620373603896980808296686520733203e+31 |
|   4   | 1.229726287330095893498117636986547469e-69 | 1.782279406010046774792401624621768188e+29 |
|   6   | 3.330757908026166670075861205800131279e-70 | 8.561473015255702517985959601730432510e+26 |
|   8   | 1.815795457895414478421429477803302790e-10 | 2.898855529917386587308028427494812713e-06 |
---------------------------------------------------------------------------------------------------

Scheme evaluation results:
Order: 8, No. cycles: 20
---------------------------------------------------------------------------------------------------
Vector a: 0.433058297363706548813583272757663116, -0.342083128563565128063476139354250034, 0.172256427632342034408324090065345741, -0.189558107376199951951964884927584132, -0.014914111070073768623840140013724202, 0.268266969312375384520785881600820133, -1.166396877741910822990311995427467868, -0.042445718175732304476311591886328229, 0.869874542249212573096296841700015886, 0.805819984803121999970966734567349641, 0.206121721566723435295947930918159902
Vector b: 0.866116594727413097627166545515359166, -1.550282851854543353754118824223892938, 1.894795707119227422570767004354573009, -2.273911921871627326474696774209795055, 2.244083699731479789227016494182351439, -1.707549761106729020185444730980639335, -0.625243994377092625795179259874259327, 0.540352558025628016842556076101608383, 1.199396526472797129350037607298370041, 0.412243443133446870591895861836324618
---------------------------------------------------------------------------------------------------
| Order |                  Error^2                   |                 Efficiency                 |
---------------------------------------------------------------------------------------------------
|   2   | 1.250815672762939645762197102053876240e-68 | 2.235338774456895028242929542713215625e+31 |
|   4   | 3.528752289481278225044263989303223745e-71 | 1.052130064947203597498441689850575317e+30 |
|   6   | 1.725386144443666825667901097823869018e-72 | 1.189534035918937188187720121706701088e+28 |
|   8   | 1.886420191936256913134217489758814661e-10 | 2.844073504736834364673810653188368651e-06 |
---------------------------------------------------------------------------------------------------

Scheme evaluation results:
Order: 8, No. cycles: 20
---------------------------------------------------------------------------------------------------
Vector a: 0.422475570124318664903327230110162374, -0.129407073903169282037414470008332799, -0.144588597975317572687415130840884310, 0.676259922449370081090235176530615509, -0.222281786776412592489358524091589951, -0.081406263386996484511934508225776882, -0.536713173094148815926670626766894823, -0.019159680326205811318209202241932567, 0.143979394281804610306799049761875746, 0.053713095167001496777323003945267149, 0.837128593439755705893318001827490575
Vector b: 0.844951140248637329806654460220037785, -1.103765288054975893881483400236841569, 0.814588092104340748506653138555122059, 0.537931752794399413673817214506528907, -0.982495326347224598652534262689653343, 0.819682799573231629628665246238155745, -1.893109145761529261482006499772296102, 1.854789785109117638845588095288446213, -1.566830996545508418231989995764644646, 1.674257186879511411786636003655144855
---------------------------------------------------------------------------------------------------
| Order |                  Error^2                   |                 Efficiency                 |
---------------------------------------------------------------------------------------------------
|   2   | 2.037527792736010282689551840449753151e-71 | 5.538449982437149470432529417834769375e+32 |
|   4   | 1.981814142153385001522259407312455213e-71 | 1.403940025674916164363532980863744629e+30 |
|   6   | 4.511280765730031972990959489040958974e-73 | 2.326323445025622273217151924261855698e+28 |
|   8   | 1.895504154132430278349405559384238250e-10 | 2.837250390205616490127860983096652196e-06 |
---------------------------------------------------------------------------------------------------

Scheme evaluation results:
Order: 8, No. cycles: 20
---------------------------------------------------------------------------------------------------
Vector a: 0.861347849761047559162781416226605793, -0.037910109671922461780947484763611385, -0.922998752536766433124645845166739246, 0.797411383976043923077580168165269232, 0.110506157673480927361049292056802948, -0.677696638849138829759957925598750721, -0.598448606204873614135700959618785546, -0.383163521358485935772600634799199883, 0.627682671569610475702865349243144896, 0.801358885903503304235925876996679255, 0.421910679737501085033650747258584595
Vector b: 1.722695699522095118325562832453245483, -1.798515918865940041887457801980533661, -0.047481586207592824361833888352713550, 1.642304354159680670516994224682920730, -1.421292038812718815794895640569158206, 0.065898761114441156274979789371812222, -1.262795973524188384546381708609321648, 0.496468930807216513001180439010605692, 0.758896412332004438404550259475787667, 0.843821359475002170067301494517355332
---------------------------------------------------------------------------------------------------
| Order |                  Error^2                   |                 Efficiency                 |
---------------------------------------------------------------------------------------------------
|   2   | 3.549826198900071248063574762028014378e-68 | 1.326894712576283847996036808035353125e+31 |
|   4   | 2.912408975615235531241970953191480925e-70 | 3.662299325063099986462148624099005127e+29 |
|   6   | 1.342640920374055648627493019783556405e-71 | 4.264224748593171773588748093431169033e+27 |
|   8   | 1.957046755334577344071401996136803249e-10 | 2.792283011107388170467449994334711399e-06 |
---------------------------------------------------------------------------------------------------

Scheme evaluation results:
Order: 8, No. cycles: 20
---------------------------------------------------------------------------------------------------
Vector a: 0.409188464740081413054715847777125971, -0.176691762121383977460557833051868365, -1.024305421684505212932400988942787931, 0.381471181429885390364065460543200680, 0.019429245215367145897499511974783045, -0.461225295258081229555544629956201173, 0.836190428936939562264612024060333640, -1.449390377558835216836468140682242362, -0.000056986561549165907206291128603000, 2.205836253508415033488505143122278111, 0.259554269353666257622779896283981439
Vector b: 0.818376929480162826109431695535161451, -1.171760453722930781030547361620952992, -0.876850389646079644834254616236144722, 1.639792752505850425562385537308850793, -1.600934262075116133767386513358297995, 0.678483671558953674656297253463853501, 0.993897186314925449872926794612410117, -3.892677941432595883545863076006083753, 3.892563968309497551731450493748907007, 0.519108538707332515245559792552296593
---------------------------------------------------------------------------------------------------
| Order |                  Error^2                   |                 Efficiency                 |
---------------------------------------------------------------------------------------------------
|   2   | 1.865619308943103388460942474391184755e-65 | 5.787999629835598275010740001706351929e+29 |
|   4   | 2.176868384535267146309410409354201431e-67 | 1.339565430371063153702056837267354965e+28 |
|   6   | 8.873550057684967238216029834899966556e-68 | 5.245311980083973298308252980779918283e+25 |
|   8   | 2.056649569006157030142676344700342726e-10 | 2.723829287506711267274696205936294637e-06 |
---------------------------------------------------------------------------------------------------

Scheme evaluation results:
Order: 8, No. cycles: 20
---------------------------------------------------------------------------------------------------
Vector a: 0.552610326230513696241990032785189747, -0.390524801934348173247686095009625264, 0.059952623473103552534791590650208140, -0.205770363071145671757108239631287980, -1.642172494000484545698310418160242613, -0.000577426607909830941828611554702132, 1.629243342554171898935681898690532633, 0.459595152461073951493300560454398311, -0.256123257285033613241840734590258309, 0.637277439152329724453322385741093636, 0.156489459027729011227687630624693879
Vector b: 1.105220652461027392483980065571242310, -1.886270256329723738979352255592827065, 2.006175503275930844048935436893747795, -2.417716229418222187563151916157262982, -0.866628758582746903833468920165040034, 0.865473905366927241949811697055634328, 2.393012779741416555921552100327131054, -1.473822474819268652934950979416038338, 0.961575960249201426451269510233635464, 0.312978918055458022455375261249777469
---------------------------------------------------------------------------------------------------
| Order |                  Error^2                   |                 Efficiency                 |
---------------------------------------------------------------------------------------------------
|   2   | 3.669587554717554519123882864650005424e-68 | 1.305062712863361863383474176266505664e+31 |
|   4   | 1.403671158112417344253659319850029949e-69 | 1.668196974346818717781401028351531067e+29 |
|   6   | 1.448741772233297729539987408253261445e-70 | 1.298148974982028141960548278648302555e+27 |
|   8   | 2.061448283620846515740847865118049355e-10 | 2.720657125707182486769598711039453731e-06 |
---------------------------------------------------------------------------------------------------

Scheme evaluation results:
Order: 8, No. cycles: 20
---------------------------------------------------------------------------------------------------
Vector a: 0.085077380959412218235162703278857186, -0.582612267687360651589569756743984918, -0.236806243385402242044934367072152720, 1.373865426826065203336024784970079070, -0.003736925928610280955742981585002538, -0.862284718935497667852236457744467391, -0.462537806170290882662895890522854180, 0.161144543342588937163015654206392849, 1.033411228643763993394901491403390796, 0.409887016454204178942765775311610973, 0.084592365881127194033509044498130915
Vector b: 0.170154761918824436470325406555828959, -1.335379297293545739649464920041872312, 0.861766810522741255559596185898079987, 1.885964043129389151112453384040474335, -1.893437894986609713023939347210476029, 0.168868457115614377319466431722560930, -1.093944069456196142645258212767663584, 1.416233156141374016971289521180095152, 0.650589301146153969818513461626697997, 0.169184731762254388067018088996274541
---------------------------------------------------------------------------------------------------
| Order |                  Error^2                   |                 Efficiency                 |
---------------------------------------------------------------------------------------------------
|   2   | 5.217542697254495664444972943436137332e-67 | 3.461043062082238363681535386144675293e+30 |
|   4   | 2.107515648153237865711467851399962101e-70 | 4.305212706451807675950010654626776123e+29 |
|   6   | 8.445142682275310654713310582989933967e-72 | 5.376708977748500296759497603702263832e+27 |
|   8   | 2.042667579408627405425065237484289190e-10 | 2.733135648312018732665937634683752296e-06 |
---------------------------------------------------------------------------------------------------

Scheme evaluation results:
Order: 8, No. cycles: 20
---------------------------------------------------------------------------------------------------
Vector a: 0.358535308052999159685284275381985451, -0.313895845927177862342969108506019983, -0.527474759058367942202274390629105324, 0.267126420829451869140225693118492896, -0.310307005418599500721144784045984408, -0.382648989104867450727778910961743916, 0.741365491980499072383263254136883313, 0.935140989700096564617000191932813451, -0.570915252670504738209539389484470749, -0.005722575497503120686477865583497264, 0.808796217113973949064411034640646554
Vector b: 0.717070616105998319370568550763930264, -1.344862307960354044056506767775960601, 0.289912789843618159651957986517831179, 0.244340051815285578628493399719010312, -0.864954062652484580070782967810874455, 0.099656084442749678615225145887396518, 1.383074899518248466151301362386338403, 0.487207079881944663082699021479322011, -1.629037585222954139501777800448136011, 1.617592434227947898128822069281142307
---------------------------------------------------------------------------------------------------
| Order |                  Error^2                   |                 Efficiency                 |
---------------------------------------------------------------------------------------------------
|   2   | 1.580215999255261308130341316259919666e-68 | 1.988757275183034068722819360533024219e+31 |
|   4   | 8.578133502404209957503755578282380886e-73 | 6.748132740542303348813922380788807617e+30 |
|   6   | 3.685657654257656132776133384487326525e-73 | 2.573727302071228693782214237070742798e+28 |
|   8   | 2.072404721619683534940726049965304991e-10 | 2.713455778006454574982900252034043134e-06 |
---------------------------------------------------------------------------------------------------

Scheme evaluation results:
Order: 8, No. cycles: 20
---------------------------------------------------------------------------------------------------
Vector a: 0.076021769853958027878398130249609845, -0.510346628303101240567191669105940407, -0.482004090435336361297172605094856712, 0.388036441205655803711303748129409257, 0.978423254412571247038260880537416639, -0.028092265864932030068384145970121230, -0.612465767897132607126552527892446891, -0.391833798753796398486377025712678564, 0.159540407877605297611716068907542821, 1.042236251716173865410649092651242069, 0.380484426188334395895350053300823047
Vector b: 0.152043539707916055756796260480519705, -1.172736796314118536891179598672119611, 0.208728615443445814296834388480585870, 0.567344266967865793125773107776945618, 1.389502241857276700950748653300627103, -1.445686773587140761087516945240807031, 0.220755237792875546834411889455627297, -1.004422835300468343807165940882900003, 1.323503651055678939030598078699293641, 0.760968852376668791790700106602227339
---------------------------------------------------------------------------------------------------
| Order |                  Error^2                   |                 Efficiency                 |
---------------------------------------------------------------------------------------------------
|   2   | 1.935198619145268432936698792462721104e-68 | 1.797120655868820847922102363470699414e+31 |
|   4   | 2.142764688280969147116659769709093700e-71 | 1.350183439631276285575465201121148926e+30 |
|   6   | 1.703012294374856658293750267974251559e-73 | 3.786266111725255830207625634766300583e+28 |
|   8   | 2.081160892871255524716860414819881063e-10 | 2.707741532802768497367818770094576048e-06 |
---------------------------------------------------------------------------------------------------

Scheme evaluation results:
Order: 8, No. cycles: 20
---------------------------------------------------------------------------------------------------
Vector a: -0.875265541941190120936775107609683994, -0.874662362558411235936626784321760103, 0.830609563784977297343464220849882633, 0.400023047900885345240473710673499121, -0.130695156834016173664312544434074002, 0.418796702109864678493486703855832370, -0.682563289490566843343288451714286115, 0.054340753759666832443112524451709785, 1.170528654726898345064058213501561026, 0.501501858787994379759553845342265800, 0.187385769753897495536853669405053449
Vector b: -1.750531083882380241873550215219135143, 0.001206358765557770000296646575137652, 1.660012768804396824686631795125082671, -0.859966673002626134205684373778677518, 0.598576359334593786877059284911169982, 0.239017044885135570109914122798875844, -1.604143623866269256796491026225780098, 1.712825131385602921682716075129167278, 0.628232178068193768445400351874154590, 0.374771539507794991073707338810004727
---------------------------------------------------------------------------------------------------
| Order |                  Error^2                   |                 Efficiency                 |
---------------------------------------------------------------------------------------------------
|   2   | 2.269579569130944787106973022278752815e-67 | 5.247679490695823850349422229051997070e+30 |
|   4   | 1.434974160103954872020619706266010789e-69 | 1.649901346581936623487531883672821960e+29 |
|   6   | 3.458688748335850431808197133943145624e-71 | 2.656833174763857058462271994654897690e+27 |
|   8   | 2.083588249010888532589487146930130273e-10 | 2.706163829429919888495619983302802257e-06 |
---------------------------------------------------------------------------------------------------

Scheme evaluation results:
Order: 8, No. cycles: 20
---------------------------------------------------------------------------------------------------
Vector a: 0.470275888565063285687334445045811714, 0.510820237784789894285647777490957186, -0.708608997440614705687544324731890273, -0.765895638359500617200933968365634182, 0.804126018685651771153735539295513775, 0.215375063059019912242727532864938273, -0.309303359890777112157768952566772125, -0.621776813151054743709840908455204279, -0.024358796238954510210546103523809939, 1.161477150666745554382399566464963730, 0.267869246319631271214789396481126120
Vector b: 0.940551777130126571374668890091673501, 0.081088698439453217196626664890227667, -1.498306693320682628571715314354030181, -0.033484583398318605830152622377291701, 1.641736620769622148137623700968388994, -1.210986494651582323652168635238482066, 0.592379774870028099336630730104880328, -1.835933401172137586756312547015375649, 1.787215808694228566335220339967751294, 0.535738492639262542429578792962257825
---------------------------------------------------------------------------------------------------
| Order |                  Error^2                   |                 Efficiency                 |
---------------------------------------------------------------------------------------------------
|   2   | 7.135875114115449345597186001219579923e-69 | 2.959486670656776536437521471038583984e+31 |
|   4   | 1.010362631597609265613200077132744347e-71 | 1.966261970687182885085246749884506592e+30 |
|   6   | 5.200493233422351776710605911841071628e-73 | 2.166694885640097042222096947083400345e+28 |
|   8   | 2.130017149205032366520092423839902127e-10 | 2.676507623142759822460084105686905233e-06 |
---------------------------------------------------------------------------------------------------

Scheme evaluation results:
Order: 8, No. cycles: 20
---------------------------------------------------------------------------------------------------
Vector a: 0.380253821593064138437761670559993143, -0.293419538265754733903634931997986096, -0.459505070422147963965435550998414174, 0.279942738548354996345920016255637360, -0.405945031916187200317558480874535559, -0.421700043126180397363192253626332637, 0.779503275318658596584520736453146306, -0.042876128575687430755895090830269884, -0.032818410474617349522818362018108012, 0.978052971419267565676802260198947531, 0.238511415901229778783529986877922052
Vector b: 0.760507643186128276875523341119988020, -1.347346719717637744682793205115962330, 0.428336578873341816751922103119127050, 0.131548898223368175939917929392166857, -0.943438962055742576575034891141261641, 0.100038875803381781848650383888586124, 1.458967674833935411320391089017742852, -1.544719931985310272832181270678296451, 1.479083111036075573786544546642063285, 0.477022831802459557567059973755846222
---------------------------------------------------------------------------------------------------
| Order |                  Error^2                   |                 Efficiency                 |
---------------------------------------------------------------------------------------------------
|   2   | 8.784008706461910996483845712161158027e-70 | 8.435165925677879186017402975986009375e+31 |
|   4   | 3.937540146335540704720151722917762979e-72 | 3.149687884841419113498477751620565918e+30 |
|   6   | 1.318810745780092553021874939477918783e-73 | 4.302578348617986491132073650213185120e+28 |
|   8   | 2.155690592483028273252838098708420652e-10 | 2.660521797736611875964356124727233432e-06 |
---------------------------------------------------------------------------------------------------

Scheme evaluation results:
Order: 8, No. cycles: 20
---------------------------------------------------------------------------------------------------
Vector a: -0.572307798091709195327029892674547428, -0.394552002383483535261370797709106324, 1.051781910505656214287598106967565653, 0.292901311539767646721779333178003900, -0.388098533467429067670855032668574007, 0.511434170960753023983128168024680659, -0.561516395245002304041189756380540305, -0.955400927886089399029079938035908153, 0.593317840271546163703048584259699379, 1.045617447769052263585543234542334107, 0.376822976026938189048427990496392519
Vector b: -1.144615596183418390654059785349097938, 0.355511591416451320131318189930864201, 1.748052229594861108443878024004293683, -1.162249606515325815000319357648276832, 0.386052539580467679658609292311095595, 0.636815802341038368307647043738320130, -1.759848592831042976390026556499431074, -0.150953262941135821668133319572423968, 1.337588943484228149074230488091858717, 0.753645952053876378096855980992797556
---------------------------------------------------------------------------------------------------
| Order |                  Error^2                   |                 Efficiency                 |
---------------------------------------------------------------------------------------------------
|   2   | 7.615826105293265101075169323636632888e-69 | 2.864715508157146277809929009224880469e+31 |
|   4   | 1.483928661549924155535185758799776817e-71 | 1.622458159065353490979145173135862305e+30 |
|   6   | 2.816041697755428681613543296051967056e-73 | 2.944424924772923271392795682607881546e+28 |
|   8   | 1.962491056299379627961511842160868813e-10 | 2.788407175093026583231318415226830208e-06 |
---------------------------------------------------------------------------------------------------

Scheme evaluation results:
Order: 8, No. cycles: 20
---------------------------------------------------------------------------------------------------
Vector a: -0.535729405644737916195629791156907172, 0.750446265030659203374012600029120820, 1.285292726094978674668703504064544789, -1.288509525757281397520552475162059064, -0.870259497866099987053802760619804387, 0.696059730509096737905321226841961176, -0.648862062953360256838573141754285207, -0.924741970129947049442574360123395734, 0.942459609888949946707108991317487447, 1.266745500347472505683793008426814694, 0.327098630480269538712193198136522733
Vector b: -1.071458811289475832391259582313074401, 2.572351341350794239139284782372590429, -0.001765889160836889801877774227267237, -2.575253162353725905239227176113092308, 0.834734166621525931131621654871002070, 0.557385294396667544679020798814425685, -1.855109420303388058356167082322767491, 0.005625480043493959471018362067402943, 1.879293739734405933943199620576266181, 0.654197260960539077424386396274513987
---------------------------------------------------------------------------------------------------
| Order |                  Error^2                   |                 Efficiency                 |
---------------------------------------------------------------------------------------------------
|   2   | 6.565312998074893506169906431177903714e-66 | 9.756909816877309243016400980071926270e+29 |
|   4   | 2.973483959636863443632703233565205351e-69 | 1.146165197609694423420665040692714691e+29 |
|   6   | 1.320340591762376738013997168478949689e-70 | 1.359806267100246651306964797550392151e+27 |
|   8   | 2.229423930991168347841827382311174522e-10 | 2.616156410901422549001834262176207896e-06 |
---------------------------------------------------------------------------------------------------

Scheme evaluation results:
Order: 8, No. cycles: 20
---------------------------------------------------------------------------------------------------
Vector a: 0.155356909579640643291611563820626927, 0.315848703929428978895552082918531213, -0.651359593634158682277219136667727032, -0.810451464656423990692863470709903304, 0.795331340464002694615305443520628050, 1.022859303075845712867440394361205257, -0.348142539311943734431243679643019584, -0.098101935708528733149415858339546588, -0.166427585901123161151651125712707159, 0.069845393359678032079286851770523239, 0.715241468803582239953196934681388967
Vector b: 0.310713819159281286583223127642156924, 0.320983588699576671207881038193515847, -1.623702775967894035762319311528550877, 0.002799846655046054376592370108380984, 1.587862834272959334854018516933235018, 0.457855771878732090880862271789303619, -1.154140850502619559743349631075442020, 0.957936979085562093444517914396357511, -1.290792150887808415747820165821762391, 1.430482937607164479906393869362805475
---------------------------------------------------------------------------------------------------
| Order |                  Error^2                   |                 Efficiency                 |
---------------------------------------------------------------------------------------------------
|   2   | 6.927594495302434961144476257529160712e-69 | 3.003646225739547674584992466761181250e+31 |
|   4   | 3.431253400961683983001502231312952354e-71 | 1.066973470663387412399491504415879028e+30 |
|   6   | 5.951529198057785569138750522730267360e-73 | 2.025376383776441011996466867917436218e+28 |
|   8   | 2.246984762213757263558959984369238765e-10 | 2.605913351694195374811739002739775914e-06 |
---------------------------------------------------------------------------------------------------

Scheme evaluation results:
Order: 8, No. cycles: 20
---------------------------------------------------------------------------------------------------
Vector a: 0.381387290393449665558282235524589451, -0.290066994752020751746889140909015331, -0.490465882240064292796969130980790463, 0.262232129026168768828706175114189199, -0.374108208170404280767937042380886385, 0.460576376289362340315397222398865431, -0.002103532463666485707308333149342397, -0.864246667726747258178964760371962875, 0.741988179231849689625155601083281493, 0.931505157163236900781750503767942739, 0.243302153248835704088776669903129136
Vector b: 0.762774580786899331116564471049179575, -1.342908570290940834610342752867213029, 0.361976805810812249016404490905647991, 0.162487452241525288641007859322702312, -0.910703868582333850176881944084456858, 1.831856621161058530807676388882145831, -1.836063686088391502222293055180831293, 0.107570350634896985864363534436944073, 1.376406007828802393385947667729618924, 0.486604306497671408177553339806262509
---------------------------------------------------------------------------------------------------
| Order |                  Error^2                   |                 Efficiency                 |
---------------------------------------------------------------------------------------------------
|   2   | 5.091555562070319028632002321301660929e-69 | 3.503601995033229352668850631652458203e+31 |
|   4   | 2.991292430090952596005819922014448799e-72 | 3.613687399413902127940191962543417969e+30 |
|   6   | 5.656855705250611084232218255775385633e-74 | 6.569502398858262171222404643781653595e+28 |
|   8   | 2.256768165872744287999428268158949180e-10 | 2.600258718349555035257631079520150966e-06 |
---------------------------------------------------------------------------------------------------

Scheme evaluation results:
Order: 8, No. cycles: 20
---------------------------------------------------------------------------------------------------
Vector a: -0.572966397294695326642647822775155539, 0.140241961091162626460066695732610607, 0.815120976834777863782181774481336107, -0.509481803444138358454772778036554486, -0.387831488684693391013514921193752797, 0.638779207938194366031363593644374988, 0.693926953199784544026154468996912115, -0.512494624155359162895894513378042367, -0.810963621197357691443882642723103749, 0.742955258570140528859237002037729005, 0.762713577142184001291709143213646093
Vector b: -1.145932794589390653285295645550203804, 1.426416716771715906205429037015521942, 0.203825236897839821358934511946962351, -1.222788843786116538268480068019758118, 0.447125866416729756241450225632039757, 0.830432549459658975821276961656642088, 0.557421356939910112231031976337132549, -1.582410605250628438022821003093522639, -0.039516637144086944864944282352441405, 1.525427154284368002583418286427627298
---------------------------------------------------------------------------------------------------
| Order |                  Error^2                   |                 Efficiency                 |
---------------------------------------------------------------------------------------------------
|   2   | 1.414949856066673807423299889201217466e-69 | 6.646139978924579364519035301401722656e+31 |
|   4   | 3.396763998220058808945559296513672679e-71 | 1.072376604008244071600050730454574341e+30 |
|   6   | 4.679124701598292504285343237494484740e-73 | 2.284218876841357428657954709627920532e+28 |
|   8   | 2.414229727831243212928339970754645671e-10 | 2.514031633508940941994382021390924235e-06 |
---------------------------------------------------------------------------------------------------

Scheme evaluation results:
Order: 8, No. cycles: 20
---------------------------------------------------------------------------------------------------
Vector a: 0.380825404697976648168348787988262999, -0.219074082240050919090359413687333701, -0.994422715722190150656229447811010296, -0.041141167569379275702084703988989452, 0.851052025285216634310409841999718410, -0.403462179104854859220618174158128313, 0.359122617113844838671780293955222920, -0.002170775171027739057343757932654229, -0.341051802857752141062933100816503283, 1.165848204085312793070406049767090210, 0.244474471482904170568623624684324706
Vector b: 0.761650809395953296336697575976488249, -1.199798973876055134517416403351136969, -0.789046457568325166795042492270749387, 0.706764122429566615390873084292781676, 0.995339928140866653229946599706515419, -1.802264286350576371671182948022661207, 2.520509520578266049014743535932920424, -2.524851070920321527129431051798229426, 1.842747465204817245003564850165406593, 0.488948942965808341137247249368664435
---------------------------------------------------------------------------------------------------
| Order |                  Error^2                   |                 Efficiency                 |
---------------------------------------------------------------------------------------------------
|   2   | 4.502936421946582724743909567393954463e-67 | 3.725564624094825047071549237855359375e+30 |
|   4   | 9.720263339348028221433250457596988609e-71 | 6.339295579424092031856543137815817871e+29 |
|   6   | 2.586170876427575003772198647339901869e-72 | 9.716087508974253208287530700290900230e+27 |
|   8   | 2.460679083402716715689480890526796323e-10 | 2.490190350393661747248526741049382171e-06 |
---------------------------------------------------------------------------------------------------

Scheme evaluation results:
Order: 8, No. cycles: 20
---------------------------------------------------------------------------------------------------
Vector a: -0.615932812478114359877661178261633147, -0.573806975246099764578370838079219870, 0.811521660464912287972992307329798000, 0.149388270685572262771213480844652676, -0.296194562989692779861574043199585183, 1.097672069458973463459231626782097751, 0.759950763878292466227534756757479947, -0.838283970134580682516428965217471699, -0.437939720445808825142629291952405682, 0.665030605236134720864354695669752352, 0.278594671570411210681337449326534759
Vector b: -1.231865624956228719755322356523407658, 0.084251674464029190598580680365025815, 1.538791646465795385347403934294609015, -1.240015105094650859804976972605225373, 0.647625979115265300081828886205981725, 1.547718159802681626836634367358402133, -0.027816632046096694381564853843399925, -1.648751308223064670651293076591625767, 0.772871867331447020366034492686601299, 0.557189343140822421362674898653038606
---------------------------------------------------------------------------------------------------
| Order |                  Error^2                   |                 Efficiency                 |
---------------------------------------------------------------------------------------------------
|   2   | 9.537441205820293465460604437163022303e-68 | 8.095134553832335457211470508196083984e+30 |
|   4   | 8.023871113473092577002159824809341482e-71 | 6.977310422963127088364426505849017334e+29 |
|   6   | 1.491657148548858123027839414332534716e-72 | 1.279338645932615595188055539477610016e+28 |
|   8   | 2.505863098579297537433493530450068975e-10 | 2.467637516163447160448619732001856338e-06 |
---------------------------------------------------------------------------------------------------

Scheme evaluation results:
Order: 8, No. cycles: 20
---------------------------------------------------------------------------------------------------
Vector a: -0.587830087319871238657088743115067985, -0.260402583626362992241418411223761476, 0.670230606794532362982878420776375741, 0.688839713575742612923074421476554216, -0.150029823500325502272543799139928281, -1.171150377203054676982344985728252043, 0.049789880230706811847524263783379472, 1.912491072089508216335802500927425747, -0.001081380801600706175500049898888463, -0.669777824835833160035113525451076279, 0.518920804596558272274729907593239473
Vector b: -1.175660174639742477314177486229884251, 0.654855007387016492831340663781313690, 0.685606206202048233134416177772053896, 0.692073220949436992711732665180752935, -0.992132867950087997256820263461294550, -1.350167886456021356707869707995724048, 1.449747646917434980402918235562677583, 2.375234497261581452268686766296071416, -2.377397258864782864619686866093849233, 1.037841609193116544549459815187882756
---------------------------------------------------------------------------------------------------
| Order |                  Error^2                   |                 Efficiency                 |
---------------------------------------------------------------------------------------------------
|   2   | 5.548233458015550133325487207141132268e-67 | 3.356314469069883845252424392910565918e+30 |
|   4   | 5.343248611154779048838718184717634993e-69 | 8.550220731550562481057098140918882751e+28 |
|   6   | 7.355015668467089010533679220925829374e-70 | 5.761402608239617965799312777745960355e+26 |
|   8   | 2.453467853266188327783484034111237329e-10 | 2.493847247708800797494121016919282568e-06 |
---------------------------------------------------------------------------------------------------

Scheme evaluation results:
Order: 8, No. cycles: 20
---------------------------------------------------------------------------------------------------
Vector a: 0.315735490431975587038863692195040603, -0.257484078985079970296468601972388720, 0.067779183391945275617320465901746521, 0.689646548701858806040023450733035192, -0.786561013772436451410995563342379408, -0.451969043518116454424086965676303231, 0.475466128627491753116484995792387261, -0.444595530670355750541542317495377375, 0.292888973320915405895039413043083100, 0.964402104471693369222074434411138278, 0.134691238000108429743286996410017827
Vector b: 0.631470980863951174077727384390032287, -1.146439138834111114670664588334537883, 1.281997505618001665905305520137981428, 0.097295591785715946174741381327929947, -1.670417619330588848996732508012670973, 0.766479532294355940148558576659943081, 0.184452724960627566084411414925028247, -1.073643786301339067167496049915960303, 1.659421732943169878957574876002208163, 0.269382476000216859486573992820045957
---------------------------------------------------------------------------------------------------
| Order |                  Error^2                   |                 Efficiency                 |
---------------------------------------------------------------------------------------------------
|   2   | 4.176931975108821079513581272921993959e-69 | 3.868221259338593506575152473768948047e+31 |
|   4   | 1.370801762413031006498324858478581823e-71 | 1.688078700999011085878830273061765381e+30 |
|   6   | 1.728401702213415321206342399776368222e-73 | 3.758353994611954042851661311078458023e+28 |
|   8   | 2.544339584068994005098095125857608425e-10 | 2.448908154660903357575756539559172634e-06 |
---------------------------------------------------------------------------------------------------

Scheme evaluation results:
Order: 8, No. cycles: 20
---------------------------------------------------------------------------------------------------
Vector a: 0.202399569826082257010385892530527537, -0.574455794935402893351185510317656328, 0.212176930267366698634555652374853814, 0.962663899102091680313125740761766872, -0.824191129865744612953417466504723142, 0.123444241232912505180518954965136281, -0.099168440291041214449076625408349512, -0.957013389213908972653167396908909439, 0.693343002022841287474680656847241367, 0.945361043814307680510708211499547612, 0.315440068040495584282871890160565010
Vector b: 0.404799139652164514020771785060417591, -1.553710729522970300723142805695276883, 1.978064590057703697992254110445201082, -0.052736791853520337366002628922388051, -1.595645467877968888540832304086133239, 1.842533950343793898901870214016400455, -2.040870830925876327800023464833216672, 0.126844052498058382493688671015561692, 1.259841951547624192455672642678419530, 0.630880136080991168565743780321014465
---------------------------------------------------------------------------------------------------
| Order |                  Error^2                   |                 Efficiency                 |
---------------------------------------------------------------------------------------------------
|   2   | 3.341545580087056863610865018337595167e-69 | 4.324802843945469134560592242176867969e+31 |
|   4   | 8.542759756002543112318173081052350449e-72 | 2.138360486768456506157643334514959229e+30 |
|   6   | 3.785961712854461242909894622755356659e-73 | 2.539404689044726780940973385932477570e+28 |
|   8   | 2.543865008321186977044444808729003162e-10 | 2.449136574450532310078905733496803656e-06 |
---------------------------------------------------------------------------------------------------

Scheme evaluation results:
Order: 8, No. cycles: 20
---------------------------------------------------------------------------------------------------
Vector a: 0.331673237410870878912806959697958166, 0.516705893963937828020454706937283053, -0.543354626943597700566467864489273388, -0.617212827042846960950620265132041845, 0.151302494667660382981138483012249731, -0.382089366787183462196750382873982700, 0.278957757296568040136011557602783272, 0.058099001520005081947169090718232430, -0.406399583270294950603824732885368867, 0.924497298346087513179746850352514821, 0.687820720838793349140335597059645277
Vector b: 0.663346474821741757825613919395783058, 0.370065313106133898215295494478975014, -1.456774566993329299348231223457669364, 0.222348912907635377446990693192479829, 0.080256076427685388515286272836071308, -0.844434810002052312908787038586782915, 1.402350324595188393180810153792347629, -1.286152321555178229286471972355862643, 0.473353155014588328078822506585279032, 1.375641441677586698280671194119378955
---------------------------------------------------------------------------------------------------
| Order |                  Error^2                   |                 Efficiency                 |
---------------------------------------------------------------------------------------------------
|   2   | 1.003369241933999730320010417430367329e-68 | 2.495799060094168483699121515411978516e+31 |
|   4   | 2.505345588898054310268880366316905675e-71 | 1.248665742112869605322588762658762573e+30 |
|   6   | 3.252602379667792141064025636797114739e-73 | 2.739709642952379220572992146838578033e+28 |
|   8   | 2.585111234991325885066005884288927577e-10 | 2.429519656311868805523021627621287881e-06 |
---------------------------------------------------------------------------------------------------

Scheme evaluation results:
Order: 8, No. cycles: 20
---------------------------------------------------------------------------------------------------
Vector a: 0.376576605311793498310690997320306001, -0.763270727748988431346497675651997202, -0.001039994987037111101334300321077666, 0.443699273158267761740271063906531547, -0.370302427894996706965985224596227480, -0.197141226805229096822971043470636826, -0.613870050711333648661910670125068331, 0.051840937720588622004652828423670571, 0.866875862362489258543008454261596617, 0.964871743675361144424544826792583842, 0.241760005919084709875530743460318847
Vector b: 0.753153210623586996621381994640579647, -2.279694666121563859314377345944994481, 2.277614676147489637111708745302850911, -1.390216129830954113631166617489341195, 0.649611274040960699699196168297065636, -1.043893727651418893345138255238254980, -0.183846373771248403978683085010967972, 0.287528249212425647987988741858118977, 1.446223475512552869098028166664122270, 0.483520011838169419751061486920821235
---------------------------------------------------------------------------------------------------
| Order |                  Error^2                   |                 Efficiency                 |
---------------------------------------------------------------------------------------------------
|   2   | 1.002019040183346667506014807744095960e-65 | 7.897725258444023892569181724436132812e+29 |
|   4   | 2.141150761101393097305067568272973561e-70 | 4.271263786048460382189047732118245850e+29 |
|   6   | 5.882667392417436699748934047450186776e-72 | 6.442180353442129262627812363599712372e+27 |
|   8   | 2.614595601929633451750281896653138346e-10 | 2.415782169773923212449175693208286989e-06 |
---------------------------------------------------------------------------------------------------

Scheme evaluation results:
Order: 8, No. cycles: 20
---------------------------------------------------------------------------------------------------
Vector a: 0.392334308831331078476923184363967839, 0.510773890525579507472435522282903328, -0.530071024568081504374570806419962903, -0.743369801063900031072101125716756424, 0.302099340698564514835921777720007919, 0.632398758789604148113056886328751138, -0.686922708596921058027673552574119154, -0.013491989938626553635029187146286220, 0.260739650615452601228494863724722152, 0.113689141687342929121637904251430928, 0.761820433019654367860904533185341488
Vector b: 0.784668617662662156953846368727981805, 0.236879163388496857991024675837786259, -1.297021212524659866740166288677653975, -0.189718389603140195404035962755873076, 0.793917071000269225075879518195885495, 0.470880446578939071150234254461560255, -1.844725863772781187205581359609707562, 1.817741883895528079935522985317129429, -1.296262582664622877478533257867727977, 1.523640866039308735721809066370619227
---------------------------------------------------------------------------------------------------
| Order |                  Error^2                   |                 Efficiency                 |
---------------------------------------------------------------------------------------------------
|   2   | 3.622271631530684947003647716355116712e-71 | 4.153837486827862102824397063376076875e+32 |
|   4   | 5.349394799592068663189713143611352781e-71 | 8.545307430780891121115825521048253174e+29 |
|   6   | 8.783161541507499006938318437975176622e-73 | 1.667226446845585220863218078699146652e+28 |
|   8   | 2.619175402448244681240487368637004239e-10 | 2.413669168654862284409993784617650632e-06 |
---------------------------------------------------------------------------------------------------

Scheme evaluation results:
Order: 8, No. cycles: 20
---------------------------------------------------------------------------------------------------
Vector a: 0.395855002424515404853322925240671734, -0.216970490554346786176589528052666153, -0.977883220566530803861590286180151576, -0.063652311429019463554400413630826431, 0.775326188979544641872229081994654967, -0.301744221671309458594683287348564955, 0.037377220992827287954956381135612515, 1.084104386961059471296021567474674258, -0.948366458471789030153964986258222476, -0.001737363306383762970348338442607528, 1.217691266641432499335046884067425603
Vector b: 0.791710004849030809706645850481360127, -1.225650985957724382059824906586718867, -0.730115455175337225663355665773588811, 0.602810832317298298554554838511942328, 0.947841545641790985189903325477359518, -1.551329988984409902379269900174442820, 1.626084430970064478289182662445677166, 0.542124342952054464302860472503626957, -2.438857259895632524610790445020090301, 2.435382533282864998670093768134874703
---------------------------------------------------------------------------------------------------
| Order |                  Error^2                   |                 Efficiency                 |
---------------------------------------------------------------------------------------------------
|   2   | 4.935345097960558240292470013533846520e-69 | 3.558616973594282182246230503496271875e+31 |
|   4   | 3.314520037836183393889079990453851913e-71 | 1.085599645680040690108126541194214722e+30 |
|   6   | 6.418711372214174645593650613100317776e-72 | 6.167314594434636326609981405038475990e+27 |
|   8   | 2.652148352944554956105619098204369129e-10 | 2.398618218144742815215915331926399257e-06 |
---------------------------------------------------------------------------------------------------

Scheme evaluation results:
Order: 8, No. cycles: 20
---------------------------------------------------------------------------------------------------
Vector a: 0.825234990510114866223667434351029633, -0.201895236031789129350243181706740594, -0.007729879425971546895397283574566096, 0.242487721980489125892979283014784478, -1.235732040910730737109530343057711235, -0.130550790878253979925357104763711950, -0.305171810828989647161859749498678812, -0.079322613699563291253182098962488374, 0.861278787713551064580899161738952856, 0.669280918629117274635803102418132847, 0.362119952942026000362220780040997248
Vector b: 1.650469981020229732447334868702020555, -2.054260453083807991147821232115411610, 2.038800694231864897357026664966280763, -1.553825250270886645571068098936813254, -0.917638831550574828647992587178547008, 0.656537249794066868797278377651157728, -1.266880871452046163120997876648536536, 1.108235644052919580614633678723573462, 0.614321931374182548547164644754316457, 0.724239905884052000724441560081959445
---------------------------------------------------------------------------------------------------
| Order |                  Error^2                   |                 Efficiency                 |
---------------------------------------------------------------------------------------------------
|   2   | 2.735403700945790871291642118602020824e-66 | 1.511573583748016134382725037616503906e+30 |
|   4   | 2.339906998695758683691559224584207077e-70 | 4.085834010179583769354519173560751953e+29 |
|   6   | 2.451169413306845604067068787167130881e-71 | 3.155973600249480210664095816256610870e+27 |
|   8   | 2.653589028256424678945673658237752136e-10 | 2.397967005924415690836580354480180546e-06 |
---------------------------------------------------------------------------------------------------

Scheme evaluation results:
Order: 8, No. cycles: 20
---------------------------------------------------------------------------------------------------
Vector a: -0.566664073355287263911587054946906753, -0.532845236975675904344522142914574202, 0.502694862809659007720116898709468459, -0.378044061463914470012559913342385686, 0.184210672477343344382690775598043215, 1.026694116598085393519877368601333710, -1.043240784196952939431264620249732301, -0.163997479030565809616418429954966788, 1.135156754696689688775708113498656196, 0.548192660872070790453623117609562184, 0.287842567568548162464335887391501942
Vector b: -1.133328146710574527823174109892901964, 0.067637672759222719134129824063565203, 0.937752052860095296306103973355410714, -1.693840175787924236331223800038996579, 2.062261520742610925096605351235471469, -0.008873287546440138056850614031936017, -2.077608280847465740805678626468379639, 1.749613322786334121572841766558109458, 0.520700186607045255978574460436697204, 0.575685135137096324928671774782960262
---------------------------------------------------------------------------------------------------
| Order |                  Error^2                   |                 Efficiency                 |
---------------------------------------------------------------------------------------------------
|   2   | 2.653313970096226723680171952230122992e-69 | 4.853395541531892406744553373244957031e+31 |
|   4   | 8.997798786276984992074209929795154479e-70 | 2.083588150183312157456385804362127075e+29 |
|   6   | 8.785940134282007073151048406523809151e-71 | 1.666962792096553177080416855037093163e+27 |
|   8   | 2.663821261929334249765573172915231456e-10 | 2.393357055769088349425514240657544726e-06 |
---------------------------------------------------------------------------------------------------

Scheme evaluation results:
Order: 8, No. cycles: 20
---------------------------------------------------------------------------------------------------
Vector a: -1.421850195050665633622087535735396939, -0.000493174999120358841753047498798217, 1.501573994755210127401629780749621362, 0.877919331348092958587748038323756318, 0.069821105532725065002908835488188262, -0.676035073636745934312358926641036970, 0.647548182403822955972959054790904857, -0.119572954618244022891357226349624518, -0.621376005979502858858786223968641565, 0.418181871906017357457721162314076570, 0.324282918338410344103376088526950945
Vector b: -2.843700390101331267244175071441245106, 2.842714040103090549560668976443472574, 0.160433949407329705242590585389189863, 1.595404713288856211932905490865255133, -1.455762502223406081927087819878188133, 0.103692354949914213302369966595175676, 1.191404009857731698643548142992626173, -1.430549919094219744426262595706486445, 0.187797907135214026708690147682514513, 0.648565836676820688206752177057685764
---------------------------------------------------------------------------------------------------
| Order |                  Error^2                   |                 Efficiency                 |
---------------------------------------------------------------------------------------------------
|   2   | 8.099214632249403476567859107736506858e-64 | 8.784530491467248092511413274938250732e+28 |
|   4   | 2.712929123821040847453651724921285599e-67 | 1.199943488668930743673128702324197388e+28 |
|   6   | 2.241717773647248956767132855397888271e-68 | 1.043589157826156185686383482361994535e+26 |
|   8   | 2.771518081441731648219941598016462488e-10 | 2.346395281069478259109932261273514503e-06 |
---------------------------------------------------------------------------------------------------

Scheme evaluation results:
Order: 8, No. cycles: 20
---------------------------------------------------------------------------------------------------
Vector a: -0.623008962159820133575097563023405746, 0.216731742940325184068823440237707380, 0.048462628674120411069500222061485678, -0.464150750327231553863582042226921835, 1.367560785368539835470039474043206674, -0.007811980179816290043796070035424838, -1.298409252305908631624366226633598311, 0.238477025521538864498996370252245764, 0.737709894651520053293762977899758412, 0.516753962045183795339558301772457087, 0.267684905771548465366161115652489750
Vector b: -1.246017924319640267150195126046762959, 1.679481410200290635287842006522138431, -1.582556152852049813148841562399182507, 0.654254652197586705421677477945399791, 2.080866918539492965518401470140820675, -2.096490878899125545605993610211667465, -0.500327625712691717642738843055317786, 0.977281676755769446640731583559779365, 0.498138112547270659946794372239785318, 0.535369811543096930732322231305007137
---------------------------------------------------------------------------------------------------
| Order |                  Error^2                   |                 Efficiency                 |
---------------------------------------------------------------------------------------------------
|   2   | 1.156410218366171169330914533446371010e-68 | 2.324791710475412638487723387315344531e+31 |
|   4   | 7.480441934377485667838648711112998899e-71 | 7.226306687568173142096877284038009033e+29 |
|   6   | 3.255573356590878303365855813499665932e-72 | 8.659768519256864369426063581904151917e+27 |
|   8   | 2.879702668921071415140654267487894385e-10 | 2.301898713705180014853165754962947052e-06 |
---------------------------------------------------------------------------------------------------

Scheme evaluation results:
Order: 8, No. cycles: 20
---------------------------------------------------------------------------------------------------
Vector a: 0.024675098598352886893477297759528998, -0.531313769954238474213653402560969972, -0.354526268788002228378282271458465112, 0.352513135795739330359516313806035339, 0.314756990425577458107636221387146189, 0.903168249078407767033353949162061284, -0.023573344408008606048529177301150086, -1.379324643911025206300447657313618876, 0.074742591433362387289436423593506690, 1.154957028991116583121230796896451245, 0.463924932738718102136261506029474333
Vector b: 0.049350197196705773786954595497117790, -1.111977737105182722214261400596321277, 0.402925199529178265457696857678555921, 0.302101072062300395261335769932794460, 0.327412908788854520953936672843346281, 1.478923589367961013112771225480193597, -1.526070278183978225209829580082555989, -1.232579009638072187391065734545374906, 1.382064192504796961969938581732662104, 0.927849865477436204272523012059582104
---------------------------------------------------------------------------------------------------
| Order |                  Error^2                   |                 Efficiency                 |
---------------------------------------------------------------------------------------------------
|   2   | 9.055679078826712367509119290887791781e-72 | 8.307674973655724205648794126752153750e+32 |
|   4   | 1.521955438931716014109686943322059537e-71 | 1.602061002251987271771472532346188477e+30 |
|   6   | 1.032032937544480000789450780544476249e-72 | 1.538059891128007981287027379911043167e+28 |
|   8   | 2.875465720382995710268143497952920148e-10 | 2.303593993227496980920868122463012168e-06 |
---------------------------------------------------------------------------------------------------

Scheme evaluation results:
Order: 8, No. cycles: 20
---------------------------------------------------------------------------------------------------
Vector a: 0.708600758759258841479551558772692832, 0.710765076442326545221748138465000983, -0.596381780821842287134486468866348378, -0.429626988505763352618712173859097223, 0.488508266575761270902618638048011542, -0.494432268146539214234888027273395883, -0.395564330661751270864351570226459310, 0.518052457936139791729614190251297180, -0.499654927008796666527844198400426128, 0.195241722273836229902237872416388475, 0.794492013157370112144512040672336030
Vector b: 1.417201517518517682959103117545335397, 0.004328635366135407484393159384311258, -1.197092197009819981753366097116635708, 0.337838219998293276515941749398470778, 0.639178313153229265289295526697563333, -1.628042849446307693759071581244400743, 0.836914188122805152030368440791522279, 0.199190727749474431428859939711076461, -1.198500581767067764484548336511940320, 1.588984026314740224289024081344697289
---------------------------------------------------------------------------------------------------
| Order |                  Error^2                   |                 Efficiency                 |
---------------------------------------------------------------------------------------------------
|   2   | 1.159126922089819183041167269233637348e-69 | 7.343016637207168931428032607349398438e+31 |
|   4   | 7.720320152163788961753380020454142797e-72 | 2.249377580180767782937974126929602539e+30 |
|   6   | 1.123427890081440428051547282367518603e-72 | 1.474169512687573766475364302658394432e+28 |
|   8   | 3.000999235579124383866596775890266592e-10 | 2.254898991070413655066181643809816162e-06 |
---------------------------------------------------------------------------------------------------

Scheme evaluation results:
Order: 8, No. cycles: 20
---------------------------------------------------------------------------------------------------
Vector a: 0.213235246036944939832501898043912935, 0.607800948526760397374698866023070222, -0.315748337730328213197068541628027141, -1.099519560462893177687339724768993811, 0.011821653705656143554648675652594243, 1.170533876006062012124942904611274374, 0.113895496902699664822496393932134572, -0.178772547322377533691732977157157577, -1.598664713707420594548243819766288045, -0.000042716747551698120569068708067317, 2.075460654792448059535665393765547439
Vector b: 0.426470492073889879665003796088176967, 0.789131404979630915084393935961571707, -1.420628080440287341478531019221898954, -0.778411040485499013896148430365371578, 0.802054347896811301005445781671073842, 1.539013404115312723244440027602642917, -1.311222410309913393599447239736052594, 0.953677315665158326215981285415995136, -4.151006743079999515312468924998010715, 4.150921309584896119071330787581873176
---------------------------------------------------------------------------------------------------
| Order |                  Error^2                   |                 Efficiency                 |
---------------------------------------------------------------------------------------------------
|   2   | 2.271888767296045598760687847697929202e-67 | 5.245011883719406379591451862392426758e+30 |
|   4   | 3.387800290881876430375532691715582966e-68 | 3.395635903059688080835931179936318588e+28 |
|   6   | 7.506622754414222956478568755340385140e-68 | 5.702925924433809223313425774879989773e+25 |
|   8   | 3.209909082874107930322610326664966094e-10 | 2.180287017805078556654454523541448219e-06 |
---------------------------------------------------------------------------------------------------

Scheme evaluation results:
Order: 8, No. cycles: 20
---------------------------------------------------------------------------------------------------
Vector a: -1.092257375298159778946288286335940420, 0.034940473804818597481446603960060137, 0.568458376128364079894081349019793696, -0.387925642717083320972642093699829538, 0.374781439015037253885637951116545576, 0.348796689967520378069189843949878179, 1.260368167758268639398160259039896354, -0.030817286711728240746243815261368765, -1.139214879304909382267319507801177632, 0.535005765656472586168249461036306261, 0.527864271701399188035728234975836068
Vector b: -2.184514750596319557892576572673196635, 2.254395698205956752855469780594652867, -1.117478945949228593067307082551711082, 0.341627660515061951122022895148390428, 0.407935217515012556649253007089266623, 0.289658162420028199489126680801537580, 2.231078173096509079307193837284526390, -2.292712746519965560799681467808465665, 0.014282987910146796265042452161004354, 1.055728543402798376071456469953995000
---------------------------------------------------------------------------------------------------
| Order |                  Error^2                   |                 Efficiency                 |
---------------------------------------------------------------------------------------------------
|   2   | 2.415932926563402699034471653698435862e-65 | 5.086248470492784366641680303806757202e+29 |
|   4   | 3.370773138051434094445452556673907815e-69 | 1.076503026576775855023206430550024109e+29 |
|   6   | 5.351179253317370399744461489431473828e-70 | 6.754532200771439525845947064345927238e+26 |
|   8   | 3.166491635978030913860340853331984716e-10 | 2.195183663760562471422169137427491846e-06 |
---------------------------------------------------------------------------------------------------

Scheme evaluation results:
Order: 8, No. cycles: 20
---------------------------------------------------------------------------------------------------
Vector a: 0.403743036243080890213844131134729121, -0.210199172373152878701891021549661575, -0.969771308487082253385592291858507455, 1.091033880135448434701696954739768641, -0.000497381802601696665337314432295179, -1.171976198678249228125879867447169879, 0.756246554879850152683122962453891177, -0.304336555355676336892359143899256294, 0.031162484185509788190239516473896355, 1.095478046271630009018433078156300908, 0.279116614981243118963722996228304226
Vector b: 0.807486072486161780427688262269491657, -1.227884417232467537831470305368667089, -0.711658199741696968939714278348305355, 2.893725960012593838343108187828546660, -2.894720723617797231673782816693135765, 0.550768326261298775422023081798078791, 0.961724783498401529944222843109655222, -1.570397894209754203728941130908601914, 1.632722862580773780109420163856360831, 0.558233229962486237927445992456577059
---------------------------------------------------------------------------------------------------
| Order |                  Error^2                   |                 Efficiency                 |
---------------------------------------------------------------------------------------------------
|   2   | 9.535630070004528122987102613304844745e-69 | 2.560149410034586329847533034666483594e+31 |
|   4   | 5.543375581422209225476151162796532188e-70 | 2.654561950757212900431985112273673096e+29 |
|   6   | 8.633827196184440785561363390595056808e-71 | 1.681583161699897584404307017131168365e+27 |
|   8   | 3.267340053101811749360311974141398294e-10 | 2.161040302470720190745372116734063512e-06 |
---------------------------------------------------------------------------------------------------

Scheme evaluation results:
Order: 8, No. cycles: 20
---------------------------------------------------------------------------------------------------
Vector a: -0.787393556529111274532402299963656909, 0.204783241439087552468378577560144255, 0.133040531872037026268675183933396900, -0.358979855854490550427029533210001797, 0.673400193080626231258380065988527987, 0.937090122785784459461108307955014865, -0.297989144290800841781761434157772517, -0.056424454533670267366536311980459757, 0.289721467931860669081400290766147418, -0.226469053836711194135921040324685944, 0.489220507935388189705708193433345445
Vector b: -1.574787113058222549064804599927601167, 1.984353595936397654001561755047409590, -1.718272532192323601464211387180580112, 1.000312820483342500610152320761135038, 0.346487565677909961906607811216398999, 1.527692679893658957015608804693604394, -2.123670968475260640579131673008497019, 2.010822059407920105846059049047567358, -1.431379123544198767683258467515768160, 0.978441015870776379411416386866331127
---------------------------------------------------------------------------------------------------
| Order |                  Error^2                   |                 Efficiency                 |
---------------------------------------------------------------------------------------------------
|   2   | 7.628504056003622498389682090643875796e-68 | 9.051495043430974864516637981449514648e+30 |
|   4   | 2.462454921386033260481361588425493771e-70 | 3.982867629658489653505742836027817993e+29 |
|   6   | 1.294299032426488806883314308973927264e-71 | 4.343128837537218747104118571202908993e+27 |
|   8   | 3.295526115107423580236573833556366852e-10 | 2.151778956247240646967146378094626338e-06 |
---------------------------------------------------------------------------------------------------

Scheme evaluation results:
Order: 8, No. cycles: 20
---------------------------------------------------------------------------------------------------
Vector a: -0.592642510073571415548695503521975431, -0.203386966431247821003235858999448997, 1.317479192157796873427617483194328251, -0.022372465069423181495417659693697145, -0.700884584226961496982505048484577593, -0.401350264423087070851361533037300010, 0.182726682895954003455880716912318641, 0.082088248031919548618670053065645626, -0.133684696554340774247700342711303308, 1.045021447891838524731344998664996255, 0.427005915801122809895402694611013766
Vector b: -1.185285020147142831097391007043813158, 0.778511087284647189090919289044751026, 1.856447297030946557764315677344100284, -1.901192227169792920755150996731513269, 0.499423058715869926790140899762214553, -1.302123587562044068492863965836956081, 1.667576953353952075404625399661739684, -1.503400457290112978167285293530484302, 1.236031064181431429671884608107793763, 0.854011831602245619790805389222167355
---------------------------------------------------------------------------------------------------
| Order |                  Error^2                   |                 Efficiency                 |
---------------------------------------------------------------------------------------------------
|   2   | 8.376503147914708939945935344071207397e-69 | 2.731546705062123706221003747639882812e+31 |
|   4   | 3.878731292942769574599120821272837378e-71 | 1.003541115333855040213808590846230713e+30 |
|   6   | 3.472907834680076681378571270850641346e-72 | 8.384427177130413354303540010796643257e+27 |
|   8   | 3.346514361531422860766860742910170372e-10 | 2.135323541688815087674997709829940120e-06 |
---------------------------------------------------------------------------------------------------

Scheme evaluation results:
Order: 8, No. cycles: 20
---------------------------------------------------------------------------------------------------
Vector a: 0.143021500651723948562399130990779787, 0.350755587167650617065107464027309846, -0.627667337663328555940755703493635458, -0.627471008198119474273915973371575349, 1.053919565549503025614309450820704776, -0.021224629374195937794585344446295334, -0.760944821600925275357292516757165489, -0.192802890720345757158832313113435570, 0.559136633632233110278123093272255788, 0.990742941125010552162226166903666089, 0.132534459430793746843216545167390869
Vector b: 0.286043001303447897124798261980813710, 0.415468173031853337005416666074771163, -1.670802848358510448886928073062212716, 0.415860831962271500339096126318914203, 1.691978299136734550889522775322639698, -1.734427557885126426478693464215229553, 0.212537914683275875764108430700806900, -0.598143696123967390081773056927720797, 1.716416963388433610638019243472361122, 0.265068918861587493686433090334856174
---------------------------------------------------------------------------------------------------
| Order |                  Error^2                   |                 Efficiency                 |
---------------------------------------------------------------------------------------------------
|   2   | 2.338629122106998468909230056871772227e-69 | 5.169628464217396116617885108101835938e+31 |
|   4   | 3.586027359338664581799826274857315995e-71 | 1.043694075022969553418906300683035400e+30 |
|   6   | 1.191020356053115860354222132979811590e-72 | 1.431727721342805124464076536801456070e+28 |
|   8   | 3.370154400871729036096617560497991752e-10 | 2.127821219812326219872038927047227083e-06 |
---------------------------------------------------------------------------------------------------

Scheme evaluation results:
Order: 8, No. cycles: 20
---------------------------------------------------------------------------------------------------
Vector a: 0.153134001009632751413901565853088374, -0.288250691774974967720804308497746120, -0.350809755487124306368309226210531077, 0.808591933110284240224216693216971745, 0.223552748374526769037066634311184052, -0.301374918264878754591875765712063912, -0.528181151049300983264042569788659257, -0.608587120316327884169316364202952305, 0.650242828095861458527562694931128851, 0.889620797245897366257779745195783272, 0.352061329056404310653820900903796423
Vector b: 0.306268002019265502827803131706161919, -0.882769385569215438269411748701615206, 0.181149874594966825532793296280552860, 1.436033991625601654915640090153370987, -0.988928494876548116841506821531006301, 0.386178658346790607657755290106869906, -1.442540960445392574185840429684185532, 0.225366719812736805847207701278283715, 1.075118936378986111207917688583977551, 0.704122658112808621307641801807590053
---------------------------------------------------------------------------------------------------
| Order |                  Error^2                   |                 Efficiency                 |
---------------------------------------------------------------------------------------------------
|   2   | 8.784008706461910996483845712161158027e-70 | 8.435165925677879186017402975986009375e+31 |
|   4   | 2.469529670666366629518478087871499858e-72 | 3.977158445387480295364377640981581055e+30 |
|   6   | 5.204649442250480694339189215417914576e-74 | 6.848954554318840212336877572584548950e+28 |
|   8   | 3.398116171174490120605438071320474438e-10 | 2.119048631252404270600022148361794057e-06 |
---------------------------------------------------------------------------------------------------

Scheme evaluation results:
Order: 8, No. cycles: 20
---------------------------------------------------------------------------------------------------
Vector a: 0.273119133068102784783737038955631100, -0.391539627553080281507059922372793044, 0.631268984565097168192601088722052248, -0.001296433813488543149260390404851667, -0.650192176149365804520314487221360141, 0.946622907302410228513852974540585332, -0.487103747047866211268991089451168987, 0.041889298417545990823434428087589597, 0.191238781811902142185006577183288453, -0.095676144353387394680967089850238699, 0.541669023752129920627960871811265765
Vector b: 0.546238266136205569567474077911384112, -1.329317521242366132581593922661401188, 2.591855490372560468966796100105362973, -2.594448357999537555265316880915072961, 1.294064005700805946224687906472690679, 0.599181808904014510803018042612416201, -1.573389302999746933341000221516160201, 1.657167899834838914987869077691380441, -1.274690336211034630617855923324209915, 1.083338047504259841255921743623609859
---------------------------------------------------------------------------------------------------
| Order |                  Error^2                   |                 Efficiency                 |
---------------------------------------------------------------------------------------------------
|   2   | 2.354476560494945215552371015630825863e-69 | 5.152201302053985525915605000236507031e+31 |
|   4   | 1.869237194230080266719143109877883348e-70 | 4.571385119946631065592767568319841919e+29 |
|   6   | 1.993761039900128370835066525826559288e-71 | 3.499318505179835809988975657074038982e+27 |
|   8   | 3.461579465933788338769451867909723854e-10 | 2.099533853417243628175598868467543170e-06 |
---------------------------------------------------------------------------------------------------

Scheme evaluation results:
Order: 8, No. cycles: 20
---------------------------------------------------------------------------------------------------
Vector a: 0.196977107178983003389418515126461700, -0.459603714205626442597340240215995311, 0.227661386480601001632901084020721565, 0.850430380099530320896101226989297081, -0.933023977725808453369829522487948525, -0.801048401010307328637831109621243913, 0.569213530323354450017642661681086374, -0.170937803839810229820827290245078191, 0.116733728490565083088250299562991300, 1.081159538956213680159897413093047706, 0.322438225252304915241616962096660178
Vector b: 0.393954214357966006778837030252938085, -1.313161642769218891973517510684960292, 1.768484415730420895239319678726423211, -0.067623655531360253447117224747858059, -1.798424299920256653292541820228010994, 0.196327497899641996016879600985522711, 0.942099562747066904018405722376649098, -1.283975170426687363660060302866812655, 1.517442627407817529836560901992788153, 0.644876450504609830483233924193320741
---------------------------------------------------------------------------------------------------
| Order |                  Error^2                   |                 Efficiency                 |
---------------------------------------------------------------------------------------------------
|   2   | 2.834427551672760971030354338047878827e-69 | 4.695775528836770166141509098249332812e+31 |
|   4   | 3.079726796095119708969776165089524890e-72 | 3.561425971678647074556160889676400391e+30 |
|   6   | 1.921958058865215098644912320340941564e-73 | 3.564085163392578866048563781889605331e+28 |
|   8   | 3.475047255970346144786693680356199433e-10 | 2.095461458320093455940788914187868339e-06 |
---------------------------------------------------------------------------------------------------

Scheme evaluation results:
Order: 8, No. cycles: 20
---------------------------------------------------------------------------------------------------
Vector a: -0.620240854836863489988807473213705041, -0.075878938883137055727746929133958080, 1.266153136167396227981759945195887533, 0.177887686169547811359087328294827835, -1.198776207478815239126615557086964370, -0.399825342184046258334345287601970164, 0.636016364935368164649171805368481341, -1.160419792874224041896126050488191928, -0.000198342914680501215995892316796236, 1.958236387771859544599130938933535571, 0.417045904127594837700487172048853284
Vector b: -1.240481709673726979977614946409455792, 1.088723831907452868522121088144534116, 1.443582440427339587441398802227917518, -1.087807068088243964723224145640540512, -1.309745346869386513530006968536430235, 0.510094662501293996861316393326667339, 0.761938067369442332437027217419816178, -3.082777653117890416229279318428831739, 3.082380967288529413797287533795261399, 0.834091808255189675400974344101061537
---------------------------------------------------------------------------------------------------
| Order |                  Error^2                   |                 Efficiency                 |
---------------------------------------------------------------------------------------------------
|   2   | 2.278177936416290750499922931045450773e-65 | 5.237767154575394889987773706622631226e+29 |
|   4   | 1.414716300906056802077962080763256190e-67 | 1.661672140269601384844012138791749763e+28 |
|   6   | 1.277439204822040891124448245412946880e-68 | 1.382451505270310056702379739496106356e+26 |
|   8   | 3.516480787797241541220637530191979042e-10 | 2.083079812862397725314643231207885410e-06 |
---------------------------------------------------------------------------------------------------

Scheme evaluation results:
Order: 8, No. cycles: 20
---------------------------------------------------------------------------------------------------
Vector a: 0.685273268357157140353033312489226224, 0.040188475578957997476681180747540949, -2.130902493796698092340509427013508335, -0.000138313658311715288076046330270073, 0.923215450584796020562727015963068760, -0.625250612666592477713032687077736320, 0.059354816304575968394464002169121032, 0.569581623974404081628085734937967049, 0.712162919442255847714503057908487258, 0.515618826771542113896341817723371204, 0.250896039107913115315782038482732349
Vector b: 1.370546536714314280706066624974962085, -1.290169585556398285752704263479565888, -2.971635402036997898928314590535094593, 2.971358774720374468352162497874545259, -1.124927873550782427226708465954965531, -0.125573351782402528199356908211653958, 0.244282984391554464988284912553594409, 0.894880263557253698267886557329038483, 0.529445575327257997161119558483553869, 0.501792078215826230631564076965585936
---------------------------------------------------------------------------------------------------
| Order |                  Error^2                   |                 Efficiency                 |
---------------------------------------------------------------------------------------------------
|   2   | 2.019283316095898105282731217814401517e-65 | 5.563414014168883046570258893145591431e+29 |
|   4   | 1.000298314357322025238780554911463774e-67 | 1.976128805786939342057740376171558380e+28 |
|   6   | 1.222079491428324128335378669034502249e-68 | 1.413416959350682111138742546378903538e+26 |
|   8   | 3.624026241356093063996660563426350832e-10 | 2.051938630975257877913521306566759905e-06 |
---------------------------------------------------------------------------------------------------

Scheme evaluation results:
Order: 8, No. cycles: 20
---------------------------------------------------------------------------------------------------
Vector a: -0.656175808171674178684338578828220286, -0.718134584623843523928537779695635232, 0.188519700663024013296445997775204278, 0.447559537477214290314998340409332370, -0.251848684453832421782428657408878218, 0.238464181199899077970736695375409630, 0.919771674996890244719104006074649815, 1.038068707870626465616316279724426243, -0.008519560470338829680029473312512139, -0.505957841923896309973513535812288090, 0.308252677435931172131246705698511570
Vector b: -1.312351616343348357368677157657258322, -0.123917552904338690488398401732522087, 0.500956954230386717081290397282834455, 0.394162120724041863548706283535138539, -0.897859489631706707113563598352355185, 1.374787852031504863055036989102363050, 0.464755497962275626383171023049637890, 1.611381917778977304849461536395725196, -1.628421038719654964209520483020747673, 0.616505354871862344262493411397184340
---------------------------------------------------------------------------------------------------
| Order |                  Error^2                   |                 Efficiency                 |
---------------------------------------------------------------------------------------------------
|   2   | 6.755536592804727426161802991002292668e-68 | 9.618560550390879958967001172501153320e+30 |
|   4   | 4.153222721583103876527944604153566059e-69 | 9.698116720158889234910924864798170471e+28 |
|   6   | 6.465377570208282476545342396533524230e-71 | 1.943224958740622348425123630774078369e+27 |
|   8   | 3.647091556230845893748101404197257480e-10 | 2.045439797920537773858196975782804392e-06 |
---------------------------------------------------------------------------------------------------

Scheme evaluation results:
Order: 8, No. cycles: 20
---------------------------------------------------------------------------------------------------
Vector a: -0.678654131810122969192138030434187247, 0.480330279382232017913403724830493750, 1.154603779702147515002884612222381559, -1.165560616849498241456376005214506085, -1.156116999442196361151602587080340639, 0.773504531067255371543426488594747992, 1.244533676718318104652868511292824114, -0.194216921253665489969302228125803128, -0.313277918414930587985196857069551285, 0.605942727653676341968848019915095157, 0.248911593246784298673184351068845910
Vector b: -1.357308263620245938384276060868268569, 2.317968822384709974211083510529257898, -0.008761262980414944205314286084560650, -2.322359970718581538707437724344382576, 0.010125971834188816404232550183819853, 1.536883090300321926682620427005551441, 0.952184263136314282623116595579943579, -1.340618105643645262561721051831538953, 0.714062268813784086591327337692493487, 0.497823186493568597346368702137684308
---------------------------------------------------------------------------------------------------
| Order |                  Error^2                   |                 Efficiency                 |
---------------------------------------------------------------------------------------------------
|   2   | 5.327003218119813550187239422864743515e-69 | 3.425299325994319873650773678577042969e+31 |
|   4   | 3.639914287548516286039956986848594393e-70 | 3.275928684746575636074242898892008667e+29 |
|   6   | 2.267327200371620681508132893973309110e-71 | 3.281428358085021410594349825780179977e+27 |
|   8   | 3.686593521431238307963787199372356895e-10 | 2.034451808694270236577805368626880730e-06 |
---------------------------------------------------------------------------------------------------

Scheme evaluation results:
Order: 8, No. cycles: 20
---------------------------------------------------------------------------------------------------
Vector a: 0.154049411985112780185921447979851380, 0.626015384519940772593708886184474254, -0.823439413908993213130298942782394666, -0.004881236403713441172806167656718882, 0.368425569804252740558047642050515616, 0.047789890652176865929118590889048655, 0.252567905228484670606414797359125810, -1.128306102388268633913841745309844216, 0.026516642499064571437227008726128984, 0.959382063619864436563820435892679031, 0.521879884392078450342688046667134084
Vector b: 0.308098823970225560371842895959076977, 0.943931945069655984815574876410408385, -2.590810772887642411076172761974538375, 2.581048300080215528730560426661105085, -1.844197160471710047614465142560392883, 1.939776941776063779472702324338437277, -1.434641131319094438259872729620381909, -0.821971073457442829567810760998167528, 0.875004358455571972442264778450419092, 1.043759768784156900685376093334033975
---------------------------------------------------------------------------------------------------
| Order |                  Error^2                   |                 Efficiency                 |
---------------------------------------------------------------------------------------------------
|   2   | 3.622271631530684947003647716355116712e-71 | 4.153837486827862102824397063376076875e+32 |
|   4   | 6.572884253259720671046047766555030509e-70 | 2.437822185683161967584111309494508362e+29 |
|   6   | 5.154538871621397605357161598460156496e-71 | 2.176331842930806355565212688913879395e+27 |
|   8   | 3.780210567793646450861725879934835383e-10 | 2.009102244121443859017072105917238327e-06 |
---------------------------------------------------------------------------------------------------

Scheme evaluation results:
Order: 8, No. cycles: 20
---------------------------------------------------------------------------------------------------
Vector a: 0.307851196939985023915019257368883390, -0.438771980033693730036230603231379063, -0.780143043103119802685523876112029600, 0.817657236181854493063475216393045304, 0.975611898320549536766174809072985377, -0.320939522814252892868296135035922218, -0.164569696834257377514943862836104227, -0.581610220601878656478114033076695777, -0.090383781632645976336574351213740989, 1.023664487267970786319165554951025998, 0.251633426309488595855848023719931817
Vector b: 0.615702393879970047830038514737675876, -1.493246353947357507902499721200472327, -0.067039732258882097468548031022964641, 1.702354204622591083595498463808528856, 0.248869592018507989936851154337253951, -0.890748637647013775673443424408769413, 0.561609243978499020643555698736554411, -1.724829685182256333599783764890181507, 1.544062121916964380926635062462631135, 0.503266852618977191711696047439743648
---------------------------------------------------------------------------------------------------
| Order |                  Error^2                   |                 Efficiency                 |
---------------------------------------------------------------------------------------------------
|   2   | 8.005220305682813732878061453144807934e-69 | 2.794173468071118785303661928391519531e+31 |
|   4   | 2.648609261824805033270489480098528944e-72 | 3.840352334083819599927692818678321289e+30 |
|   6   | 1.301098166483794357121253439299936948e-73 | 4.331766053737010855080790380120830536e+28 |
|   8   | 4.031354681971249225057558351729031315e-10 | 1.945514759858893852805487091590063433e-06 |
---------------------------------------------------------------------------------------------------

Scheme evaluation results:
Order: 8, No. cycles: 20
---------------------------------------------------------------------------------------------------
Vector a: 0.306642603888345698686380030714625181, -0.550465378567026142761413769536492154, -0.567589834085691746911900264439790195, 0.447328181592145190305865286457563985, -0.296608130895414706724309001186405523, 0.327460697983019222523306781319426001, 1.030899931894922306068827172176412551, -0.501266418338851773070584505217540594, -0.814739315835092922857251100967147973, 0.776942917330713503002826206977007373, 0.841394745032931371738253163702341444
Vector b: 0.613285207776691397372760061429276266, -1.714215964910743682895587600502301307, 0.579036296739360189071787071622696939, 0.315620066444930191539943501292456358, -0.908836328235759604988561503665291093, 1.563757724201798050035175066304156961, 0.498042139588046562102479278048680082, -1.500574976265750108243648288483747404, -0.128903655404435737470853913450606441, 1.682789490065862743476506327404679422
---------------------------------------------------------------------------------------------------
| Order |                  Error^2                   |                 Efficiency                 |
---------------------------------------------------------------------------------------------------
|   2   | 2.182418657997237680569697749103957819e-69 | 5.351443884264682695174897314556419531e+31 |
|   4   | 7.974126782595748575959934438079611180e-71 | 6.999039575065911399940381625502928467e+29 |
|   6   | 8.355368932130895692419805498451358829e-73 | 1.709374458875736709965130285973837280e+28 |
|   8   | 4.105168471102012686210073037545290834e-10 | 1.927944565112105754654011919286333441e-06 |
---------------------------------------------------------------------------------------------------

Scheme evaluation results:
Order: 8, No. cycles: 20
---------------------------------------------------------------------------------------------------
Vector a: 0.228155264043504743713026314663095472, 0.620302010688483816297425910801428900, -0.540393662798207395752840845219220030, 0.034747455721918030907869678900699735, 0.429689604633574714665385333103572794, -0.115404059897230553490254543585318505, -0.385890373601236234779696914378285887, 0.428191920999739896891815831783887088, -0.004333160978883266664664158346062367, -0.467837327512911190606856877900823962, 0.772772328701247438818790270177026553
Vector b: 0.456310528087009487426052629326055215, 0.784293493289958145168799192276809952, -1.865080818886372936674480882714337409, 1.934575730330208998490220240515655570, -1.075196521063059569159449574309225849, 0.844388401268598462178940487138788244, -1.616169148471070931738334315894774922, 2.472552990470550725521965979461774007, -2.481219312428317258851294296153889790, 1.545544657402494877637580540353145030
---------------------------------------------------------------------------------------------------
| Order |                  Error^2                   |                 Efficiency                 |
---------------------------------------------------------------------------------------------------
|   2   | 8.347244248811019832286513379642348942e-66 | 8.653034751291617130622252150237225342e+29 |
|   4   | 6.839902977972702851929417246895915260e-69 | 7.557097869022840273730238668160398102e+28 |
|   6   | 7.598375077219502752670652750904638885e-71 | 1.792502054622053018620183151809268951e+27 |
|   8   | 4.124615796167040127166849222180038737e-10 | 1.923394121412879093336519768102776868e-06 |
---------------------------------------------------------------------------------------------------

Scheme evaluation results:
Order: 8, No. cycles: 20
---------------------------------------------------------------------------------------------------
Vector a: -0.539827405691960210317576623917861789, 0.281262595674029260545932053724463176, 0.812326181009501990319214991625264797, -0.779586218087068462566132376833056277, -0.713410323272165662513442775319990665, 0.485193768663164824570656978332052548, 0.692015012922626337310729616143432378, -0.632594302899782982938478312601472077, -0.023577823811410967715093857723370120, 1.145724156649657360388021657377791774, 0.272474358843408512916168649192746183
Vector b: -1.079654811383920420635153247835813712, 1.642180002731978941727017355284811613, -0.017527640712974961088587372034638924, -1.541644795461161964043677381631099837, 0.114824148916830639016791830991249062, 0.855563388409499010124522125672666594, 0.528466637435753664496937106614168116, -1.793655243235319630373893731817138559, 1.746499595612497694943706016370389316, 0.544948717686817025832337298385406276
---------------------------------------------------------------------------------------------------
| Order |                  Error^2                   |                 Efficiency                 |
---------------------------------------------------------------------------------------------------
|   2   | 1.448908652612273978801459086542046685e-70 | 2.076918743413931051412198531688038438e+32 |
|   4   | 7.930351771423685855042776097757448515e-72 | 2.219390850643155922494605134822190674e+30 |
|   6   | 6.231063419917812655941631879038786059e-73 | 1.979424494881479886471866754823522949e+28 |
|   8   | 4.131183104882033599680703848559360165e-10 | 1.921864711228557703765297879738160986e-06 |
---------------------------------------------------------------------------------------------------

Scheme evaluation results:
Order: 8, No. cycles: 20
---------------------------------------------------------------------------------------------------
Vector a: 0.241418361412674404200450583566690841, -0.435713260706326299761673734534456009, -0.649241612124489781198376153092642047, 0.899161857168638695206716299283344127, 0.371538774177537022123335656227118984, -0.074580186587571816636820807543991619, -0.450963440799708029974544100904024909, -0.172271968323606744032335569449316775, 0.880689403913410781611624008459722151, 0.283403558448866165224113812244430555, 0.106558513420575603237510005743124676
Vector b: 0.482836722825348808400901167133376530, -1.354263244238001407924248636202279832, 0.055780019989021845527496330017073661, 1.742543694348255544885936268549525537, -0.999466145993181500639264956095317614, 0.850305772818037867365623341007344247, -1.752232654417453927314711542815356702, 1.407688717770240439250040403916727967, 0.353690090056581123973207613002680947, 0.213117026841151206475020011486225278
---------------------------------------------------------------------------------------------------
| Order |                  Error^2                   |                 Efficiency                 |
---------------------------------------------------------------------------------------------------
|   2   | 3.078930886801082204953100558901849205e-70 | 1.424754503805786080234414143687100781e+32 |
|   4   | 2.304544306589842359395097221884561025e-72 | 4.117062749340690293279505438200723145e+30 |
|   6   | 1.269127559650819289014350774477685848e-73 | 4.385987488425690218336446542214903259e+28 |
|   8   | 4.167844565618504084923861408609861483e-10 | 1.913393426567319472792481814182098633e-06 |
---------------------------------------------------------------------------------------------------

Scheme evaluation results:
Order: 8, No. cycles: 20
---------------------------------------------------------------------------------------------------
Vector a: -0.622130819020818452194333420243452920, -0.183783406675406924736722743379399816, 1.624178430915260507664567135517822458, -0.002312861761818656587578798021853311, -0.469930676767785250207625631264305074, -0.022740057391931043270549639729961124, -0.513026069984272213175965564788790531, -0.510299028579014809186400466421410475, 0.067085712647083676143175318000394361, 1.219135354408171433781251647552590951, 0.413823422210531731770182162778365494
Vector b: -1.244261638041636904388666840487017930, 0.876694824690823054915221353728232599, 2.371662037139697960413912917306898384, -2.376287760663335273589070513350610697, 1.436426407127764773173819250822373698, -1.481906521911626859714918530282289680, 0.455854381943082433362987400704942955, -1.476452439101112051735788333547752204, 1.610623864395279404022138969548525254, 0.827646844421063463540364325556697476
---------------------------------------------------------------------------------------------------
| Order |                  Error^2                   |                 Efficiency                 |
---------------------------------------------------------------------------------------------------
|   2   | 1.015078234982922669411199708673485244e-66 | 2.481362706539000325235158347982196045e+30 |
|   4   | 6.573945465651770676401615241471931422e-70 | 2.437625412562679762026178428491803589e+29 |
|   6   | 1.385526279003867654615204387322653275e-70 | 1.327433098795675542483729471233334303e+27 |
|   8   | 4.174863868014059788878233781504934332e-10 | 1.911784231923452831447564454016837250e-06 |
---------------------------------------------------------------------------------------------------

Scheme evaluation results:
Order: 8, No. cycles: 20
---------------------------------------------------------------------------------------------------
Vector a: 0.109854462997066880661396347494139794, 0.401573825868216375665989342975457516, -0.561421932193722841799509322596518820, -0.586093632169611133492636326681892999, 0.350142856387787736929435024206457145, -0.292869286701004904127714302742445860, 0.489205182414796849808248032832440088, 0.985922727785589335975357409237428743, -0.789727631328412666171218598327236495, -0.008533634783189674020996122788362103, 0.901947061722484040571648516390532966
Vector b: 0.219708925994133761322792694988660055, 0.583438725742298990009185990961839169, -1.706282590129744673608204636154843009, 0.534095325790522406622931982791075982, 0.166190386985053067235938065621811777, -0.751928960387062875491366671106680241, 1.730339325216656575107862736771552425, 0.241506130354522096842852081703310550, -1.820961393011347429185289278357780748, 1.803894123444968081143297032781053991
---------------------------------------------------------------------------------------------------
| Order |                  Error^2                   |                 Efficiency                 |
---------------------------------------------------------------------------------------------------
|   2   | 7.069089480909102341886806246449282459e-70 | 9.402823177423040513424745816590578125e+31 |
|   4   | 6.227990225843468930486618418562233752e-72 | 2.504413615379610755275471519066310303e+30 |
|   6   | 8.496052117893384195367349170296377338e-73 | 1.695162912330675471710030445523370171e+28 |
|   8   | 4.196161442436447670367165935238354407e-10 | 1.906926439519467506623783598211542487e-06 |
---------------------------------------------------------------------------------------------------

Scheme evaluation results:
Order: 8, No. cycles: 20
---------------------------------------------------------------------------------------------------
Vector a: -0.567320340490542918939685937488776952, -0.272663410195344073682938901932016901, 0.647105789848593311289974604258353471, -0.220508212324991333873716667510898893, -0.128601103195790738317015336901951982, 1.373849189888301174483082521270902544, -0.007881547543396064685980179784886741, -1.548081786905589895380602289683988057, 0.108397677383268734444147572715140430, 1.167404219537624128454175337854954829, 0.448299523997867676208559277203168257
Vector b: -1.134640680981085837879371874978190232, 0.589313860590397690513494071114927765, 0.704897719106788932066455137400766716, -1.145914143756771599813888472421895386, 0.888711937365190123179857798618557164, 1.858986442411412225786307243922053558, -1.874749537498204355158267603491799052, -1.221414036312975435602936975875005905, 1.438209391079512904491232121304880273, 0.896599047995735352417118554405705195
---------------------------------------------------------------------------------------------------
| Order |                  Error^2                   |                 Efficiency                 |
---------------------------------------------------------------------------------------------------
|   2   | 2.584581365887931976810777736812284652e-67 | 4.917506065166720929525827578406775391e+30 |
|   4   | 4.136429035478912541776089313593609109e-70 | 3.073033030919187464124968038183865051e+29 |
|   6   | 1.470946826953959655714583903344314399e-71 | 4.074004826115584902586918317313149452e+27 |
|   8   | 3.839428377419948513418139341195577121e-10 | 1.993548241145275338201971953369749969e-06 |
---------------------------------------------------------------------------------------------------

Scheme evaluation results:
Order: 8, No. cycles: 20
---------------------------------------------------------------------------------------------------
Vector a: -0.939280108789049046451932022334257864, -0.046971432086363471664092998967260267, 1.766181959371310040538026190866076806, 0.153470334936597429129503358725430375, -1.462718980297571024953311949890637013, -0.346294188256701615143744926252987063, 0.651412666369303918612626219797451296, -0.291744464616884476122056947890700705, 0.088414466489460201952757319796070804, 1.031539750023352133800391514385546759, 0.395989996856545910301834241765266914
Vector b: -1.878560217578098092903864044669207136, 1.784617353405371149575678046734596914, 1.747746565337248931500374334998845723, -1.440805895464054073241367617547770231, -1.484632065131087976665256282234441145, 0.792043688617684746377766429728344338, 0.510781644120923090847486009867092121, -1.094270573354692043091599905648389820, 1.271099506333612446997114545240401572, 0.791979993713091820603668483530527664
---------------------------------------------------------------------------------------------------
| Order |                  Error^2                   |                 Efficiency                 |
---------------------------------------------------------------------------------------------------
|   2   | 1.050458773143898634631057837742983847e-68 | 2.439217360843461444402194952537248828e+31 |
|   4   | 1.895413766567313732156474157828105871e-70 | 4.539708864166261704969125979291176758e+29 |
|   6   | 3.046640770743697382165458512467950279e-71 | 2.830801396725516911103640821204701900e+27 |
|   8   | 4.330818320754383342892375087385249898e-10 | 1.877046588667213742660821918541071856e-06 |
---------------------------------------------------------------------------------------------------

Scheme evaluation results:
Order: 8, No. cycles: 20
---------------------------------------------------------------------------------------------------
Vector a: -0.541565370355106725389937944282276377, -0.322275910450684862580068036220091359, 0.329258054861558922067648264246475328, 0.239081662168381672014736390184522960, -0.556796815596088577127244419541903265, 0.069533740436107834601393337960614792, 0.831290428330300632085280900184052851, 0.824776275458716940025156917627385294, -0.041836137220906216093539531734804674, -0.311115767612521584061218609553212532, 0.479649839980241964457792731129237007
Vector b: -1.083130740710213450779875888564276576, 0.438578919808843725619739816123818547, 0.219937189914274118515556712368362194, 0.258226134422489225513916068002493595, -1.371819765614666379768404907087487413, 1.510887246486882048971191583008796924, 0.151693610173719215199370217359220402, 1.497858940743714664850943617895838137, -1.581531215185527097038022681365477819, 0.959299679960483928915585462258712058
---------------------------------------------------------------------------------------------------
| Order |                  Error^2                   |                 Efficiency                 |
---------------------------------------------------------------------------------------------------
|   2   | 1.349296182745180142758858774342280975e-69 | 6.805912523715947854425023115370733594e+31 |
|   4   | 8.072288928860374071349925867892945642e-71 | 6.956353899446336583905670892178674316e+29 |
|   6   | 6.000430557920072148375119838521139629e-72 | 6.378650677722806186326112338510969162e+27 |
|   8   | 4.326549009989462958803638304927589271e-10 | 1.877972467380722756705372808681916224e-06 |
---------------------------------------------------------------------------------------------------

Scheme evaluation results:
Order: 8, No. cycles: 20
---------------------------------------------------------------------------------------------------
Vector a: 0.759338935182775667867342663341363100, -0.157240619593283553475804124141333927, -0.444864243482770423353378032951855118, -0.073770048819041718558966559220369934, 0.442295248804302693214938867640102371, 0.169105523045505287579568518663372998, -0.578167369703971306731727146032526597, 0.584351504459535361196073152022356478, -0.758011128452574012066863290810924865, -0.022446359092715376740870987323963197, 1.079408557652237381069686938813778612
Vector b: 1.518677870365551335734685326682888364, -1.833159109552118442686293574965607639, 0.943430622586577595979537509061907995, -1.090970720224661033097470627502719003, 1.975561217833266419527348362782952635, -1.637350171742255844368211325456164798, 0.481015432334313230904757033390960658, 0.687687576584757491487389270653712768, -2.203709833489905515621115852275758269, 2.158817115304474762139373877627827240
---------------------------------------------------------------------------------------------------
| Order |                  Error^2                   |                 Efficiency                 |
---------------------------------------------------------------------------------------------------
|   2   | 1.448908652612273978801459086542046685e-69 | 6.567793744282856487293125959866287500e+31 |
|   4   | 1.536480783547900462414016756247140785e-70 | 5.042158003868667645683373452592613525e+29 |
|   6   | 1.060779773981448593232021969337285942e-71 | 4.797416348984607559375829104777213573e+27 |
|   8   | 4.528056609423109002978022178484361742e-10 | 1.835710156765659308959528211287677211e-06 |
---------------------------------------------------------------------------------------------------

Scheme evaluation results:
Order: 8, No. cycles: 20
---------------------------------------------------------------------------------------------------
Vector a: 0.251776836961357545756552650613996147, -0.372507678104991185186354753932282092, 0.493396070995941344733389166864462995, -0.001213830747942712208415526217859176, -0.875773420562069048266783485307551093, 0.702310665090968095763866611300320818, 0.649820603491675260189914723221271155, -0.414488323970646013780041607905884230, -0.714890600578149476857893364126098347, 0.585899167732611815410945276755739841, 0.695670509691244374444820308733883947
Vector b: 0.503553673922715091513105301228013286, -1.248569030132697461885814809092630625, 2.235361172124580151352593142821281014, -2.237788833620465575769424195257001125, 0.486241992496327479235857224642165825, 0.918379337685608712291875997958467000, 0.381261869297741808087953448484102850, -1.210238517239033835648036664295901162, -0.219542683917265118067750063956304415, 1.391341019382488748889640617467807376
---------------------------------------------------------------------------------------------------
| Order |                  Error^2                   |                 Efficiency                 |
---------------------------------------------------------------------------------------------------
|   2   | 8.961500016406914558887024450262558746e-68 | 8.351214789955563849143227036620575195e+30 |
|   4   | 3.813289862099685911005793201397281070e-71 | 1.012115574647415682019901991228798462e+30 |
|   6   | 1.992605898379831019526142192600210592e-72 | 1.106902377441821092448092944416400528e+28 |
|   8   | 4.567813053087547226354470587893000311e-10 | 1.827704049514619879554912823088278397e-06 |
---------------------------------------------------------------------------------------------------

Scheme evaluation results:
Order: 8, No. cycles: 20
---------------------------------------------------------------------------------------------------
Vector a: -0.617190610009772913697850072693289326, -0.185120268593371953804815186553465632, 1.209214754564809887711172479771852502, -0.023650435871669905337909161950377142, 0.689226487227087512347169984041422378, -0.000343633733876223219892868891575002, -1.259858024826071986975455517908557043, -0.498579665355537923884760437090520218, 0.068396920156095937590247024499514061, 1.207694003554456006247377654487166909, 0.410210472887851563024716102287828516
Vector b: -1.234381220019545827395700145386278015, 0.864140682832801919786069772278480998, 1.554288826296817855636275187266893017, -1.601589698040157666312093511167867224, 2.980042672494332691006433479249828749, -2.980729939962085137446219217032974061, 0.461013890309941163495308181215980393, -1.458173221021017011264829055398039406, 1.594967061333208886445323104397334799, 0.820420945775703126049432204576640797
---------------------------------------------------------------------------------------------------
| Order |                  Error^2                   |                 Efficiency                 |
---------------------------------------------------------------------------------------------------
|   2   | 2.495745154124641928485513276568675415e-68 | 1.582486050398644227583097170612348242e+31 |
|   4   | 7.421668454731116204562803391965303328e-69 | 7.254863450533210920314085444404449463e+28 |
|   6   | 3.887000442821070818576973779399128217e-69 | 2.506182718506230984002017779601112604e+26 |
|   8   | 4.582731152552731617589183876319142910e-10 | 1.824726775086363773878970624702870179e-06 |
---------------------------------------------------------------------------------------------------

Scheme evaluation results:
Order: 8, No. cycles: 20
---------------------------------------------------------------------------------------------------
Vector a: 0.370615726465633722518608432414084844, 0.508486451662564157956478449548253032, -0.734041027316932808330610979790926974, -0.799002883709022280137883538138575295, 0.429961704270469514207829578679324840, -0.158961406318354780391884782514595989, 0.218267301842190734216451435444389456, 0.782715660003152124914807528363578662, -0.647248239699696720915111099270301240, 0.166762178361660777658482342743463047, 0.862444534438335558302832632521305590
Vector b: 0.741231452931267445037216864828643468, 0.275741450393860870875740034267045039, -1.743823505027726487536961993848566185, 0.145817737609681927261194917569917270, 0.714105670931257101154464239790740914, -1.032028483567966661938233804820781118, 1.468563087252348130371136675710237862, 0.096868232753956119458478381016624531, -1.391364712153349561288700579556235228, 1.724889068876671116605665265042373521
---------------------------------------------------------------------------------------------------
| Order |                  Error^2                   |                 Efficiency                 |
---------------------------------------------------------------------------------------------------
|   2   | 8.621912050950912845105432476854266554e-68 | 8.514089564306220231609938025867626953e+30 |
|   4   | 6.296747945411708860816094397553105413e-71 | 7.876292984604243274505543395134627686e+29 |
|   6   | 1.699315137122407359214552643575611923e-72 | 1.198624258589286317509101806460679245e+28 |
|   8   | 4.578030692394636357267764662518661164e-10 | 1.825663297316535754537911392211450786e-06 |
---------------------------------------------------------------------------------------------------

Scheme evaluation results:
Order: 8, No. cycles: 20
---------------------------------------------------------------------------------------------------
Vector a: 0.327765159290769926064008704052506402, -0.503719371889566354906085971759656083, -0.799832923618841120338673797563609835, 0.776554702965672616396838420869315053, 0.971513680649312314915202772303753609, -1.026532768718103152057422922867457257, -0.166241272746600270605694880981225834, 1.047508216989955289423553369927597153, -1.070972468961732040534212782422210668, 0.206189220652041601143117103830404319, 1.237767825387091190499369984610583139
Vector b: 0.655530318581539852128017408105020989, -1.662969062360672561940189351624430705, 0.063303215122990321262841756497236313, 1.489806190808354911530835085241362449, 0.453221170490269718299570459366112221, -2.506286707926476022414416305101096067, 2.173804162433275481203026543138615511, -0.078787728453364902355919803283659118, -2.063157209470099178712505761560492070, 2.475535650774182380998739969221330753
---------------------------------------------------------------------------------------------------
| Order |                  Error^2                   |                 Efficiency                 |
---------------------------------------------------------------------------------------------------
|   2   | 6.621874769601245151617368390268788862e-67 | 3.072200298611089454219056121839939941e+30 |
|   4   | 1.791061214682396538859005790999516083e-70 | 4.670085187620822844174841084614968872e+29 |
|   6   | 1.982741882560416022236141536161316546e-71 | 3.509028824985965423722954591747766018e+27 |
|   8   | 4.615524291419497410314335838983254117e-10 | 1.818232909854537837726972554014330082e-06 |
---------------------------------------------------------------------------------------------------

Scheme evaluation results:
Order: 8, No. cycles: 20
---------------------------------------------------------------------------------------------------
Vector a: -0.637478943349004117529089975496848580, -0.177321365661257993033426150078437175, 1.464325844556268415355799512271061618, -0.009276732572558800917402772391734156, -0.630527059157195299303119069547015941, -0.047981572815773913561863432762050105, -0.186436618094860595548476286290636013, -0.496511715637588013710191872373431768, 0.068966706742558674646296367274218726, 1.231091386687178721222884227606062753, 0.421150069302232922378589451788810605
Vector b: -1.274957886698008235058179950993488390, 0.920315155375492248991327650836446532, 2.008336533737044581720271373705141391, -2.026889998882162183555076918488622763, 0.765835880567771584948838779396739161, -0.861799026199319412072565644920622692, 0.488925790009598220975613072338133863, -1.481949221284774248395996817085417445, 1.619882634769891597688589551633942118, 0.842300138604465844757178903577748128
---------------------------------------------------------------------------------------------------
| Order |                  Error^2                   |                 Efficiency                 |
---------------------------------------------------------------------------------------------------
|   2   | 5.133664469786863241140919726004289160e-68 | 1.103382949436971948996624229204948047e+31 |
|   4   | 1.286720025360631493625563336742357133e-70 | 5.509827310299236445364232829166646118e+29 |
|   6   | 8.616101472875746969844385772614947849e-72 | 5.323099982365014056652247284095470428e+27 |
|   8   | 4.611283454682469273639034460397302083e-10 | 1.819068800443992029271227803461002236e-06 |
---------------------------------------------------------------------------------------------------

Scheme evaluation results:
Order: 8, No. cycles: 20
---------------------------------------------------------------------------------------------------
Vector a: 0.173082712682386870742496786427363333, -0.568126036833451456951225509313242236, 0.251462407697838688033828832771743115, 0.111568711369148551784723167739859852, 0.103586355935200003624106434496758596, 0.975985539301842258347571762165842433, -1.052947300785208281704779093550898607, -0.985296565549329593135045863314682573, 0.693198693866666649907231301714359112, 0.965868351711790239953976442722356689, 0.331617130603116069397115738140540262
Vector b: 0.346165425364773741484993572855251963, -1.482417499031676655387444591482161921, 1.985342314427354031455102257025620995, -1.762204891689056927885655921545991666, 1.969377603559456935133868790539531344, -0.017406524955772418438725266207144669, -2.088488076614644144970832920895297540, 0.117894945515984958700741194265674922, 1.268502442217348341113721409163327208, 0.663234261206232138794231476281189339
---------------------------------------------------------------------------------------------------
| Order |                  Error^2                   |                 Efficiency                 |
---------------------------------------------------------------------------------------------------
|   2   | 1.465208874954162061062975501265644710e-68 | 2.065333732881228539439036841420189844e+31 |
|   4   | 1.120397091498294195918602632578907774e-70 | 5.904648248879815678798120867618944092e+29 |
|   6   | 3.409958098390280563866704926855371311e-72 | 8.461463878589714333412648107263518333e+27 |
|   8   | 4.706237548162835825735024900602452864e-10 | 1.800624323449463249542749216906441744e-06 |
---------------------------------------------------------------------------------------------------

Scheme evaluation results:
Order: 8, No. cycles: 20
---------------------------------------------------------------------------------------------------
Vector a: -0.594223253253199591432628987542249277, -0.279982966136617238246064392942398260, 1.227810586210481841554621465212105970, 0.689699153601036891315650700077727819, -1.249504328317353634215156046283722073, -0.827283449396821914938515443465246484, 0.660451444814821397079210636355629012, 0.778443647230157513199076864183595686, -0.552596064433943563824759892146601694, 0.139123614702244748669852272146155874, 1.008061614979193550838712824405003403
Vector b: -1.188446506506399182865257975084705014, 0.628480574233164706373129189199969257, 1.827140598187798976736113741224553721, -0.447742290985725194104812341069316435, -2.051266365648982074325499751498192373, 0.396699466855338244448468864567958828, 0.924203422774304549709952408143064040, 0.632683871686010476688201320224293444, -1.737876000553897604337721104517605551, 2.016123229958387101677425648809980229
---------------------------------------------------------------------------------------------------
| Order |                  Error^2                   |                 Efficiency                 |
---------------------------------------------------------------------------------------------------
|   2   | 2.242279880345458399334999730041476826e-69 | 5.279528013713523146058730551660991406e+31 |
|   4   | 5.449228908088960443059179371145325400e-71 | 8.466667241836910166774417464493055420e+29 |
|   6   | 2.771275544554528516157389736608712796e-72 | 9.385991819604051635468290370295577049e+27 |
|   8   | 4.457458598380506603026993046626316836e-10 | 1.850190197355175500075382296900364414e-06 |
---------------------------------------------------------------------------------------------------

Scheme evaluation results:
Order: 8, No. cycles: 20
---------------------------------------------------------------------------------------------------
Vector a: 0.720526930842427347215811254348546741, 0.055634979776905615698585807660092921, -1.151582773062035798518945007259988194, -0.155458156527098746568249655501440785, -0.242873289909579701567191700976136415, -0.093167167398140611072465360197128695, 0.817920686277820549616234067951869438, -0.749827651883448262140826443703888817, -0.002091677636674871977930438036992210, 1.442817996031782004082955651742483273, 0.358100123488042475232021823972582830
Vector b: 1.441053861684854694431622508698055485, -1.329783902131043463034450893377759565, -0.973381643993028134003439121143486973, 0.662465330938830640866939810140436980, -1.148211910757990044001323212092659303, 0.961877575961708821856392491698226486, 0.673963796593932277376075644205808983, -2.173619100360828801657728531616530593, 2.169435745087479057701867655542544759, 0.716200246976084950464043647945363645
---------------------------------------------------------------------------------------------------
| Order |                  Error^2                   |                 Efficiency                 |
---------------------------------------------------------------------------------------------------
|   2   | 2.001305076420703433219515363286201984e-69 | 5.588346936142237570607323856783039062e+31 |
|   4   | 6.446334675507757532394626382714596622e-70 | 2.461634629448710526739520569239032898e+29 |
|   6   | 2.330420264694883681083074352659379294e-71 | 3.236703384518574851329809711851429462e+27 |
|   8   | 4.716552262672473293057676159920549932e-10 | 1.798654336657517022411576948603856831e-06 |
---------------------------------------------------------------------------------------------------

Scheme evaluation results:
Order: 8, No. cycles: 20
---------------------------------------------------------------------------------------------------
Vector a: 0.156447371863963549013811762304040114, -0.224160458291726290425022970696934967, -0.240036327628085748302602559125601567, 0.698017374295979390887206691121459580, 0.185809171896539908408442065067170256, -0.934703332805611070023699221457930196, -0.455024472901098866253072166564184998, 0.550483499979916914641279336614280864, 0.649142333246495436769781861831624877, 0.410362916821441054920236164419105339, 0.203661923522185720363639036486970674
Vector b: 0.312894743727927098027623524608042817, -0.761215660311379678877669466001928832, 0.281143005055208182272464347750718042, 1.114891743536750599501949034492265491, -0.743273399743670782685064904357921030, -1.126133265867551357362333538557947257, 0.216084320065353624856189205429574830, 0.884882679894480204426369467798983793, 0.413401986598510669113194255864269861, 0.407323847044371440727278072973942310
---------------------------------------------------------------------------------------------------
| Order |                  Error^2                   |                 Efficiency                 |
---------------------------------------------------------------------------------------------------
|   2   | 1.131959884853339045938639911360973973e-71 | 7.430610390427189548777806124997977500e+32 |
|   4   | 2.750308782729597213179039159634866449e-72 | 3.768680230730416628428669746591843262e+30 |
|   6   | 1.231601973540013647765888564227747139e-74 | 1.407942238195046994446063540228407898e+29 |
|   8   | 4.673925948097905848510136108265198606e-10 | 1.806837606029265128185099898190392180e-06 |
---------------------------------------------------------------------------------------------------

Scheme evaluation results:
Order: 8, No. cycles: 20
---------------------------------------------------------------------------------------------------
Vector a: -0.600769944660905230217585523392119460, -0.193614929139867410665441418523487502, 1.227747955781077798289351278630686351, -0.023054041778804516067251444764077466, -0.596164504636053991632767920594654844, -0.493087186236617335612934493300235913, 0.066327110501705909041658531618342679, -0.559375051686797650930209245040058257, -0.000490512117230278290092996177933377, 1.769131208842086913275836601633159251, 0.403349895131405792809436629910378500
Vector b: -1.201539889321810460435171046782670443, 0.814310031042075639104288209731958461, 1.641185880520079957474414347537740037, -1.687293964077688989608917237066537079, 0.494964954805581006343381395873161512, -1.481139327278815677569250382478852078, 1.613793548282227495652567445716568194, -2.732543651655822797512985935806460536, 2.731562627421362240932799943450623617, 0.806699790262811585618873259824468267
---------------------------------------------------------------------------------------------------
| Order |                  Error^2                   |                 Efficiency                 |
---------------------------------------------------------------------------------------------------
|   2   | 1.174521576523824594065932772028146594e-68 | 2.306797696044987144833240347854696484e+31 |
|   4   | 1.128736452212487154671103706300887449e-68 | 5.882795370829755945208505268107378387e+28 |
|   6   | 2.396132506487415991170704378681723079e-69 | 3.192012699625947286047638816103461385e+26 |
|   8   | 4.833032941273024546609917060916843457e-10 | 1.776847506104603420460601343347889106e-06 |
---------------------------------------------------------------------------------------------------

Scheme evaluation results:
Order: 8, No. cycles: 20
---------------------------------------------------------------------------------------------------
Vector a: 0.316410230815499200748619672903358974, -0.421052763288852994149134516774706769, -0.090605792716975692811907479822902223, 0.888411360380319796840894044371642851, -0.262819777551464804490899000908315934, -0.206781588284888742959615792451068757, -0.270726806941202370393304927549538922, -0.552478229333526785498895908742711159, 0.733577903171631525448080784968823671, 0.791901220526948725766752173596829413, 0.074164243222512141499410950408588927
Vector b: 0.632820461630998401497239345806699170, -1.474925988208704389795508379356113959, 1.293714402774753004171693419710309417, 0.483108317985886589510094669032998819, -1.008747873088816198491892670849639739, 0.595184696519038712572661085947511999, -1.136638310401443453359270941046594081, 0.031681851734389882361479123561179569, 1.435473954608873168534682446376455741, 0.148328486445024282998821900817193069
---------------------------------------------------------------------------------------------------
| Order |                  Error^2                   |                 Efficiency                 |
---------------------------------------------------------------------------------------------------
|   2   | 3.546430319245511230925758842293931456e-69 | 4.198017967963443918890715645657916406e+31 |
|   4   | 8.386272381784231775706172385298407209e-72 | 2.158219118330418817081352318103403564e+30 |
|   6   | 1.383187299510108393692229743487868179e-73 | 4.201259714884635503744568798479901123e+28 |
|   8   | 4.823036630591610433822027036468837206e-10 | 1.778687915702598548794091544438670892e-06 |
---------------------------------------------------------------------------------------------------

Scheme evaluation results:
Order: 8, No. cycles: 20
---------------------------------------------------------------------------------------------------
Vector a: 0.783626317243156406446709608630290587, -0.054422268005051653282633438852580155, -1.508390899663646203384240631648785741, 0.116313049986833261347052623134914370, 1.164950611199862615910313900893087839, -0.156284439839919937275930892779671751, -1.036478837301355117711150541206169719, -0.153367817729291003963363184764493652, 0.722694950443608922402143448278976528, 0.747761475587429333174874893261977619, 0.373597858078373376336224215052454038
Vector b: 1.567252634486312812893419217260706360, -1.676097170496416119458686094965897293, -1.340684628830876287309795168331894323, 1.573310728804542810003900414601784379, 0.756590493595182421816727387184552885, -1.069159373275022296368589172744000051, -1.003798301327687939053711909668332262, 0.697062665869105931126985540139293199, 0.748327235018111913677301356418803339, 0.747195716156746752672448430104983766
---------------------------------------------------------------------------------------------------
| Order |                  Error^2                   |                 Efficiency                 |
---------------------------------------------------------------------------------------------------
|   2   | 4.708953120989890431104742031261651726e-70 | 1.152067234515563848431389865599917812e+32 |
|   4   | 6.252309676494614886551706385407879677e-71 | 7.904233787488171295860945690034987793e+29 |
|   6   | 4.447686314472588929731468012173010388e-72 | 7.408886660725754192521157526646363258e+27 |
|   8   | 5.121228571777623002537323553797754610e-10 | 1.726127830559366849170648189472436662e-06 |
---------------------------------------------------------------------------------------------------

Scheme evaluation results:
Order: 8, No. cycles: 20
---------------------------------------------------------------------------------------------------
Vector a: 0.295037758628072720901375708202270592, -0.423958243688916939633081886999265683, -0.647173099693426135624430629587985446, 0.195248280387209345105097704980375650, 0.854293504773917225804937699710824514, -0.084104097467310911351286977377375748, -0.570894324382323624180796008003057054, -0.130297992016351347740017749811298204, 0.434980470749839495004554620230326594, 0.943112052785369853619288909207478883, 0.133755689923920318094358609447705926
Vector b: 0.590075517256145441802751416404555628, -1.437992004633979321068915190403114728, 0.143645805247127049820053931227047540, 0.246850755527291640390141478733889516, 1.461736254020542811219733920687686953, -1.629944448955164633922307875442443697, 0.488155800190517385560715859436286592, -0.748751784223220081040751359058866726, 1.618712725722899071049860599519535900, 0.267511379847840636188717218895423022
---------------------------------------------------------------------------------------------------
| Order |                  Error^2                   |                 Efficiency                 |
---------------------------------------------------------------------------------------------------
|   2   | 3.678869625773351899300579711923165411e-69 | 4.121761041643188420732484000189205469e+31 |
|   4   | 1.278733296680880151236006038539639323e-71 | 1.747793139990845967157552245572199951e+30 |
|   6   | 2.708793387951438193526671408570624848e-73 | 3.002147912762858419801714943176068497e+28 |
|   8   | 5.135914573214470302978700395018872208e-10 | 1.723658157121994168003909883093917195e-06 |
---------------------------------------------------------------------------------------------------

Scheme evaluation results:
Order: 8, No. cycles: 20
---------------------------------------------------------------------------------------------------
Vector a: 0.725770353133844913325358922576850318, -0.067284830789807809106869139980606822, -1.382506385473539806929789931367197952, 0.604017135933503987961779031579158038, -0.001621158740333514029841141946450061, -0.383392535726627837548015318100689872, 0.106069207124848571513665656536703221, -0.433960283465912632198594020903260259, 0.612166742600635663970429599411054415, 0.780620514048844290891699447405371965, 0.440121241354544172150176894789067092
Vector b: 1.451540706267689826650717845153642281, -1.586110367847305444864456125114842660, -1.178902403099774168995123737619451362, 2.386936674966782144918681800777354518, -2.390178992447449172978364084670253361, 1.623393920994193497882333448469226447, -1.411255506744496354855002135395861870, 0.543334939812671090457814093589433027, 0.680998545388600237483045105232646819, 0.880242482709088344300353789578106162
---------------------------------------------------------------------------------------------------
| Order |                  Error^2                   |                 Efficiency                 |
---------------------------------------------------------------------------------------------------
|   2   | 1.597421789505032061628608642912606470e-68 | 1.978017850870410525154474792083846094e+31 |
|   4   | 9.272343275536921794270812086421728205e-71 | 6.490606294562578314010101877183428955e+29 |
|   6   | 6.788542876093796288411672138743942112e-72 | 5.996968164543937932573982347846972466e+27 |
|   8   | 5.168246729711905797986196867974550959e-10 | 1.718258161541912697718605738710183041e-06 |
---------------------------------------------------------------------------------------------------

Scheme evaluation results:
Order: 8, No. cycles: 20
---------------------------------------------------------------------------------------------------
Vector a: 0.263111903037197184657200669801522631, -0.642123716898833731323637097602613797, 0.081220137261973412601727973993093043, 0.930469815993030264131889140009083437, -0.853095350163808618129998385553819345, -0.747794242450524689330652321138491034, 1.159884203270020619008246736912905159, -0.019939193699722450593199523463163903, -0.446933670729843058159443576711257047, 0.979387337056050607115599802195182787, 0.295812777324460460022266581557558051
Vector b: 0.526223806074394369314401339603105254, -1.810471239872061831961675534808390144, 1.972911514396008657165131482794560847, -0.111971882409948128901353202776304188, -1.594218817917669107358643568331431339, 0.098630333016619728697338926054437920, 2.221138073523421509319154547771412469, -2.261016460922866410505553594697737374, 1.367149119463180294186666441275228287, 0.591625554648920920044533163115118220
---------------------------------------------------------------------------------------------------
| Order |                  Error^2                   |                 Efficiency                 |
---------------------------------------------------------------------------------------------------
|   2   | 6.746480913725900713794293871711404877e-69 | 3.043696610389201799099407700134640625e+31 |
|   4   | 3.300812711105537491379666772777215119e-71 | 1.087851402073320722257468579321760254e+30 |
|   6   | 7.296388534229431103229389661648580618e-73 | 1.829220458112582601692269354724932861e+28 |
|   8   | 5.419370903753410785529898583741779984e-10 | 1.677975428905680206761274864916547864e-06 |
---------------------------------------------------------------------------------------------------

Scheme evaluation results:
Order: 8, No. cycles: 20
---------------------------------------------------------------------------------------------------
Vector a: -0.604960759192392078943403543391089618, -0.189231664000560767560008458025431480, 1.135853029594778599841938573928986189, -2.064065299918997325865984681054436694, -0.000004589171798690302373131550853183, 2.030020022643371875612206413020723256, -0.513374485983367904864317235877393810, -0.433364195874893609031142764132143214, 0.082817085078604456538957275807854345, 1.156641137151079826844929490346259818, 0.399669719674175617729198060927524361
Vector b: -1.209921518384784157886807086728541125, 0.831458190383662622766790170561771465, 1.440247868805894576917086977605351381, -5.568378468643889228649056340452220130, 5.568369290300291848044310077350521406, -1.508329245013548096819897250595240900, 0.481580273046812287091262778645045299, -1.348308664796599505153548307043604530, 1.513942834953808418231462858710306573, 0.799339439348351235458396121946610514
---------------------------------------------------------------------------------------------------
| Order |                  Error^2                   |                 Efficiency                 |
---------------------------------------------------------------------------------------------------
|   2   | 1.588255637752089390913715940648026930e-61 | 6.273065263665595457813629825990621567e+27 |
|   4   | 3.564528382092145223172846966730166890e-64 | 3.310388608108200783475609314027845263e+26 |
|   6   | 3.529588501219815504664824275637029556e-66 | 8.316833134434613592060526525977606885e+24 |
|   8   | 5.542853622393367386850824082783887132e-10 | 1.659179334444598649638144332202872647e-06 |
---------------------------------------------------------------------------------------------------

Scheme evaluation results:
Order: 8, No. cycles: 20
---------------------------------------------------------------------------------------------------
Vector a: 0.186761938404897315977784880290403287, -0.620188418555629692798653216503313627, -0.810079335637794104867914617074594390, 0.839874802810519846430052082957230107, 0.375166551129546706484635586992705540, -0.076572257607403468941808899856854846, 0.648752206304657209141683583179931193, 0.381731694505217533023910295864688241, -0.759782315739543322629266898862935498, -0.024845821152704217713500262460854642, 0.859180955538236195893077465473594600
Vector b: 0.373523876809794631955569760581951250, -1.613900713921054017552876193589526352, -0.006257957354534192182953040559422523, 1.686007562975573885043057206473675826, -0.935674460716480472073786032486221624, 0.782529945501673534190168232772083510, 0.514974467107640884093198933586012028, 0.248488921902794181954621658143205132, -1.768053553381880827213155455869683133, 1.718361911076472391786154930947925676
---------------------------------------------------------------------------------------------------
| Order |                  Error^2                   |                 Efficiency                 |
---------------------------------------------------------------------------------------------------
|   2   | 5.818273808146162696124609144395406219e-70 | 1.036437053581857345697210177897816875e+32 |
|   4   | 3.756912953772029376491271096436920062e-71 | 1.019681290961566683443163658157255737e+30 |
|   6   | 1.399292482476287579317474433273960341e-72 | 1.320887333384194983063454145572428894e+28 |
|   8   | 5.568696606049792599485826602453421187e-10 | 1.655324930979999849518836067696196443e-06 |
---------------------------------------------------------------------------------------------------

Scheme evaluation results:
Order: 8, No. cycles: 20
---------------------------------------------------------------------------------------------------
Vector a: 0.260095436114315013035307589962748622, 0.406623225062416475660105392041332552, 0.246773457256745053189518613480541036, -0.900568257367140450429296912156463101, 0.049075762588385087768981469291469931, -0.029359645126077420306393715714950125, -0.503582537240592135931236812460560806, 0.601064797033237896328498375347430983, -0.592659364300782036629745708117919788, 0.422239880397563498747086860482797487, 1.040297245581929018567174847843573323
Vector b: 0.520190872228630026070615179925573222, 0.293055577896202925249595604156899289, 0.200491336617287181129441622804368128, -2.001627851351568081988035447117319392, 2.099779376528338257525998385700207182, -2.158498666780493098138785817130125499, 1.151333592299308826276312192209114435, 0.050796001767166966380684558485748019, -1.236114730368731039640175974721589998, 2.080594491163858037134349695687124691
---------------------------------------------------------------------------------------------------
| Order |                  Error^2                   |                 Efficiency                 |
---------------------------------------------------------------------------------------------------
|   2   | 5.846572805267496172273075142179430568e-70 | 1.033925692843479223323577021620367188e+32 |
|   4   | 1.068662987385856434834688230379988260e-70 | 6.045881536257210531240851092195825195e+29 |
|   6   | 3.067235118040710288221943893766975537e-72 | 8.921676918126905666044897271942600250e+27 |
|   8   | 5.636622769974111415924380807289220791e-10 | 1.645320653314268435817356335423945699e-06 |
---------------------------------------------------------------------------------------------------

Scheme evaluation results:
Order: 8, No. cycles: 20
---------------------------------------------------------------------------------------------------
Vector a: -0.625381132419397700910760709841523598, -0.180851216744101539127435779643087171, 1.206380887386849105455872900623810053, -0.022050145684375268890851421098995720, 0.548553212505494557009085449310808441, -0.000922358155261884382693980824013154, -1.109531840141830958472441221103144229, -0.518079605390865863256301026145333786, 0.066029598498117545201635566787617507, 1.221903325974604555657282207712707916, 0.413949274170767451716608014221153816
Vector b: -1.250762264838795401821521419682271046, 0.889059831350592323566649860395321951, 1.523701943423105887345095940854255959, -1.567802234791856425126798783052354457, 2.664908659802845539144969681673509115, -2.666753376113369307910357643321550112, 0.447689695829707390965475201114334366, -1.483848906611439117478077253405853150, 1.615908103607674207881348386981343470, 0.827898548341534903433216028443264049
---------------------------------------------------------------------------------------------------
| Order |                  Error^2                   |                 Efficiency                 |
---------------------------------------------------------------------------------------------------
|   2   | 4.165069035515558086312144326650930952e-66 | 1.224979741803322631621622951728343872e+30 |
|   4   | 5.603525984147263570700845280648906694e-68 | 2.640275965112428052137047287335145569e+28 |
|   6   | 4.042983631176949458864261648163219020e-70 | 7.770859100702002772879115389228687286e+26 |
|   8   | 4.635530513229654249751477829866739833e-10 | 1.814305063412630174297153325546883240e-06 |
---------------------------------------------------------------------------------------------------

Scheme evaluation results:
Order: 8, No. cycles: 20
---------------------------------------------------------------------------------------------------
Vector a: -0.608683335508270013420606127394905528, 2.400321857035820577607261178802437746, -0.000002934947517776927786830364819384, -2.586900361941474783789983879587249509, 1.146444619861200796826396300189833474, -0.033026916333966213213714696577238156, -0.520632228745864711256306511535656715, -0.441512347807516871340920794282888756, 0.081753517825816009372200295996651612, 1.161117769047137290737358191622966872, 0.401120361514635695406102873130868358
Vector b: -1.217366671016540026841212254800128071, 6.018010385088181182055734610774892413, -6.018016254983216735911308271504528611, 0.844215531100267168331340513993115551, 1.448673708622134425321452086291912933, -1.514727541290066851748881479438644069, 0.473463083798337429236268456475880481, -1.356487779413371171918110045023750890, 1.519994815065003190662510636991328553, 0.802240723029271390812205746239921516
---------------------------------------------------------------------------------------------------
| Order |                  Error^2                   |                 Efficiency                 |
---------------------------------------------------------------------------------------------------
|   2   | 2.147803913337562696281198028707293143e-63 | 5.394394377431047962237537872587440491e+28 |
|   4   | 6.968269413243911802666549222563453663e-66 | 2.367650260736315452443968593154839516e+27 |
|   6   | 1.498414478881566704692872733580735424e-65 | 4.036491530521984204955489391970308498e+24 |
|   8   | 5.950746762297778048403895863602115454e-10 | 1.601305886679248536631719654757306134e-06 |
---------------------------------------------------------------------------------------------------

Scheme evaluation results:
Order: 8, No. cycles: 20
---------------------------------------------------------------------------------------------------
Vector a: -0.602153755859377529576612724863786519, -0.190535154489506136753591009195700926, 1.115652984727544188230821981682664406, -0.036878718611208181567198089688495661, -0.497405080189836229593931424975863185, -0.419222109146992572630695606491466971, 2.490990490180000153671462532181648334, -0.000002058013114835560221109896994909, -2.404728325470190866210436469105025192, 1.146638040260821726511705815059055333, 0.397643686611860283478696105293965313
Vector b: -1.204307511718755059153225449896604783, 0.823237202739742785646043431635734999, 1.408068766715345590815600531239523219, -1.481826203937761953949996710611559172, 0.487016043558089494762133861060187560, -1.325460261852074640023525073899435621, 6.307441242212074947366450136096193990, -6.307445358238304618486892355890207927, 1.497988707297922886066019419781425305, 0.795287373223720566957392210484742766
---------------------------------------------------------------------------------------------------
| Order |                  Error^2                   |                 Efficiency                 |
---------------------------------------------------------------------------------------------------
|   2   | 1.481486276984771500009325793008629698e-64 | 2.053956266355076984848912944040857544e+29 |
|   4   | 5.473298748320341337239570923297079770e-66 | 2.671501611115243263617098678716784954e+27 |
|   6   | 2.623742043232737913141373046307599134e-65 | 3.050418728863560251340580153665784281e+24 |
|   8   | 6.081447111860522580947782873248954047e-10 | 1.584005070981174803667467888700098976e-06 |
---------------------------------------------------------------------------------------------------

Scheme evaluation results:
Order: 8, No. cycles: 20
---------------------------------------------------------------------------------------------------
Vector a: 0.534693988390666002273108614436369014, -0.691058611414898960677353085993928806, 0.050739041083270983591699545162736379, 0.749999335613426722669692491655114232, -1.091396986325095349333934270288319513, -0.097870469758254632513892913499771803, 0.803074273842060584202653641601421546, 0.584136497289010634071783474507152276, -1.048210939987850814946693235139864554, -0.045206751729283763550229966668507092, 1.251100622996948594213165704227598423
Vector b: 1.069387976781332004546217228872699894, -2.451505199611129925900923400860684424, 2.552983281777671893084322491186188888, -1.052984610550818447744937507875803076, -1.129809362099372250922931032700744852, 0.934068422582862985895145205701209023, 0.672080125101258182510162077501674995, 0.496192869476763085633404871512502254, -2.592614749452464715526791341792330547, 2.502201245993897188426331408455287750
---------------------------------------------------------------------------------------------------
| Order |                  Error^2                   |                 Efficiency                 |
---------------------------------------------------------------------------------------------------
|   2   | 1.231572354720432881981240223560739682e-68 | 2.252734669304660755938744350070886328e+31 |
|   4   | 6.713937067036367216223557974259776875e-71 | 7.627661018807406774268546471124233398e+29 |
|   6   | 2.608803433720663719103158707092509342e-71 | 3.059139961956604254998037621698933601e+27 |
|   8   | 6.271520938366270285189365424088762487e-10 | 1.559816810091036427655901421113578764e-06 |
---------------------------------------------------------------------------------------------------

Scheme evaluation results:
Order: 8, No. cycles: 20
---------------------------------------------------------------------------------------------------
Vector a: -0.622746337483307778771438346696017823, 0.165991995940418124380285298856052743, 0.279336715007769553902761881988289357, -0.174544154926180684086368574325086443, -0.282994910336686713853525281413212070, -0.146743455486794098122274185920446826, 1.255074755283480470271182353378640615, -0.057809955986960310291734226718571776, -0.466465374065575986624374025836686432, 0.713105570459516968120091688108020627, 0.337795151594320455075393418579017987
Vector b: -1.245492674966615557542876693392042579, 1.577476666847451806303447291104174257, -1.018803236831912698497923527127580810, 0.669714926979551330325186378477418324, -1.235704747652924758032236941303864901, 0.942217836679336561787688569462959452, 1.567931673887624378754676137294310800, -1.683551585861544999338144590731464041, 0.750620837730393026089396539058064695, 0.675590303188640910150786837158024706
---------------------------------------------------------------------------------------------------
| Order |                  Error^2                   |                 Efficiency                 |
---------------------------------------------------------------------------------------------------
|   2   | 1.313073466429873293288822297178729808e-69 | 6.899148546561461707959021413232502344e+31 |
|   4   | 5.166777833793463574919143501661320652e-72 | 2.749603826271694584837203964874539551e+30 |
|   6   | 6.523999305491192113088234116624241257e-73 | 1.934474783598685715013778062791718483e+28 |
|   8   | 6.299237633157615971162741676199725057e-10 | 1.556381423919210678819310045650571466e-06 |
---------------------------------------------------------------------------------------------------

Scheme evaluation results:
Order: 8, No. cycles: 20
---------------------------------------------------------------------------------------------------
Vector a: -0.606503043857730659910090825166346339, -0.173872391723489184316942920986417892, 0.911683817097205736761138871356182512, -0.082930158752399356785937463814367006, -0.295062927507521017595078309395653262, -0.359177969256307269010351605094508012, 0.110681089504765280774721978037997070, 1.124028959236719845748271834458268390, -0.570053622517295283309744351753707652, -0.008048439504524035635039844562610434, 0.949254687280575943279052636921162732
Vector b: -1.213006087715461319820181650332589063, 0.865261304268482951186295808359602624, 0.958106329925928522335981934353864320, -1.123966647430727235907856861982553048, 0.533840792415685200717700243190551744, -1.252196730928299738738403453379958443, 1.473558909937830300287847409456026684, 0.774499008535609391208696259460255295, -1.914606253570199957828184962967882644, 1.898509374561151886558105273842682531
---------------------------------------------------------------------------------------------------
| Order |                  Error^2                   |                 Efficiency                 |
---------------------------------------------------------------------------------------------------
|   2   | 5.478912234667131650152204898969386222e-68 | 1.068053080245694252535190668218985938e+31 |
|   4   | 2.170378319065770328139655106609286209e-70 | 4.242406662429143149120373543371843262e+29 |
|   6   | 1.640403648263964278553176916005266853e-72 | 1.219957391770978196678145738567582512e+28 |
|   8   | 6.365002361703237435369059406283696034e-10 | 1.548320094176236084978594891069063914e-06 |
---------------------------------------------------------------------------------------------------

Scheme evaluation results:
Order: 8, No. cycles: 20
---------------------------------------------------------------------------------------------------
Vector a: 0.232009720891695448327085506685750504, -0.143851555418284811447260732324584665, 0.177281968363683684383986434955394529, 0.612437392810256558294421239580547755, -0.512985315851901899225958169457693741, -1.029678529607739087466320709092135010, 0.056360333803246266031900391051662141, 0.705340011892935786060062125697171322, 0.388368676951787917190985378141861544, 0.355752680322831554559098076138874642, 0.158964615841488583292000458623150924
Vector b: 0.464019441783390896654171013371526768, -0.751722552619960519548692478020691524, 1.106286489347327888316665347931461756, 0.118588296273185228272177131229599471, -1.144558927976989026724093470144955753, -0.914798131238489148208547948039314074, 1.027518798844981680272348730142628015, 0.383161224940889891847775521251893500, 0.393576128962685942534195235031567421, 0.317929231682977166584000917246284322
---------------------------------------------------------------------------------------------------
| Order |                  Error^2                   |                 Efficiency                 |
---------------------------------------------------------------------------------------------------
|   2   | 1.566632480637021239579077637323587978e-69 | 6.316208320955118786464580258575381250e+31 |
|   4   | 4.129332177607078130960731825086834253e-72 | 3.075672624360626438644104677606066895e+30 |
|   6   | 3.835123418620274665855603161191569472e-74 | 7.978667259186684807145783670147875977e+28 |
|   8   | 6.429081649308289584792363101650232778e-10 | 1.540584641755007423196114479364494393e-06 |
---------------------------------------------------------------------------------------------------

Scheme evaluation results:
Order: 8, No. cycles: 20
---------------------------------------------------------------------------------------------------
Vector a: 0.375422738719401662107399438695301874, -0.385459759698074590124456374615278382, -0.553779111939715497310704049634447647, 0.354505569591600603234391529255719626, -0.293202042025624219924865085600249707, 0.359646392131780491519797610303631018, 0.990141962752728975471439798887633329, -0.640681668295350129056172639845817518, -0.819980098592896415581768613784641009, 0.811989466270043624426439874901676163, 0.801396551086105495238498511436472156
Vector b: 0.750845477438803324214798877390628112, -1.521764996834952504463711626621190654, 0.414206772955521509842303527352230311, 0.294804366227679696626479531159287326, -0.881208450278928136476209702359845144, 1.600501234542489119515804922967136551, 0.379782690962968831427074674808111088, -1.661146027553669089539419954499749158, 0.021185830367876258375882726930427150, 1.602793102172210990476997022872964342
---------------------------------------------------------------------------------------------------
| Order |                  Error^2                   |                 Efficiency                 |
---------------------------------------------------------------------------------------------------
|   2   | 2.182418657997237680569697749103957819e-69 | 5.351443884264682695174897314556419531e+31 |
|   4   | 2.564596614120846275954731049177206657e-71 | 1.234157210958424107603731081971325562e+30 |
|   6   | 4.855685770101851490623476334859524659e-73 | 2.242305276821266785708064404257573318e+28 |
|   8   | 6.749517284061580579257054054221509170e-10 | 1.503570089734900805853197267176314146e-06 |
---------------------------------------------------------------------------------------------------

Scheme evaluation results:
Order: 8, No. cycles: 20
---------------------------------------------------------------------------------------------------
Vector a: -0.950197279791117377522496929491664607, -0.950654207272998076319769167226852271, 0.944792803717817594263225662580669556, 1.298237101529366283040994207063453025, -0.475917241594133963229904940478531729, -0.695571103951392097500959583480399733, 0.375947953476241777718960851442786811, -0.185197296712250990837779969162245567, 0.412492242109863687987822177349340834, 1.033185506407274881617514512803109381, 0.192881522081328280782393178600334397
Vector b: -1.900394559582234755044993858981680232, -0.000913854963761397594544475467326325, 1.890499462399396586120995800624025743, 0.705974740659335979960992613500375924, -1.657809223847603906420802494456736226, 0.266667015944819711418883327498405177, 0.485228891007663844019038375385759820, -0.855623484432165825694598313709545535, 1.680607968651893201670242668406786606, 0.385763044162656561564786357199935208
---------------------------------------------------------------------------------------------------
| Order |                  Error^2                   |                 Efficiency                 |
---------------------------------------------------------------------------------------------------
|   2   | 1.203409192785281806518286862566078650e-67 | 7.206648602714386598330585070323178711e+30 |
|   4   | 6.906679767742449438928500606041905217e-70 | 2.378183476155733694505884930460250854e+29 |
|   6   | 7.875776442073695542019993085209628991e-71 | 1.760651236398536091415943931345145226e+27 |
|   8   | 6.753487806034085278875444336244955912e-10 | 1.503128034016805281478709468033624364e-06 |
---------------------------------------------------------------------------------------------------

Scheme evaluation results:
Order: 8, No. cycles: 20
---------------------------------------------------------------------------------------------------
Vector a: 0.244270602414500152539864681567246838, 0.434536462694948579279024132355333480, -0.289575561289469974986693954875217217, -1.012686761801317513448590893604165218, 0.872015678060679065312411761396161970, 1.405143283265702850775607972400069911, -1.404635724302614523021888427829892623, -0.832630703539178673431810267708119938, 0.942468966261898319671494633985818175, 0.505637719379844756825769056554686879, 0.135456038855006960484811305758077816
Vector b: 0.488541204829000305079729363132550412, 0.380531720560896853478318901584151016, -0.959682843139836803451706811337337797, -1.065690680462798223445474975875871213, 2.809722036584156354070298498672908675, 0.000564529947249347480917446136946748, -2.809835978552478393524694301806446330, 1.144574571474121046661073766385814179, 0.740363361049675592681915501589874712, 0.270912077710013920969622611517409605
---------------------------------------------------------------------------------------------------
| Order |                  Error^2                   |                 Efficiency                 |
---------------------------------------------------------------------------------------------------
|   2   | 1.078469120494594509322809482349611148e-65 | 7.612655053490304057918876112400439453e+29 |
|   4   | 7.920270944592695211720455116955038865e-69 | 7.022795109491655545136667606812030029e+28 |
|   6   | 4.308254136508601588541309052362967427e-70 | 7.527822481927632235603528540795239210e+26 |
|   8   | 7.145822748861157142796313136979949693e-10 | 1.461281597205242658283566132817174526e-06 |
---------------------------------------------------------------------------------------------------

Scheme evaluation results:
Order: 8, No. cycles: 20
---------------------------------------------------------------------------------------------------
Vector a: 0.256089209544172302124146058063825936, -0.438692068968037960147485083181163078, -0.042120900964542450126901451742457340, 0.793203318270877573426521365811007370, 0.299559228146213698435392265827997794, -0.468436336456541503331977946537944564, -0.401466091553953070463563060838271772, -0.127290790015403453349743069467393293, -0.291113205656892819944019640447404646, 0.741215877169105343402684733375556881, 0.679051760485002339974945829136246694
Vector b: 0.512178419088344604248292116127680087, -1.389562557024420524543262282490051311, 1.305320755095335624289459379005140230, 0.281085881446419522563583352616842490, 0.318032574846007874307201179039206156, -1.254905247759090880971157072115108429, 0.451973064651184740044030950438589682, -0.706554644681991646743517089373377280, 0.124328233368206006855477808478581590, 1.358103520970004679949891658272496663
---------------------------------------------------------------------------------------------------
| Order |                  Error^2                   |                 Efficiency                 |
---------------------------------------------------------------------------------------------------
|   2   | 1.050458773143898634631057837742983847e-69 | 7.713482568490150672523319262320785156e+31 |
|   4   | 9.356355923240880551586570517343050492e-72 | 2.043274194701125267875626464653745605e+30 |
|   6   | 1.500383153497945600879934375003970418e-73 | 4.033842491574628195549887522380934143e+28 |
|   8   | 7.287399327973547334577263605020734574e-10 | 1.447017390489472747678264640559590254e-06 |
---------------------------------------------------------------------------------------------------

Scheme evaluation results:
Order: 8, No. cycles: 20
---------------------------------------------------------------------------------------------------
Vector a: 0.345357877643874836836641689008385130, 0.511360523869233510856435995062892440, -0.788527012500989582315827208943795652, -0.270286866499039455538661813777408924, 0.719398597622626170250644379431297847, -0.640417984333143589869587607156187276, -0.516223873138122062342904572256984859, 0.350642568644548623203895101174407793, -0.213623657996520385398320413409407848, 0.548701758318400911347918324696242570, 0.953618068369131022969766126170558779
Vector b: 0.690715755287749673673283378016817252, 0.332005292450717348039588612108907395, -1.909059317452696512671243029996517525, 1.368485584454617601593919402441617632, 0.070311610790634738907369356420911424, -1.351147579456921918646544570733223576, 0.318699833180677793960735426219179565, 0.382585304108419452447054776129710651, -0.809832620101460223243695602948569151, 1.907236136738262045939532252341166477
---------------------------------------------------------------------------------------------------
| Order |                  Error^2                   |                 Efficiency                 |
---------------------------------------------------------------------------------------------------
|   2   | 5.303373555523500097603270314715083183e-69 | 3.432921711011776498476695905034368359e+31 |
|   4   | 5.249685051922370243322852479544204488e-71 | 8.626078235351210018817612364841046143e+29 |
|   6   | 2.182409215696324021528006861844813325e-72 | 1.057674253335870700401757505337356567e+28 |
|   8   | 7.328664086926790176714612695478170435e-10 | 1.442937853449424740573448671347109160e-06 |
---------------------------------------------------------------------------------------------------

Scheme evaluation results:
Order: 8, No. cycles: 20
---------------------------------------------------------------------------------------------------
Vector a: 0.398869679399990392824801155467196793, -0.413982569079844467230089462131271399, -0.554930122417228508716122523808463386, 0.337176573156985868373696967821303260, 0.144200584026827969385540214749838926, -0.397069565881772027897580486204289423, 0.371937685695422668936623424094419502, 0.986098409360847381830095644665083026, -0.746496217707703357254167513462247566, -0.012222847556216755076122664150305802, 0.886418391002690834823325242958736163
Vector b: 0.797739358799980785649602310934368646, -1.625704496959669720109781235196890643, 0.515844252125212702677536187580002196, 0.158508894188759034069857748062062681, 0.129892273864896904701222681438652044, -0.924031405628440960496383653847751831, 1.667906777019286298369630502036584384, 0.304290041702408465290560787293585472, -1.797282477117815179798895814218103956, 1.772836782005381669646650485917491007
---------------------------------------------------------------------------------------------------
| Order |                  Error^2                   |                 Efficiency                 |
---------------------------------------------------------------------------------------------------
|   2   | 2.263919769706678091877279822721947945e-70 | 1.661534994731144841129758825350430625e+32 |
|   4   | 1.075582976525682511424117806400612964e-71 | 1.905715460880350209752520853840044189e+30 |
|   6   | 5.976077507175641527986411227900277496e-73 | 2.021212220102661446911760271080893707e+28 |
|   8   | 7.695295916037611334629593426073943486e-10 | 1.408144983139050192384851534871381891e-06 |
---------------------------------------------------------------------------------------------------

Scheme evaluation results:
Order: 8, No. cycles: 20
---------------------------------------------------------------------------------------------------
Vector a: 0.357886034937097104428793878287041997, -0.032549476372170119992138048922990617, 0.326446535094609882021690480841520175, 0.090516851701142070276942511336481830, -1.796008912377727805071708321503812067, -0.001266002276581610559686175712559096, 0.537471765824184913575584714685063638, -0.323546815689476161732880338045858591, 0.641672370572090795370706030568508780, 0.766845442637085822007762051345464829, 0.432532205949745109674933217121139180
Vector b: 0.715772069874194208857587756586123077, -0.780871022618534448841863854432805338, 1.433764092807754212885244816105168235, -1.252730389405470072331359793431909763, -2.339287435349985537812056849580699255, 2.336755430796822316692684498155547954, -1.261811899148452489541515068781238136, 0.614718267769500166075754392689324895, 0.668626473374681424665657668448029800, 0.865064411899490219349866434242458530
---------------------------------------------------------------------------------------------------
| Order |                  Error^2                   |                 Efficiency                 |
---------------------------------------------------------------------------------------------------
|   2   | 1.344849844317476226986411796770455070e-66 | 2.155773406332269558396875886812645752e+30 |
|   4   | 1.433846511394444236121438059221499725e-68 | 5.219497397049655355404731776477900696e+28 |
|   6   | 3.028588523179069635540055473950654003e-70 | 8.978419432656615779448207747743088007e+26 |
|   8   | 7.811343566151157744675997063495483108e-10 | 1.397645932009749758043512803755185503e-06 |
---------------------------------------------------------------------------------------------------

Scheme evaluation results:
Order: 8, No. cycles: 20
---------------------------------------------------------------------------------------------------
Vector a: -0.782192404942947767238749266922015220, -0.780432002770622517421673910015249831, 0.810314627515372911043015499118989565, 1.030414495813431209127791908086706484, 0.521216919078298146926155838551953917, -0.620646972749144496059468772007788747, -0.538306062986586565111818004249441233, 0.451869864351817739905634613522249082, -0.420980114722379066198008240400337832, 0.418794615354518064447716160413276239, 0.909947036058242340579404173901657575
Vector b: -1.564384809885895534477498533844614766, 0.003520804344650499634150713813151473, 1.617108450686095322451880284425731022, 0.443720540940767095803703531748508556, 0.598713297215829198048608145355100181, -1.840007242714118190167545689370215451, 0.763395116740945059943909680870550865, 0.140344611962690419867359546174659941, -0.982304841407448552263376026975925083, 1.819894072116484681158808347803053223
---------------------------------------------------------------------------------------------------
| Order |                  Error^2                   |                 Efficiency                 |
---------------------------------------------------------------------------------------------------
|   2   | 8.230706714745598870829038523487913949e-68 | 8.714078046328118363611403118146663086e+30 |
|   4   | 2.510121044662279334368934003442959784e-70 | 3.944869899901511335247070180248289795e+29 |
|   6   | 7.220548451383815285049703629697580081e-72 | 5.814802021485377307960588874493219376e+27 |
|   8   | 7.914947484515251966197348755921380137e-10 | 1.388468450234186223561701610118054302e-06 |
---------------------------------------------------------------------------------------------------

Scheme evaluation results:
Order: 8, No. cycles: 20
---------------------------------------------------------------------------------------------------
Vector a: -0.524683495000218686178502491933340750, -0.351824292773080067821688914031788861, 0.354282423078870470865384470993072024, 0.319178383259044281073057101245627469, -0.650284678703906232571963074540590791, 0.052774094877470021759191890270406638, 1.667881678813151939488392754673581705, -0.039896142766567942921545129777654043, -0.828459931166451003962383585608156521, 0.519767957403133707910985052295724475, 0.481264002978553512359071926413118691
Vector b: -1.049366990000437372357004983866330018, 0.345718404454277236713627155802228250, 0.362846441703463705017141786184774329, 0.275510324814624857128972416305090039, -1.576079682222437322272898565385692880, 1.681627871977377365791282345926545036, 1.654135485648926513185503163420829264, -1.733927771182062399028593422976156656, 0.077007908849160391103826251762220308, 0.962528005957107024718143852826492280
---------------------------------------------------------------------------------------------------
| Order |                  Error^2                   |                 Efficiency                 |
---------------------------------------------------------------------------------------------------
|   2   | 9.925024270394076754789994742813019792e-68 | 7.935498610714000381937853950200003906e+30 |
|   4   | 7.166809455343707001711977895047241540e-70 | 2.334624766449820326163295305199522400e+29 |
|   6   | 1.590143076917226139748399332926762872e-71 | 3.918338258557642280273089731253520966e+27 |
|   8   | 8.059032416408968447036356538621532971e-10 | 1.376000473524706723096406807001746913e-06 |
---------------------------------------------------------------------------------------------------

Scheme evaluation results:
Order: 8, No. cycles: 20
---------------------------------------------------------------------------------------------------
Vector a: 0.434760097619628841183155810136517019, -0.266135277951212120484768120370459186, -0.981829642119788358061539969424101853, -0.069788671184219530534534233088548290, 1.233635433102481137792880159652675082, 0.029963497952059329364010144963810378, -0.414745247548649443410540976478235211, 0.810035809428605416148231003628257846, -1.103919928226554807638130675226722971, -0.004075358245233094492938795132873380, 1.332099287172882630134175651339680541
Vector b: 0.869520195239257682366311620273220179, -1.401790751141681923335847861014247557, -0.561868533097894792787232077834270172, 0.422291190729455731718163611657115357, 2.044979675475506543867596707648669634, -1.985052679571387885139576417721042053, 1.155562184474088998318494464764524254, 0.464509434383121833977967542491779441, -2.672349290836231449254228892945192018, 2.664198574345765260268351302679442742
---------------------------------------------------------------------------------------------------
| Order |                  Error^2                   |                 Efficiency                 |
---------------------------------------------------------------------------------------------------
|   2   | 4.265949300453687662086195915551420952e-67 | 3.827649513160595999305971289636943359e+30 |
|   4   | 1.347067636721875131512167077016789058e-69 | 1.702884985064340872500724473660227356e+29 |
|   6   | 2.404458731454296517599579542490857688e-71 | 3.186481212714002191252577033873942375e+27 |
|   8   | 8.285715604019433388206967365650943144e-10 | 1.357047418956332187845990658388951362e-06 |
---------------------------------------------------------------------------------------------------

Scheme evaluation results:
Order: 8, No. cycles: 20
---------------------------------------------------------------------------------------------------
Vector a: -0.513949143550008731235252445141542332, -0.440468520343716124579386889359647275, 0.463536613601231602871767356029776435, 0.619000579596024695365626308051430181, 0.532742928971782096451808870821507854, -0.636585386523648504659910977846325955, -0.949068795933156065313397393137133576, 0.728762154560918796612974624657664303, 0.031212249190950732932731748997998370, 0.229291172710421137260696934496740946, 0.935526147719200364292341862429531051
Vector b: -1.027898287100017462470504890283043641, 0.146961246412585213311731111563604645, 0.780111980789877992431803600496052225, 0.457889178402171398299449015606933709, 0.607596679541392794604168726035866681, -1.880767452588689803923990681728470058, -0.017370139277622326702804104546050558, 1.474894448399459919928753353861702900, -1.412469950017558454063289855865700291, 1.871052295438400728584683724859104280
---------------------------------------------------------------------------------------------------
| Order |                  Error^2                   |                 Efficiency                 |
---------------------------------------------------------------------------------------------------
|   2   | 2.688631118503650901913457517464585380e-68 | 1.524664885606672810003866791292664453e+31 |
|   4   | 2.361252843790014520583234162756453568e-71 | 1.286200785144694038167356035392448486e+30 |
|   6   | 2.851750433038939619905102693571050649e-72 | 9.252610234536762612498297766368505478e+27 |
|   8   | 8.308765830186929511699008279936222997e-10 | 1.355163747230955086405176345643772971e-06 |
---------------------------------------------------------------------------------------------------

Scheme evaluation results:
Order: 8, No. cycles: 20
---------------------------------------------------------------------------------------------------
Vector a: 0.316191580603026406773232515601493812, 0.109812183530683714749168712995711539, -0.594245790094593356546327470467665612, -0.316191580603026406773232515601513987, 0.776667722990854548089875016102039387, 0.571784340928052680781518041090553951, -0.455861856729295301664320348209821600, -0.358130306276415869526326776402835795, -0.190464849462523978621772219271805493, 0.342952455389730484052902845433345193, 0.797486099723507078685282198730498653
Vector b: 1.310938340910836313961142876211832187, -0.855654233045084692978129294701814189, -1.608103937473384097736069324057226088, 1.039606849524897886136867522305082740, 0.810894193019358993817808957744372025, 0.332674488836746367745227124436737514, -1.244398202295336971073867820856385626, 0.528137589742505232021214268050696221, -0.909067288667553189264758706594301141, 1.594972199447014157370564397461006357
---------------------------------------------------------------------------------------------------
| Order |                  Error^2                   |                 Efficiency                 |
---------------------------------------------------------------------------------------------------
|   2   | 8.150111170944041130758207361799012603e-71 | 2.769224991218574735216264708917384688e+32 |
|   4   | 9.798527753261716116406351732718430950e-72 | 1.996639248075334786959297212329582520e+30 |
|   6   | 3.854068338687344736999058112281848567e-73 | 2.516867312573306278603628475432516479e+28 |
|   8   | 8.650862446753111625188786889780093527e-10 | 1.328098638270863211293615340839383696e-06 |
---------------------------------------------------------------------------------------------------

Scheme evaluation results:
Order: 8, No. cycles: 20
---------------------------------------------------------------------------------------------------
Vector a: 0.141356051948270905660202120333737433, 0.291444148596645007395098186245716685, 0.356251669122650274734335259374802045, -0.432791814349146351935957615200101762, -0.969450150418831130646175639890359375, -0.207068720891209122037972456614351430, 0.559242218533234042322127609908176783, 0.618775412264127479066634266967962359, -0.224864320555276728007480609564903477, 0.229640974379582987512197618601189691, 0.637464531369952635936991259838131023
Vector b: 0.282712103896541811320404240668012201, 0.300176193296748203469792131822621426, 0.412327144948552345998878386927287491, -1.277910773646845049870793617327531363, -0.660989527190817211421557662453157921, 0.246852085408398967345612749224473815, 0.871632351658069117298642470591832493, 0.365918472870185840834626063344065309, -0.815647113980739296849587282473868989, 1.274929062739905271873982519676265705
---------------------------------------------------------------------------------------------------
| Order |                  Error^2                   |                 Efficiency                 |
---------------------------------------------------------------------------------------------------
|   2   | 2.626146932859746586577644594357459616e-70 | 1.542696513698030134504663852464157031e+32 |
|   4   | 1.008151772447505087789101171055867444e-72 | 6.224680406046619593957647123408928711e+30 |
|   6   | 8.075897120082692530314412285701223649e-74 | 5.498251952609256370319951548048731995e+28 |
|   8   | 8.649782316343747740306161445578561178e-10 | 1.328181557984488056787265198011724598e-06 |
---------------------------------------------------------------------------------------------------

Scheme evaluation results:
Order: 8, No. cycles: 20
---------------------------------------------------------------------------------------------------
Vector a: -0.611588583486485595154340194003419038, -0.284463725654314405481362365686340063, 0.662766710449392190539804880838978182, 1.280368928397037976592416657077678338, -0.006582083078820644640127935899416091, -1.564957728426714118276998971305476439, -0.233316287619455563579388311168467311, -0.123529240833762862572525567718866084, 0.214863785003883619353358320895624085, 1.192581766517753409738470247633116566, 0.473856458731485993480693239336587955
Vector b: -1.223177166972971190308680388006941883, 0.654249715664342379345955656634274082, 0.671283705234442001733654105044136608, 1.889454151559633951451179209110244969, -1.902618317717275240731435080909075930, -1.227297139136152995822562861700839642, 0.760664563897241868663786239363784890, -1.007723045564767593808837374801652234, 1.437450615572534832515554016592910659, 0.947712917462971986961386478673158384
---------------------------------------------------------------------------------------------------
| Order |                  Error^2                   |                 Efficiency                 |
---------------------------------------------------------------------------------------------------
|   2   | 3.369618185231419671950143288139347322e-68 | 1.361913930107495771417835102746254688e+31 |
|   4   | 2.991911470652981765796567615715974331e-70 | 3.613313535610596074547099248591433105e+29 |
|   6   | 1.092268357789425743479433099438476013e-70 | 1.495048734466983934255673501042772055e+27 |
|   8   | 8.825017451417207115723601756030548419e-10 | 1.314928832436468744820222255182448692e-06 |
---------------------------------------------------------------------------------------------------

Scheme evaluation results:
Order: 8, No. cycles: 20
---------------------------------------------------------------------------------------------------
Vector a: -0.553851989972875348304553003684802955, 0.295054884691579551055363912146907274, 1.001279704930525231486121034422997831, -0.857155921532326172989125225975119566, -0.750587804286459622901653160489276516, 0.664679091596295525650882214520232420, 0.753561710640192670460771833463068988, -0.467474272044680480661997732890305710, -0.950953169741105540623937820147140042, 0.864896217289131576944876832198302192, 1.000551548429722609883251116435135939
Vector b: -1.107703979945750696609106007369585495, 1.697813749328909798719833831663406977, 0.304745660532140664252408237182599085, -2.019057503596793010230658689132876542, 0.517881895023873764427352368154317444, 0.811476288168717286874412060886130353, 0.695647133111668054047131606040000304, -1.630595677201029015371127071820618754, -0.271310662281182065876748568473665086, 2.001103096859445219766502232870291907
---------------------------------------------------------------------------------------------------
| Order |                  Error^2                   |                 Efficiency                 |
---------------------------------------------------------------------------------------------------
|   2   | 4.311579135400108752845771414177656561e-69 | 3.807341457920275138223523650099568359e+31 |
|   4   | 9.308837578302625510981608189972131779e-71 | 6.477870936282368925458777227699592285e+29 |
|   6   | 5.685153516804599956819191289587794500e-72 | 6.553132176839872142589709517231017113e+27 |
|   8   | 9.036997025994533832851536498614861084e-10 | 1.299415266902006269261074562546499628e-06 |
---------------------------------------------------------------------------------------------------

Scheme evaluation results:
Order: 8, No. cycles: 20
---------------------------------------------------------------------------------------------------
Vector a: -0.597778551656171246003263759807432909, -0.587109480220695617184584003050256996, 0.857775524398752704082448359146972529, 0.833500938310091017033216216062112026, -0.788231045038830515153903373499125741, -0.348814399880402093436620540652336892, 0.777764670194213208792150321694808764, -0.584841166242354902481388158645694995, -0.028140251838040860480653277012114221, 1.187264108033361596069376486286249705, 0.278609653940076708763221729476818823
Vector b: -1.195557103312342492006527519614786662, 0.021338142870951257637359513514002372, 1.694212905926554150527537204780170819, -0.027211029306372116461104772655643566, -1.549251060771288913846701974342934879, 0.851622261010484726973460893038264081, 0.703907079377941690610839750351427596, -1.873589411862651495573616067642826059, 1.817308908186569774612309513618607734, 0.557219307880153417526443458953718535
---------------------------------------------------------------------------------------------------
| Order |                  Error^2                   |                 Efficiency                 |
---------------------------------------------------------------------------------------------------
|   2   | 2.508423104834999325800026043575918323e-69 | 4.991598120188336967398243030823957031e+31 |
|   4   | 2.597759501372408943316214640330360191e-71 | 1.226254308697272207610176527579324585e+30 |
|   6   | 1.352476765753814663042554500936813610e-72 | 1.343553979058056751369702244785891914e+28 |
|   8   | 9.266380589424301618940047750222003768e-10 | 1.283231370028199034041367380413364746e-06 |
---------------------------------------------------------------------------------------------------

Scheme evaluation results:
Order: 8, No. cycles: 20
---------------------------------------------------------------------------------------------------
Vector a: 0.255839506367040029695395819668719339, 0.408683239799227150058933519965576481, 0.264638161644215550498839161263305774, -0.504364446490204126284910141626826787, -0.487890500452115276104249505270392884, -0.213564502208953469633362513517844192, -0.164867472746690677473934910285998037, -0.327279096461488598974952451757939634, 0.023114738900226692724779603252828714, 1.136524805361419044834291586937057460, 0.609165566287323680659169831371513706
Vector b: 0.511679012734080059390791639337286434, 0.305687466864374240727075400594069713, 0.223588856424056860270602921932477629, -1.232317749404465112840423205186173165, 0.256536748500234560631924194645679078, -0.683665752918141499898649221681441465, 0.353930807424760144950779401109363780, -1.008489000347737342900684304625181851, 1.054718478148190728350243511130850618, 1.218331132574647361318339662743069205
---------------------------------------------------------------------------------------------------
| Order |                  Error^2                   |                 Efficiency                 |
---------------------------------------------------------------------------------------------------
|   2   | 1.774913099450035624031787381014007189e-69 | 5.934053552611231575463424376251538281e+31 |
|   4   | 1.023185614668213496992973732378630380e-71 | 1.953902121938060207247509888666447754e+30 |
|   6   | 2.689394647347307934819454700064586681e-73 | 3.012955781275172830095312277752059937e+28 |
|   8   | 8.755177402240386268436877457254621302e-10 | 1.320163008490909893516073842756059525e-06 |
---------------------------------------------------------------------------------------------------

Scheme evaluation results:
Order: 8, No. cycles: 20
---------------------------------------------------------------------------------------------------
Vector a: 0.314338711860710510197680153276097756, 0.109168688969565369558859927335771414, -0.590763535925715126946592103698521542, -0.314338711860710510197680153276085960, 0.649918010642064780417014643693131953, 0.633689099548954107629421520570838891, -0.274798289812426342811924185946898524, -0.383107760819843886702511470185148570, -0.218346115503793214043423839443206017, 0.332569538550581359450927705890235203, 0.741670364350612953448227801783785372
Vector b: 1.220903155459669500282746749220826878, -0.796887939352916354019788840173726631, -1.497659432406447972077524870103287150, 0.907342461740311665058891448504408754, 0.669249836490596367569915959764366942, 0.598128362607311847688927081377277039, -1.147724942232164533312775453271072450, 0.381509420592476759907752512900716279, -0.818201651600063187994600191787089072, 1.483340728701225906896455603567579218
---------------------------------------------------------------------------------------------------
| Order |                  Error^2                   |                 Efficiency                 |
---------------------------------------------------------------------------------------------------
|   2   | 1.506864998716764937953517450003728552e-68 | 2.036586384771969344516243545826140625e+31 |
|   4   | 1.758075196162842205723450112332512701e-71 | 1.490600607810492768426462840816383789e+30 |
|   6   | 2.843825533928437406805035270781200576e-73 | 2.930006281116775071005685787429654694e+28 |
|   8   | 9.438707726354946413751490034207431926e-10 | 1.271463114226592327053937968358004198e-06 |
---------------------------------------------------------------------------------------------------

Scheme evaluation results:
Order: 8, No. cycles: 20
---------------------------------------------------------------------------------------------------
Vector a: 0.298540742044943546821264203563807859, 0.532755496874287216303071997601821321, -0.394842641799385331462465681145084636, -1.058786414010028082498780178397961961, 0.150633726396682360630276330277890133, 0.620439031381496580231157915815155274, -0.466627531689547559455650515696928294, -0.367403001502149809706152219566426096, 0.312801725179956875156457628013509564, 0.772994887256394095670702484547350796, 0.599493979867350108310118034986865945
Vector b: 0.597081484089887093642528407127621303, 0.468429509658687338963615588076016427, -1.258114793257458001888546950366177707, -0.859458034762598163109013406429774911, 1.160725487555962884369566066985541406, 0.080152575207030276092749764644848839, -1.013407638586125395004050796038794441, 0.278601635581825775591746356905975760, 0.347001814778087974721168899121015972, 1.198987959734700216620236069973727460
---------------------------------------------------------------------------------------------------
| Order |                  Error^2                   |                 Efficiency                 |
---------------------------------------------------------------------------------------------------
|   2   | 9.055679078826712367509119290887791781e-70 | 8.307674973655724205648794126752153125e+31 |
|   4   | 9.135270008230462769176679909655360263e-72 | 2.067851385686958446647154043240734131e+30 |
|   6   | 1.458476145584349808335247102589731480e-73 | 4.091385115428655688962827540659222412e+28 |
|   8   | 9.584883566694802500861470065503361107e-10 | 1.261730536113594344247128451255257217e-06 |
---------------------------------------------------------------------------------------------------

Scheme evaluation results:
Order: 8, No. cycles: 20
---------------------------------------------------------------------------------------------------
Vector a: 0.821040665183769665051516157457440954, -0.045839535967513953316248621181298995, -1.583103742034929405590854449353145119, 0.093730103473986884864595070030332631, 0.268343747129223838378246609659233698, -0.170913423763048567519746043012702470, -0.117092103557050415687965201716032039, -0.122734885016994787349804457387076414, 0.687489704158586355212960431158457679, 0.745757741273570423321204051550233006, 0.423321729120399962636096452794557054
Vector b: 1.642081330367539330103032314913313622, -1.733760402302567236735529557275891691, -1.432447081767291574446179341427448793, 1.619907288715265344175369481488147228, -1.083219794456817667418876262170626813, 0.741392946930720532379384176146014778, -0.975577154044821363755314579578203706, 0.730107384010831789055705664803739117, 0.644872024306340921370215197511836276, 0.846643458240799925272192905589119981
---------------------------------------------------------------------------------------------------
| Order |                  Error^2                   |                 Efficiency                 |
---------------------------------------------------------------------------------------------------
|   2   | 1.627136189266386152920116316041796581e-65 | 6.197664410691960387573424085530521240e+29 |
|   4   | 7.987922543692398645582311611999323051e-70 | 2.211378560935920484904564625024335022e+29 |
|   6   | 1.114778365826615663540898467783224130e-71 | 4.679783480787386235766695197169474602e+27 |
|   8   | 9.746622041684170625106580197723276214e-10 | 1.251217967155129581757439786574147380e-06 |
---------------------------------------------------------------------------------------------------

Scheme evaluation results:
Order: 8, No. cycles: 20
---------------------------------------------------------------------------------------------------
Vector a: 0.838863135137807480780338370249693039, -0.029167570079964594404576407547659633, -1.566841370048658380366450960401266395, 0.329827928032812877831756999407452387, 0.039771620881013281280099280029272402, 0.296351775889396743812840316321209540, -0.005652942638915598497099914946239114, -0.644958885739764210362783175918842932, 0.945708043449041720121174768791303484, 0.547946751897519183122762267737760445, 0.248151513219711496681938456277316802
Vector b: 1.677726270275614961560676740499235856, -1.736061410435544150369829555594530705, -1.397621329661772610363072365207629225, 2.057277185727398366026586364022338517, -1.977733943965371803466387803963795604, 2.570437495744165291092068436606048091, -2.581743381021996488086268266498525783, 1.291825609542468067360701914661217786, 0.599590477355615372881647622921100966, 0.496303026439422993363876912554540101
---------------------------------------------------------------------------------------------------
| Order |                  Error^2                   |                 Efficiency                 |
---------------------------------------------------------------------------------------------------
|   2   | 3.352865178935590254070251417451204907e-69 | 4.317496194287323285593823070890870312e+31 |
|   4   | 4.119361202840108288974045758680119423e-70 | 3.079392730135388923898956737315911255e+29 |
|   6   | 1.881528645415342496235349744065728631e-71 | 3.602173348678244913372978597357169628e+27 |
|   8   | 9.768778898219018764202183531011014344e-10 | 1.249798199392686127709780528110582408e-06 |
---------------------------------------------------------------------------------------------------

Scheme evaluation results:
Order: 8, No. cycles: 20
---------------------------------------------------------------------------------------------------
Vector a: 0.431640820398151136631609110025907233, -0.249139477100197675103962048068292244, -0.975500208165337980124467668378664087, 1.293514714760589586948067386663903078, -0.001096819418329447353274128101022683, -1.373061906675958316894435637697857288, 1.300082927423683469157456027243418461, 0.015381792638165311920931496955996670, -0.491250790367258500374969153191120107, 0.813304876377401093129398802146157221, 0.236124070129091322063645812401573743
Vector b: 0.863281640796302273263218220051722214, -1.361560594996697623471142316188032740, -0.589439821333978336777793020568331892, 3.176469250855157510673927793895076476, -3.178662889691816405380476050097121012, 0.432539076339899771591604774702551546, 2.167626778507467166723307279783305799, -2.136863193231136542881444285871309140, 1.154361612496619542131505979489072970, 0.472248140258182644127291624803065634
---------------------------------------------------------------------------------------------------
| Order |                  Error^2                   |                 Efficiency                 |
---------------------------------------------------------------------------------------------------
|   2   | 3.569975084850460683081282552450239715e-68 | 1.323144927206839525195451790275059180e+31 |
|   4   | 1.399219593213682582204836172464238306e-69 | 1.670848520270487272202235143974352417e+29 |
|   6   | 4.456155972300335806530449024305426082e-70 | 7.401842407709727912624133253224592209e+26 |
|   8   | 1.010161602362125613967544317606949469e-09 | 1.229036006817224647650607611433659759e-06 |
---------------------------------------------------------------------------------------------------

Scheme evaluation results:
Order: 8, No. cycles: 20
---------------------------------------------------------------------------------------------------
Vector a: 0.031675123829704847988481261443667289, -0.602148956389281898685130990149900122, -0.206904051107461637785034113513454135, 1.367989266526644849431345116221727765, 0.942127428639096003861683215477788992, -0.953574476637104090934598862230210581, -0.754723940568875414040737184183320694, -0.513985589122085987781225995906812575, 0.080710219250876954083461097076232835, 1.201719755621827127969610732035516549, 0.407115219956659245892145723728764654
Vector b: 0.063350247659409695976962522823348312, -1.267648160437973493347224503059509175, 0.853840058223050217777156276033515530, 1.882138474830239481085533956408377010, 0.002116382447952526637832474551755863, -1.909265335722160708507030199016649740, 0.399817454584409880425555830650447945, -1.427788632828581855988007822463110997, 1.589209071330335764154930016615204385, 0.814230439913318491784291447456620655
---------------------------------------------------------------------------------------------------
| Order |                  Error^2                   |                 Efficiency                 |
---------------------------------------------------------------------------------------------------
|   2   | 1.152244605989910881641860338572562626e-67 | 7.364913776940503140674726201495936523e+30 |
|   4   | 4.865305080085257886825016669018386256e-70 | 2.833511491856653001066077976801586914e+29 |
|   6   | 1.106348304831693894770524852074099377e-71 | 4.697578958881975356686432077548700333e+27 |
|   8   | 1.021294636099597622291737170915828398e-09 | 1.222318849754917383381221171837129502e-06 |
---------------------------------------------------------------------------------------------------

Scheme evaluation results:
Order: 8, No. cycles: 20
---------------------------------------------------------------------------------------------------
Vector a: 0.322913460118331001081895372317522499, 0.538588443984141014700212952103764109, -0.359040648643203762913767032987202187, -0.385092267411317043239471190002573211, -0.224974941783939232335405813462124390, -0.242677466576155290734391435673253113, 0.762526487954704287077454640239961124, -0.624262575923569286022833136809263133, -1.216174717910250650197978189085897385, 1.213443865926900605296482810381001287, 1.214750360264358357287801022978064401
Vector b: 0.645826920236662002163790744635313570, 0.431349967731620027236635159571869088, -1.149431265018027553064169225546273125, 0.379246730195393466585226845541683441, -0.829196613763271931256038472466210519, 0.343841680610961349787255601119678244, 1.181211295298447224367653679359888188, -2.429736447145585796413319952977803742, -0.002612988674915503982636425193831520, 2.429500720528716714575602045955686223
---------------------------------------------------------------------------------------------------
| Order |                  Error^2                   |                 Efficiency                 |
---------------------------------------------------------------------------------------------------
|   2   | 5.492269361308401050894280849923445715e-68 | 1.066753544149526241864792211869586133e+31 |
|   4   | 1.559177463582869951956216126032359064e-69 | 1.582822601097901111696164397402525024e+29 |
|   6   | 1.113206013027523704712382178973309765e-70 | 1.480922236553786740110712148775202990e+27 |
|   8   | 1.032713261238420096597746133921013110e-09 | 1.215542527152678130138276292795332467e-06 |
---------------------------------------------------------------------------------------------------

Scheme evaluation results:
Order: 8, No. cycles: 20
---------------------------------------------------------------------------------------------------
Vector a: 0.242642196461373163158428182097962572, -0.608587489545496740899136836736333130, -0.737997559284041397904809118912349104, 1.179403725132884004838107968176083269, -0.025657282843230329205310594412323396, -1.176308028806999583211817912534162850, 0.888745252246173832775247238462735226, 0.128110977862129293112792790006018344, -0.138185767127780097525476255600389011, 0.977380815357483026160053991095273621, 0.270453160547504828701920548357484420
Vector b: 0.485284392922746326316856364202179217, -1.702459372013739808115130037679858721, 0.226464253445657012305511799839826115, 2.132343196820110997370704136524876734, -2.183657762506571655781325325349325173, -0.168958295107427510642310499733694867, 1.946448799599775176192804976674707694, -1.690226843875516589967219396665152808, 1.413855309619956394916266885468961099, 0.540906321095009657403841096717480637
---------------------------------------------------------------------------------------------------
| Order |                  Error^2                   |                 Efficiency                 |
---------------------------------------------------------------------------------------------------
|   2   | 1.598327357412914732865359554841695249e-67 | 6.253269443687622030421664647290580078e+30 |
|   4   | 4.827941560448497281597745156319166607e-70 | 2.844454656493574326196758307058412476e+29 |
|   6   | 1.986042713893260006649917426423414965e-72 | 1.108729833729876181647182798107004929e+28 |
|   8   | 1.126717459741565723737087471588946989e-09 | 1.163730783370983867891562462312496958e-06 |
---------------------------------------------------------------------------------------------------

Scheme evaluation results:
Order: 8, No. cycles: 20
---------------------------------------------------------------------------------------------------
Vector a: -0.511224692238062914309556982011630815, -0.427037297281672496291684403756293810, 0.456837213764560761632521860430953836, 0.596147552279053675999296724761963206, 0.535445832198331528838890472684198992, -0.626879214504441065488668671062914894, -0.241509874727873477375204199838279645, 0.035356623151925402493360180396435529, -0.674860409671681148477278495634621669, 0.922412336355134483287696169660771728, 0.935311930674725249690627344369417580
Vector b: -1.022449384476125828619113964023242949, 0.168374789912780836035745156510666669, 0.745299637616340687229298564351208238, 0.446995466941766664769294885172816830, 0.623896197454896392908486060195468535, -1.877654626463778523885823402321195576, 1.394634877008031569135415002644729404, -1.323921630704180764148694641851866123, -0.025799188639181532805862349417347662, 1.870623861349450499381254688738762552
---------------------------------------------------------------------------------------------------
| Order |                  Error^2                   |                 Efficiency                 |
---------------------------------------------------------------------------------------------------
|   2   | 1.435919412933581913249313193559179509e-67 | 6.597432798297671950293920417532947266e+30 |
|   4   | 8.919545426659047617990229149204096522e-71 | 6.617724092514181904034194870330140381e+29 |
|   6   | 5.688152100573203964749040221632191431e-72 | 6.551404664475732837849542557908344269e+27 |
|   8   | 1.157924536356238686105574994241301034e-09 | 1.147941895686750139671594017797484752e-06 |
---------------------------------------------------------------------------------------------------

Scheme evaluation results:
Order: 8, No. cycles: 20
---------------------------------------------------------------------------------------------------
Vector a: -0.580052494794507690675099810689436986, -0.272561317305780241030152543477404734, 0.628077453138577971951887427767068560, -0.240795638926810663913208703040744084, -0.124270404799165769301852057402146137, -0.249984139811262600780251772556353022, 0.097867583882456533704014931889472330, 1.643773439498863988126501888400871922, -0.027115008464792096574011321541024732, -0.380432343455010482402888869326372370, 0.505492871037431050895060829976069289
Vector b: -1.160104989589015381350199621378771898, 0.614982354977454899289894534423957711, 0.641172551299701044613880321109975356, -1.122763829153322372440297727191682165, 0.874223019554990833836593612387452532, -1.374191299177516035397097157499988901, 1.569926466942429102805127021278929299, 1.717620412055298873447876755523062028, -1.771850428984883066595899398605124059, 1.010985742074862101790121659952190194
---------------------------------------------------------------------------------------------------
| Order |                  Error^2                   |                 Efficiency                 |
---------------------------------------------------------------------------------------------------
|   2   | 1.532945354463785869571943713561485393e-67 | 6.385231858441016462111332702042955078e+30 |
|   4   | 2.755968582153863908408732359191671319e-70 | 3.764808463707779011972287296716987305e+29 |
|   6   | 2.220467103525934271105764027983064305e-71 | 3.315872739268711017748399663996403694e+27 |
|   8   | 1.280589555955421269479085634442115990e-09 | 1.091578710637070833494543113345701233e-06 |
---------------------------------------------------------------------------------------------------

Scheme evaluation results:
Order: 8, No. cycles: 20
---------------------------------------------------------------------------------------------------
Vector a: 0.081836501282556974194736272746709610, -0.557650638123916938083963317700679505, -0.384299927971707250224540578616956507, 0.498832500589820778192200512904290588, 1.055063804963716944309625173310671085, -0.013840648638584103789733225165695192, -1.371356735287636768483183395366373266, -0.548229883963980583853766195622380429, 0.701019058197172020688374103682930997, 1.120888670136660847535262225583777752, 0.417737298815898079514988424243704820
Vector b: 0.163673002565113948389472545491821492, -1.278974278812947824557399180891492592, 0.510374422869533324108318023657480586, 0.487290578310108232276083002151109113, 1.622837031617325656343167344470348949, -1.650518328894493863922633794801732595, -1.092195141680779673043732995931156456, -0.004264626247181494663799395313920245, 1.406302742641525536040547602680146634, 0.835474597631796159029976848487395196
---------------------------------------------------------------------------------------------------
| Order |                  Error^2                   |                 Efficiency                 |
---------------------------------------------------------------------------------------------------
|   2   | 4.926289418881731527924960894242958729e-69 | 3.561886259514465200586035359217751953e+31 |
|   4   | 1.233924708856143727186081459626536706e-70 | 5.626465845425488773031970379722070312e+29 |
|   6   | 7.424890623522676111227708950641459430e-72 | 5.734228511852964607069763985607521057e+27 |
|   8   | 1.298056672613874454753946134377805745e-09 | 1.084209498449061151628402477337285261e-06 |
---------------------------------------------------------------------------------------------------

Scheme evaluation results:
Order: 8, No. cycles: 20
---------------------------------------------------------------------------------------------------
Vector a: -0.503925359474543506052698615973317083, -0.270931815278327058677559243143476302, -0.483670640663696777582976055033126797, 0.060561532371988278795644887561507557, 0.741294963848124162093390995424967965, -0.860048738717037205520343451764359620, -0.035101272436158775002637885098989925, 1.192592580573638311756823658940750378, 0.645983435368445567457426543536458671, 0.377826441049737673645434148404883443, 0.135418873357829329087495017144701768
Vector b: -1.007850718949087012105397231943874693, 0.465987088392432894750278745657580179, -1.433328369719826449916230855721323613, 1.554451434463803007507520630844306096, -0.071861506767554683320738639996842192, -1.648235970666519727719948263528944338, 1.578033425794202177714672493331002694, 0.807151735353074445798974824544972858, 0.484815135383816689115878262525317226, 0.270837746715658658174990034287805688
---------------------------------------------------------------------------------------------------
| Order |                  Error^2                   |                 Efficiency                 |
---------------------------------------------------------------------------------------------------
|   2   | 6.895446834572600132239818884046509051e-68 | 9.520479046029234492546270188341377930e+30 |
|   4   | 1.730908849819846476176492785367998350e-69 | 1.502252440225851133684059655603387299e+29 |
|   6   | 1.804296240824675688426665897184024891e-70 | 1.163231365055988913519290962835512519e+27 |
|   8   | 1.313044837329500075023121161273879113e-09 | 1.078003712387264530167069007281182635e-06 |
---------------------------------------------------------------------------------------------------

Scheme evaluation results:
Order: 8, No. cycles: 20
---------------------------------------------------------------------------------------------------
Vector a: -1.140040341728205281690931010421943368, -0.004122937121120431368673511235431647, 0.704569593318604826090036677313549786, -0.076528751383946202056215566580484942, -0.472994387064921433374405808417943970, 0.034782715250323931954150783795806710, 1.110743627841129468282863365709099899, 0.753577906245405986776629793797461106, -0.113171733884827300438364257791585114, -0.207708932990663285305891499775715785, 0.410893241518219721130801033607187353
Vector b: -2.280080683456410563381862020864044288, 2.271834809214169700644514998393245531, -0.862695622576960048464441643753669207, 0.709638119809067644352010510593538283, -1.655626893938910511100822127434460797, 1.725192324439558375009123695025637971, 0.496294931242700561556603036408937720, 1.010860881248111411996656551185970915, -1.237204349017766012873385066768187014, 0.821786483036439442261602067213030984
---------------------------------------------------------------------------------------------------
| Order |                  Error^2                   |                 Efficiency                 |
---------------------------------------------------------------------------------------------------
|   2   | 1.510215599975930821529495824141357035e-67 | 6.433103410692069296656188604916904297e+30 |
|   4   | 3.720345343429306275280675189925376098e-69 | 1.024680306799692867750277981141103668e+29 |
|   6   | 5.425990098847661115566428796254191102e-70 | 6.707806523439031989595337470252087116e+26 |
|   8   | 1.353295126412788579240225993915418699e-09 | 1.061851477759855816668025369065656653e-06 |
---------------------------------------------------------------------------------------------------

Scheme evaluation results:
Order: 8, No. cycles: 20
---------------------------------------------------------------------------------------------------
Vector a: 0.146940312301057104895026175709398336, -0.777265161660812874660141437941007652, -0.911250632215369395169226503891873917, 0.518089897289175510249449643313783540, -0.043955544138541446484334724535659518, 0.338034947488791648219165921674785613, 1.070682432445840987466145334641181971, -0.661914108217149657845713133013112649, 0.049245212110545983983121054703707942, 1.083054425099995374037239005965308143, 0.188338219496466765309268663373488076
Vector b: 0.293880624602114209790052351418827534, -1.848410947923739959110335227299923833, 0.025909683493001168771882219517352626, 1.010270111085349851727017067109447433, -1.098181199362432744695686516180673543, 1.774251094340016041134018359529913799, 0.367113770551665933798272309751052688, -1.690941986985965249489698575776499525, 1.789432411207057217455940685183809616, 0.376676438992933530618537326746693233
---------------------------------------------------------------------------------------------------
| Order |                  Error^2                   |                 Efficiency                 |
---------------------------------------------------------------------------------------------------
|   2   | 9.282071055797380176696847273159986575e-71 | 2.594881706367281480736355345306120625e+32 |
|   4   | 1.657685609304486751175679034646724760e-70 | 4.854325943933665908118175649431568604e+29 |
|   6   | 1.236688980434265040689309986713869251e-71 | 4.443137777515857509164125861816251278e+27 |
|   8   | 1.332899433459246508325850252887927888e-09 | 1.069944727624132562363544432246694506e-06 |
---------------------------------------------------------------------------------------------------

Scheme evaluation results:
Order: 8, No. cycles: 20
---------------------------------------------------------------------------------------------------
Vector a: -0.640297727335276188605804149750639932, 0.245636538711607746999711581896588899, 0.863798031910229636716091032049013125, -0.824094729317448046023234945249527392, -0.327959106534058146690517487632518321, 0.826807876366240708865601240304145425, -0.621886441878787981136724554640704108, -0.972204710857720055416118819153258306, 0.944584608245716983053195913752699817, 1.223855025097319645574040942202233085, 0.281760635592175696663759246221967706
Vector b: -1.280595454670552377211608299501267537, 1.771868532093767871211031463294440327, -0.044272468273308597778849399196243108, -1.603916990361587494267620491302998738, 0.947998777293471200886585516037933401, 0.705616975439010216844616964570462220, -1.949389859196586179118066073851916466, 0.004980437481146068285828435545192563, 1.884188779010287897820563391960420210, 0.563521271184351393327518492443977013
---------------------------------------------------------------------------------------------------
| Order |                  Error^2                   |                 Efficiency                 |
---------------------------------------------------------------------------------------------------
|   2   | 1.544536623684684061402355386253821766e-67 | 6.361227142419091887639657023326896484e+30 |
|   4   | 2.368316538774597368731230167672075271e-70 | 4.061253918980241490262056274164132690e+29 |
|   6   | 7.845210290465241037053410159963293957e-72 | 5.578503775666843411489113866887830734e+27 |
|   8   | 1.371350199270275991293862363717025215e-09 | 1.054838196896630438505650080085028371e-06 |
---------------------------------------------------------------------------------------------------

Scheme evaluation results:
Order: 8, No. cycles: 20
---------------------------------------------------------------------------------------------------
Vector a: 0.401873721013084517459322818851245176, -0.330790979614524632814771625437763887, -0.895527069006874012186922265241849161, 0.706541910515296947766046704616250442, -0.033165457126377921808704453590082719, -0.691874955462415507683376671164421228, 0.597955243708423836516045835366105174, -0.216384472410518365444146383091997297, 0.217619673575460232700906419355970451, 1.032508496972161558176247975077923786, 0.211243887836283347319351645258619186
Vector b: 0.803747442026169034918645637702487751, -1.465329401255218300548188888578014465, -0.325724736758529723825655641905713997, 1.738808557789123619357749051138245792, -1.805139472041879462975157958318411362, 0.421389561117048447608404615989546372, 0.774520926299799225423687054742685835, -1.207289871120835956311979820926683415, 1.642529218271756421713792659638624799, 0.422487775672566694638703290517232787
---------------------------------------------------------------------------------------------------
| Order |                  Error^2                   |                 Efficiency                 |
---------------------------------------------------------------------------------------------------
|   2   | 2.293350726712864907071684460417333268e-69 | 5.220411888297421829671710957639885938e+31 |
|   4   | 5.549256466761486338488254252961024748e-72 | 2.653154977338946105733452257694158691e+30 |
|   6   | 3.034677099938338415360980526398587672e-73 | 2.836375871722330845214535845083525848e+28 |
|   8   | 1.404132593014703993737497838252649702e-09 | 1.042451778201046572548156112608434480e-06 |
---------------------------------------------------------------------------------------------------

Scheme evaluation results:
Order: 8, No. cycles: 20
---------------------------------------------------------------------------------------------------
Vector a: -1.621003533879992395488521838162459793, -0.000139485658887279337834683957668296, 1.090515661761866936576037541909134076, -0.260148678797336962318776563271725309, 0.745185307633101279726082126705174855, -0.244285017991634094414418796057382290, -0.271762125330805832097546955146645727, -0.091121627415237979454437106033874885, 0.210584212471777038279223790061285593, 1.095694809863096315525467149326141282, 0.346480477344052973004725334628020411
Vector b: -3.242007067759984790977043676388094711, 3.241728096442210232301374308472744322, -1.060696772918476359149299224594028548, 0.540399415323802434511746098043891101, 0.949971199942400124940418155376864794, -1.438541235925668313769255747503122842, 0.895016985264056649574161837200729155, -1.077260240094532608483036049269223682, 1.498428665038086685041483629399771010, 0.692960954688105946009450669260469497
---------------------------------------------------------------------------------------------------
| Order |                  Error^2                   |                 Efficiency                 |
---------------------------------------------------------------------------------------------------
|   2   | 4.739305040558393922946922346388920338e-65 | 3.631471811629830970293105736618179321e+29 |
|   4   | 2.651291056082472902012899694158841395e-67 | 1.213811684902026844023112372375056648e+28 |
|   6   | 3.592950568445124104208556817276311950e-68 | 8.243172817479668969068813752607813478e+25 |
|   8   | 1.460012102712381618657742876922811117e-09 | 1.022308111591408699074426193449509365e-06 |
---------------------------------------------------------------------------------------------------

Scheme evaluation results:
Order: 8, No. cycles: 20
---------------------------------------------------------------------------------------------------
Vector a: 0.461731644869455478572596780844372734, -0.824482104573730846684936595960715611, 0.081710662089404740584375260408890451, 0.724931283898899557186994057967684890, -1.119672944937907653022206124668397723, -0.141390558711487287840362068092135327, 0.564034800930752822708628425339799546, 0.816428510244259218526461055439009073, -0.793380965210936913571351386670179559, -0.075487130857940641188156449351257427, 1.305576802259231524727957044742929050
Vector b: 0.923463289738910957145193561692608498, -2.572427498886372650515066753620089452, 2.735848823065182131683817274438221908, -1.285986255267383017309829158498883365, -0.953359634608432288734583090840298500, 0.670578517185457713053858954656003434, 0.457491084676047932363397896025804026, 1.175365935812470504689524214849500292, -2.762127866234344331832226988193222663, 2.611153604518463049455914089490355918
---------------------------------------------------------------------------------------------------
| Order |                  Error^2                   |                 Efficiency                 |
---------------------------------------------------------------------------------------------------
|   2   | 4.069984405187877606453298574096609138e-67 | 3.918714610214964247947544399411393066e+30 |
|   4   | 2.733753869413617129632186550931212205e-69 | 1.195364384337892366554892104076912689e+29 |
|   6   | 6.892277618070703412876751929426146816e-71 | 1.882082449275227030699780304735088348e+27 |
|   8   | 1.463646895488299151218716067834394992e-09 | 1.021037932286389808077784552661823685e-06 |
---------------------------------------------------------------------------------------------------

Scheme evaluation results:
Order: 8, No. cycles: 20
---------------------------------------------------------------------------------------------------
Vector a: 0.520849912357021049949392991735034912, -0.074474227073668365443520852189254053, 0.214220488420121686510544376661861851, 0.082323825483432727539252206122646093, -0.504789393270455875297115104939602408, 0.587682053269454877857104059361152591, -0.365660746436036154611159420344419782, 0.854265607581185138282976936039291886, -0.000320415127533528017217059864756982, -0.949797259260404378235812349336968283, 0.635700154056882821465554216755014125
Vector b: 1.041699824714042099898785983451368851, -1.190648278861378830785827687840177167, 1.619089255701622203806916441180320962, -1.454441604734756748728412028930990125, 0.444862818193844998134181819044003012, 0.730501288345064757580026299694454751, -1.461822781217137066802345140394761784, 3.170353996379507343368299012461482983, -3.170994826634574399402733132191020655, 1.271400308113765642931108433525319172
---------------------------------------------------------------------------------------------------
| Order |                  Error^2                   |                 Efficiency                 |
---------------------------------------------------------------------------------------------------
|   2   | 3.704966734526668660336885867351610394e-64 | 1.298816664414058401887406877102607880e+29 |
|   4   | 3.522658454188663077624143692505406402e-67 | 1.053039709891486975064306949466044426e+28 |
|   6   | 1.260203374739472310987357090508599307e-68 | 1.391873309385129696151601402404242605e+26 |
|   8   | 1.550893573619605716149560460149147441e-09 | 9.919026178966946418980054240572446867e-07 |
---------------------------------------------------------------------------------------------------

Scheme evaluation results:
Order: 8, No. cycles: 20
---------------------------------------------------------------------------------------------------
Vector a: 0.144874463565068928638637717281733882, -0.781115898566032356506368341799154627, -0.369390144154633631076020196376777017, -0.048263946028619727182870695424277538, -0.596491733222834719296539319055762171, 0.895743366191664759717380218089001488, 1.071258852257140368910349048957243376, -0.646841228607113623052149062709326079, 0.057623318494363754309850656035723733, 1.080477707010100947024007881844718722, 0.192125243060895298513722093156876357
Vector b: 0.289748927130137857277275434563671527, -1.851980724262202570290012118164613095, 1.113200435952935308137971725409939519, -1.209728328010174762503713116258719663, 0.016744861564505323910634478145189992, 1.774741870818824195524125958035675827, 0.367775833695456542296572139882556328, -1.661458290909683788400870265303285361, 1.776704927898411297020571577375032225, 0.384250486121790597027444186314552746
---------------------------------------------------------------------------------------------------
| Order |                  Error^2                   |                 Efficiency                 |
---------------------------------------------------------------------------------------------------
|   2   | 4.012412925444236782576859348204790002e-67 | 3.946728013676357828920085529521522949e+30 |
|   4   | 7.470791534187280931636456986087431220e-70 | 2.286634271789490770684342357176423645e+29 |
|   6   | 2.398556534345007703945102852428217450e-71 | 3.190399336858111625353958541750617504e+27 |
|   8   | 1.564108089898519550945542472886636302e-09 | 9.877036383102000712621151345620924928e-07 |
---------------------------------------------------------------------------------------------------

Scheme evaluation results:
Order: 8, No. cycles: 20
---------------------------------------------------------------------------------------------------
Vector a: 0.194500487652170057504512442085761121, 1.078884311303879389097175011453321548, -0.379277797130775735510493710671288431, -0.003373142173026176384039010541479865, 0.379134874975759570494668972195508360, -0.426136442820081515231502197412981964, -0.180660905616665214694029238582211251, 0.313638351345748424173291978359521378, 0.024935937819250769768953545703324183, -0.463013077656520121654925781859564796, 0.461367402300260552436387989270089898
Vector b: 0.389000975304340115009024884169676576, 1.768767647303418663185325138735248253, -2.527323241564970134206312560075469318, 2.520576957218917781438234538992527641, -1.762307207267398640448896594603861132, 0.910034321627235609985892199780904062, -1.271356132860566039373950676944440684, 1.898632835552062887720534633661581680, -1.848760959913561348182627542255064927, 0.922734804600521104872775978538897898
---------------------------------------------------------------------------------------------------
| Order |                  Error^2                   |                 Efficiency                 |
---------------------------------------------------------------------------------------------------
|   2   | 8.375144796052884933090808976177574228e-67 | 2.731768208761996860603665998110786133e+30 |
|   4   | 4.527043630119318679737884039256220206e-69 | 9.289079446913368280263856119543844604e+28 |
|   6   | 1.334615654816229202379055394060577067e-69 | 4.277026278768671626085158321561570764e+26 |
|   8   | 1.645399238715137144849102542422122110e-09 | 9.629957903997222743809630167132769630e-07 |
---------------------------------------------------------------------------------------------------

Scheme evaluation results:
Order: 8, No. cycles: 20
---------------------------------------------------------------------------------------------------
Vector a: 0.817443855968310878877340825658670519, -0.051286758330493481800717640095964489, -1.323069726138264732320546911279104839, -0.056521459251133741523453782414322726, -0.209928899999887198586521576056927862, 0.203242204397376286005353490160940640, 0.123823953157159869603192299335452932, -0.373826676345405371835620845999426716, 0.647329052588735817356731891677586459, 0.778392689529656309154438778349184344, 0.444401764423945365069803470663911641
Vector b: 1.634887711936621757754681651317206224, -1.737461228597608721356116931509188092, -0.908678223678920743284976891047737184, 0.795635305176653260238069326218912861, -1.215493105176427657411112478333714939, 1.621977513971180229421819458655808504, -1.374329607656860490215434859984972672, 0.626676254966049746544193167985826789, 0.667981850211421888169270615369855923, 0.888803528847890730139606941328002587
---------------------------------------------------------------------------------------------------
| Order |                  Error^2                   |                 Efficiency                 |
---------------------------------------------------------------------------------------------------
|   2   | 1.856414211159476035339369454631997315e-69 | 5.802331889007890259862728710653421094e+31 |
|   4   | 9.279418024817255163307928585867734292e-71 | 6.488131561351064202761458660288087158e+29 |
|   6   | 3.600847375423554199488802160974425907e-72 | 8.234129047237279354004416158695906639e+27 |
|   8   | 1.654785112875619697152348064455370646e-09 | 9.602608702294104019737378618351476633e-07 |
---------------------------------------------------------------------------------------------------

Scheme evaluation results:
Order: 8, No. cycles: 20
---------------------------------------------------------------------------------------------------
Vector a: 0.083694101683469950684784151051699958, -0.656336434139474550579083090991367181, -0.265588867166187902683000242137846827, 1.488252665058419893792703164656530672, -0.007388643311428448614718922380706027, -0.952422026676628850090533559689782841, 0.126313546500808163114434357197905704, -0.581871079360724301258015587258928292, 0.163771209784546435214231273909408569, 1.202376875118407808134929073283088595, 0.399198652508791802284269382359997666
Vector b: 0.167388203366939901369568302101912569, -1.480061071645889002527734484083262162, 0.948883337313513197161733999807878969, 2.027621992803326590423672329504294137, -2.042399279426183487653110174265698797, 0.137555226072925787472043054886428409, 0.115071866928690538756825659510011575, -1.278814025650139141272856834027885925, 1.606356445219232011701319381846518703, 0.798397305017583604568538764719802547
---------------------------------------------------------------------------------------------------
| Order |                  Error^2                   |                 Efficiency                 |
---------------------------------------------------------------------------------------------------
|   2   | 7.027206965169528797187076569728926422e-69 | 2.982281513240264857738615558389438672e+31 |
|   4   | 1.359236205484048526256007456063919528e-70 | 5.360836356462252099404370113176525269e+29 |
|   6   | 7.451885667144297264918299426623599204e-72 | 5.723832740890561173841959626454194069e+27 |
|   8   | 1.718765827190034383816129595892678757e-09 | 9.422186135833381534094137359509128740e-07 |
---------------------------------------------------------------------------------------------------

Scheme evaluation results:
Order: 8, No. cycles: 20
---------------------------------------------------------------------------------------------------
Vector a: 0.312479113800919103744804812207296113, 0.515876305191390095951210741841964452, -0.828737042888334319631365711168511298, -0.377835634450526166203416056725529540, 0.065102401396680226391276292424588480, -0.186732018611740027743484102444965859, 0.475167453430416349333800054489004729, -0.487442291529422261483427345741038212, -0.554793750120951383873126152955294026, 1.036133639400298359479116763069239127, 1.030781824381270024034610705003246131
Vector b: 0.624958227601838207489609624414768737, 0.406794382780941984412811859268944559, -2.064268468557610623675543281605849384, 1.308597199656558291268711168154061050, -1.178392396863197838486158583304967243, 0.804928359639717782999190378415474107, 0.145406547221114915668409730561976663, -1.120291130279959438635264422043540283, 0.010703630038056670889012116132697802, 2.061563648762540048069221410006434099
---------------------------------------------------------------------------------------------------
| Order |                  Error^2                   |                 Efficiency                 |
---------------------------------------------------------------------------------------------------
|   2   | 4.682479409182882964167852090334696947e-68 | 1.155319411979506360449767953804196289e+31 |
|   4   | 3.644193681790936685240728431923649247e-70 | 3.274004650291099352305566103729143066e+29 |
|   6   | 1.012451481252349341570593378448753318e-71 | 4.910581416568268946732396667233579636e+27 |
|   8   | 1.808665426413331488192273890921021817e-09 | 9.185037129632018053533822961519932103e-07 |
---------------------------------------------------------------------------------------------------

Scheme evaluation results:
Order: 8, No. cycles: 20
---------------------------------------------------------------------------------------------------
Vector a: 0.198218257664659733518238856926854074, -0.533043448097578309750782150656639970, -0.619114723623177680655947875796152505, 0.721752683156651146801418720127580000, 0.863278524367556224910790056542349927, -0.691351171029052975962011030968912051, -0.968772951378785307155787690235957229, 0.889481219403614920200128352634179458, 0.163017792087064662312204079096670633, 0.113160716566365218711246108863715814, 0.863373100882682367070502573466311945
Vector b: 0.396436515329319467036477713853679308, -1.462523411524476086538042015166980240, 0.224293964278120725226146263574638276, 1.219211402035181568376691176680558341, 0.507345646699930881444888936404143920, -1.890047988758036833368910998341972741, -0.047497913999533780942664382130054486, 1.826460352806763621342921087398493419, -1.500424768632634296718512929205139490, 1.726746201765364734141005146932633904
---------------------------------------------------------------------------------------------------
| Order |                  Error^2                   |                 Efficiency                 |
---------------------------------------------------------------------------------------------------
|   2   | 1.044119797788719935973801454239362392e-68 | 2.446610545810522102955688500818905859e+31 |
|   4   | 1.954598466015602572507601873506100546e-70 | 4.470449986550247188367891753113142090e+29 |
|   6   | 5.286916114323917087505682129071728436e-72 | 6.795459307630188037325326896913340569e+27 |
|   8   | 1.859128643790745241916685839136708578e-09 | 9.059522618579020758330359678820624380e-07 |
---------------------------------------------------------------------------------------------------

Scheme evaluation results:
Order: 8, No. cycles: 20
---------------------------------------------------------------------------------------------------
Vector a: -0.564946541370767451758499386555485366, 0.206084602082463055696445405558989572, 0.051572292993390108403453590752792596, -0.598098371669017377485906956641300515, 0.389337385314470526046760540054057685, 0.444427715881922425911838692041103723, 0.650626753258392345552578523876392413, -0.393749231495042110955442015599532287, -0.876998899703296474850054723452430088, 0.841335285199674006833064874640833950, 0.850409009507810946605761455324578251
Vector b: -1.129893082741534903516998773110962066, 1.542062286906461014909889584229006739, -1.438917700919680798102982402723422329, 0.242720957581646043131168489440736438, 0.535953813047295008962352590667397012, 0.352901618716549842861324793414777742, 0.948351887800234848243832254338027354, -1.735850350790319070154716285537165114, -0.018147448616273879545393161367630865, 1.700818019015621893211522910649234888
---------------------------------------------------------------------------------------------------
| Order |                  Error^2                   |                 Efficiency                 |
---------------------------------------------------------------------------------------------------
|   2   | 7.679215858845052087647733158672847430e-69 | 2.852867298709401268464560733973981250e+31 |
|   4   | 2.258834793661438482881852338745131070e-71 | 1.315036426623149053364578262657972900e+30 |
|   6   | 9.862936298345610484422483144911196330e-73 | 1.573319451158794548603282240293148804e+28 |
|   8   | 1.862571657430730415981871617228928982e-09 | 9.051145360178976178868165629104551029e-07 |
---------------------------------------------------------------------------------------------------

Scheme evaluation results:
Order: 8, No. cycles: 20
---------------------------------------------------------------------------------------------------
Vector a: -0.621891053457518530532049349364583248, -0.192216735693544452510641817405404391, 1.316073282901336835544216603981483375, -0.037912886610742971017802481964817171, -0.669058279802385134973597632375159014, -0.504745588144007280411135078170523583, 0.052421576647496010754959906858239614, 1.192645542929736257848649938150140272, -0.420488517219260069359359505723376377, 0.042229667518558446090929439390547378, 0.842942990930330888565829976623453127
Vector b: -1.243782106915037061064098698729245267, 0.859348635527948156042815063918481119, 1.772797930274725515045618144044577498, -1.848623703496211457081223107974203257, 0.510507143891441187134027843223822348, -1.519998320179455747956297999564942218, 1.624841473474447769466217813281399708, 0.760449612385024746231082063019001977, -1.601426646823544884949801074465736050, 1.685885981860661777131659953246844239
---------------------------------------------------------------------------------------------------
| Order |                  Error^2                   |                 Efficiency                 |
---------------------------------------------------------------------------------------------------
|   2   | 1.696128691464243226434458043183283401e-68 | 1.919599412460728718864109146728104688e+31 |
|   4   | 4.033491433450062022286044246654220538e-71 | 9.841004896462465444023684206629432373e+29 |
|   6   | 1.365793324411610922018389861045149016e-72 | 1.336988073452117464605951110510811996e+28 |
|   8   | 1.886928855345636876115832956630995998e-09 | 8.992537794063226029648590064478850982e-07 |
---------------------------------------------------------------------------------------------------

Scheme evaluation results:
Order: 8, No. cycles: 20
---------------------------------------------------------------------------------------------------
Vector a: 0.282471171104790857780022685378324275, 1.267149872172329177855823046696624858, -0.004422550072616081822931921837014669, -0.567139245498626678210517176597581876, -0.117642470671432798407706510556828353, 0.165886729239599080911327567912748580, 0.104078148856952959072137330381237215, -0.193304372248856669892676399040284593, -0.175236925828822464237396994882342293, -0.172592983664444910663957038971821713, 0.410752626611127527615875411516938634
Vector b: 0.564942342209581715560045370758065360, 1.969357402135076640151600722642889040, -1.978202502280308803797464566316864125, 0.843924011283055447376430213112543538, -1.079208952625921044191843234222613223, 1.410982411105119206014498370052056516, -1.202826113391213287870223709291611245, 0.816217368893499948084870911211638326, -1.166691220551144876559664900973565606, 0.821505253222255055231750823027461226
---------------------------------------------------------------------------------------------------
| Order |                  Error^2                   |                 Efficiency                 |
---------------------------------------------------------------------------------------------------
|   2   | 1.539465443400541102476550279450924603e-67 | 6.371695843517441004478445630999229492e+30 |
|   4   | 8.709007520653776867979114422409185994e-69 | 6.697237256728686769665645187849320221e+28 |
|   6   | 1.274408264605730355442611739288165501e-69 | 4.376891051578161588845448356705600023e+26 |
|   8   | 1.934740584117288712344333266082700190e-09 | 8.880729946252579243041867020281871224e-07 |
---------------------------------------------------------------------------------------------------

Scheme evaluation results:
Order: 8, No. cycles: 20
---------------------------------------------------------------------------------------------------
Vector a: -0.587636515755942433235554411597327050, 0.220820629912893019360581523993840985, 0.206191403300776188000547499616973453, -0.192358211207243045329066818513379570, -0.247354777854125211882296185626112659, -0.133776171506686531749646554168403012, 0.911198723446373551684607672314024843, -0.481110950354721879651579995038516864, -0.053380765562496110128606267472217881, 1.086424703155758437369711843726530853, 0.270981932425414015561301692764586860
Vector b: -1.175273031511884866471108823194696662, 1.616914291337670905192271871182422881, -1.204531484736118529191176871948455174, 0.819815062321632438533043234921680001, -1.314524618029882862297635606173926745, 1.046972275016509798798342497837078397, 0.775425171876237304570872846791115734, -1.737647072585681063874032836868238055, 1.630885541460688843616820301923796697, 0.541963864850828031122603385529222831
---------------------------------------------------------------------------------------------------
| Order |                  Error^2                   |                 Efficiency                 |
---------------------------------------------------------------------------------------------------
|   2   | 1.050458773143898634631057837742983847e-69 | 7.713482568490150672523319262320785156e+31 |
|   4   | 2.786124700961284893929441438080272266e-71 | 1.184076445868541185674701811928634644e+30 |
|   6   | 4.149961015602257945455439843128611569e-73 | 2.425481785141770884838831202753938293e+28 |
|   8   | 1.936459702364238623218476890457589547e-09 | 8.876787077015502087282776202218564811e-07 |
---------------------------------------------------------------------------------------------------

Scheme evaluation results:
Order: 8, No. cycles: 20
---------------------------------------------------------------------------------------------------
Vector a: 0.051707477768960907027380756860276881, 0.104199759067998761146455518422677441, -0.697127784993800580936435703861830513, -0.295412830300377479063851057447887107, 1.434731387543749768932458062392939580, -0.007985584990969871371961372242347454, -0.869336168805097453751855741293902993, -0.480049863169732293434041279110656714, 0.199015740711010836030815008014678546, 1.179248519393080882723398190577669426, 0.381009347775176522697637617688382989
Vector b: 0.103414955537921814054761514016564271, 0.104984562598075708238149522429825147, -1.499240132585676870111020930050560288, 0.908414471984921911983318815154629977, 1.961048303102577625881597309631429450, -1.977019473084517368625520054116111294, 0.238347135474322461121808571528193484, -1.198446861813787047989891129749573862, 1.596478343235808720051521145779020654, 0.762018695550353045395275235376582629
---------------------------------------------------------------------------------------------------
| Order |                  Error^2                   |                 Efficiency                 |
---------------------------------------------------------------------------------------------------
|   2   | 3.384650612502272014480208426162221056e-67 | 4.297175455494999612293294173158205078e+30 |
|   4   | 1.345705747485410957972522150873432886e-70 | 5.387719334654207296888121442046995850e+29 |
|   6   | 4.256680317913457125886913919164061048e-72 | 7.573288622310100138363472256783228874e+27 |
|   8   | 1.951793345575520781364492804349671851e-09 | 8.841849496514472567115309367656809671e-07 |
---------------------------------------------------------------------------------------------------

Scheme evaluation results:
Order: 8, No. cycles: 20
---------------------------------------------------------------------------------------------------
Vector a: 0.376211256395247538392412218009315581, -0.190221841658722138887550214688100640, 0.222415564885208475418224033781810907, 0.248266734405952047149024954360928558, -0.099335045548609358047959754822525858, -0.175637777084375252003928275049063239, -0.252731790935312282268302529446491713, 0.691095503341466896431099510020234306, -0.502951556372619830029463921305895053, -0.073502619004321552688645974644031786, 0.756391571576085456535089953783818865
Vector b: 0.752422512790495076784824436018599962, -1.132866196107939354559924865395043090, 1.577697325878356305396372932958752774, -1.081163857066452211098323024236764117, 0.882493765969233495002403514591675111, -1.233769320137983999010260064689886474, 0.728305738267359434473655005796781522, 0.653885268415574358388544014243982239, -1.659788381160814018447471856855997390, 1.512783143152170913070179907567899656
---------------------------------------------------------------------------------------------------
| Order |                  Error^2                   |                 Efficiency                 |
---------------------------------------------------------------------------------------------------
|   2   | 6.913331800753282889165649394646012440e-68 | 9.508156209603046463828971449547797852e+30 |
|   4   | 2.058752040577010389800901338787771413e-71 | 1.377456827574809111341058207291661621e+30 |
|   6   | 3.379613431086496751364004540349337365e-73 | 2.687735405599164283166477603198323059e+28 |
|   8   | 1.802735099858977763461075360857962398e-09 | 9.200132399704370619811084868625775629e-07 |
---------------------------------------------------------------------------------------------------

Scheme evaluation results:
Order: 8, No. cycles: 20
---------------------------------------------------------------------------------------------------
Vector a: 0.499701902543509589698742163467192837, -0.130314470208298631999047955046188285, -0.388772070895450881543421285655662410, 0.391453965386387710555070854439900833, 0.276714610128880078593780160125739551, 0.249830404161213909613788022689518069, -0.356641016482900249972555249156828857, -0.812286935320015972193078450888901078, -0.157489108944884878393977707651192473, 0.801317035980712984023267528805552667, 0.626485683650846341617431918870869172
Vector b: 0.999403805087019179397484326934375178, -1.260032745503616443395580237026759307, 0.482488603712714680308737665715390960, 0.300419327060060740801404043164540127, 0.253009893197699416386156277086776811, 0.246650915124728402841419768292374739, -0.959932948090528902786530266606073043, -0.664640922549503041599626635171748277, 0.349662704659733284811671219869364438, 1.252971367301692683234863837741758373
---------------------------------------------------------------------------------------------------
| Order |                  Error^2                   |                 Efficiency                 |
---------------------------------------------------------------------------------------------------
|   2   | 6.157861773602164409906201117803698411e-70 | 1.007453571167146069933087090938893750e+32 |
|   4   | 3.112889683346682376331259756242678425e-72 | 3.542404511265954887069656969300795410e+30 |
|   6   | 1.434985767114492918954196225522914393e-73 | 4.124736684703112276286916798328997803e+28 |
|   8   | 1.976805952473189228453878128959306388e-09 | 8.785733278828250002220227792134261029e-07 |
---------------------------------------------------------------------------------------------------

Scheme evaluation results:
Order: 8, No. cycles: 20
---------------------------------------------------------------------------------------------------
Vector a: -0.520635468178988011683474941211304308, 0.614742155006746847630518857084494285, 1.133307212136167249774915018404411751, -1.138311200254277554448662855399358206, -1.066160731403763981530996277088768088, 0.476309065307222194441031075867247961, 0.621735582808349120104643371807968523, 0.520700341511130166849255650072191508, -0.377940052008483483649937047498047054, 0.026559638429178345527857272376090095, 0.709693456646719106984849875585073623
Vector b: -1.041270936357976023366949882422497875, 2.270755246371469718627987596590633258, -0.004140822099135219078157559781727624, -2.272481578409419889819168151017063811, 0.140160115601891926757175596840340787, 0.812458015012552462124886554894268596, 0.431013150604145778084400188721926716, 0.610387532418114555614111111422031824, -1.366267636435081522913985206417389937, 1.419386913293438213969699751169478177
---------------------------------------------------------------------------------------------------
| Order |                  Error^2                   |                 Efficiency                 |
---------------------------------------------------------------------------------------------------
|   2   | 3.160431998510522616260682632519839331e-69 | 4.446996458056519689566377713310792188e+31 |
|   4   | 4.494676652161793516393076054290742356e-70 | 2.948022476388303643582702690983883362e+29 |
|   6   | 4.163639896952725505637868194508800265e-72 | 7.657437227368214634070762013223244667e+27 |
|   8   | 2.053533773269216261154492726827202871e-09 | 8.620036599231411993765749460936988730e-07 |
---------------------------------------------------------------------------------------------------

Scheme evaluation results:
Order: 8, No. cycles: 20
---------------------------------------------------------------------------------------------------
Vector a: 0.589451471927110144945241326268841579, -0.683733251351957209216535645125750235, -0.279923227000735965809976466429702707, -0.032083729361709290281263637330497350, 0.309049158422953309151666213402195421, 0.716191297967806946176342161802289554, -0.325525374927747915283875861303940296, 0.538838973583019917343223857176825189, -1.149210356672607593916300978626537907, -0.039213290837160364021766736522801735, 1.356158328251028020913245766689078430
Vector b: 1.178902943854220289890482652537314149, -2.546369446558134708323553942789426681, 1.986522992556662776703601009929976488, -2.050690451280081357266128284591004170, 2.668788768125987975569460711395489864, -1.236406172190374083216776387790208370, 0.585355422334878252649024665182792985, 0.492322524831161582037423049170710684, -2.790743238176376769870025006424546133, 2.712316656502056041826491533378901424
---------------------------------------------------------------------------------------------------
| Order |                  Error^2                   |                 Efficiency                 |
---------------------------------------------------------------------------------------------------
|   2   | 1.489478094885417650207899940965223992e-67 | 6.477731584886608410607563611861355469e+30 |
|   4   | 1.520257499104436005540778983455018076e-69 | 1.602955404704921429064383715611724548e+29 |
|   6   | 1.196483312569437557804400525499394255e-70 | 1.428455458979421305249040675823716879e+27 |
|   8   | 2.194361167749378184216619937918000070e-09 | 8.338846511161660189174086234557512595e-07 |
---------------------------------------------------------------------------------------------------

Scheme evaluation results:
Order: 8, No. cycles: 20
---------------------------------------------------------------------------------------------------
Vector a: 0.523968119046317848831334608273692015, -0.113785079594034445775989156482460888, -1.082360950293620578670719056093688476, 0.473441180397126064086118219946672155, 0.091028494890152276935811119893726985, -0.463537128474353309486858387454529023, 0.762609604986716438585887243031787140, 0.652930062139273659437469349967966931, -0.719961892883294168121693375836036223, -0.049049034468011968260740025977633099, 0.924716624253728182439379460730502465
Vector b: 1.047936238092635697662669216547422741, -1.275506397280704589214647529512358528, -0.889215503306536568126790582675049432, 1.836097864100788696299027022568458838, -1.654040874320484142427404782780984814, 0.726966617371777523453688007871856279, 0.798252592601655353718086478191712031, 0.507607531676891965156852221744219712, -1.947531317443480301400238973416375550, 1.849433248507456364878758921461098723
---------------------------------------------------------------------------------------------------
| Order |                  Error^2                   |                 Efficiency                 |
---------------------------------------------------------------------------------------------------
|   2   | 5.692060280985015392502450794278657621e-69 | 3.313639536085177949461563961636139453e+31 |
|   4   | 1.016110865387880127955857232932624293e-71 | 1.960692419109906511304812545986128906e+30 |
|   6   | 7.268783746746290205244340023101033869e-73 | 1.832690597885351323133503744967300224e+28 |
|   8   | 2.225076776990458185050771983180674713e-09 | 8.281090563004418194814144427499871581e-07 |
---------------------------------------------------------------------------------------------------

Scheme evaluation results:
Order: 8, No. cycles: 20
---------------------------------------------------------------------------------------------------
Vector a: 0.341319997137892304813659225456787454, 0.517370791777806381071929110394194000, -0.870822703990282302168501534904140213, -0.363561664012255513356359098029190046, 0.207348867647431236613531396424947210, -0.367208879852039290936136765545423330, 0.164957150441604337466446287644263485, 0.273429969903013802342387953301820712, -0.332471440875087732605775044693885807, 0.383766718860340620932476672067831396, 1.045871192961576155826341797882795164
Vector b: 0.682639994275784609627318450914654585, 0.352101589279828152516539769872232008, -2.093746997260392756853542839680023970, 1.366623669235881730140824643620367469, -0.951925933941019256913761850771299706, 0.217508174236940675041488319677538296, -0.000000000000000000000000000013385084, 0.659266066452295604576180162243117538, -1.324208948202471069787730251628802504, 2.091742385923152311652683595765601498
---------------------------------------------------------------------------------------------------
| Order |                  Error^2                   |                 Efficiency                 |
---------------------------------------------------------------------------------------------------
|   2   | 6.724973675913687271921459713395546371e-68 | 9.640392459008990209744300507714540039e+30 |
|   4   | 2.534357588095296383765618261310722826e-70 | 3.925961815488359822808669421684075317e+29 |
|   6   | 8.008176739298053116135142479230822172e-72 | 5.521450732216385815045284896750219345e+27 |
|   8   | 2.265571300044393178656682600505965203e-09 | 8.206749312697666069626193183309492683e-07 |
---------------------------------------------------------------------------------------------------

Scheme evaluation results:
Order: 8, No. cycles: 20
---------------------------------------------------------------------------------------------------
Vector a: 0.224873755907261496692933498801318811, 0.468152814446108398546197742446455269, -0.578861078245234951494379766159478878, 0.015173103881208705289845662605340683, 0.877754116281255474042450865649795846, -1.015273889554074995880331503078459690, -0.596111764161546013036218388753951807, 0.504026641770048065914763595177520766, -0.480445185796757837913734144172528514, 0.527921329456709826129524502849494529, 1.052790156015021831708947934634492914
Vector b: 0.449747511814522993385866997602705800, 0.486558117077693803706528487290068430, -1.644280273568163706695288019609351716, 1.674626481330581117274979344820065576, 0.080881751231929830809922386480084986, -2.111429530340079822570585392637283084, 0.919206002016987796498148615129509566, 0.088847281523108335331378575225332970, -1.049737653116624011158846863570198801, 2.105580312030043663417895869269065947
---------------------------------------------------------------------------------------------------
| Order |                  Error^2                   |                 Efficiency                 |
---------------------------------------------------------------------------------------------------
|   2   | 3.490245490360815747380594450293529513e-67 | 4.231672229084388713388279760249247070e+30 |
|   4   | 1.258244159507289683251169426472182631e-70 | 5.571826130560399701457078219217909546e+29 |
|   6   | 4.318673696051107508538858549914835913e-72 | 7.518735900285122349332449075467610359e+27 |
|   8   | 2.325499238893229399114122737544909612e-09 | 8.100315485947399689532924357526397271e-07 |
---------------------------------------------------------------------------------------------------

Scheme evaluation results:
Order: 8, No. cycles: 20
---------------------------------------------------------------------------------------------------
Vector a: 0.318769128527453390060368638204206468, -0.488163715583982034484487435474052722, 0.196653537573278569964034740703995154, 1.226063548009267591429315924280876592, 0.100589146528025406602727506775068665, -0.583353600650181152793244788121456038, -0.184368063214738139558274462145864351, -0.730319249658149600131339107051055902, -0.185040763770402985507799318337778165, 1.075773017883045195979755406365695148, 0.253397014356383758438942894800365175
Vector b: 0.637538257054906780120737276408413802, -1.613865688222870849089712147356522039, 2.007172763369427989017781628764505029, 0.444954332649107193840850219797236021, -0.243776039593056380635395206247098089, -0.922931161707305924951094369995804092, 0.554195035277829645834545445704090124, -2.014833534594128846097223659806202119, 1.644752007053322875081625023130648967, 0.506794028712767516877885789600732469
---------------------------------------------------------------------------------------------------
| Order |                  Error^2                   |                 Efficiency                 |
---------------------------------------------------------------------------------------------------
|   2   | 3.880358485277246249477657616145418778e-68 | 1.269124078609186194690421489238552930e+31 |
|   4   | 1.421029718729460296439571880912628947e-70 | 5.242982848772491453802921196538101196e+29 |
|   6   | 1.639851911792407365889707409033719585e-72 | 1.220162604929225805838383412934844208e+28 |
|   8   | 2.347895947485037688311559694013497635e-09 | 8.061588231799176646395838795273093887e-07 |
---------------------------------------------------------------------------------------------------

Scheme evaluation results:
Order: 8, No. cycles: 20
---------------------------------------------------------------------------------------------------
Vector a: 0.275057706886285326874374598930529136, -0.641005799693036761542000861780520122, -0.035574414420267365525184854652051674, 1.210851585966211994634953304272620274, -0.323655233006663688077830926116117852, 0.130989420351396157569861772174452161, 0.038588547939471887217721307753865487, -0.274118144092294592899490677591973716, -0.276609533811781858791389734602766962, 0.073282937467723202236676462925421126, 0.822192926412955698302309608686542112
Vector b: 0.550115413772570653748749197861032464, -1.832127013158644176832750921421984501, 1.760978184318109445782381212117879792, 0.660724987614314543487525396427309527, -1.308035453627641919643187248659705661, 1.570014294330434234782910793008592843, -1.492837198451490460347468177500807846, 0.944600910266901274548486822316831235, -1.497819977890464992131266291522173048, 1.644385852825911396604619217373025098
---------------------------------------------------------------------------------------------------
| Order |                  Error^2                   |                 Efficiency                 |
---------------------------------------------------------------------------------------------------
|   2   | 2.437788808020150969333454913106993547e-68 | 1.601186682285034290721728309709412500e+31 |
|   4   | 5.173410411243776108391440219891951359e-72 | 2.747840694428792280488322666792803223e+30 |
|   6   | 2.676595305788123274481843039956925064e-72 | 9.550556321263823015593145078338316917e+27 |
|   8   | 2.624217297949196982176361778850407520e-09 | 7.625356239326486975082976368863051585e-07 |
---------------------------------------------------------------------------------------------------

Scheme evaluation results:
Order: 8, No. cycles: 20
---------------------------------------------------------------------------------------------------
Vector a: 0.318336767815015767157949161226823654, 0.514623023248092818244848117581732052, -0.809077377800042742341535857551774295, 0.060921782581343014310093846451701564, -0.037639487597697342602776601436682262, -0.547204791231560833100302889313078471, 0.596703051348053517359073237096967557, -0.590101016269954947826046315101730966, -0.627088376305376623166992455320007832, 1.061761001672079948371407240381353246, 1.058765422540047423594282515984695766
Vector b: 0.636673535630031534315898322453651930, 0.392572510866154102173797912709802015, -2.010727266466239586856869627813117712, 2.132570831628925615477057320716349709, -2.207849806824320300682610523589828741, 1.113440224361198634482004744963818748, 0.079965878334908400236141729230359828, -1.260167910874818295888234359434075382, 0.005991158264065049554249448793724292, 2.117530845080094847188565031969315649
---------------------------------------------------------------------------------------------------
| Order |                  Error^2                   |                 Efficiency                 |
---------------------------------------------------------------------------------------------------
|   2   | 6.789042605396386261921586732378577498e-68 | 9.594795915877581618410353247037082031e+30 |
|   4   | 3.537396748758185560336490712063812433e-70 | 3.323059604917250142124291038124818115e+29 |
|   6   | 1.044783430775274908174650099099413902e-71 | 4.834002690186118577895612819649220467e+27 |
|   8   | 2.708115735815171854797591871787818608e-09 | 7.506308757976235273598951597025321856e-07 |
---------------------------------------------------------------------------------------------------

Scheme evaluation results:
Order: 8, No. cycles: 20
---------------------------------------------------------------------------------------------------
Vector a: 0.291666836046672151199741695481823632, 0.552701549881460778882429078772824613, -0.223609271839476831294841637387898366, -0.929929687223830626304601184562578816, -0.262984633700716902186037245995510754, 0.351011661582725739226622736880323794, 0.699424972186200824706031770237932523, -0.527123447641395231455005207512914015, -1.062092921987611261065820440055350730, 1.053339923401039339650554576423811645, 1.057595019294932018640925857717536496
Vector b: 0.583333672093344302399483390964642489, 0.522069427669577255365374766580135833, -0.969287971348530917955058041356486606, -0.890571403099130334654144327767914810, 0.364602135697696530282069835778134516, 0.337421187467754948171175637980645209, 1.061428756904646701240887902494968936, -2.115675652187437164150898317520371720, -0.008510191787785357980742562588940434, 2.115190038589864037281851715435186623
---------------------------------------------------------------------------------------------------
| Order |                  Error^2                   |                 Efficiency                 |
---------------------------------------------------------------------------------------------------
|   2   | 4.533782328808836213745737504978541004e-68 | 1.174112403346679721040259074806145312e+31 |
|   4   | 6.601116924606551021859790797156748551e-70 | 2.432603373260541135416979187665599060e+29 |
|   6   | 1.037294739140885168538583050075683963e-71 | 4.851420716287267138162399569954107761e+27 |
|   8   | 2.691089542523149951132504058570217422e-09 | 7.530017064395804214934034984019715790e-07 |
---------------------------------------------------------------------------------------------------

Scheme evaluation results:
Order: 8, No. cycles: 20
---------------------------------------------------------------------------------------------------
Vector a: 0.116103908975887973114317546102786187, 0.492439095642709742505935541094413997, 0.414988100552137760929533563307490799, -0.705558260589264095884117697762686017, -0.599021943994258434421325558727922191, 0.788663530273957968752404686918440734, 0.147532418843052955781249530044449018, -1.080610360579762219219488200041932758, 0.145167935508380539895730632883522409, 1.005065995252358603845265669791904685, 0.275229580114799204700494286389533197
Vector b: 0.232207817951775946228635092205747151, 0.752670373333643538783235989982851393, 0.077305827770631983075831136632233158, -1.488422348949160174844066532157670470, 0.290378460960643306001415414701843903, 1.286948599587272631503393959135012432, -0.991883761901166719940894899046122726, -1.169336959258357718498081501037699457, 1.459672830275118798289542766804736235, 0.550459160229598409400988572779068320
---------------------------------------------------------------------------------------------------
| Order |                  Error^2                   |                 Efficiency                 |
---------------------------------------------------------------------------------------------------
|   2   | 7.335100053849637017682386625619111342e-70 | 9.230749970728582450720882363057948438e+31 |
|   4   | 9.590706993151923400941054561492002135e-72 | 2.018155871841511968613941919818682617e+30 |
|   6   | 2.423855488438461778051546357569202368e-73 | 3.173705791126144157917250678038467789e+28 |
|   8   | 2.643652243084066609429662210288241237e-09 | 7.597275435897231119088880501825954496e-07 |
---------------------------------------------------------------------------------------------------

Scheme evaluation results:
Order: 8, No. cycles: 20
---------------------------------------------------------------------------------------------------
Vector a: 0.490822723039389486132376106976967057, -0.405065663320174960948290810054143074, -0.629487658986218204379384169254084262, 0.428654477913450226869467869610772035, -0.309504907350223630112023163415464569, -0.355851994148859282314573384866538516, 0.322734142788656306738592475882624830, -0.153848424953672579606166597406563435, 0.534940737551921694622382167037553704, 0.986111604509256595999562922716352379, 0.090494962956474346998056582772523803
Vector b: 0.981645446078778972264752213953887411, -1.791776772719128894161333834062128782, 0.532801454746692485402565495554043843, 0.324507501080207968336370243667559017, -0.943517315780655228560416570498539723, 0.231813327482936663931269800765441096, 0.413654958094375949545915150999658174, -0.721351808001721108758248345812697751, 1.791233283105564498003012679887818545, 0.180989925912948693996113165544958050
---------------------------------------------------------------------------------------------------
| Order |                  Error^2                   |                 Efficiency                 |
---------------------------------------------------------------------------------------------------
|   2   | 5.114647543721327145169150575493424798e-68 | 1.105432307054536779401879620463716406e+31 |
|   4   | 7.754381200945081451355903792201027573e-72 | 2.244431958039441548717548051268039795e+30 |
|   6   | 5.609536311828564854603103976746076564e-73 | 2.086202897187052194421561921932774353e+28 |
|   8   | 2.703631862812982657391689412797277768e-09 | 7.512530646456793406004390342775425817e-07 |
---------------------------------------------------------------------------------------------------

Scheme evaluation results:
Order: 8, No. cycles: 20
---------------------------------------------------------------------------------------------------
Vector a: -0.528717753194473274975721400076588689, -0.470643826460206016760285519657773402, 1.122411850768554334964969058976889467, 1.061363995454655652919777816813681202, -1.069801894538356165181891286340139122, -0.639355461500597117138410372020657809, 0.656682080544963860828707015362784707, 0.526999330167614607571322673085172956, -0.471688408102968345512774395566289795, 0.021635962338532873407595401779284631, 0.791114124522279589876711007643635884
Vector b: -1.057435506388946549951442800153004429, 0.116147853468534516430871760837308004, 2.128675848068574153499066357115185010, -0.005947857159262847659510723487908205, -2.133655931917449482704271849192266896, 0.854945008916255248427451105152572912, 0.458419152173672473229962925573385252, 0.595579508161556741912682420596268673, -1.538956324367493432938231211727566461, 1.582228249044559179753422015286026076
---------------------------------------------------------------------------------------------------
| Order |                  Error^2                   |                 Efficiency                 |
---------------------------------------------------------------------------------------------------
|   2   | 6.651396283398220233935448119157083063e-68 | 9.693566565910651835870203812092093750e+30 |
|   4   | 3.137739740193853335074131460546774806e-70 | 3.528349180707501591337423138762820435e+29 |
|   6   | 3.487848372545356652242815341657849073e-72 | 8.366450150081912423405912221155678749e+27 |
|   8   | 2.841200088032687752360864927271399945e-09 | 7.328399306745995891476614208461400859e-07 |
---------------------------------------------------------------------------------------------------

Scheme evaluation results:
Order: 8, No. cycles: 20
---------------------------------------------------------------------------------------------------
Vector a: 0.249482294292393198061027292767080971, -0.610239778606328504287023520305233391, -0.837108710486366481407429570434039567, 1.025119350803263240848577904843713262, 0.069365558013589172529053231610838044, 0.302078727051292194014726066505863230, 1.231086320185393315393961147991493738, -1.247395512066660535269545933378980356, -0.481157801691842120146468398183970735, 1.030437212818433604693265482334780496, 0.268332339686832915569856296248454164
Vector b: 0.498964588584786396122054585534439853, -1.719444145797443404696101626145408773, 0.045226724824710441881242485277291145, 2.005011976781816039815913324410261552, -1.866280860754637694757806861188566446, 2.470438314857222082787258994200565136, -0.008265674486435451999336698217228053, -2.486525349646885618539755168541086787, 1.524209746263201378246818372172814250, 0.536664679373665831139712592496918150
---------------------------------------------------------------------------------------------------
| Order |                  Error^2                   |                 Efficiency                 |
---------------------------------------------------------------------------------------------------
|   2   | 6.617528043643408329680964013009162722e-67 | 3.073209120978016304854503720422351074e+30 |
|   4   | 3.316598245437281321043732962166116202e-70 | 3.431891776112317003542285486909459839e+29 |
|   6   | 7.315089806391140572353850900286930457e-71 | 1.826880730065269396342945066265964270e+27 |
|   8   | 2.964550643215460090848919854749452999e-09 | 7.174317587585357247470062259373914215e-07 |
---------------------------------------------------------------------------------------------------

Scheme evaluation results:
Order: 8, No. cycles: 20
---------------------------------------------------------------------------------------------------
Vector a: -0.509552022016624902400488955017799357, -0.421200714418737393222651271611454490, 1.065343434876946140055586516732395687, -0.022113525641449826841798443973220545, -0.571917654515597542483535464183742158, 0.615980193073211516982375615077202625, 0.489973701284954783955581171221730677, -0.616980864051611532131710338029743016, -0.924227337503658716712018207841798657, 0.944314911038587235213784438537133917, 0.950379877873980237584874939089295371
Vector b: -1.019104044033249804800977910035590240, 0.176702615195775018355675366812652395, 1.953984254558117261755497666652134670, -1.998211305841016915439094554598577313, 0.854375996809821830472023626231132575, 0.377584389336601203492727603923258616, 0.602363013233308364418434738520198791, -1.836324741336531428681855414579642260, -0.012129933670786004742181001104120542, 1.900759755747960475169749878178553187
---------------------------------------------------------------------------------------------------
| Order |                  Error^2                   |                 Efficiency                 |
---------------------------------------------------------------------------------------------------
|   2   | 2.364098219516198597442849454877394142e-69 | 5.141706123444172878757532997610440625e+31 |
|   4   | 3.046563908843557041608292573936371356e-71 | 1.132334842283688532548785404786934082e+30 |
|   6   | 2.511437218340497115465954446932730222e-72 | 9.859590166746134135273486898303477287e+27 |
|   8   | 3.124274593023984626807906072610063118e-09 | 6.988523600567400147911047152477243064e-07 |
---------------------------------------------------------------------------------------------------

Scheme evaluation results:
Order: 8, No. cycles: 20
---------------------------------------------------------------------------------------------------
Vector a: 0.730463861794624366245267171934306272, 0.066894245992372222689510599753059804, -1.448485665739428184933808088630344344, -0.229802519680332175720735746692977747, 0.731583524701712731096795311931235422, -0.758574826582677409891658415353812543, 0.122395993133656626250173623634391062, -0.053113582974818187981166227334245164, -0.067842748464191210571534174298247370, 1.474596683245455550904049789628432294, 0.431885034573625671913106155428202223
Vector b: 1.460927723589248732490534343865747339, -1.327139231604504287111513144359538873, -1.569832099874352082756103032897398295, 1.110227060513687731314631539511033782, 0.352939988889737730878959084351028187, -1.870089642055092550662275915059522446, 2.114881628322405803162623162328343450, -2.221108794272042179124955616996954666, 2.085423297343659757981887268400495388, 0.863770069147251343826212310856766135
---------------------------------------------------------------------------------------------------
| Order |                  Error^2                   |                 Efficiency                 |
---------------------------------------------------------------------------------------------------
|   2   | 2.109973225366623981629624794776855485e-69 | 5.442538833686230777493828220168464844e+31 |
|   4   | 9.515979953878402190486511536093562838e-70 | 2.026064458190341587422218520941984558e+29 |
|   6   | 1.619314740316783529440539746713032872e-70 | 1.227875662611172970105393727156061172e+27 |
|   8   | 3.139494107279366804585896662571410730e-09 | 6.971563678266551023081196105929259003e-07 |
---------------------------------------------------------------------------------------------------

Scheme evaluation results:
Order: 8, No. cycles: 20
---------------------------------------------------------------------------------------------------
Vector a: 0.580580549690897716520341139777503117, -0.448731568363285439754268726954032588, -0.658514232221230379440498846428349177, 0.750884739974650735601186765998874757, 0.662201368087930316568804307916030104, -0.424841512095292323601792101126073129, 0.062422172952811600783906996527106243, 0.234010373877034386344881791961242130, -1.170967966331618326528836947891560475, 0.388677966606892641409992270120018273, 1.024278107821209072096283350099240546
Vector b: 1.161161099381795433040682279555001227, -2.058624236108366312549219733463046084, 0.741595771665905553668222040606395589, 0.760173708283395917534151491391322532, 0.564229027892464715603457124440763388, -1.413912052083049362807041326692942291, 1.538756397988672564374855319747156860, -1.070735650234603791685091735824652907, -1.271200282428632861372582159958449168, 2.048556215642418144192566700198451047
---------------------------------------------------------------------------------------------------
| Order |                  Error^2                   |                 Efficiency                 |
---------------------------------------------------------------------------------------------------
|   2   | 4.445220617317623100139113164913436803e-68 | 1.185750587996150240072134550900974023e+31 |
|   4   | 6.152738107521797977798851902970536190e-70 | 2.519682400447270490217129500554331055e+29 |
|   6   | 1.631743433377049242833536754018998469e-71 | 3.868067901065822127276122897242534637e+27 |
|   8   | 3.160582861530820716152559469712161887e-09 | 6.948266130171580596466359115853457863e-07 |
---------------------------------------------------------------------------------------------------

Scheme evaluation results:
Order: 8, No. cycles: 20
---------------------------------------------------------------------------------------------------
Vector a: 0.267025833201988703384372424140405944, -0.685649131327721031255968971894308863, -0.028563868730537228702292835605603173, 1.249595825777575224291968261708432035, -0.424863129876390262138109143919478437, -0.246716893445866449091808981991028759, -0.043697213003122581372333293759795004, 0.303181080696041081316912404574044170, 0.180861326144447806843449392429312668, -0.120410881700028825261102712397036640, 0.549237052263613561984913456715055996
Vector b: 0.534051666403977406768744848280990614, -1.905349929059419469280682792069768867, 1.848222191598345011876097120858575757, 0.650969459956805436707839402558243246, -1.500695719709585960984057690397008009, 1.007261932817853062800439726415060220, -1.094656358824098225545106313934748342, 1.701018520216180388178931123082752807, -1.339295867927284774492032338224287900, 1.098474104527227123969826913430190378
---------------------------------------------------------------------------------------------------
| Order |                  Error^2                   |                 Efficiency                 |
---------------------------------------------------------------------------------------------------
|   2   | 6.927594495302434961144476257529160712e-69 | 3.003646225739547674584992466761181250e+31 |
|   4   | 9.255540745996130042807660400237463748e-71 | 6.496495153763875162754767393573463135e+29 |
|   6   | 9.350816900633856852164963345917046886e-73 | 1.615828446076579039679379916983298492e+28 |
|   8   | 3.221802362519360615266075870806454842e-09 | 6.881935324559683622774269901595463744e-07 |
---------------------------------------------------------------------------------------------------

Scheme evaluation results:
Order: 8, No. cycles: 20
---------------------------------------------------------------------------------------------------
Vector a: 0.498950483772895926534484858495383256, -0.168585618394874992488383879253615545, -0.537013422328128287892776008714578929, 0.399262403606729100254286272892165148, 0.413986117956380439494892473967531268, 0.282208388357776585489553540731133521, -0.342869548394546821846099817643629363, -0.825301120001706772557766064997004374, -0.198371165271467242298045435133690666, 0.812415946432076079302310130627184003, 0.665317534264865986007543929029121633
Vector b: 0.997900967545791853068969716990771423, -1.335072204335541838045737475498012866, 0.261045359679285262260185458068780330, 0.537479447534172938248387087715681844, 0.290492788378587940741397860219194117, 0.273923988336965230237709221243235234, -0.959663085126058873929908856530545960, -0.690939154877354671185623273463446996, 0.294196824334420186589532403196081890, 1.330635068529731972015087858058260984
---------------------------------------------------------------------------------------------------
| Order |                  Error^2                   |                 Efficiency                 |
---------------------------------------------------------------------------------------------------
|   2   | 6.520088936755232904606565889439210082e-70 | 9.790688849609558575237376809799196875e+31 |
|   4   | 9.771997443460465982517164859795908123e-72 | 1.999347780970675130784796490239808838e+30 |
|   6   | 1.923280134824879752101431426315563235e-73 | 3.562859964507192604559506602633715057e+28 |
|   8   | 3.395567047625063089110728656982726304e-09 | 6.703534973857261075155126897620284575e-07 |
---------------------------------------------------------------------------------------------------

Scheme evaluation results:
Order: 8, No. cycles: 20
---------------------------------------------------------------------------------------------------
Vector a: 0.445141382688238211251603128838202990, -0.380337798890909679259455666270986464, 0.228798028127696092682625202114598689, 0.023360009296946638504365605130006585, -0.391369018625094745828018862190709345, -0.242991007821254161143610122931074020, 0.077337489807313491940157638319635665, 1.114380463674102658059991635593847935, -1.071032842399524789401077178211623904, -0.014411666258885456161291451521885401, 1.211124960401371739354710071129987254
Vector b: 0.890282765376476422503206257676282721, -1.650958363158295781022117590218438035, 2.108554419413687966387367994447393758, -2.061834400819794689378636784187352355, 1.279096363569605197722599059806143398, -1.765078379212113520009819305668181613, 1.919753358826740503890134582307474633, 0.309007568521464812229848688880447485, -2.451073253320514391032003045303839208, 2.422249920802743478709420142260068879
---------------------------------------------------------------------------------------------------
| Order |                  Error^2                   |                 Efficiency                 |
---------------------------------------------------------------------------------------------------
|   2   | 5.659799424266695229693199556804869863e-69 | 3.323069989462289682259517650700861328e+31 |
|   4   | 1.255148956697143834297430957964554968e-70 | 5.578691974155464479126246422697850952e+29 |
|   6   | 1.119431395130463535120591930713609433e-71 | 4.670047357346724557797311930270604610e+27 |
|   8   | 3.523936187806047992124600612889720757e-09 | 6.580304895646657633874375954772689809e-07 |
---------------------------------------------------------------------------------------------------

Scheme evaluation results:
Order: 8, No. cycles: 20
---------------------------------------------------------------------------------------------------
Vector a: -0.581141066734161039172594102049041422, -0.467035711681602157867033250923146951, 0.492173774107026673603860469663336892, 0.562364672819041836399331979539075061, -0.450552984356229381452950168837893069, -0.680368874502187260471741675064722624, 0.648338377341128200855325210143148439, 1.086029014104263033254218202694473705, -0.758360369571482399824956457459428666, -0.000989100739515451314775256245776481, 1.149542269213717945991315048539975085
Vector b: -1.162282133468322078345188204098060311, 0.228210710105117762611121702251907267, 0.756136838108935584596599237074664514, 0.368592507529148088202064722003283144, -1.269698476241606851107965059678886944, -0.091039272762767669835518290450319284, 1.387716027445024071546168710736381982, 0.784342000763501994962267694652582088, -2.301062739906466794612180609570783351, 2.299084538427435891982630097079231028
---------------------------------------------------------------------------------------------------
| Order |                  Error^2                   |                 Efficiency                 |
---------------------------------------------------------------------------------------------------
|   2   | 6.413684707579019034288333737771278529e-69 | 3.121664355282174013306471906646906250e+31 |
|   4   | 6.382308194520740542608722062728241531e-71 | 7.823320660318304831817001052159086914e+29 |
|   6   | 8.951449700295812208728120496902645183e-72 | 5.222438545875691649984134123691284180e+27 |
|   8   | 3.512304496959534168163785513012253556e-09 | 6.591191879905237115483444779135252709e-07 |
---------------------------------------------------------------------------------------------------

Scheme evaluation results:
Order: 8, No. cycles: 20
---------------------------------------------------------------------------------------------------
Vector a: -0.496448670170640022414655891303080384, -0.399300310193969354015890415235944968, 0.494804467016440492186888639830632748, 0.691168320247518810324706674961724278, -0.602680646494276544046659154518647080, -0.036784521304754682187820137767987030, 1.065441549383249265720183913424175593, -0.600731751607086476384602540479940934, -0.820491633090136283582392351628080604, 0.845648262858291702263606418522125561, 0.859374933355363092136634844195022887
Vector b: -0.992897340341280044829311782606158265, 0.194296719953341336797530952134270569, 0.795312214079539647576246327526990906, 0.587024426415497973073167022396471323, -1.792385719404051061166485331433776943, 1.718816676794541696790845055897806603, 0.412066421971956834649522770950535724, -1.613529925186129787418727851910398719, -0.027453340994142779746056851345773910, 1.718749866710726184273269688390032871
---------------------------------------------------------------------------------------------------
| Order |                  Error^2                   |                 Efficiency                 |
---------------------------------------------------------------------------------------------------
|   2   | 3.260044468377616452303282944719605041e-70 | 1.384612495609287367608132354458692344e+32 |
|   4   | 3.162634014224026377373485142972408726e-71 | 1.111362013875282846753832502164801025e+30 |
|   6   | 9.119880355865284468854241430635849951e-73 | 1.636158811580625278277795000500223541e+28 |
|   8   | 3.544259887348962957920415112945601206e-09 | 6.561411189359478993383610367360234668e-07 |
---------------------------------------------------------------------------------------------------

Scheme evaluation results:
Order: 8, No. cycles: 20
---------------------------------------------------------------------------------------------------
Vector a: 0.273489218088678575026794312252889933, -0.618290359294960118109259047958792292, -0.875035221023497626047924281052342188, 1.375458066837074073974851066042529731, 1.356375903790798703561727257606339359, -1.364738887199536883560260310309255975, -0.356514189232559701322579585030881569, 0.071798690143858420990529783996952773, -0.144926409627307609967579861142693801, 1.035772489513564506704138508228851956, 0.246610698003887658749562157366402001
Vector b: 0.546978436177357150053588624505739324, -1.783559154767277386272106720423087501, 0.033488712720282134176258158317400016, 2.717427420953866013773443973768396415, -0.004675613372268606649989458554391404, -2.724802161026805160470531162065455501, 2.011773782561685757825371992003819283, -1.868176402273968915844312424009874832, 1.578323583019353695909152701724703849, 0.493221396007775317499124314732750077
---------------------------------------------------------------------------------------------------
| Order |                  Error^2                   |                 Efficiency                 |
---------------------------------------------------------------------------------------------------
|   2   | 2.249521239971343619212940323049436356e-66 | 1.666844013498491992182880139739490234e+30 |
|   4   | 1.114668755440374271176362366933719720e-69 | 1.872005426879076169374037787509149475e+29 |
|   6   | 1.191660066407470779821401156648719374e-70 | 1.431343377676101571054931559259935379e+27 |
|   8   | 3.607620831332305414617796948948552741e-09 | 6.503536645283991522704551896436106978e-07 |
---------------------------------------------------------------------------------------------------

Scheme evaluation results:
Order: 8, No. cycles: 20
---------------------------------------------------------------------------------------------------
Vector a: 0.200362897596986236114475645887505006, -0.455268578409949508423827852692858295, -0.615664255763557259464978337010936486, 0.086672748675101312261107670610249690, 0.349244498231177100533322499649964463, -0.230284731583022170545209989154514701, 0.252573732949082939842938578562399466, 1.185087524672486066850193649606880526, -0.407447509707799492026935826269904682, -0.086206963354615700142263478369597909, 0.720930636694110475001177439180812863
Vector b: 0.400725795193972472228951291775030233, -1.311262952013871489076606997160758380, 0.079934440486756970146650323138946303, 0.093411056863445654375565018081287034, 0.605077939598908546691079981218867166, -1.065647402764952887781499959527935856, 1.570794868663118767467377116652742010, 0.799380180681853366233010182561023375, -1.614275200097452350286881835100842657, 1.441861273388220950002354878361640748
---------------------------------------------------------------------------------------------------
| Order |                  Error^2                   |                 Efficiency                 |
---------------------------------------------------------------------------------------------------
|   2   | 7.326044374770810305314877506328223551e-69 | 2.920822975867284525557233678955858203e+31 |
|   4   | 1.577669089514341295276979376459357474e-71 | 1.573519245192803641771117386661857422e+30 |
|   6   | 3.412409281174467904828909211548321883e-73 | 2.674788632082724174608026902516358948e+28 |
|   8   | 3.654431992978793160299117580390905532e-09 | 6.461749122719353999594902248651400498e-07 |
---------------------------------------------------------------------------------------------------

Scheme evaluation results:
Order: 8, No. cycles: 20
---------------------------------------------------------------------------------------------------
Vector a: -0.580883805438474246122230407366420995, -0.467771629154098044110841098339247716, 1.254779394372985148237105604037181887, -0.001029609199226997912428364520774798, -0.766149082310141612419655383850125207, 0.562964605129643972267532205959895160, -0.446697198673449116169967383635584152, -0.678607212481449460776237326296677489, 0.647296794346811916224793412850272536, 1.084443845705130530531974583197207585, 0.391653897702267910249954157964273123
Vector b: -1.161767610876948492244460814733570570, 0.226224352568752404022778618053176171, 2.283334436177217892451432590040576132, -2.285393654575671888276289319082083805, 0.753095489955388663436978551363384426, 0.372833720303899281098085860561160294, -1.266228117650797513438020627836404105, -0.090986307312101408114454024760555250, 1.385579896005725240564040850464484566, 0.783307795404535820499908315929832189
---------------------------------------------------------------------------------------------------
| Order |                  Error^2                   |                 Efficiency                 |
---------------------------------------------------------------------------------------------------
|   2   | 5.442463126374854132872980693823562860e-69 | 3.388771305313782337152596345450623047e+31 |
|   4   | 4.763163387350444871351647208266673370e-70 | 2.863731376007962324947086450383946533e+29 |
|   6   | 1.951850073180360936364298046035792616e-72 | 1.118399072843019787117346018263053131e+28 |
|   8   | 3.743826437630901647396898082149817141e-09 | 6.384136751959605321984472235021254016e-07 |
---------------------------------------------------------------------------------------------------

Scheme evaluation results:
Order: 8, No. cycles: 20
---------------------------------------------------------------------------------------------------
Vector a: -0.582589638955459767363562953390639585, 0.765327400553151989552371648200640321, -0.000340200382746436289713089281450989, -1.228685213480421346511751296684368127, 0.516415397429118397833290827854756569, 0.562097812377781802459400230814194411, -0.482419141241705997967474260088858899, -0.690676005574136348018389376936371405, 0.656433902384812727632951503635303226, 1.091936006123623902518368794605835082, 0.392499680765981076154507971270959381
Vector b: -1.165179277910919534727125906781250473, 2.695834079017223513831869203181226297, -2.696514479782716386411295381744128245, 0.239144052821873693387792788376887067, 0.793686742036363102278788867332543522, 0.330508882719200502640011594295396414, -1.295347165202612498574960114472743712, -0.086004845945660197461818639399671378, 1.398872650715285652727721646669940913, 0.784999361531962152309015942541799547
---------------------------------------------------------------------------------------------------
| Order |                  Error^2                   |                 Efficiency                 |
---------------------------------------------------------------------------------------------------
|   2   | 3.221105048338661589122993731768787536e-68 | 1.392956532640099925364269554804477539e+31 |
|   4   | 2.085812956574285526367871949168744697e-70 | 4.327552416887696537096068550705742188e+29 |
|   6   | 6.456809635818531632616915176329299195e-72 | 6.149092622848868903747164596555330276e+27 |
|   8   | 3.727814551819464126590887048797851776e-09 | 6.397832784191943438400693736931307285e-07 |
---------------------------------------------------------------------------------------------------

Scheme evaluation results:
Order: 8, No. cycles: 20
---------------------------------------------------------------------------------------------------
Vector a: 0.727184827682412798055844852206693099, 0.135925496521064175792201396829043178, -0.158960341476169980970278004955410751, -0.171495043589100771394506260392416641, -1.155452294986261776614187932106170728, -0.246497498448291915720297742634710328, 0.651322174777310552970418051275173241, 1.226027669732150876456639560693473197, -0.013188134846397506116948921758398171, -0.443960624215822365134036954495969977, 0.449093768849105912675151955338693938
Vector b: 1.454369655364825596111689704413681637, -1.182518662322697244527286910755872277, 0.864597979370357282586730900845129641, -1.207588066548558825375743421629672253, -1.103316523423964727852632442583412226, 0.610321526527380896412036957314434535, 0.692322823027240209528799145235431813, 1.759732516437061543384479976151989322, -1.786108786129856555618377819668763727, 0.898187537698211825350303910677053535
---------------------------------------------------------------------------------------------------
| Order |                  Error^2                   |                 Efficiency                 |
---------------------------------------------------------------------------------------------------
|   2   | 1.674395061675059116752436156885152700e-68 | 1.932017435733889350150882355058640430e+31 |
|   4   | 2.575650909871367165075225579561591168e-70 | 3.894363776737546988406061126310057983e+29 |
|   6   | 4.043333332581567957396762077732640944e-71 | 2.457255144528262225718826670472158909e+27 |
|   8   | 3.842051460610383768532204816396567637e-09 | 6.302000683287782006845402405288763696e-07 |
---------------------------------------------------------------------------------------------------

Scheme evaluation results:
Order: 8, No. cycles: 20
---------------------------------------------------------------------------------------------------
Vector a: -0.583365434206871809021029285716839109, -0.473695114775498867635303252001841886, 0.504003436425646673155491926485468851, 0.569316207620663591737991760840186420, -0.472784673700008027203679881940208116, 0.648654092750778738623836295770038645, -0.000451512038110648214895723656938228, -1.337870455771431551412600660078244991, 0.659707524153476336455842237997252998, 1.093595270175488088686075855469859549, 0.392890659365867474828270726831265747
Vector b: -1.166730868413743618042058571433791463, 0.219340638862745882771452067429855154, 0.788666233988547463539531785541172729, 0.349966181252779719936451736139912272, -1.295535528652795774343811500020964783, 2.592843714154353251591484091564073872, -2.593746738230574548021275538877947582, -0.081994173312288554803925781282044103, 1.401409221619241227715610257277015234, 0.785781318731734949656541453662718694
---------------------------------------------------------------------------------------------------
| Order |                  Error^2                   |                 Efficiency                 |
---------------------------------------------------------------------------------------------------
|   2   | 4.799509911778157554779833224170529644e-70 | 1.141146919483760507385824293589592500e+32 |
|   4   | 5.543950404801236311710416878376520183e-71 | 8.394026754084394031685751251849698486e+29 |
|   6   | 5.124980700883711308179709679825273670e-72 | 6.901983375024755520835777948548476219e+27 |
|   8   | 3.894084744341230585685547720610023561e-09 | 6.259754995476208084885443989910630061e-07 |
---------------------------------------------------------------------------------------------------

Scheme evaluation results:
Order: 8, No. cycles: 20
---------------------------------------------------------------------------------------------------
Vector a: 0.267463579860053804888991824815058062, 0.495353563885080389100821753097135993, -0.703778812951050449973929626172768748, -0.862878704937306923404241667475042140, 1.023300722148612729940196491086931742, 0.959552799942323984249346694052792355, -1.008124906308629047149000019111163703, -0.601584334213122657083197400322508805, -0.077113818489549447215224115452536349, 0.509556675323025207137270620647734879, 0.998253235740562409508965444834366858
Vector b: 0.534927159720107609777983649630161288, 0.455779968050053168423659856564056773, -1.863337593952154068371519108909588298, 0.137580184077540221563035773959465212, 1.909021260219685238317357208214446902, 0.010084339664962730181336179891014522, -2.026334152282220824479336218113210413, 0.823165483855975510312941417468133291, -0.977393120835074404743389648373204929, 1.996506471481124819017930889668725820
---------------------------------------------------------------------------------------------------
| Order |                  Error^2                   |                 Efficiency                 |
---------------------------------------------------------------------------------------------------
|   2   | 1.533757060346450867939172506433080363e-68 | 2.018653230929305724988409858417360156e+31 |
|   4   | 1.370713290263789410847165666170217347e-70 | 5.338345837150176764614846907202904663e+29 |
|   6   | 5.923947013574144854557020048742915236e-72 | 6.419695711543969479430391640325628281e+27 |
|   8   | 4.012064738054440565510368391662669773e-09 | 6.167030107076671858984107159336140667e-07 |
---------------------------------------------------------------------------------------------------

Scheme evaluation results:
Order: 8, No. cycles: 20
---------------------------------------------------------------------------------------------------
Vector a: 0.301750813931471107269820551328762681, 1.196332604690786901039565249750010717, -0.036294811136697163745507308163284191, -1.307604546675592145844081873285443287, -0.033488047888525725894050605474621185, 1.207739351305165779703772916361127706, 0.072951647943211246161352430808562724, -0.357580532067501733186305771621838567, -0.146309378786538669081062641460631117, -0.238886877252858801712950521203342923, 0.341389775937079205289447572960697257
Vector b: 0.603501627862942214539641102658081666, 1.789163581518631587539489396828597407, -1.861753203792025915030504013154757672, -0.753455889559158376657659733395666089, 0.686479793782106924869558522446986331, 1.728998908828224634537987310256016715, -1.583095612941802142215282448639752616, 0.867934548806798675842670905401644693, -1.160553306379876014004796188321192946, 0.682779551874158410578895145920042896
---------------------------------------------------------------------------------------------------
| Order |                  Error^2                   |                 Efficiency                 |
---------------------------------------------------------------------------------------------------
|   2   | 5.542075596241947968915581006023328570e-69 | 3.358178570557153566443623636462978516e+31 |
|   4   | 3.204481156217198255228029237195534733e-69 | 1.104081559500421755603343911045939941e+29 |
|   6   | 1.115665483822597735239697787422812808e-69 | 4.677922553027803058622714090596765280e+26 |
|   8   | 4.033698610946516368417488521168248904e-09 | 6.150470104996806683783300997771317972e-07 |
---------------------------------------------------------------------------------------------------

Scheme evaluation results:
Order: 8, No. cycles: 20
---------------------------------------------------------------------------------------------------
Vector a: -0.574554184339001397190978045786307436, -0.205060128449848257149543915541922008, 0.609045759622347354157845688944773007, 0.501102891398803892277367450605518839, 0.395434585256507008232001478828085693, -0.682332844444629635988074073768871481, -0.854545455696817192566423523566456835, 0.606441493268335759157716300527879339, 0.115932869932096513645775769635679880, 0.279848588227338241702534238177435130, 0.808686425224867713721778631944185945
Vector b: -1.149108368678002794381956091572626620, 0.738988111778306280082868260488798010, 0.479103407466388428232823117400712133, 0.523102375331219356321911783810301231, 0.267766795181794660142091173845981377, -1.632432484071053932118239321383805807, -0.076658427322580453014607725749102050, 1.289541413859251971330040326804822824, -1.057675673995058944038488787533465904, 1.617372850449735427443557263888384794
---------------------------------------------------------------------------------------------------
| Order |                  Error^2                   |                 Efficiency                 |
---------------------------------------------------------------------------------------------------
|   2   | 2.263919769706678091877279822721947945e-70 | 1.661534994731144841129758825350430625e+32 |
|   4   | 7.790183301307080980994905452483452910e-71 | 7.081188885400398535230929381188616943e+29 |
|   6   | 8.554562159854149057704341704166850045e-73 | 1.689355821955213721864344534901779366e+28 |
|   8   | 4.095066988496868978319022665543817715e-09 | 6.104210891521439301652937529119268636e-07 |
---------------------------------------------------------------------------------------------------

Scheme evaluation results:
Order: 8, No. cycles: 20
---------------------------------------------------------------------------------------------------
Vector a: -0.635633771165640587188549707902713570, 0.042756436348965391146833361745441773, 1.009434341661894198406379503454000044, -0.347301763071111667447174736440603226, -0.244360027166099217393456256833816559, -0.264097978938088573001418633674843802, 0.133299953111124290097218776333674139, 1.122756412531550243526699451961317883, -0.596956114361038616416498642631026038, -0.054113106871315394224939443591270023, 0.834215617919759932494906327579839397
Vector b: -1.271267542331281174377099415805364932, 1.356780415029211956670766139296257097, 0.662088268294576440141992867611737695, -1.356691794436799775036342340492977274, 0.867971740104601340249429826825363848, -1.396167697980778486252267094175099793, 1.662767604203027066446704646842439500, 0.582745220860073420606694257080179318, -1.776657449582150653439691542342236016, 1.668431235839519864989812655159700557
---------------------------------------------------------------------------------------------------
| Order |                  Error^2                   |                 Efficiency                 |
---------------------------------------------------------------------------------------------------
|   2   | 7.319252615461690271039245666860057707e-69 | 2.922177822314727062126399234288115234e+31 |
|   4   | 4.295257156822396676659354726156445769e-71 | 9.536421370191481692273031280113386230e+29 |
|   6   | 1.109199802386922330531223267673554945e-72 | 1.483594225386778911606007534317945480e+28 |
|   8   | 4.087919646576831601355633150169616023e-09 | 6.109544879536209144856843656161078526e-07 |
---------------------------------------------------------------------------------------------------

Scheme evaluation results:
Order: 8, No. cycles: 20
---------------------------------------------------------------------------------------------------
Vector a: 0.387935076949480882453344399545639655, -0.247679445275676384929690078985012275, 0.230183768771978405518218536904552412, 1.038948041700195290458709044746194437, -0.026743789308696332493549376192315922, -0.907687271233883686829403893540045576, -0.325259008701562575399137015130747208, 0.696876554597636389593595268183587287, -0.589743667974699167139744322937948053, -0.080457879788271608293210340404704723, 0.823627620263498787060867777810799860
Vector b: 0.775870153898961764906688799091290866, -1.271229044450314534766068957061142418, 1.731596581994271345802506030870211469, 0.346299501406119235114912058621869882, -0.399787080023511900102010811006494559, -1.415587462444255473556796976073340011, 0.765069445041130322758522945811921958, 0.628683664154142456428667590555072639, -1.808171000103540790708156236430803115, 1.647255240526997574121735555621413482
---------------------------------------------------------------------------------------------------
| Order |                  Error^2                   |                 Efficiency                 |
---------------------------------------------------------------------------------------------------
|   2   | 3.767162496791912344883793625009321381e-69 | 4.073172769543938689032487091652281250e+31 |
|   4   | 3.237582139412558005610438058978535714e-71 | 1.098423003817010504408792352007211060e+30 |
|   6   | 1.820366692477562109320225877695510848e-72 | 1.158085397992900889739056802199136734e+28 |
|   8   | 3.760111369484692296505618975114684810e-09 | 6.370296996465651099281912381507091158e-07 |
---------------------------------------------------------------------------------------------------

Scheme evaluation results:
Order: 8, No. cycles: 20
---------------------------------------------------------------------------------------------------
Vector a: 0.191184788553563781321122692453323165, -0.542172769311490157420502090533280007, -0.648878969415809959355056351478143024, 0.715855462757624572231054485727842602, 0.905151285518194800528899476219643693, -0.505619044918566611609507089471430822, 0.066720714558253050628631783259998945, -0.262506232561508772114237426310733938, -1.117980634853875891290706884100838847, 1.094442584033940968913192120587613096, 1.103802815639674218167109283646005259
Vector b: 0.382369577107127562642245384906757986, -1.466715115730107877483249565973552722, 0.168957176898487958773136863017172328, 1.262753748616761185688972108438567596, 0.547548822419628415368826844000748005, -1.558786912256761638587841022943670606, 1.692228341373267739845104589463763010, -2.217240806496285284073579442085301665, -0.018720463211466498507834326116683357, 2.207605631279348436334218567292199644
---------------------------------------------------------------------------------------------------
| Order |                  Error^2                   |                 Efficiency                 |
---------------------------------------------------------------------------------------------------
|   2   | 6.520088936755232904606565889439210082e-69 | 3.096087662677995645324085885415823828e+31 |
|   4   | 6.750195157098075732538780033920558072e-71 | 7.607147774375176271022882592419156494e+29 |
|   6   | 1.203110039015554014790463544476637915e-71 | 4.504715321866524646291443648664941788e+27 |
|   8   | 4.281630281981199025418034257499356721e-09 | 5.969740499047833553456859620363015672e-07 |
---------------------------------------------------------------------------------------------------

Scheme evaluation results:
Order: 8, No. cycles: 20
---------------------------------------------------------------------------------------------------
Vector a: 0.188926852146292445689857993935475327, 0.558412847047917092109171448525189924, -0.645125123739084253613783218469171834, -0.701772869707139126143146486782635852, 0.401829499946174119390836628765090805, 0.984348848295715906875001490041913186, 0.896677455091039834905733081552387631, -0.879882417338746264862668697966514497, -1.350937007324802614407567664432619047, 0.538893591702252392021642246182058602, 1.008628323880380468034923178648825684
Vector b: 0.377853704292584891379715987870631238, 0.738971989803249292838626909180054305, -2.029222237281417800066193346118722010, 0.625676497867139547779900372553372884, 0.177982502025208691001772884976930902, 1.790715194566223122748230095106125939, 0.002639715615856547063236067998215733, -1.762404550293349076788573463930801440, -0.939469464356256152026561864933751312, 2.017256647760760936069846357297943723
---------------------------------------------------------------------------------------------------
| Order |                  Error^2                   |                 Efficiency                 |
---------------------------------------------------------------------------------------------------
|   2   | 2.937176346330192593734221358408302111e-67 | 4.612910172303113674953957797553795410e+30 |
|   4   | 5.231721579515054255857599356851727499e-69 | 8.640874658700819442487615758656745911e+28 |
|   6   | 3.173564566709309420935424592229436835e-71 | 2.773616145633828350082966652191542149e+27 |
|   8   | 4.267055900939603952625887769988566713e-09 | 5.979926808820488207297056653311762897e-07 |
---------------------------------------------------------------------------------------------------

Scheme evaluation results:
Order: 8, No. cycles: 20
---------------------------------------------------------------------------------------------------
Vector a: 0.346042826183138255753624193650284402, -0.357471797377517000687575129621339317, -0.276591265174212231163218244427509684, 1.097115216978873565701902919077947977, 0.013372012919042312259831476075220442, -1.299615169335762905706488772433282792, 0.191368688171479489144712888200594290, 1.116823124818113529993988535919859945, -0.605617237512920485541835311707664806, -0.056851375083707189301827552943192506, 0.831424975413472659546884998209082102
Vector b: 0.692085652366276511507248387300530863, -1.407029247121310512882398646543233283, 0.853846716772886050555962157688243478, 1.340383717184861080847843680467595372, -1.313639691346776456328180728317154646, -1.285590647324749355084796816549332360, 1.668328023667708333374222592950512034, 0.565318225968518726613754478889227694, -1.776552700994359697697425102304560965, 1.662849950826945319093769996418171908
---------------------------------------------------------------------------------------------------
| Order |                  Error^2                   |                 Efficiency                 |
---------------------------------------------------------------------------------------------------
|   2   | 2.327309523258465078449843657758162488e-69 | 5.182185267909286728486050889489084375e+31 |
|   4   | 3.599499782284611915415428983763284619e-71 | 1.041739043670446389025578670054266968e+30 |
|   6   | 2.056233409970024033706465226596383961e-72 | 1.089641964045119687558969276687599945e+28 |
|   8   | 4.738087996382340892251455978643111264e-09 | 5.674903404450937729358439218053134389e-07 |
---------------------------------------------------------------------------------------------------

Scheme evaluation results:
Order: 8, No. cycles: 20
---------------------------------------------------------------------------------------------------
Vector a: 0.584169661880218730514743842037571661, 0.131563097349760221446115220990890623, -1.097045157761422887920395128953763157, -0.585322567455744410690118283881650948, 0.137964457142943964001500343275830095, 0.697302397806538327660277295707809355, 0.116561756553762170036151396491009201, -0.258567702369369454478578957949497179, 0.468431971069401373976664880107674885, 0.515024774668815316062304725132490423, 0.289917311115096649391334667041634993
Vector b: 1.168339323760437461029487684075122329, -0.905213129060917018137257242093342046, -1.288877186461928757703533015814149602, 0.118232051550439936323296448050821466, 0.157696862735447991679704238500907071, 1.236907932877628663640850352914672904, -1.003784419770104323568547559932663794, 0.486649015031365414611389644033631544, 0.450214927107437333341940116181730168, 0.579834622230193298782669334083269889
---------------------------------------------------------------------------------------------------
| Order |                  Error^2                   |                 Efficiency                 |
---------------------------------------------------------------------------------------------------
|   2   | 3.567937557057724672798593000609789962e-69 | 4.185346187305210648849967356710825000e+31 |
|   4   | 4.158626061345958487130042330605453208e-72 | 3.064820768200466750937442072136911621e+30 |
|   6   | 2.805435740599037500184733861824834956e-74 | 9.328672856994830362225036276352285767e+28 |
|   8   | 4.834612124312496804142409955202212891e-09 | 5.617967419703326335810916468279583761e-07 |
---------------------------------------------------------------------------------------------------

Scheme evaluation results:
Order: 8, No. cycles: 20
---------------------------------------------------------------------------------------------------
Vector a: 0.617512314700276578809377494930040192, 0.117741060547586345233660139371962866, -1.162406702441175365840761926850807985, -0.472269507256961470966017419812788222, 0.657152961452508449559520023454602484, 0.852104272603855643127544403938071503, -1.215384600787913716864004802243712678, 0.246844416267103240648648586609999033, -0.001645474994876876976062391955339105, -0.244420242161583758043835710106646805, 1.604771502071180931311931602664618588
Vector b: 1.235024629400553157618754989857673357, -0.999542508305380467151434711113691894, -1.325270896576970264530089142584156477, 0.380731882063047322598054302957936964, 0.933574040841969576520985743950162231, 0.770634504365741709734103063925345700, -3.201403705941569143462112668420440399, 3.695092538475775624759409841643076073, -3.698383488465529378711534625553769455, 3.209543004142361862623863205337863802
---------------------------------------------------------------------------------------------------
| Order |                  Error^2                   |                 Efficiency                 |
---------------------------------------------------------------------------------------------------
|   2   | 5.453692168432599256208692001744263722e-67 | 3.385280801821928469229846000151585449e+30 |
|   4   | 2.542523396366206164558927570905667664e-69 | 1.239502874718367420765050756423922729e+29 |
|   6   | 1.338575623092302323356467674139282523e-69 | 4.270695133579944754796944125751649141e+26 |
|   8   | 4.892260734640564929483125354554765269e-09 | 5.584769295071543264535873775438132569e-07 |
---------------------------------------------------------------------------------------------------

Scheme evaluation results:
Order: 8, No. cycles: 20
---------------------------------------------------------------------------------------------------
Vector a: 0.238924923732075464222079660888500707, -0.412314634024527286618370591701976498, -0.161160774320427610907286456638797841, -0.226159079732231871690346312112751911, 0.620556085855379981862471206264872363, -0.000812515241339679337100392411443621, -0.484241764663402178149375359320850477, 1.215748196308101448489060440002700272, -0.490632387683079527131934881560883955, -0.076461967310002610843243143776607226, 0.776553917079453870104045830367238118
Vector b: 0.477849847464150928444159321776936270, -1.302479115513205501680900505180654495, 0.980157566872350279866327591902984520, -1.432475726336814023247020216128585745, 2.673587898047573986971962628659055390, -2.675212928530253345646163413481941534, 1.706729399203448989347412694839522689, 0.724766993412753907630708185165890855, -1.706031768778912961894577948287626890, 1.553107834158907740208091660734419035
---------------------------------------------------------------------------------------------------
| Order |                  Error^2                   |                 Efficiency                 |
---------------------------------------------------------------------------------------------------
|   2   | 7.244543263061369894007295432710233425e-70 | 9.288262988033986935972257656247471875e+31 |
|   4   | 7.772496428106247558402114203868437691e-71 | 7.089241183755238061663162686255711670e+29 |
|   6   | 6.280377224298671831584212028961980975e-72 | 6.234866531094644266817831998280085564e+27 |
|   8   | 5.420230586907223701121706094386610843e-09 | 5.305803395945383531287460205209252255e-07 |
---------------------------------------------------------------------------------------------------

Scheme evaluation results:
Order: 8, No. cycles: 20
---------------------------------------------------------------------------------------------------
Vector a: 0.238634203604570558926268151754905275, -0.731397805105575984881248628893869994, 0.214705942258056282199058115842459046, 0.276312462953556350433221912506354715, -0.462256732890597251082897417961375454, -0.127015176117811147337912554238451397, -0.199420224075958154503145875606946573, 1.286918440391967588704652946014785841, -0.276290695359315705549794267571856020, -0.204817922122136806918713675388721135, 0.984627506463244270010511293542715769
Vector b: 0.477268407209141117852536303509975843, -1.940064017420293087615033561297879775, 2.369475901936405652013149792982777549, -1.816850976029292951146705967970048377, 0.892337510248098448980911132047332040, -1.146367862483720743656736240524293623, 0.747527414331804434650444489310409576, 1.826309466452130742758861402719175876, -2.378890857170762153858449937862867309, 1.969255012926488540021022587085418249
---------------------------------------------------------------------------------------------------
| Order |                  Error^2                   |                 Efficiency                 |
---------------------------------------------------------------------------------------------------
|   2   | 1.882237046032692832324844677609919534e-70 | 1.822228564666788901066304169601382812e+32 |
|   4   | 2.572610978539973920567089583705885427e-71 | 1.232233348197246600248714407276949585e+30 |
|   6   | 7.483116076741523876944155549885703293e-72 | 5.711876188409475998943018784387125969e+27 |
|   8   | 5.631430641517266852971864806041847652e-09 | 5.205358734716886182023104604167781041e-07 |
---------------------------------------------------------------------------------------------------

Scheme evaluation results:
Order: 8, No. cycles: 20
---------------------------------------------------------------------------------------------------
Vector a: -1.944962286086659469828037435649211320, -0.000061518300785097625265236734933586, 1.399002279806806056942527610987398937, -0.281484280369621559110560333234724147, 0.677326648116875483681988332226960064, -0.449405883278361393600770217729328650, -1.119498737260092390197664403868807258, -0.013418766800953471110375234543785819, 1.117654701130996649359372640675360979, 1.244370448749721521446971022243198079, 0.370477394292073670041813255627872679
Vector b: -3.889924572173318939656074871594987347, 3.889801535571748744405544398125158782, -1.091796975958136630520489175870879585, 0.528828415218893512299368509390696062, 0.825824881014857455064608155071400408, -1.724636647571580242266148590588648445, -0.514360826948604538129180217171382258, 0.487523293346697595908429748083543490, 1.747786108915295702810315533290898125, 0.740954788584147340083626511264200575
---------------------------------------------------------------------------------------------------
| Order |                  Error^2                   |                 Efficiency                 |
---------------------------------------------------------------------------------------------------
|   2   | 1.167487553349012432402346671344327416e-62 | 2.313736400252583775911357909414787292e+28 |
|   4   | 1.591414659686565699854393857013312085e-65 | 1.566709006930510195777417757866249561e+27 |
|   6   | 4.762301654803368680298515633272818099e-67 | 2.264183261541070173802113517697658762e+25 |
|   8   | 5.735472581380214204043069327936038251e-09 | 5.157929843589237030701516375044539484e-07 |
---------------------------------------------------------------------------------------------------

Scheme evaluation results:
Order: 8, No. cycles: 20
---------------------------------------------------------------------------------------------------
Vector a: 0.592652434349096421275374489296820872, 0.127719465529660576452391092530207900, -0.456106387425285340725324823758888142, -0.646401603569185072377671913392450052, -0.527432920905721224625683827964426064, 0.756295437289099174294324811483163616, 0.125929403564322723645388768153405518, -0.248340300900170348630633217983022518, 0.491651890381700594169618729816636959, 0.510727001650595670261589227362109095, 0.273305580035886826260626664456442721
Vector b: 1.185304868698192842550748978593625951, -0.929865937638871689645966793533208033, 0.017653162788301008195317146015484450, -1.310456369926671152950660972800407734, 0.255590528115228703699293316871550069, 1.257000346462969644889356306094787997, -1.005141539334324197598578769787977153, 0.508460937533983500337312333821887051, 0.474842843229417688001925125811372277, 0.546611160071773652521253328912885249
---------------------------------------------------------------------------------------------------
| Order |                  Error^2                   |                 Efficiency                 |
---------------------------------------------------------------------------------------------------
|   2   | 9.055679078826712367509119290887791781e-72 | 8.307674973655724205648794126752153750e+32 |
|   4   | 4.379711976356376269539932938293143437e-72 | 2.986463710830071072882012384373282715e+30 |
|   6   | 7.271931394039388201946573122946965866e-74 | 5.794222117198005717992616557373100281e+28 |
|   8   | 5.838234224692511238068638544118400095e-09 | 5.112334682128480645149595154401937923e-07 |
---------------------------------------------------------------------------------------------------

Scheme evaluation results:
Order: 8, No. cycles: 20
---------------------------------------------------------------------------------------------------
Vector a: 0.290658036323799083021013913554954010, 0.501212010764395746254709208536588511, -0.638189100417140460474765111038252654, -0.955427807096325271436556845360895794, 0.721946732279163094917468612542064615, 0.094200564287548713313616325737281230, -0.419344333234984725932406725028433789, -0.159250240385484710436768929639782068, -0.230866742656756001309033995071394080, 1.019265472429865522305000240726757963, 0.775795407705919009777723305041112044
Vector b: 0.581316072647598166042027827109846004, 0.421107948881193326467390589963446574, -1.697486149715474247416920812040033733, -0.213369464477176295456192878681564010, 1.657262929035502485291130103765484758, -1.468861800460405058663897452290977982, 0.630173133990435606799084002234220183, -0.948673614761405027672621861513754756, 0.486940129447893025054553871371057067, 1.551590815411838019555446610082275895
---------------------------------------------------------------------------------------------------
| Order |                  Error^2                   |                 Efficiency                 |
---------------------------------------------------------------------------------------------------
|   2   | 4.403323952079488888701309255194188753e-69 | 3.767469020597662882330654079841801172e+31 |
|   4   | 1.234543749418172896976829153328062239e-71 | 1.778798583222607875826551085324317139e+30 |
|   6   | 8.309726781317221552574638628856458718e-73 | 1.714062500327542236837289109188072777e+28 |
|   8   | 6.356687983995854105542537242286526885e-09 | 4.899419059297514878099283265310556347e-07 |
---------------------------------------------------------------------------------------------------

Scheme evaluation results:
Order: 8, No. cycles: 20
---------------------------------------------------------------------------------------------------
Vector a: 0.366118235406004269304132274128200179, -1.078050869484302548629944242147738341, 0.003661254382098913574859265997333973, 1.006698903766645044005489945651224228, -1.170086946227052539275602559513824588, 1.017209015246804956547588834264211729, -0.001080320827295322429004291034072553, -1.036275922645101231399455493359964924, 1.016974679169146510064552453272187357, 0.590418873115953779476320955593323007, 0.284413098097098168761062857149119863
Vector b: 0.732236470812008538608264548257414745, -2.888338209780613635868153032554913461, 2.895660718544811463017871564549589161, -0.882262911011521375006891673244957278, -1.457910981442583703544313445784112656, 3.492329011936193616639491114314097273, -3.494489653590784261497499696382248065, 1.421937808300581798698588709660592198, 0.612011550037711221430516196885622549, 0.568826196194196337522125714298915728
---------------------------------------------------------------------------------------------------
| Order |                  Error^2                   |                 Efficiency                 |
---------------------------------------------------------------------------------------------------
|   2   | 2.065147613926431755410454654286960916e-67 | 5.501288978849588102853653360292957031e+30 |
|   4   | 7.130449665761093693216847285706924005e-69 | 7.401530925691377638882388070753738403e+28 |
|   6   | 1.124367113834810742427676299574770488e-69 | 4.659785854850971264845781738274247050e+26 |
|   8   | 6.410396811001832693376446938830623058e-09 | 4.878851256981749580404274619141963565e-07 |
---------------------------------------------------------------------------------------------------

Scheme evaluation results:
Order: 8, No. cycles: 20
---------------------------------------------------------------------------------------------------
Vector a: 0.867660942050652531379594342554942260, 0.037172317805355164589312883927223686, -1.405642359631086148159756298365653792, -0.355224667762231884255391854172875335, 0.344854509066206818767895913421540075, 0.340463676559491598216753984658287011, 1.141209297962306994667731610418960913, -0.018479906228136061242819098475392745, -0.961982567059770699756010263993948371, 0.496068579625521182692144084066246783, 0.513900177611690503100544695960669563
Vector b: 1.735321884101305062759188685110144327, -1.660977248490594733580562917255537211, -1.150307470771577562738949679475228416, 0.439858135247113794228165971128895922, 0.249850882885299843307625855710079879, 0.431076470233683353125882113614741649, 1.851342125690930636209581107219230672, -1.888301938147202758695219304170095980, -0.035663195972338640816801223804524773, 1.027800355223381006201089391922293809
---------------------------------------------------------------------------------------------------
| Order |                  Error^2                   |                 Efficiency                 |
---------------------------------------------------------------------------------------------------
|   2   | 6.991346476017375016211740457337010766e-67 | 2.989920191000092266610526810856099609e+30 |
|   4   | 1.331255572080330051714211700754965453e-69 | 1.712968189672540671400825526072219543e+29 |
|   6   | 5.516976101478160752021997056805025916e-71 | 2.103630576364248311137601706710241079e+27 |
|   8   | 6.309939081696076449292268831022335533e-09 | 4.917534907436213510158388486807504391e-07 |
---------------------------------------------------------------------------------------------------

Scheme evaluation results:
Order: 8, No. cycles: 20
---------------------------------------------------------------------------------------------------
Vector a: -0.594798483469916457645466750532586926, 0.654614601933960179710579507511281976, -0.000450091689554850451904770806723147, -1.109363086850608700849781158496986979, 0.386952667285464109755225771800380967, 0.549948325994008986157507627629466499, -0.282626262416573915346023945099564967, -0.675824185590433044107115363412518504, 0.579007099319968543579910894337039998, 1.080624344513072579088809386768652718, 0.411915070970612570108258800301558364
Vector b: -1.189596966939832915290933501065181749, 2.498826170807753274712092516087208559, -2.499726354186862975615902057700654854, 0.281000180485645573916339740707277790, 0.492905154085282645594111802893334452, 0.606991497902735326720903452365661717, -1.172244022735883157412951342564806383, -0.179404348444982930801279384260158354, 1.337418547084920017961101172934206427, 0.823830141941225140216517600603112492
---------------------------------------------------------------------------------------------------
| Order |                  Error^2                   |                 Efficiency                 |
---------------------------------------------------------------------------------------------------
|   2   | 8.911693781473367640865724294162675891e-68 | 8.374519171415690300382471568018859375e+30 |
|   4   | 5.292796805349401710892781148043304083e-71 | 8.590875132251906243215409192195981445e+29 |
|   6   | 6.235748878709285575527647154078724917e-72 | 6.257137769513721856095642994628872871e+27 |
|   8   | 6.520411082715497075745394715469423975e-09 | 4.837517467857344507216875262661052659e-07 |
---------------------------------------------------------------------------------------------------

Scheme evaluation results:
Order: 8, No. cycles: 20
---------------------------------------------------------------------------------------------------
Vector a: -0.628676205998276510031768383057942741, 0.420821845652225447243359182721960021, 0.125589500116634258551612494621521110, -0.700216885491959077571290853487078286, 0.569918299215451962473063591267647490, -0.451624294419684737454779042486936641, -0.057677857744565274845319816812176193, 1.306257718278834023057092587599789179, -0.524908710509899442767973253201931416, -0.075238384019415655274381874347731529, 1.015754974920655006620385367182878981
Vector b: -1.257352411996553020063536766115920148, 2.098996103301003914550255131559714908, -1.847817103067735397447030142316648759, 0.447383332083817242304448435342638462, 0.692453266347086682641678747192719497, -1.595701855186456157551236832166653349, 1.480346139697325607860597198542314927, 1.132169296860342438253587976657324291, -2.181986717880141323789534483060957359, 2.031509949841310013240770734365467531
---------------------------------------------------------------------------------------------------
| Order |                  Error^2                   |                 Efficiency                 |
---------------------------------------------------------------------------------------------------
|   2   | 8.378519451459603950121513546413319132e-69 | 2.731218009835539393269982409280600781e+31 |
|   4   | 1.715674026684523909057298232864684323e-70 | 4.771584608665973706545170393277152100e+29 |
|   6   | 4.237260071225522676912319539566958290e-72 | 7.590623763048219774428284583973970413e+27 |
|   8   | 7.046568005071383853658703580463418823e-09 | 4.653408843966304707046095603535486166e-07 |
---------------------------------------------------------------------------------------------------

Scheme evaluation results:
Order: 8, No. cycles: 20
---------------------------------------------------------------------------------------------------
Vector a: -0.463021062784364897727486766955706047, -0.273413390331421938770405747085860626, 0.270113372962868134043997792650810402, 1.191245629119335675471169978082343862, 0.053778769190650829076676681540181377, -0.718675965373801706721048123092172603, -0.784414471335152767739201947073140544, -1.122018269146954529742291233962973050, 1.073863250400800684090334378661045458, 1.422861995732842499762575126060150919, 0.349680141565198018255679861175320916
Vector b: -0.926042125568729795454973533911147471, 0.379215344905885917914162039738969533, 0.161011401019850350173833545564367034, 2.221479857218821000768506410598621828, -2.113922318837519342615153047518156939, 0.676570388089915929173056801334150986, -2.245399330760221464651460695480522110, 0.001362792466312405166878227553608457, 2.146363708335288963013790529769357251, 0.699360283130396036511359722350751610
---------------------------------------------------------------------------------------------------
| Order |                  Error^2                   |                 Efficiency                 |
---------------------------------------------------------------------------------------------------
|   2   | 2.206868991510069803961972371189354857e-68 | 1.682874510317580620214908775831609375e+31 |
|   4   | 8.056746589035141701246510558172501019e-70 | 2.201913050096816647851106400623357239e+29 |
|   6   | 1.308151962978358163144676989768482523e-70 | 1.366126536409042430966492209883200407e+27 |
|   8   | 7.178258558206338228701471624824200698e-09 | 4.610526111646380408598101509771800067e-07 |
---------------------------------------------------------------------------------------------------

Scheme evaluation results:
Order: 8, No. cycles: 20
---------------------------------------------------------------------------------------------------
Vector a: -0.515017481052213856636628621840581127, -0.290847445575298658659432531592554015, 1.120672326652759445124463303329352300, -0.049534489508133079454399110067919751, -0.601144875207010028477717711654647514, 0.726288104193660042328109948776289053, 0.446055417033096103885197581373562930, -0.784934351171402230233550910062247338, -0.866324943643568062368765167933043163, 0.899028182061173926019272602946121368, 0.915759556216936398473450616725667322
Vector b: -1.030034962104427713273257243681194994, 0.448340070953830395954392180496005256, 1.793004582351688494294534426162795592, -1.892073561367954653203332646298628293, 0.689783810953934596247897222989425421, 0.762792397433385488408322674563159041, 0.129318436632806719362072488183628891, -1.699187138975611179829174308307738405, -0.033462748311524944908356027558673505, 1.831519112433872796946901233451221014
---------------------------------------------------------------------------------------------------
| Order |                  Error^2                   |                 Efficiency                 |
---------------------------------------------------------------------------------------------------
|   2   | 4.708953120989890431104742031261651726e-70 | 1.152067234515563848431389865599917812e+32 |
|   4   | 1.441701251782934359094896652731427983e-71 | 1.646047560942610274370868967861068115e+30 |
|   6   | 1.439408025175235968005183124323659622e-72 | 1.302351054961083105653374956146219254e+28 |
|   8   | 7.431808546065399356127719633711210169e-09 | 4.531195268116793117269985512104631824e-07 |
---------------------------------------------------------------------------------------------------

Scheme evaluation results:
Order: 8, No. cycles: 20
---------------------------------------------------------------------------------------------------
Vector a: -0.441248178116208447104763272559285470, -0.193809095435601596082183593819217452, 0.458793671122058469343902622674802700, 0.700606070540202867356407390223343475, 0.515997849796801514938375642122286727, -1.006850170262196731659553737637052173, -0.788076806026399200818233875370320345, 0.384081665130603039127734061460730622, -0.278902014325354588831674187827255709, 0.615971530026992421257595879772361255, 1.033435477549102252472393070959606370
Vector b: -0.882496356232416894209526545118548696, 0.494878165361213702045159357480043784, 0.422709176882903236642645887869689449, 0.978502964197502498070168892576885557, 0.053492735396100531806582391667778965, -2.067193075920493995125689866941946030, 0.491039463867695593489222116201361385, 0.277123866393510484766246006720050169, -0.834927895044219662429594382374528076, 2.066870955098204504944786141919213511
---------------------------------------------------------------------------------------------------
| Order |                  Error^2                   |                 Efficiency                 |
---------------------------------------------------------------------------------------------------
|   2   | 1.534486234857042477348227687140825518e-67 | 6.382025133752437426723245694229187500e+30 |
|   4   | 3.879473312545023289281334016624889188e-70 | 3.173172143192101668326882851711588135e+29 |
|   6   | 3.374472245728575508135628545671450966e-72 | 8.505837779881866591360408185112058640e+27 |
|   8   | 7.643436825320201246698009156489933554e-09 | 4.468026029105142789990259622108420990e-07 |
---------------------------------------------------------------------------------------------------

Scheme evaluation results:
Order: 8, No. cycles: 20
---------------------------------------------------------------------------------------------------
Vector a: 0.293188197698128917426285703717433775, 0.494426719479002665117352891535459568, -0.645133130843863404039316957219757361, -0.607531463362178599389899083951662040, -0.169650823363004736973575892289442500, -0.184683356511101019202735401629972741, 1.081874346654241294985025364225804813, -0.099458279034994434349361801699217873, -1.012192764643749753693956374544073739, 0.897246379429271387824643395745399611, 0.951914174498247682295538156110028488
Vector b: 0.586376395396257834852571407434875351, 0.402477043561747495382134375636013115, -1.692743305249474303460768290075491197, 0.477680378525117104680970122172140057, -0.816982025251126578628121906751037334, 0.447615312228924540222651103491048518, 1.716133381079558049747399624960633090, -1.915049939149546918446123228359087903, -0.109335590137952588941789520729164177, 1.903828348996495364591076312220070457
---------------------------------------------------------------------------------------------------
| Order |                  Error^2                   |                 Efficiency                 |
---------------------------------------------------------------------------------------------------
|   2   | 3.658635842831598463854426523507588001e-69 | 4.133142856070342851007536783339050781e+31 |
|   4   | 1.364017188396148810800621340455165829e-70 | 5.351433041933695326274476576349473267e+29 |
|   6   | 3.526951999181888584051683841260374288e-72 | 8.319941094396518151188248622026844978e+27 |
|   8   | 7.942437500023447482875463334763946122e-09 | 4.383117687433651817716766740874414454e-07 |
---------------------------------------------------------------------------------------------------

Scheme evaluation results:
Order: 8, No. cycles: 20
---------------------------------------------------------------------------------------------------
Vector a: 0.626099259271161642724121447839394752, 0.639422606652422171459911572224302491, -0.484909451008953831598328229694525669, -1.173250459204153126148592464061986282, -0.312690717892002532484478455501697117, 0.535592797774336329216858233726514523, 0.335573640358518237588932355080596354, -0.360642588479447236417784384484962352, 0.116272135706869614033655380846057001, 0.858877643256841861889607042596015245, 0.219655133564406869736097501430290957
Vector b: 1.252198518542323285448242895678729222, 0.026646694762521057471580248769868109, -0.996465596780428720668236708158930758, -1.350035321627877531628948219964931354, 0.724653885843872466659991308961600869, 0.346531709704800191773725158491472136, 0.324615571012236283404139551669576367, -1.045900747971130756239708320639380316, 1.278445019384869984307019082331445110, 0.439310267128813739472195002860550521
---------------------------------------------------------------------------------------------------
| Order |                  Error^2                   |                 Efficiency                 |
---------------------------------------------------------------------------------------------------
|   2   | 2.383907517501132030746775653326211186e-69 | 5.120298820069172659695066069332967188e+31 |
|   4   | 1.001353380560934740979997034869470970e-71 | 1.975087467013381451917771942189297607e+30 |
|   6   | 3.105545971391911284684341380600845247e-73 | 2.803825910345543205004255138947485733e+28 |
|   8   | 7.803332492698972999772514869047592669e-09 | 4.422012629297748814565097746991163775e-07 |
---------------------------------------------------------------------------------------------------

Scheme evaluation results:
Order: 8, No. cycles: 20
---------------------------------------------------------------------------------------------------
Vector a: 0.261703005797647443014297794148976212, 0.466254644643998689042679364092187968, -0.385518529433159898464565011333042312, -0.985597466100673598057661503073882249, -0.210839181694029591313836791357167975, 0.428259076464387805938095952641446014, 0.849045175947132139737334574679443947, -0.346144784202046336114481979266603839, -0.965321868816923806666711692864354302, 0.937228529194333439191368165606784025, 0.950931398199333713693481126726212488
Vector b: 0.523406011595294886028595588298010106, 0.409103277692702492056763139885973180, -1.180140336559022288985893162551540548, -0.791054595642324907129429843596427521, 0.369376232254265724501756260881891275, 0.487141920674509887374435644401129886, 1.210948431219754392100233504958055226, -1.903237999623847064329197463491314231, -0.027405738010000549004225922238051580, 1.901862796398667427386962253452274176
---------------------------------------------------------------------------------------------------
| Order |                  Error^2                   |                 Efficiency                 |
---------------------------------------------------------------------------------------------------
|   2   | 3.399558524185790489715220313794845083e-68 | 1.355903393423548713271851017774008594e+31 |
|   4   | 3.984465631796501879036651004399475230e-71 | 9.901362818228299930402653186910635986e+29 |
|   6   | 2.198649766809413053009766121930868225e-72 | 1.053760703520517025302463224087574196e+28 |
|   8   | 8.123149931205614988251611763076498562e-09 | 4.334088748784680993670890361485875170e-07 |
---------------------------------------------------------------------------------------------------

Scheme evaluation results:
Order: 8, No. cycles: 20
---------------------------------------------------------------------------------------------------
Vector a: -0.583826597207871851741793123427330058, -0.235182267032670022805121822278369059, 0.693209535762134202464216375707136397, 0.673248434383914312319066203815711501, -0.538041995237547562015175269718913586, -0.910328994677061299492097800878702841, 0.779326466351338393129987271185205168, 0.120948534847407972956072727876011386, -0.654759662145176834977466185327963055, 0.851314292478409037022080691465359245, 0.804092252477123653140230931581854829
Vector b: -1.167653194415743703483586246854680723, 0.697288660350403657873342602297941785, 0.689130411173864747055090149116394179, 0.657366457593963877583042258514968829, -1.733450448069059001613392797952724164, -0.087207541285063597370802803804763827, 1.645860473987740383630777346175231677, -1.403963404292924437718631890423226143, 0.094444080002570767763699519767198862, 1.608184504954247306280461863163659583
---------------------------------------------------------------------------------------------------
| Order |                  Error^2                   |                 Efficiency                 |
---------------------------------------------------------------------------------------------------
|   2   | 1.539465443400541102476550279450924603e-68 | 2.014907142334292139866174181877787305e+31 |
|   4   | 6.529993585747699621258528988663618604e-71 | 7.734346773679048894668179120446016846e+29 |
|   6   | 1.905609994200621824995101863757282192e-72 | 1.131886851751391682686593328222527122e+28 |
|   8   | 8.094648007431775400027206118110706749e-09 | 4.341712385929833633593981188455161928e-07 |
---------------------------------------------------------------------------------------------------

Scheme evaluation results:
Order: 8, No. cycles: 20
---------------------------------------------------------------------------------------------------
Vector a: -0.581257118975976975708046089376495584, -0.547965108996457220286522991373273013, 0.544349010340212323953442009627218200, 0.733244563299059194876186430573149970, 0.534779651635911509403856190185944611, -0.787134051322099793754537650835061773, 0.162667707639026956457047977130560892, 1.257111007768573699554951652205002763, -1.272844037955701061904614656228194767, -0.155256410749075880390077440570725686, 1.112304787316527247798314568661874436
Vector b: -1.162514237951953951416092178753121360, 0.066584019959039510843046196006717059, 1.022114000721385137063837823247659613, 0.444375125876733252688535037899505841, 0.625184177395089766119177342471569290, -2.199452280039289353628252644140924582, 2.524787695317343266542348598401593003, -0.010565679780195867432445293991986484, -2.535122396131206256376784018464005108, 2.224609574633054495596629137322992751
---------------------------------------------------------------------------------------------------
| Order |                  Error^2                   |                 Efficiency                 |
---------------------------------------------------------------------------------------------------
|   2   | 4.466260921677334539655497634265858906e-68 | 1.182954288594109720074744939715705273e+31 |
|   4   | 1.570497062431403342415602525145968803e-69 | 1.577108066849375051495743407498147736e+29 |
|   6   | 2.184677741512553505772584812569636599e-71 | 3.342922698074801367605557463105099678e+27 |
|   8   | 8.180889451811180784469002042827065858e-09 | 4.318766984139295890656934531312332835e-07 |
---------------------------------------------------------------------------------------------------

Scheme evaluation results:
Order: 8, No. cycles: 20
---------------------------------------------------------------------------------------------------
Vector a: -0.506021131530295613670013390618027557, -0.192557402799196755529603595879241359, 1.429891998816427606671420058946263302, 1.098111797988248305543010718998939602, 0.000726913153018588850122293725733102, -1.040474642234281798049628245670931194, -0.723680676146451531826911721364356200, -0.800611844992269571927519102359954679, -0.049514222708554074511652514626909423, 1.435532092037499819963740224911570168, 0.348597118415855024487035273936914373
Vector b: -1.012042263060591227340026781235969410, 0.626927457462197716280819589477499883, 2.232856540170657497062020528415011699, -0.036632944194160885975999090434985240, 0.038086770500198063676243677887194288, -2.119036054968761659775500169211939269, 0.671674702675858596121676726483153298, -2.272898392660397739976714931203160301, 2.173869947243289590953409901949337013, 0.697194236831710048974070547873858021
---------------------------------------------------------------------------------------------------
| Order |                  Error^2                   |                 Efficiency                 |
---------------------------------------------------------------------------------------------------
|   2   | 5.479138626644102317961392626951658417e-67 | 3.377410617928077880194434982450477539e+30 |
|   4   | 9.409084913970865192691329427276564612e-70 | 2.037540844630037004909781963205576172e+29 |
|   6   | 1.842569524542156766630607213523976026e-70 | 1.151086827578279392514902501051209688e+27 |
|   8   | 9.026714294119719736604538950736513445e-09 | 4.111451639739665694909307240019513023e-07 |
---------------------------------------------------------------------------------------------------

Scheme evaluation results:
Order: 8, No. cycles: 20
---------------------------------------------------------------------------------------------------
Vector a: 0.509010362436742777726413163792054709, -0.565612067977961411734482911406144164, -0.780205405830033631316220196804302075, 1.236036133778595731106596278498468270, 0.026744811878127684326600764314565235, -0.580772499878907011405186440030999932, 0.699585985127679367970636154001842014, -0.209255451983685493167713344500424306, -1.019634454110090091357370304108209392, 0.619603886061958185200786417439176351, 1.064498700497573892649940418803973246
Vector b: 1.018020724873485555452826327584058189, -2.149244860829408378921792150396323790, 0.588834049169341116289351756787705195, 1.883238218387850345923840800209365004, -1.829748594631594977270639271580214317, 0.668203594873780954460266391517989311, 0.730968375381577781481005916485777916, -1.149479279348948767816432605486704048, -0.889789628871231414898308002729644055, 2.128997400995147785299880837607990403
---------------------------------------------------------------------------------------------------
| Order |                  Error^2                   |                 Efficiency                 |
---------------------------------------------------------------------------------------------------
|   2   | 9.909233430000372675099150716049534205e-68 | 7.941818893280187693967567900254743164e+30 |
|   4   | 1.915405460432130760130888516028265260e-70 | 4.515955531201599700030964896390315552e+29 |
|   6   | 2.760056048345358027445760374329515262e-71 | 2.974137722110997912871894285852625370e+27 |
|   8   | 9.696421122100603644494988157337269597e-09 | 3.966927836941778723805330277584583204e-07 |
---------------------------------------------------------------------------------------------------

Scheme evaluation results:
Order: 8, No. cycles: 20
---------------------------------------------------------------------------------------------------
Vector a: -0.709008374136889593485681769638199139, 0.131056696254661101312657340996223688, 1.380800074795308481358090093946570978, -0.336801977828821042607305685095237729, -0.521316234900033714351037502341849320, -0.209236921282649527850346155045266852, -0.196577558993852877595005583840031306, -0.199298290884478099859815458545094556, 0.236104301568803801452881951120634116, 1.114280493741287569004809957689329395, 0.309997791666663902620752810752920654
Vector b: -1.418016748273779186971363539276261152, 1.680130140783101389596678221268714932, 1.081470008807515573119501966624232505, -1.755073964465157658334113336814714223, 0.712441494665090229632038332130917841, -1.130915337230389285332730642221554582, 0.737760219242683530142719474541574544, -1.136356801011639729862350391631646848, 1.608565404149247332768114293872889513, 0.619995583333327805241505621505847470
---------------------------------------------------------------------------------------------------
| Order |                  Error^2                   |                 Efficiency                 |
---------------------------------------------------------------------------------------------------
|   2   | 1.340240503666353430391349655051393184e-69 | 6.828866762655309265552509369099707031e+31 |
|   4   | 6.616659264431783391963206106877193174e-71 | 7.683527183216052478129770339484401855e+29 |
|   6   | 3.925909150188733333057192428138477792e-72 | 7.885875265366694844509638015462237358e+27 |
|   8   | 9.868633919914570837814763430328246829e-09 | 3.932163025803326285794266793477300977e-07 |
---------------------------------------------------------------------------------------------------

Scheme evaluation results:
Order: 8, No. cycles: 20
---------------------------------------------------------------------------------------------------
Vector a: -0.517670268884415171531829424276215028, -0.414027429591179326070032492985245418, 1.111017827831321781023224787622835577, -0.019764889234872793689356842842485769, -0.794825414496941270900785747685447190, 0.461085754563408434435888413905126865, 0.687667083236003449521932167229310647, -0.494311183900113978055178468278941345, -0.967133829771380527638473310920390140, 0.967017748162757663378679390201026573, 0.980944602085411739525931528030425170
Vector b: -1.035340537768830343063658848552464530, 0.207285678586471690923593862582073144, 2.014749977076171871122855712663676373, -2.054279755545917458501569398348665804, 0.464628926552034916699997902977310261, 0.457542582574781952171778924833515421, 0.917791583897224946872085409624771966, -1.906413951697452902982442346182697990, -0.027853707845308152294504275658493013, 1.961889204170823479051863056060973986
---------------------------------------------------------------------------------------------------
| Order |                  Error^2                   |                 Efficiency                 |
---------------------------------------------------------------------------------------------------
|   2   | 2.906908358049776336815612874872211192e-69 | 4.636863788786836251362794258605371875e+31 |
|   4   | 2.820171931872889232420564591664176561e-71 | 1.176907212570697286501460448617062134e+30 |
|   6   | 2.638756236879277730394781600508997789e-72 | 9.618788813099639827619538724976354599e+27 |
|   8   | 1.060288213205963506696692225841653770e-08 | 3.793569700505326749514321432431473333e-07 |
---------------------------------------------------------------------------------------------------

Scheme evaluation results:
Order: 8, No. cycles: 20
---------------------------------------------------------------------------------------------------
Vector a: 0.501703808413943916838050525396872756, -0.557540521892460369565060569231149007, -0.774519557945500151820240224482408584, 0.631179287120587113476596403675404634, 0.722877262092838280284636914901641014, -0.155314350426549749171509726505664108, -1.017553629923816123329309125098128134, 0.622831182496386900152786487288707503, -0.026686889759356585096427979560941508, -0.041155597297963894892812595227253659, 1.094179007121890663123289888842919182
Vector b: 1.003407616827887833676101050793754179, -2.118488660612808572806222189256051231, 0.569449544721808269165741740291324677, 0.692909029519365957787451067059369997, 0.752845494666310602781822762744014779, -1.063474195519410101124842215755329755, -0.971633064328222145533776034440923817, 2.217295429320995945839349009018800853, -2.270669208839709116032204968140338905, 2.188358014243781326246579777685379221
---------------------------------------------------------------------------------------------------
| Order |                  Error^2                   |                 Efficiency                 |
---------------------------------------------------------------------------------------------------
|   2   | 3.084590686225348900182793758458654075e-68 | 1.423446789437712872898492201398508789e+31 |
|   4   | 5.465243819057527581172495822039702461e-71 | 8.454253120434016087402958480885756836e+29 |
|   6   | 8.745752897890038033237879281587473841e-72 | 5.283496507640147798877914661839088440e+27 |
|   8   | 1.102601807937810222204656457211690577e-08 | 3.720066338530817781747833645766258641e-07 |
---------------------------------------------------------------------------------------------------

Scheme evaluation results:
Order: 8, No. cycles: 20
---------------------------------------------------------------------------------------------------
Vector a: 0.422717409508064129922824276501570635, -0.232519567166075909476487064197641210, 0.250445337341659453609684366099330649, 0.186981043905603939429233510410424274, -0.616544372795494954176812650773310255, 0.219335862934989898837824030351384811, 0.559380344650805286849664703246244336, -0.487852996625321099870724901756350642, -0.935057599427406808537871817170994678, 0.814055656950803171080154425191996698, 0.819058880722372892332511122097345405
Vector b: 0.845434819016128259845648553003045359, -1.310473953348280078798622681398442613, 1.811364628031598986017991413597206468, -1.437402540220391107159524392776287767, 0.204313794629401198805899091229170945, 0.234357931240578598869748969474192657, 0.884402758061031974829580437018242161, -1.860108751311674174571030240531116682, -0.010006447543139442504713393810918430, 1.638117761444745784665022244194907863
---------------------------------------------------------------------------------------------------
| Order |                  Error^2                   |                 Efficiency                 |
---------------------------------------------------------------------------------------------------
|   2   | 2.483519987368225866789375965525976896e-69 | 5.016561940055750145240288293869606250e+31 |
|   4   | 4.196210666897729510139723733912360547e-71 | 9.648312815644737100745151307044804688e+29 |
|   6   | 1.705556927945601869067550629384450911e-72 | 1.196428958227939114789111340201175308e+28 |
|   8   | 1.076346745031284355550376842412431648e-08 | 3.765164313697157079167616361217327755e-07 |
---------------------------------------------------------------------------------------------------

Scheme evaluation results:
Order: 8, No. cycles: 20
---------------------------------------------------------------------------------------------------
Vector a: -0.505414872109976003718448863491327227, -0.348021220483700996039233617161284902, 0.504831190489540163546850764948558560, 0.661376542068231562636436587164023905, -0.388723695256460840092596152865196846, 0.144257539110795381323439143261565138, 0.761611445658543545057457593683757047, -0.945720072568679043734664675454120962, -0.114399362806370004268193221594166641, 0.988107211873353095814022562189814535, 0.242095294024723139474929879318377297
Vector b: -1.010829744219952007436897726982661579, 0.314787303252550015358430492660091341, 0.694875077726530311735271037237023805, 0.627878006409932813537602137091038256, -1.405325396922854493722794442821437244, 1.693840475144445256369672729344570071, -0.170617583827358166254757541977048514, -1.720822561309999921214571808931204436, 1.492023835697259912678185365742870816, 0.484190588049446278949859758636757483
---------------------------------------------------------------------------------------------------
| Order |                  Error^2                   |                 Efficiency                 |
---------------------------------------------------------------------------------------------------
|   2   | 8.711563273831297297543772757834055693e-69 | 2.678501913731123866252920040826455859e+31 |
|   4   | 9.402783965393068285892647544957465440e-72 | 2.038223423855841778436501324774559814e+30 |
|   6   | 7.992558093526031139679433990225199793e-74 | 5.526842966653584114120761782603367615e+28 |
|   8   | 1.151849582415392989436151804258491975e-08 | 3.639671182310896139460644320039667891e-07 |
---------------------------------------------------------------------------------------------------

Scheme evaluation results:
Order: 8, No. cycles: 20
---------------------------------------------------------------------------------------------------
Vector a: 0.214367811952863909030053155199617877, 0.383994230428891118929738882325074185, -0.283946523388166054044186929366781299, -0.919252779169959773815389592514608299, 0.618822476283979318213810495730039901, 1.077175382563060505864077252530475651, -1.092019754027202256534034648367564081, -0.864701345735328934470740991285301440, 0.520511875435447465532239415994123115, 0.822784511913337083492314448944255517, 0.522264113743077617802118510810668872
Vector b: 0.428735623905727818060106310399048314, 0.339252836952054419799371454251459628, -0.907145883728386527887745312985245201, -0.931359674611533019743033872043961959, 2.169004627179491656170654863504170221, -0.014653862053370644442500358443307390, -2.169385646001033868625568938291737064, 0.439982954530375999684086955721066584, 0.601040796340518931380391876267150950, 1.044528227486155235604237021621355847
---------------------------------------------------------------------------------------------------
| Order |                  Error^2                   |                 Efficiency                 |
---------------------------------------------------------------------------------------------------
|   2   | 2.263919769706678091877279822721947945e-70 | 1.661534994731144841129758825350430625e+32 |
|   4   | 3.365811970118600319408174611437396047e-71 | 1.077296110943118970618844475863642334e+30 |
|   6   | 7.763364975284518447377461944726305689e-72 | 5.607832381460761919422121060719601631e+27 |
|   8   | 1.180289664465972249676576538161172827e-08 | 3.595553312978271878521808295228149094e-07 |
---------------------------------------------------------------------------------------------------

Scheme evaluation results:
Order: 8, No. cycles: 20
---------------------------------------------------------------------------------------------------
Vector a: -0.537941418430952771364837398245294058, 0.758807233832185613062422719524277561, -0.002597863443856744900540437152529164, -1.206917779461778077753234511676797000, 1.186406516893042098740803685268025276, 1.088996376874699549505949100793160066, -1.090828691199243643506143242862437935, -0.736684928525066983867334461619522433, 0.490887235456141503495957117905402612, 0.595799097279959899052197152979104539, 0.454074220724869557534760275086610561
Vector b: -1.075882836861905542729674796490597361, 2.593497304526276768854520235539338142, -2.598693031413990258655601109844382657, 0.184857472490434103149132086490553476, 2.187955561295650094332475284045360119, -0.009962807546250995320577082458317107, -2.171694574852236291691709403267314227, 0.698324717802102323957040480028285925, 0.283449753110180683034873755783727772, 0.908148441449739115069520550173345923
---------------------------------------------------------------------------------------------------
| Order |                  Error^2                   |                 Efficiency                 |
---------------------------------------------------------------------------------------------------
|   2   | 4.573117934807489745592105241898334849e-69 | 3.696866842217910520782222010910000000e+31 |
|   4   | 6.218704617413031383625403013039350762e-71 | 7.925561731101319004123066834788453369e+29 |
|   6   | 1.774700738224307990412060286968288893e-71 | 3.709005360818814992306124758317678928e+27 |
|   8   | 1.230263823141496490835167811703118717e-08 | 3.521769337885656983019829549889880404e-07 |
---------------------------------------------------------------------------------------------------

Scheme evaluation results:
Order: 8, No. cycles: 20
---------------------------------------------------------------------------------------------------
Vector a: -0.704065336869501914290351802025894252, -0.348811559197691066772097234963147795, 0.576389049221178022388888990234521551, 0.420788165097454831838548702062429461, 0.400753232844250907941011303287521902, -0.336161509068449931553598547063536767, -1.056257738984600150993728531140309208, 0.147300182423080580033572848146287954, 0.631794798480824593695030141067800161, 0.616884720745605586453574231818728997, 0.651385995307848541259149898575598044
Vector b: -1.408130673739003828580703604051468800, 0.710507555343621695036509134125072868, 0.442270543098734349741268846343919871, 0.399305787096175313935828557780150961, 0.402200678592326501946194048795934434, -1.074523696729226365053391142923549973, -1.037991781239973936934065919356645700, 1.332592146086135097001211615649247705, -0.069002549124485909611151333514125266, 1.302771990615697082518299797151463792
---------------------------------------------------------------------------------------------------
| Order |                  Error^2                   |                 Efficiency                 |
---------------------------------------------------------------------------------------------------
|   2   | 6.203140168996297971743746714258137370e-69 | 3.174199444285600152775141580080001562e+31 |
|   4   | 3.357852877178225279241418549560639198e-71 | 1.078572108626478842746951417223343750e+30 |
|   6   | 1.273420865546320742305257441520635943e-72 | 1.384630982550782466987968703072036934e+28 |
|   8   | 1.383349713187755642836447414744469964e-08 | 3.321192453960964632400807386339243304e-07 |
---------------------------------------------------------------------------------------------------

Scheme evaluation results:
Order: 8, No. cycles: 20
---------------------------------------------------------------------------------------------------
Vector a: -0.442807551730298108728173253819952254, -0.198656755287094407685159736359358393, -0.500746184543238964868167581630189711, -0.744501849670180487995477204173079363, 0.789660251394086193816178627360563847, 1.142114914256666569139159701786218809, 1.144558022540428589831623031553342452, -0.031373063837269606708951620224075536, -0.610141039968263530905223169044441241, 0.332416754537877933250428858975129234, 0.119476502307285820853762345575842053
Vector b: -0.885615103460596217456346507642698647, 0.488301592886407402086027034925144161, -1.489793961972885331822362198187465835, 0.000790262632524355831407789829324060, 1.578530240155648031800949464903287078, 0.705699588357685106477369938674843397, 1.583416456723172073185876124433870281, -1.646162584397711286603779364881659698, 0.425880504461184224793333026791773855, 0.238953004614571641707524691153581532
---------------------------------------------------------------------------------------------------
| Order |                  Error^2                   |                 Efficiency                 |
---------------------------------------------------------------------------------------------------
|   2   | 7.230280568512217822028468569827085152e-67 | 2.940102243904075564375177003092722168e+30 |
|   4   | 3.113365570778742300607897045775726178e-69 | 1.120121048149514584540937816570707855e+29 |
|   6   | 5.111055966200073422152829082271464193e-71 | 2.185569934644347527394406136410281658e+27 |
|   8   | 1.343044593758984326222048858014415321e-08 | 3.370658998335469870476199020957498083e-07 |
---------------------------------------------------------------------------------------------------

Scheme evaluation results:
Order: 8, No. cycles: 20
---------------------------------------------------------------------------------------------------
Vector a: 0.167498488848544733676502984198145547, 0.622431625202273509251230452726284813, -0.257140010543670305807672102945148090, -0.091308130553386881847781924542719215, -0.479623535108344493097916162119133797, 0.088099276907766116619237412416444734, 0.646780036977258880888361559250957462, -0.053611024221296647379303886078732664, -0.738659802126870574085399507800252532, -0.065611747335356096643382054521366340, 1.161144821953081758426123229415520195
Vector b: 0.334996977697089467353005968396123105, 0.909866272707457551149454937056571370, -1.424146293794798162764799142946866299, 1.241530032688024399069235293861444457, -2.200777102904713385265067618099665250, 2.376975656720245618503542442932546244, -1.083415582765727856726819324430650580, 0.976193534323134561968211552273225251, -2.453513138576875710139010567873707685, 2.322289643906163516852246458830979531
---------------------------------------------------------------------------------------------------
| Order |                  Error^2                   |                 Efficiency                 |
---------------------------------------------------------------------------------------------------
|   2   | 8.445552700890762621748192378664226809e-68 | 8.602525537091077332964681597037588867e+30 |
|   4   | 1.490030632804211686329698739571957068e-70 | 5.120146871146516780459461896492243042e+29 |
|   6   | 3.904166212714912916868135252790962260e-72 | 7.907803638911388847374576744857028961e+27 |
|   8   | 1.401093474796047255533464526560737720e-08 | 3.300095283722319548737166246883106560e-07 |
---------------------------------------------------------------------------------------------------

Scheme evaluation results:
Order: 8, No. cycles: 20
---------------------------------------------------------------------------------------------------
Vector a: 0.166774876881301110425861700956161582, 0.635395746430147542815831443456226639, -0.555620391608032867185663954145007139, -0.138819852183271351353560229404696796, -0.074238672895784446257035230427970548, 0.157787948861027521791124686611251344, 0.505222147404323521092295010106913076, -0.126903729390746066660441307892131376, -0.753177890702937514975788521201676741, -0.027460113717157646592954592772545458, 1.211039930921130196900330994713475379
Vector b: 0.333549753762602220851723401908958804, 0.937241739097692864779939485007425057, -2.048482522313758599151267393300726897, 1.770842817947215896444146934491147018, -1.919320163738784788958217395346599049, 2.234896061460839832540466768569378541, -1.224451766652192790355876748352074351, 0.970644307870700657034994132567678421, -2.477000089276575686986571174974331599, 2.422079861842260393800661989429144006
---------------------------------------------------------------------------------------------------
| Order |                  Error^2                   |                 Efficiency                 |
---------------------------------------------------------------------------------------------------
|   2   | 2.392510412626017407495909316652554588e-67 | 5.111084844939199445232273873243009766e+30 |
|   4   | 2.576623687897413003317829098235417005e-70 | 3.893628568651840033735165102616118774e+29 |
|   6   | 1.405988967573907811679999010508375771e-71 | 4.167053435217692454148604136028706074e+27 |
|   8   | 1.373099910494370847861421864961038682e-08 | 3.333565288391409959654909629528231334e-07 |
---------------------------------------------------------------------------------------------------

Scheme evaluation results:
Order: 8, No. cycles: 20
---------------------------------------------------------------------------------------------------
Vector a: 0.284313423439242780725133628667779614, 0.485599954421158502763347358763787716, -0.778052985586428192767827763846483063, -0.477190898902335437436702329007393293, 0.675860740735977989286634917465985110, 0.346011807916976885051386182972705243, -0.221018079910022764852283226197331482, -0.867571423816550752688278149049340956, -0.440220436383819745668790342028068067, 1.013150560380750802310246936319661826, 0.979117337705049933277132785938697329
Vector b: 0.568626846878485561450267257336108888, 0.402573061963831444076427460191172985, -1.958679033136687829612082987884202715, 1.004297235332016954738678329869867085, 0.347424246139939023834591505060446739, 0.344599369694014746268180860885096684, -0.786635529514060275972747313279539033, -0.948507318119041229403808984818065416, 0.068066445351401738066228300761776280, 1.958234675410099866554265571877338613
---------------------------------------------------------------------------------------------------
| Order |                  Error^2                   |                 Efficiency                 |
---------------------------------------------------------------------------------------------------
|   2   | 1.344587229624190252327754032311019324e-67 | 6.817819788429516937392316821418014648e+30 |
|   4   | 1.545491416371543802158359860326712210e-70 | 5.027437944798803137614714188513611450e+29 |
|   6   | 4.403178369217472720834543777484279074e-72 | 7.446237544418012913144587511560564995e+27 |
|   8   | 8.215857652142982727584859631557006447e-09 | 4.309566450849576601957056033526638897e-07 |
---------------------------------------------------------------------------------------------------

Scheme evaluation results:
Order: 8, No. cycles: 20
---------------------------------------------------------------------------------------------------
Vector a: -0.529833355909884575595541787222775018, -0.264252467782482885529002082730080721, 1.029497419373438297070666145494618119, 0.708078036090841350461820823647638248, -0.802056709936731480153193456672828031, 0.679963963311980679027213283544600522, -0.000243199632276506405391333447629276, -1.161535824274514188412558529987475146, 0.698778659063164928005848737670093686, 0.537746292654175044452526505525890880, 0.103857187042289337077611694177946802
Vector b: -1.059666711819769151191083574447657967, 0.531161776254803380133079408985993434, 1.527833062492073214008252882005937951, -0.111676990310390513084611234707996004, -1.492436429563072447221775678641175687, 2.852364356187033805276202245713960489, -2.852850755451586818086984912609228511, 0.529779106902558441261867852654765201, 0.867778211223771414749829622685922817, 0.207714374084578674155223388359478434
---------------------------------------------------------------------------------------------------
| Order |                  Error^2                   |                 Efficiency                 |
---------------------------------------------------------------------------------------------------
|   2   | 5.536454283453766287213449720223509973e-66 | 1.062488283502235303312677348818166748e+30 |
|   4   | 5.206412043956078052282878597083122684e-69 | 8.661851809899029640588162261738081360e+28 |
|   6   | 4.450601225203872735097932971930733378e-70 | 7.406460046949121175867162631398363113e+26 |
|   8   | 1.570104161443241372974158534059980631e-08 | 3.117423481641642007485386887047694316e-07 |
---------------------------------------------------------------------------------------------------

Scheme evaluation results:
Order: 8, No. cycles: 20
---------------------------------------------------------------------------------------------------
Vector a: 0.164998124374739195664535174460561203, -0.308796053545027989190764344962516934, 0.159449928210121582426258630767600876, 0.806654904263033968110044893830790300, -0.480881858518277059275113425820842706, -1.143450333031635546003216692053248507, -0.476342466931522521086362605269026211, 0.593345749928823718848947447626128588, 0.820954782029362954562199650831571618, 0.552245732384805848234988695558895087, 0.311821490835575847708482575030086567
Vector b: 0.329996248749478391329070348921140846, -0.947588355839534369710599038846212607, 1.266488212259777534563116300381424711, 0.346821596266290401656973487280210634, -1.308585313302844520207200338921925465, -0.978315352760426571799233045184639535, 0.025630418897381529626507834646585494, 1.161061080960265908071387060605675456, 0.480848483098460001053012241057550018, 0.623642981671151695416965150060190467
---------------------------------------------------------------------------------------------------
| Order |                  Error^2                   |                 Efficiency                 |
---------------------------------------------------------------------------------------------------
|   2   | 2.544645821150306175270062520739469490e-69 | 4.955943391485676290587880256587135156e+31 |
|   4   | 1.300206266176266978352566663811306237e-71 | 1.733300610469716513633789932624137207e+30 |
|   6   | 2.680736888370825754082504882322129280e-73 | 3.017817209023520583160860832260809326e+28 |
|   8   | 1.722148249443779632401723129328080415e-08 | 2.976629403251034365972769404545987683e-07 |
---------------------------------------------------------------------------------------------------

Scheme evaluation results:
Order: 8, No. cycles: 20
---------------------------------------------------------------------------------------------------
Vector a: 0.244909110258690961297367797989709368, 0.901620392407757311006223090825717508, 0.692068776249274120750564607725444320, -0.492278969307710581977561873133779087, -0.283119163280933394833862659607177428, -0.612506414051796722751697241908395570, -0.456205300979823453829749449442304340, -0.201756504256906200021283051957279572, -0.549458351175747365414942168398003381, 0.904921495208656193744319076173842118, 0.851804928928539132030621871732226064
Vector b: 0.489818220517381922594735595979819425, 1.313422564298132699417710585671168487, 0.070714988200415542083418629779705734, -1.055272926815836706038542376047261573, 0.489034600253969916370817056832863143, -1.714047428357563361874211540649602620, 0.801636826397916454214712641764874724, -1.205149834911728854257278745679445713, 0.106233132560234123427394408883345279, 1.703609857857078264061243743464533210
---------------------------------------------------------------------------------------------------
| Order |                  Error^2                   |                 Efficiency                 |
---------------------------------------------------------------------------------------------------
|   2   | 4.654619046516930156899687315516324975e-68 | 1.158771853104312459626322681290139844e+31 |
|   4   | 4.672252859098161079224700190385495148e-70 | 2.891457732310614121137339370477270813e+29 |
|   6   | 1.868720978049910190159716422428224283e-71 | 3.614496391716402126351978341234995842e+27 |
|   8   | 1.815834737203826097258840163880880980e-08 | 2.898824176387838105336955956257023485e-07 |
---------------------------------------------------------------------------------------------------

Scheme evaluation results:
Order: 8, No. cycles: 20
---------------------------------------------------------------------------------------------------
Vector a: -0.733582327167297061717118534229663510, 0.238279243477534339603719666471464858, 0.071429126562998467378192948044445701, -0.410530920699388262318849995012519155, 1.320912752455131228814093741337354699, -0.252221947985830357853324182065512781, -0.586899802659335332738844719912699915, 0.670717149764646454717377440436220585, -0.626197503734295342876201503021588392, 0.253756475443037825851077070170290785, 1.054337754542798041139878067782207232
Vector b: -1.467164654334594123434237068459331449, 1.943723141289662802641676401402261647, -1.800864888163665867885290505313392706, 0.979803046764889343247590515288377892, 1.662022458145373114380596967386325151, -2.166466354117033830087245331517360729, 0.992666748798363164609555891691953965, 0.348767550730929744825198989180582780, -1.601162558199520430577601995223830776, 2.108675509085596082279756135564414464
---------------------------------------------------------------------------------------------------
| Order |                  Error^2                   |                 Efficiency                 |
---------------------------------------------------------------------------------------------------
|   2   | 6.295734487577301105701527459007465041e-68 | 9.963611991037767271634900800901396484e+30 |
|   4   | 9.922833308976323514566312726890834781e-71 | 6.274255057755666074243308078258621826e+29 |
|   6   | 6.752668231915933965437817233105869252e-72 | 6.012876995531095821685621691276052475e+27 |
|   8   | 1.832420304186143500989590081835215503e-08 | 2.885675465443292748731488272960253133e-07 |
---------------------------------------------------------------------------------------------------

Scheme evaluation results:
Order: 8, No. cycles: 20
---------------------------------------------------------------------------------------------------
Vector a: -0.757858272400353769292787608632778869, -0.046076864274026163879079011108036585, 0.956555577909382669096041710081041663, 0.541361288695928426404725671676514594, -0.797680427144459041610620512578317664, 0.234256214084856364654299084586829719, 0.538323373587330506603182544760597031, -0.015181012570875197882536224072299616, -0.560472644761424652251978789440016486, -0.214359625935883429297409521082826533, 1.121132392809524287456162655809292710
Vector b: -1.515716544800707538585575217265671176, 1.423562816252655210827417195049610150, 0.489548339566110127364666225112897939, 0.593174237825746725444785118239786122, -2.188535092114664808666026143396274406, 2.657047520284377537974624312569770814, -1.580400773109716524768259223048753552, 1.550038747967966129003186774904129729, -2.670984037490815433507144353783991871, 2.242264785619048574912325311618496443
---------------------------------------------------------------------------------------------------
| Order |                  Error^2                   |                 Efficiency                 |
---------------------------------------------------------------------------------------------------
|   2   | 3.671625082510290529406572416490455177e-67 | 4.125825394699355662333123301827445801e+30 |
|   4   | 6.394711114352824980201916925819520953e-70 | 2.471550863537048565849077729035486145e+29 |
|   6   | 1.518865633726917099183839341284346124e-71 | 4.009224246255489548880047625953643322e+27 |
|   8   | 1.838918594181985285651800039897284315e-08 | 2.880572316338913977744972212941758666e-07 |
---------------------------------------------------------------------------------------------------

Scheme evaluation results:
Order: 8, No. cycles: 20
---------------------------------------------------------------------------------------------------
Vector a: 0.069972938343179758153322585807045918, 0.130818626595422941181911357529035522, -0.925626371805942559298396236416759515, 0.144359923013093241082217466929919703, 1.093335700651913403394912717569660941, -1.055747017748097781062053847907659059, 0.581565337674756151281302866288989709, -0.004250860576794876205327956769274844, -0.825352162089587518098787043014266886, 1.284819328716376475003252979868569240, 0.506104557225680764567645110114739276
Vector b: 0.139945876686359516306645171126948681, 0.121691376504486366057177544633998574, -1.972944120116371484653970017682453853, 2.261663966142557966818404951541730453, -0.074992564838731160028579516400308296, -2.036501470657464402095528179417390030, 3.199632146006976704658133911995157019, -3.208133867160566457068789825533690184, 1.557429542981391420871215739506266519, 1.012209114451361529135290220229741249
---------------------------------------------------------------------------------------------------
| Order |                  Error^2                   |                 Efficiency                 |
---------------------------------------------------------------------------------------------------
|   2   | 5.529035418368437503106367874244450150e-67 | 3.362136354571275862332758879758026367e+30 |
|   4   | 6.050113342062687199470916831241025701e-69 | 8.035229065122255549978637979569805908e+28 |
|   6   | 1.041589376220805309434118302061776659e-70 | 1.530987889046670960301835562128386974e+27 |
|   8   | 1.944354383921614427147518122271017746e-08 | 2.801381929458451095347330690695786659e-07 |
---------------------------------------------------------------------------------------------------

Scheme evaluation results:
Order: 8, No. cycles: 20
---------------------------------------------------------------------------------------------------
Vector a: 0.066256052235850644364862200325127333, 0.116556449368171620920325846073713608, -0.935215493678422557293597509961346875, 0.547864007045508836374904699000357377, -0.007198540917027753846809484427170029, -0.381260437162385147722138984341357483, 1.132392795996696849056445466175651302, -1.080616917621295759339472073111968636, -0.267555148941384304638625968511521707, 1.297456898370000449766380512460627913, 0.511320335304287122357725296317887269
Vector b: 0.132512104471701288729724400757509368, 0.100600794264641953110927291226125799, -1.971031781621487067698122311092563702, 3.066759795712504740447931709093502635, -3.081156877546560248141550677947852418, 2.318636003221789952697272709265069756, -0.053850411228396254584381776914208550, -2.107383424014195264094562369309194830, 1.572273126131426654817310432285915778, 1.022640670608574244715450592635696152
---------------------------------------------------------------------------------------------------
| Order |                  Error^2                   |                 Efficiency                 |
---------------------------------------------------------------------------------------------------
|   2   | 1.656682153396874067361588319552176180e-66 | 1.942318343665816983049078375561861328e+30 |
|   4   | 2.332978166119332190390833252939274865e-69 | 1.293971408133320968164354373292028656e+29 |
|   6   | 1.222062209416006355066882901952629326e-70 | 1.413426953360297762241093584114927053e+27 |
|   8   | 1.956913023471718374944437457452095651e-08 | 2.792378419238659586634966295828566291e-07 |
---------------------------------------------------------------------------------------------------

Scheme evaluation results:
Order: 8, No. cycles: 20
---------------------------------------------------------------------------------------------------
Vector a: -0.526044916044810561638204230872112311, 0.460642739733319768803016460312565657, 0.972767138758932918561611203805792612, -1.001528709880418589446041810123907032, -0.828242989247102065476859747101509296, 0.401582553635905415045370608645848979, 0.421581085005826788232963777814621449, 0.781614526979135702140165474149382234, 0.063153585810889331280328592825382573, -0.142311110467942296542510732983998291, 0.396786095716263589040160403527933403
Vector b: -1.052089832089621123276408461744209022, 1.973375311556260660882441382369299987, -0.027841034038394823759218974757736739, -1.975216385722442355132864645490054041, 0.318730407228238224179145151287052350, 0.484434700043572605911596066004747585, 0.358727469968080970554331489624295834, 1.204501583990190433725999458674556263, -1.078194412368411771165342273023780621, 0.793572191432527178080320807055828287
---------------------------------------------------------------------------------------------------
| Order |                  Error^2                   |                 Efficiency                 |
---------------------------------------------------------------------------------------------------
|   2   | 9.339121833993988464612154724692579663e-68 | 8.180634476624021731602454678645548828e+30 |
|   4   | 4.606546125157064914292480701780713612e-71 | 9.208572364396322991418234465295469971e+29 |
|   6   | 1.777042948100529807804883428590529075e-72 | 1.172117267505540295688578496202525711e+28 |
|   8   | 2.084446805326452035462869128142261188e-08 | 2.705606455326167194746840191831642945e-07 |
---------------------------------------------------------------------------------------------------

Scheme evaluation results:
Order: 8, No. cycles: 20
---------------------------------------------------------------------------------------------------
Vector a: -0.750879552704058273907170704457690423, -0.049492590423187201901670106667435019, 0.921927074352826521507885558906062956, 0.542243446845244326540236344211368681, -0.816953026843913001248956415933466492, 0.290307932928243830429308558302742269, 0.450503508918248146771909687183510466, -0.013943593102789685126101065018020106, -0.469317067508367282381229000766886193, -0.269115196247511269941773730823089858, 1.164719063785263889257560875062903750
Vector b: -1.501759105408116547814341408915799928, 1.402773924561742144011001195579546687, 0.441080224143910899004769922240225069, 0.643406669546577754075702766172625049, -2.277312723234403756573615598040982837, 2.857928589090891417432232714650404746, -1.956921571254395123888413340272525614, 1.929034385048815753636211210236466181, -2.867668520065550318398669211781307080, 2.329438127570527778515121750131347629
---------------------------------------------------------------------------------------------------
| Order |                  Error^2                   |                 Efficiency                 |
---------------------------------------------------------------------------------------------------
|   2   | 6.847676316295973459158734777963217772e-65 | 3.021122928663111846253047357681894836e+29 |
|   4   | 2.223696282673342722216753965121680336e-68 | 4.191237607295724313891718705006105042e+28 |
|   6   | 3.780042394372336787427259732660571234e-71 | 2.541392188591221999235355628899861336e+27 |
|   8   | 2.193423527361968874038103899016423581e-08 | 2.637538367569023523136321857446946032e-07 |
---------------------------------------------------------------------------------------------------

Scheme evaluation results:
Order: 8, No. cycles: 20
---------------------------------------------------------------------------------------------------
Vector a: 0.279180442846815886294538001519318013, -0.503065775064383469856844851254754228, 0.348132317986789435537601354530045298, -0.124246985769221851975294504794558443, -0.852359109024220049731856567617909834, 0.091753430710237995513974028946111686, 1.162577495846967396188967116674340169, -1.117466449193628217809395773683810208, -0.150923097138265049509177108870707895, 1.402939493321385228709296458617582998, 0.463478235477522696638191845934342420
Vector b: 0.558360885693631772589076003038544159, -1.564492435822398712302765705547917126, 2.260757071795977583377968414608131751, -1.009078471343200656492028139859435789, -2.195812318696460073808214279714155779, 2.379319180116936064836162337606285623, -0.054164188423001272458228104258743202, -2.180768709964255163160563443107796460, 1.878922515687725064142209225366548948, 0.926956470955045393276383691868538084
---------------------------------------------------------------------------------------------------
| Order |                  Error^2                   |                 Efficiency                 |
---------------------------------------------------------------------------------------------------
|   2   | 3.706634337829034599419362671669027381e-66 | 1.298524464749175142509413019978832520e+30 |
|   4   | 1.077691251811221855397178523235522778e-68 | 6.020503852129736928405755437843945312e+28 |
|   6   | 1.193267204748921723359413620782304865e-70 | 1.430379158643415620271798707585764170e+27 |
|   8   | 2.360915372589481754281220604786896366e-08 | 2.542259182687303110479551485092350181e-07 |
---------------------------------------------------------------------------------------------------

Scheme evaluation results:
Order: 8, No. cycles: 20
---------------------------------------------------------------------------------------------------
Vector a: 0.718340109844186808650506158860131233, 0.059669245241826559690562148561607621, -0.243723405858637127813135787111508504, -0.662333086624393259317607412605682173, -0.752197735416052394495181612016800825, 0.729126571783352195497423015977326812, 0.728890700434293232747246351893065263, -0.252980802566930765063941047436614713, -1.026346734098536346631433143409558374, 0.626518072166145269193563295503358777, 1.075037065094745827541998031784674987
Vector b: 1.436680219688373617301012317720378792, -1.317341729204720497919888020597166018, 0.829894917487446242293616446373991806, -2.154561090736232760928831271585362893, 0.650165619904127971938468047551733125, 0.808087523662576419056377984402946498, 0.649693877206010046438114719383238917, -1.155655482339871576565996814256494922, -0.897037985857201116696869472562658131, 2.150074130189491655083996063569392729
---------------------------------------------------------------------------------------------------
| Order |                  Error^2                   |                 Efficiency                 |
---------------------------------------------------------------------------------------------------
|   2   | 5.897154432722167627540843266618595690e-67 | 3.255507934189860572743853317499790527e+30 |
|   4   | 1.074300678218622088286140440876024361e-70 | 6.029996948869436921366765583236521606e+29 |
|   6   | 7.933480358422902490959019575381495816e-72 | 5.547382991100063221700176755472702026e+27 |
|   8   | 2.401880942314197702173041594089780843e-08 | 2.520486040953542736298340728803647282e-07 |
---------------------------------------------------------------------------------------------------

Scheme evaluation results:
Order: 8, No. cycles: 20
---------------------------------------------------------------------------------------------------
Vector a: 0.675387157047805324664385686043080724, 0.681040213178015303608896879415441846, -1.086015280613934624970702693431749219, 0.273251626262078436607994440815960955, 0.069275698345252821895371175855814385, -0.500042617228924361408697250126991353, -0.267896383706731574276351003646744968, 0.779049028752002227953121339552407119, -0.006234188335559277616370874326726950, -0.733298250963171606761315409657912929, 1.115482997263167330303667709507420505
Vector b: 1.350774314095610649328771372086095195, 0.011306112260419957889022386747226219, -2.183336673488289207830427773613889272, 2.729839926012446081046416655246169694, -2.591288529321940437255674303534421371, 1.591203294864091714438279803279763819, -2.126996062277554862990981810573354289, 3.685094119781559318897224489678976647, -3.697562496452677874129966238332445464, 2.230965994526334660607335419015878702
---------------------------------------------------------------------------------------------------
| Order |                  Error^2                   |                 Efficiency                 |
---------------------------------------------------------------------------------------------------
|   2   | 2.046084503897593643205611207267713025e-65 | 5.526856969614916884558641800681428223e+29 |
|   4   | 9.523730562800922406684455071127270194e-68 | 2.025239863806429106220826130768256760e+28 |
|   6   | 2.595440807243402113402703636657595423e-69 | 3.067004842610030623804031720810047984e+26 |
|   8   | 2.683326822535434172170067743101361872e-08 | 2.384642329231745482861248660043607948e-07 |
---------------------------------------------------------------------------------------------------

Scheme evaluation results:
Order: 8, No. cycles: 20
---------------------------------------------------------------------------------------------------
Vector a: -0.540444677067729747483079560813218099, -0.277449492686721081787442644101957594, 1.080427710192822641035052427649713231, -0.145383132585808363946301397188295772, -0.470495767355541015313326436948770979, 0.851214750171170230890012400072109561, -0.397407417814013882428017450123830765, -0.292898826587491322713182287170088810, -0.120205273734925022670773511011551775, 0.364516701688850537556913928388238175, 0.948125425779387026860144531247652755
Vector b: -1.080889354135459494966159121626422524, 0.525990368762017331391273833422491448, 1.634865051623627950678831021876935881, -1.925631316795244678571433816253548369, 0.984639782084162647944780942355987922, 0.717789718258177813835243857788238616, -1.512604553886205578691278758035884258, 0.926806900711222933264914183695692386, -1.167217448181072978606461205718822322, 1.896250851558774053720289062495331317
---------------------------------------------------------------------------------------------------
| Order |                  Error^2                   |                 Efficiency                 |
---------------------------------------------------------------------------------------------------
|   2   | 2.773301717890680662549667782834386233e-71 | 4.747242842088985260370739501001230625e+32 |
|   4   | 3.268534167514016495147822744054812346e-71 | 1.093209766018327583838292249361475098e+30 |
|   6   | 1.407745672210120960397360411806667657e-72 | 1.316915549323465953732599617863198662e+28 |
|   8   | 2.710718313132936534017442427956993757e-08 | 2.372563472383338606520964705714213918e-07 |
---------------------------------------------------------------------------------------------------

Scheme evaluation results:
Order: 8, No. cycles: 20
---------------------------------------------------------------------------------------------------
Vector a: 0.787677472748010346960770250779389383, -0.119067944825453861123276489400116409, -0.439126954476480882166548484370684515, -0.253099687256414266951822934537026267, -0.434176658725625029566420320901543031, -0.384946235913036061953612783804674368, 0.204526479961160447713411357571105248, 0.155396674246404342913668311445545533, -0.400396368516296661531620446703727527, 1.101717193748499847115043896296284715, 0.781496029009231778590407643625447249
Vector b: 1.575354945496020693921540501558752189, -1.813490835146928416168093480358995479, 0.935236926193966651834996511617667857, -1.441436300706795185738642380691686206, 0.573082983255545126605801738888633654, -1.342975455081617250513027306498023413, 1.752028415003938145939850021640256538, -1.441235066511129460112513398749169082, 0.640442329478536137049272505341664821, 1.562992058018463557180815287250898928
---------------------------------------------------------------------------------------------------
| Order |                  Error^2                   |                 Efficiency                 |
---------------------------------------------------------------------------------------------------
|   2   | 3.000146478815289807355771221071125417e-68 | 1.443340436937959805687624654657645117e+31 |
|   4   | 2.704322912407430314437781913235826881e-70 | 3.800587568574463143576150771421606445e+29 |
|   6   | 8.357436754739306118504796443075508100e-72 | 5.404847898047984131848033501833014488e+27 |
|   8   | 2.828456814175561637240419816878986716e-08 | 2.322657956285497219358084466875576963e-07 |
---------------------------------------------------------------------------------------------------

Scheme evaluation results:
Order: 8, No. cycles: 20
---------------------------------------------------------------------------------------------------
Vector a: 0.079981933327322581922743742209839384, -0.562636120312517491827461991332887365, -0.559386935765975244244165227713447304, 1.287077281609777591276660734383955029, -0.340052389513863666460183428355995252, -0.002064012923389101754479533924015820, 1.537260572794606692479497271787028671, -1.197471373119978458174194155231774890, -0.700349901961695655669949978790916089, 0.975094224746107460479474946103714159, 0.482546721119605291972057620864499500
Vector b: 0.159963866654645163845487484417842803, -1.285236107279680147500411467081710910, 0.166462235747729659012081011654836066, 2.407692327471825523541240457113071994, -3.087797106499552856461607313834368109, 3.083669080652774652952648245986419838, -0.009147935063561267993653702403059452, -2.385794811176395648354734608060483361, 0.985095007253004337014834650478359694, 0.965093442239210583944115241729091349
---------------------------------------------------------------------------------------------------
| Order |                  Error^2                   |                 Efficiency                 |
---------------------------------------------------------------------------------------------------
|   2   | 4.933986746098734233437343645640213352e-67 | 3.559106792638183194962102810566950195e+30 |
|   4   | 7.971296882883615228345087838301208745e-70 | 2.213683485714493774193067890806768494e+29 |
|   6   | 3.347297374137814563638318989661030552e-71 | 2.700678441300543133234582902338936329e+27 |
|   8   | 2.912802023347837963117940277563428258e-08 | 2.288782640637768260428511361970708670e-07 |
---------------------------------------------------------------------------------------------------

Scheme evaluation results:
Order: 8, No. cycles: 20
---------------------------------------------------------------------------------------------------
Vector a: 0.122484964102024279394084082139390555, -0.516829462053689690419411366600225810, -0.477511352228384765994641225441657769, 0.279505983210071815460504156190970178, 0.238711340665498931227410005160055781, 0.776237932927366554594980788355275772, -0.381016407203845628697894936673966730, -0.563943661328942888952114347297936999, -0.038407952614587399118203439182901459, 0.525029207245194209316040769351209995, 1.035739407279294583189245513999786488
Vector b: 0.244969928204048558788168164279281538, -1.278628852311427939626990897480270276, 0.323606147854658407637708446596805912, 0.235405818565485223283299865786264290, 0.242016862765512639171520144532103293, 1.310459003089220470018441432179260416, -2.072491817496911727414231305527222862, 0.944604494839025949510002610931461434, -1.021420400068200747746409489297272008, 2.071478814558589166378491027999588383
---------------------------------------------------------------------------------------------------
| Order |                  Error^2                   |                 Efficiency                 |
---------------------------------------------------------------------------------------------------
|   2   | 3.282683666074683233222055742946824520e-68 | 1.379829709312292341591804282646500586e+31 |
|   4   | 1.890373007705076206717528651972826534e-70 | 4.545757496604478979722190139565396729e+29 |
|   6   | 3.818417155370845482779885078498225667e-72 | 7.996102263307354737738130616557723045e+27 |
|   8   | 2.891341048899999014322766147013629057e-08 | 2.297261179537847299326194829495309376e-07 |
---------------------------------------------------------------------------------------------------

Scheme evaluation results:
Order: 8, No. cycles: 20
---------------------------------------------------------------------------------------------------
Vector a: -1.200361430325590972498128493811938491, -0.030704327740343659063360025246594949, 0.496673667696271279987049647923924601, -0.160208392458997989036800128356881351, 0.975445200854760131383620269302805339, -0.030812659181071185504401400046089235, -0.324566962553031925739724984341638917, -0.900506912193678299130857990859984669, 0.052927841039189993804918905693210514, 1.622232291574091132735419544509857375, 0.499881683288401493062264655233329677
Vector b: -2.400722860651181944996256987620759286, 2.339314205170494626869536937127592595, -1.345966869777952066895437641282405895, 1.025550084859956088821837384569159343, 0.925340316849564173945403154044265411, -0.986965635211706544954205954135904302, 0.337831710105642693474755985445493016, -2.138845534492999291736471967164815820, 2.244701216571379279346309778551147955, 0.999763366576802986124529310466226790
---------------------------------------------------------------------------------------------------
| Order |                  Error^2                   |                 Efficiency                 |
---------------------------------------------------------------------------------------------------
|   2   | 2.760728813057637655098618121610917623e-65 | 4.758040503618366248844979227952381592e+29 |
|   4   | 2.632963453791347787644906341573686482e-68 | 3.851745659433277043967009283633770752e+28 |
|   6   | 8.428609130842734414749446773447809010e-70 | 5.381979867709378676392455443635929823e+26 |
|   8   | 2.975253351998823476905095666642633418e-08 | 2.264634181566646027834721789088962269e-07 |
---------------------------------------------------------------------------------------------------

Scheme evaluation results:
Order: 8, No. cycles: 20
---------------------------------------------------------------------------------------------------
Vector a: 0.295087248763068362095931049922466078, -0.626644545944407015927994305165977736, -0.489072627739346459271837451395031837, 1.232193324306498678055652494400264293, -0.118081785014254895949147236860223969, -0.592230951587657593781940231656031139, -0.392451946037734192099152602013982140, 0.185340326053182857578729106448390881, 0.288307761131266099443559460782292590, 0.301341847172383074075552935973179116, 0.916211348897001085780646779564653779
Vector b: 0.590174497526136724191862099844865325, -1.843463589414950756047850710176497531, 0.865318333936257837504175807386224990, 1.599068314676739518607129181414277789, -1.835231884705249310505423655134720262, 0.650769981529934122941543191822684466, -1.435673873605402507139848395850565160, 1.806354525711768222297306608747449092, -1.229739003449236023410187687183115632, 1.832422697794002171561293559129396729
---------------------------------------------------------------------------------------------------
| Order |                  Error^2                   |                 Efficiency                 |
---------------------------------------------------------------------------------------------------
|   2   | 4.836298608035891073772839021289761298e-69 | 3.594872193990121451475738353588401172e+31 |
|   4   | 8.097050551341540862979833615953966948e-71 | 6.945709128253096705020552372689476318e+29 |
|   6   | 8.639162201959987910605323678676590616e-72 | 5.315990693803526525634058838929202080e+27 |
|   8   | 3.201954389994945994761875886797644893e-08 | 2.182993607771027464358270776512644592e-07 |
---------------------------------------------------------------------------------------------------

Scheme evaluation results:
Order: 8, No. cycles: 20
---------------------------------------------------------------------------------------------------
Vector a: 0.375001644342706514325336836449648117, -0.258449096369806000387539167402705622, 0.302918356163030195066600111067170767, 0.196161586585893860538858231262565854, -0.488893320486504515077148781271579152, -0.552920126964852135247319466394012551, -0.358382304084630359799731668564089799, 1.239065957142284745503498042287032046, -0.162633787216664643289491385481789284, -0.123858320393520470407497639752839896, 0.831989411282062808774434887800599508
Vector b: 0.750003288685413028650673672899458783, -1.266901481425025029425752007705212843, 1.872738193751085419558952229839610421, -1.480415020579297698481235767314427531, 0.502628379606288668326938204770986403, -1.608468633535992938821577137558683423, 0.891704025366732219222113800430569500, 1.586427888917837271784882284143416592, -1.911695463351166558363865055107192230, 1.663978822564125617548869775601474424
---------------------------------------------------------------------------------------------------
| Order |                  Error^2                   |                 Efficiency                 |
---------------------------------------------------------------------------------------------------
|   2   | 5.818273808146162696124609144395406219e-70 | 1.036437053581857345697210177897816875e+32 |
|   4   | 3.428600369981558969612583544020700072e-71 | 1.067386199762956313569530369536763794e+30 |
|   6   | 1.690668173356619046533384558772983022e-72 | 1.201685545882639388363487843151311493e+28 |
|   8   | 3.249467766663786516098872067500872645e-08 | 2.166975085135831201074382255187481897e-07 |
---------------------------------------------------------------------------------------------------

Scheme evaluation results:
Order: 8, No. cycles: 20
---------------------------------------------------------------------------------------------------
Vector a: 0.457855560276059078475058695267624085, -0.563679649636395082275079058372146759, -0.648227513938506334589944847360863611, 1.183455030159594638332298357576129565, 0.174431016943043412960242712079793398, -0.336271295107445290339528138970824807, 0.543531623371275519180660594123963682, -0.499702221777943931846676597266931916, -1.040558889942760633882529811896429664, 0.716198136362189666128985437033869588, 1.012968203290888957856512657785816223
Vector b: 0.915711120552118156950117390535229777, -2.043070419824908321500275507279508466, 0.746615391947895652320385812557822266, 1.620294668371293624344210902594360212, -1.271432634485206798423725478434758538, 0.598890044270316217744669200493096117, 0.488173202472234820616651987754867069, -1.487577646028122684310005182288778279, -0.593540133857398583455054441503975315, 2.025936406581777915713025315571645156
---------------------------------------------------------------------------------------------------
| Order |                  Error^2                   |                 Efficiency                 |
---------------------------------------------------------------------------------------------------
|   2   | 5.625175601288743721625551408516116072e-68 | 1.054076100440383952323833133862178125e+31 |
|   4   | 1.014862075414813471263026366453263355e-70 | 6.204067375490954707343167608469665527e+29 |
|   6   | 1.724442892668270053291367591457091608e-71 | 3.762665554681876249092234504549577236e+27 |
|   8   | 3.284595706589395463905308743009926712e-08 | 2.155356304942257314096568237352460165e-07 |
---------------------------------------------------------------------------------------------------

Scheme evaluation results:
Order: 8, No. cycles: 20
---------------------------------------------------------------------------------------------------
Vector a: -0.526877373573254604742757511702845837, -0.265541347374643829007294171842335047, 1.004416827993214558755653040655140940, -0.243317187463949340325647340203584730, -0.787224360457256112211829635820298520, 0.567976341117006702470422593163443508, 0.679413188254344686878632943512201170, -0.397574499269769220757808102671702168, -0.852076491065716596185681502183668585, 0.838456692991355687620327021554297724, 0.982348208848668067505982665539351521
Vector b: -1.053754747146509209485515023405764088, 0.522672052397221551470926679721036890, 1.486161603589207566040379401589443072, -1.972795978517106246691674081996737381, 0.398347257602594022268014810356124403, 0.737605424631419382672830375970657409, 0.621220951877269991084435511053749457, -1.416369950416808432600051716397180659, -0.287783031714624759771311287970153527, 1.964696417697336135011965331078824375
---------------------------------------------------------------------------------------------------
| Order |                  Error^2                   |                 Efficiency                 |
---------------------------------------------------------------------------------------------------
|   2   | 1.022301271008171825863334169947879619e-71 | 7.818988210499505134728276825178497500e+32 |
|   4   | 7.013677750779163162503617320173108023e-71 | 7.462891254602636107825491587629512939e+29 |
|   6   | 4.186279612819905592223318515917131512e-72 | 7.636703157493733933952981369996845245e+27 |
|   8   | 3.421932574593396732787651928392585524e-08 | 2.111661542743205564908828573828628026e-07 |
---------------------------------------------------------------------------------------------------

Scheme evaluation results:
Order: 8, No. cycles: 20
---------------------------------------------------------------------------------------------------
Vector a: 0.677274726321396618753706956377525180, 0.616137431889329360830428305633287286, -0.767511846128933587937376961956979146, -0.473114174055419692778586572912837313, 0.484741511254111523105285619555840432, 0.552167621300017830752789660101494143, -0.237327346913454447116151979487560605, -1.040809950241005635358277635329547481, -0.295574390439655210682655687323855958, 0.845619071107078136553646242507645639, 0.638397345906535103877192052834987775
Vector b: 1.354549452642793237507413912755044390, -0.122274588864134515846557301488507446, -1.412749103393732660028196622425408548, 0.466520755282893274471023476599732478, 0.502962267225329771739547762511964949, 0.601372975374705889766031557690979426, -1.076027669201614783998335516666091103, -1.005592231280396486718219753992968229, 0.414443450401086065352908379345271575, 1.276794691813070207754384105669982292
---------------------------------------------------------------------------------------------------
| Order |                  Error^2                   |                 Efficiency                 |
---------------------------------------------------------------------------------------------------
|   2   | 4.962512135197038377394997371406509896e-69 | 3.548862865782329160224234819147116016e+31 |
|   4   | 4.224509664019062986288189731696384896e-71 | 9.615942624789298701515693709862392578e+29 |
|   6   | 6.187345178059986313662815726813946521e-73 | 1.986405246062673917394135731039958191e+28 |
|   8   | 3.447433034365030833773078653940467156e-08 | 2.103837128470926977171486394211281568e-07 |
---------------------------------------------------------------------------------------------------

Scheme evaluation results:
Order: 8, No. cycles: 20
---------------------------------------------------------------------------------------------------
Vector a: 0.236757675019390238780698096753730054, 0.391963211590034313810622403241892066, 0.296734123809566427294018070431905981, -1.164641488513972077886384918573188350, 0.082464761250182534472771763883701909, 1.385005387970357517641524838837559304, -0.552153359039972847033389355988336622, -0.031791543073879977374095449662548671, -0.875991636709796170515827933863081996, -0.080535567972539776191666873842356610, 1.312188435670629817001729358780722822
Vector b: 0.473515350038780477561396193508341605, 0.310411073141288150059848612974065101, 0.283057174477844704528187527890501199, -2.612340151505788860300957365037094567, 2.777269674006153929246500892804500888, -0.007258898065438893963451215130338479, -1.097047820014506800103327496845523731, 1.033464733866746845355136597520261975, -2.785448007286339186386792465246258410, 2.624376871341259634003458717561544251
---------------------------------------------------------------------------------------------------
| Order |                  Error^2                   |                 Efficiency                 |
---------------------------------------------------------------------------------------------------
|   2   | 1.304017787351046580921313177887842016e-69 | 6.923062478046436838040661772293461719e+31 |
|   4   | 5.309599334890193462355932834227568540e-71 | 8.577271204267608337697717929564119873e+29 |
|   6   | 9.145778498128301689396850022602015789e-71 | 1.633840610155120645148700213086486101e+27 |
|   8   | 3.417075120901577600329381800627152324e-08 | 2.113161898330083186474307702961652409e-07 |
---------------------------------------------------------------------------------------------------

Scheme evaluation results:
Order: 8, No. cycles: 20
---------------------------------------------------------------------------------------------------
Vector a: 0.783522646593270592463535857987077236, -0.350723386031610224976046562074693109, -1.143009290442197937617338516773689696, 1.299743970670027794681985542299379022, 0.141954596645880463289489932584370826, -0.440240688150929628851757179160834762, -0.322697952305798108388030652673643829, 0.932527526659722563593996659722989221, -0.003407689826288106221855973426555941, -0.941307423147210504448178460792500390, 1.043637689335133096474199352308101364
Vector b: 1.567045293186541184927071715976281083, -2.268492065249761634879164840130302726, -0.017526515634634240355512193437670851, 2.617014456974689829719483278059816402, -2.333105263682928903140503412889110831, 1.452623887381069645436989054560687166, -2.098019791992665862213050359912652908, 3.963074845312110989401043679373639158, -3.969890224964687201844755626226789680, 2.087275378670266192948398704626103163
---------------------------------------------------------------------------------------------------
| Order |                  Error^2                   |                 Efficiency                 |
---------------------------------------------------------------------------------------------------
|   2   | 5.152360485225043415493165272100282687e-66 | 1.101379245272574969120041217501353882e+30 |
|   4   | 1.912513103949006969492511122153191053e-67 | 1.429149980115316427325862477601250076e+28 |
|   6   | 1.862846519976670005677999730148612990e-68 | 1.144804923667289440712446558832922131e+26 |
|   8   | 3.790945131244634676688323966204157653e-08 | 2.006255707998650384005303758213440562e-07 |
---------------------------------------------------------------------------------------------------

Scheme evaluation results:
Order: 8, No. cycles: 20
---------------------------------------------------------------------------------------------------
Vector a: 0.221358107636553702978652148541175999, -0.494779589879418004198897257363882300, -0.782553683212884027052105787232009529, 0.577681862220635733241285578942431294, 0.883639230852172339334410818823384296, 0.523022373184885509149866861338605590, -0.283847794493914288431142275700716615, -1.045390887933599877534497312526100531, -0.229245518291727248317089223467133353, 0.939466242407496639342242129609010658, 0.690649657509799521487274319035234443
Vector b: 0.442716215273107405957304297082406983, -1.432275395031943414355098811810236342, -0.132831971393824639749112762653714080, 1.288195695835096106231683920538523585, 0.479082765869248572437137717108215251, 0.566961980500522445862596005568990247, -1.134657569488351022724880556970422321, -0.956124206378848732344114068081719519, 0.497633169795394235709935621147471253, 1.381299315019599042974548638070484871
---------------------------------------------------------------------------------------------------
| Order |                  Error^2                   |                 Efficiency                 |
---------------------------------------------------------------------------------------------------
|   2   | 5.861741067724530915488652916991667620e-68 | 1.032587096105904820340553469523077539e+31 |
|   4   | 1.064749766690172040086033166623916143e-71 | 1.915385699286576829680932142789833496e+30 |
|   6   | 4.538959685949109668015322746761234255e-73 | 2.319219550090263597745908055669322968e+28 |
|   8   | 3.934173584900340244583696655038267873e-08 | 1.969397016433110351540328998361617077e-07 |
---------------------------------------------------------------------------------------------------

Scheme evaluation results:
Order: 8, No. cycles: 20
---------------------------------------------------------------------------------------------------
Vector a: 0.139378896557832957501784144473576365, 0.680488083714797259503482305640287462, 0.071468833793994542777842596558106039, -0.119937259617311549011232468756963040, -0.699794005038908826728554937689618510, -0.803470740137397170153969279857381252, 0.391806598607834216537602676325885537, -0.344001973838147763391699914586090151, -0.452092172028796252353303398590595425, 1.086921889878059223053419357559818659, 1.049231848108043362264628918922974160
Vector b: 0.278757793115665915003568288946710680, 1.082218374313928604003396322334308507, -0.939280706725939518447711129218067035, 0.699406187491316420425246191704161562, -2.098994197569134073882356067083456841, 0.492052717294339733574417507368826310, 0.291560479921328699500787845282811683, -0.979564427597624226284187674454906522, 0.075380083540031721577580877273668235, 2.098463696216086724529257837845943313
---------------------------------------------------------------------------------------------------
| Order |                  Error^2                   |                 Efficiency                 |
---------------------------------------------------------------------------------------------------
|   2   | 2.108003615166979171689691561331087390e-67 | 5.445080854276548662907061728009976562e+30 |
|   4   | 3.675420685499189381894985418443237443e-70 | 3.260066730244567870835406792276911011e+29 |
|   6   | 1.342130546426972959786504708929270777e-71 | 4.265035453021453749527190378263025284e+27 |
|   8   | 4.472114984125616656322259460058662493e-08 | 1.847155910958835958314566208589967201e-07 |
---------------------------------------------------------------------------------------------------

Scheme evaluation results:
Order: 8, No. cycles: 20
---------------------------------------------------------------------------------------------------
Vector a: 0.470809857040153593767138747273351767, -0.213779061582907841832926529924065019, -0.440046905776673307895495623706142113, -0.365416565634109908857177814802367240, -0.238508612573012304323075799324549528, 1.145833416169144454104386141989223215, -0.311330216056380132535446689764279531, -0.495370247383005306562502561389510212, -0.062611985420844843440657670588109680, 0.428732458430878603148220764126646167, 1.081687862786756994427537036109802234
Vector b: 0.941619714080307187534277494546574400, -1.369177837246122871200130554394677186, 0.489084025692776255409139306982412028, -1.219917156960996073123494936587097107, 0.742899931814971464477343337937969499, 1.548766900523317443731428946040553967, -2.171427332636077708802322325569123622, 1.180686837870067095677317202790070745, -1.305910808711756782558632543966295859, 2.163375725573513988855074072219613327
---------------------------------------------------------------------------------------------------
| Order |                  Error^2                   |                 Efficiency                 |
---------------------------------------------------------------------------------------------------
|   2   | 3.816787618143882728657743598723386480e-67 | 4.046606840465535884744463162863838379e+30 |
|   4   | 1.668778595090134463408095295887454618e-70 | 4.838164795891837213221474900663010864e+29 |
|   6   | 5.716643225456861557620281611412813518e-72 | 6.535058529879638320639164815976052284e+27 |
|   8   | 5.445267172779303200836663625831968862e-08 | 1.673980667207020545720377210155004394e-07 |
---------------------------------------------------------------------------------------------------

Scheme evaluation results:
Order: 8, No. cycles: 20
---------------------------------------------------------------------------------------------------
Vector a: 0.084203509298240963582525117269030462, -0.537319281326850864619139082900378972, 0.432506279983952357368394023037695401, 1.027693911638742870790736635934115163, -1.082812196778777987054830770266486403, -0.813537979917939317041637758620798298, 0.506663202830483241369320584743945314, 0.993029397110426689268846388301203130, 0.063956351295822993108751529212019123, -0.169866047504379378398806182710093632, 0.495482853370278431625839515999748581
Vector b: 0.168407018596481927165050234545217510, -1.243045581250183656403328400353153660, 2.108058141218088371140116446428917033, -0.052670317940602629558643174561219089, -2.112954075616953344551018365971186777, 0.485878115781074710467742848729480837, 0.527448289879891772270898320758327409, 1.458610504340961606266794455843057144, -1.330697801749315620049291397419130626, 0.990965706740556863251679031999690334
---------------------------------------------------------------------------------------------------
| Order |                  Error^2                   |                 Efficiency                 |
---------------------------------------------------------------------------------------------------
|   2   | 4.187346006049471798736216760106514919e-68 | 1.221716907890547677301293253934140234e+31 |
|   4   | 2.561943583140721262565812361884954374e-71 | 1.234796063840976847358700873259303223e+30 |
|   6   | 2.995984028658507653048561057663915116e-72 | 9.027142103522762884114380371253605843e+27 |
|   8   | 6.002564485813344523191744124202454994e-08 | 1.594379190790274041634408757503024777e-07 |
---------------------------------------------------------------------------------------------------

Scheme evaluation results:
Order: 8, No. cycles: 20
---------------------------------------------------------------------------------------------------
Vector a: 0.682932226200163319784158990890707537, -1.019752644748746345346869006969142108, -0.015548214956357764438311086963044517, 0.574350182381478976356565150814637499, 0.212508529784126519837721581825117642, 0.088262884283115750274913639394416310, -0.419809805472920458870843317609262296, -0.509297328747762147232905578774694464, -1.325758085155363351574366261403113890, 1.366436906831913765948295795527484499, 1.365675349600351735261640093266893904
Vector b: 1.365864452400326639568317981781295280, -3.405369741897819330262055995723899935, 3.374273311985103801385433821797294470, -2.225572947222145848672303520171072263, 2.650590006790398888347746683825017514, -2.474064238224167387797919405034790232, 1.634444627278326470056232769808725336, -2.653039284773850764522043927352422948, 0.001523114463124061373311404532668895, 2.731350699200703470523280186537183608
---------------------------------------------------------------------------------------------------
| Order |                  Error^2                   |                 Efficiency                 |
---------------------------------------------------------------------------------------------------
|   2   | 9.667480757392245055058035390180170993e-67 | 2.542631075364330954369967086420287109e+30 |
|   4   | 6.610108046598194692234836228390191537e-68 | 2.430948386976235394888581466316641998e+28 |
|   6   | 1.461982224908714969360094108520171700e-69 | 4.086476255694250598054007436832529306e+26 |
|   8   | 6.065452270419613531937603913432110940e-08 | 1.586092238422021216427928929889296069e-07 |
---------------------------------------------------------------------------------------------------

Scheme evaluation results:
Order: 8, No. cycles: 20
---------------------------------------------------------------------------------------------------
Vector a: -0.562264414460003752010901199872844178, -0.655511986734141344756772956155811851, 0.527435149242898279320096451746974889, -0.303807918953643062787859950544035607, -0.002144600051934973946820673530801167, 1.152071550394014209944966163400197361, 0.475191048056752034429357830471871738, 0.482450070184703884154739121763739302, -0.273384291906506398697253393934515017, -0.175201714890933686555072378464596591, 0.335167109118794810905520985119821257
Vector b: -1.124528828920007504021802399745713971, -0.186495144548275185491743512566372027, 1.241365443034071744131936416060742742, -1.848981280941357869707656317149179208, 1.844692080837487921814014970087536158, 0.459451019950540498075917356713661580, 0.490931076162963570782798304229336320, 0.473969064206444197526679939299035772, -1.020737648019456994921186727168045584, 0.670334218237589621811041970238998291
---------------------------------------------------------------------------------------------------
| Order |                  Error^2                   |                 Efficiency                 |
---------------------------------------------------------------------------------------------------
|   2   | 2.930535473736348869386728621082070962e-66 | 1.460382154223293529078383465433615967e+30 |
|   4   | 1.076920546311495539007697644577123490e-69 | 1.904531613374196963161295471556275940e+29 |
|   6   | 4.692174315147493416108911397237094988e-71 | 2.281040294197282180622966541172450781e+27 |
|   8   | 5.777991135324672825105973823495523210e-08 | 1.625068226740847722308588605567848829e-07 |
---------------------------------------------------------------------------------------------------

Scheme evaluation results:
Order: 8, No. cycles: 20
---------------------------------------------------------------------------------------------------
Vector a: 0.584716489208234544938763680119062891, -0.561252270738927065630415392410029516, -1.189908762940536327029854497525640262, 1.081663941133114968561797263566672000, 0.107808914621005208652490737537543506, -0.777302648602778658081818336785913947, 0.548879014028166177278073331568256475, -0.353012928505130064683290666138012662, -0.607999045057868235124401366151306306, 1.109903906713720819833727131759770351, 1.056503390140998631284928114459597519
Vector b: 1.169432978416469089877527360237971514, -2.291937519894323221138358145057555805, -0.087880005986749432921350850000929142, 2.251207888252979370044945377140985875, -2.035590059010968952739963902066069308, 0.480984761805411636576327228494973700, 0.616773266250920717979819434640984535, -1.322799123261180847346400766916552644, 0.106801033145444377097598034607497424, 2.113006780281997262569856228918693912
---------------------------------------------------------------------------------------------------
| Order |                  Error^2                   |                 Efficiency                 |
---------------------------------------------------------------------------------------------------
|   2   | 1.461401527881457855181960885923782074e-66 | 2.068022359946825007272049128907983643e+30 |
|   4   | 1.402003617598451268129832719941545545e-69 | 1.669188754729495367218507944762062988e+29 |
|   6   | 2.701455178180617632754434284936560509e-71 | 3.006222651966079215697515443369144440e+27 |
|   8   | 7.813919242498709560705884417801511968e-08 | 1.397415562321957294908641023617842539e-07 |
---------------------------------------------------------------------------------------------------

Scheme evaluation results:
Order: 8, No. cycles: 20
---------------------------------------------------------------------------------------------------
Vector a: 0.254526543225139837070485978240042345, -0.566359724995510219171900367762693544, -0.493429694028098421775350132557366504, 1.145072262528975292226106611503813808, -0.230162898405722775981571669245217289, 0.067149163416460430443115709378107437, -0.028553394097522889867277500128646351, -0.654909345491248372664290548794832226, -0.091961422566257792842337706995423556, 0.509047644541322869166968595676280250, 1.089580865872462043396051030685935615
Vector b: 0.509053086450279674140971956481005188, -1.641772536441300112484772692007598198, 0.654913148385103268934072426893280998, 1.635231376672847315518140796114393995, -2.095557173484292867481284134604477812, 2.229855500317213728367515553359340467, -2.286962288512259508102070553616967913, 0.977143597529762762773489456028917583, -1.161066442662278348458164870019844981, 2.179161731744924086792102061371950963
---------------------------------------------------------------------------------------------------
| Order |                  Error^2                   |                 Efficiency                 |
---------------------------------------------------------------------------------------------------
|   2   | 1.907352405977876292406608250643241144e-68 | 1.810191569355040912252211381665555078e+31 |
|   4   | 6.247733198053899238455821649828744489e-70 | 2.500453483747890180607565491490847778e+29 |
|   6   | 1.298801161552353112212016304363228612e-71 | 4.335594850954473520205113614867853642e+27 |
|   8   | 7.831037658124927882725050648252279910e-08 | 1.395887372272599703150078285838747007e-07 |
---------------------------------------------------------------------------------------------------

Scheme evaluation results:
Order: 8, No. cycles: 20
---------------------------------------------------------------------------------------------------
Vector a: 0.595941928755186244133518015298208200, -0.489502880955832601481549142175378141, -0.967456634556139510045993941561849833, 0.503775406873430146563644300102733698, 0.440749069253313991130096003422829193, -0.522822831286445501749224153655392982, -0.396191151543849100945800798931423709, 0.371375619531658495602021112084338485, -0.258237762991203045956683920737549705, 0.637174685837189461065107883643478613, 1.085194551082691421684864642510006181
Vector b: 1.191883857510372488267036030596411007, -2.170889619422037691230134314947148317, 0.235976350309758671138146431823219875, 0.771574463437101621989142168382799419, 0.109923675069526360271049838462500539, -1.155569337642417363769498145773083041, 0.363187034554719161877896547910172644, 0.379564204508597829326145676258063770, -0.896039730491003921239513517732921956, 2.170389102165382843369729285019986169
---------------------------------------------------------------------------------------------------
| Order |                  Error^2                   |                 Efficiency                 |
---------------------------------------------------------------------------------------------------
|   2   | 5.999387389722696943474791530213162055e-70 | 1.020672833712067085819906439669626250e+32 |
|   4   | 4.766988173680125098987338315779670411e-70 | 2.862582290026958311369527535395771484e+29 |
|   6   | 1.442437107319881875117258478574837720e-71 | 4.114069109852154225991704218630996704e+27 |
|   8   | 8.031196073791527428389370979831036347e-08 | 1.378383038214458724190907161474550418e-07 |
---------------------------------------------------------------------------------------------------

Scheme evaluation results:
Order: 8, No. cycles: 20
---------------------------------------------------------------------------------------------------
Vector a: 0.281777039981921430428571881734612309, -0.559884054597702768309949307689597360, -0.534666255138702866019521179145363692, 1.359140781623395330642919099440807152, 0.011555562953034242539653457163475765, -0.173398858404583075578564480893052830, -0.228586746767041561669912572740737760, -0.615274143781292727242874975043548126, -0.112477043284888812002934739996522375, 0.489416275160183240488469664185462015, 1.082397442255677566724143152984464821
Vector b: 0.563554079963842860857143763469300018, -1.683322189159248397477042378848613761, 0.613989678881842665438000020557937991, 2.104291884364947995847838178323705779, -2.081180758458879510768531263996758394, 1.734383041649713359611402302210606174, -2.191556535183796482951227447692084246, 0.961008247621211028465477497605020831, -1.185962334190988652471346977598064160, 2.164794884511355133448286305968949671
---------------------------------------------------------------------------------------------------
| Order |                  Error^2                   |                 Efficiency                 |
---------------------------------------------------------------------------------------------------
|   2   | 9.060263516360368390645170782528803725e-68 | 8.305572891528662448467273432028569336e+30 |
|   4   | 9.271680017791890540923582414598665134e-71 | 6.490838446011927828422770038700603027e+29 |
|   6   | 9.202392604222929239767036254582758525e-72 | 5.150740226574164412577534162165402412e+27 |
|   8   | 8.124800112289216278546112605591011886e-08 | 1.370420012509012269026275632286900903e-07 |
---------------------------------------------------------------------------------------------------

Scheme evaluation results:
Order: 8, No. cycles: 20
---------------------------------------------------------------------------------------------------
Vector a: 0.125815820920601107786273633184291920, -0.573704469758211938646162176808163737, -0.453478778480457856178051556156496693, 0.486970146678228635985528913103325710, 1.012456198383140393817867397889496949, 0.121184141158048531136233431117365402, -0.120970491393395981555530286317569129, -0.444648834131174161573061964741034129, -1.030430749793582772494471742608402722, 0.910199016053108933097461797328235464, 0.966608000363695108623912554008950990
Vector b: 0.251631641841202215572547266368068894, -1.399040581357626092864871619983854990, 0.492083024396710380508768507670866322, 0.481857268959746891462289318535712056, 1.543055127806533896173445477243358447, -1.300686845490436833900978615008618158, 1.058745862703644870789918042373463867, -1.948043530965993193936041971855500733, -0.112817968621172351052901513361335322, 1.933216000727390217247825108017839580
---------------------------------------------------------------------------------------------------
| Order |                  Error^2                   |                 Efficiency                 |
---------------------------------------------------------------------------------------------------
|   2   | 1.932970073121963421690007095137229186e-67 | 5.686269557665495296481865609909325195e+30 |
|   4   | 1.384529815948209135674839003399689338e-70 | 5.311642791209556995801465726918343506e+29 |
|   6   | 4.689872177219873612257916326979681089e-72 | 7.215052954797222737039616058037362099e+27 |
|   8   | 8.830977331864860415905968491239101978e-08 | 1.314485045694350378198531232010072394e-07 |
---------------------------------------------------------------------------------------------------

Scheme evaluation results:
Order: 8, No. cycles: 20
---------------------------------------------------------------------------------------------------
Vector a: -0.716525826975323941617703155666099406, 0.346725757367071352759801172698286529, 0.156551920558557190894745895440419811, -0.562006217528503453129560522794495644, 0.924895508412091546265883197013216101, 0.743558315217981495912232146606070064, -0.090129521925983251833730848448086266, -1.345099756678862401344360149449671361, -0.108361064462917319836040607187893685, 1.316821901622313005801887352939861884, 0.333568984393575776126845518848391939
Vector b: -1.433051653950647883235406311332294724, 2.126503168684790588755008656728926811, -1.813399327567676206965516865848056423, 0.689386892510669300706395820258966142, 1.160404124313513791825370573767630920, 0.326712506122449199999093719444592215, -0.506971549974415703666555416340766119, -2.183227963383309099022164882558787781, 1.966505834457474459350083668182980141, 0.667137968787151552253691037696808723
---------------------------------------------------------------------------------------------------
| Order |                  Error^2                   |                 Efficiency                 |
---------------------------------------------------------------------------------------------------
|   2   | 3.269100147456443164670792064010492833e-69 | 4.372460512450381160867786382501133594e+31 |
|   4   | 1.752724917019590095389130759626470598e-70 | 4.720881910404876435635871279408260498e+29 |
|   6   | 1.046411827796228710246121205311728148e-71 | 4.830239955392478042039991319534147263e+27 |
|   8   | 8.843775415822673861400176088726355361e-08 | 1.313533586627628357229288983636687049e-07 |
---------------------------------------------------------------------------------------------------

Scheme evaluation results:
Order: 8, No. cycles: 20
---------------------------------------------------------------------------------------------------
Vector a: 0.594757126626939847262090429576514397, -0.789616650645293459448090468854016832, -0.002782875668078093341333178375284156, 0.283159567082887753934057617185490296, -0.931218814020068090272423004907916946, 0.506397860077092473338934563696275863, 0.384551563983968671085223122601101321, -0.612771274265902941188003200323409949, -0.656534414991020161519271185660113494, 1.112830497751216173363101488296750457, 1.111227414068257826785713816764609065
Vector b: 1.189514253253879694524180859153013580, -2.768747554544466613420361796861231363, 2.763181803208310426737695440110667533, -2.196862669042534918869580205739483274, 0.334425041002398738324734195923608504, 0.678370679151786208353134931468915056, 0.090732448816151133817311313733791795, -1.316274997347957016193317714381065441, 0.003206167365916693154775343062561021, 2.222454828136515653571427633529222752
---------------------------------------------------------------------------------------------------
| Order |                  Error^2                   |                 Efficiency                 |
---------------------------------------------------------------------------------------------------
|   2   | 2.371229566790774633432262886318968278e-67 | 5.133968597155649404179976663004043945e+30 |
|   4   | 1.580819563803239748676320317618907060e-69 | 1.571950500594801364872949989087699890e+29 |
|   6   | 4.910941757727110235565902200012793318e-71 | 2.229654822577721075238170733547222853e+27 |
|   8   | 9.437123433331085229576880969404906107e-08 | 1.271569835603120758353265672527524059e-07 |
---------------------------------------------------------------------------------------------------

Scheme evaluation results:
Order: 8, No. cycles: 20
---------------------------------------------------------------------------------------------------
Vector a: 0.593504968488457149710678683522940257, -0.476617436644360324299092097406767096, 0.066317328847993843665523428120379679, -0.028515568860203847945304388047785682, -0.850713990548658761855315765211348626, -0.134064104898102185226532644578212943, -0.043787955088873276979465396832335955, 0.673742082647028419098600794344615518, -0.376617615174430709991973920210759206, 0.465455027755637938372328335688192297, 1.111297263475511755450552970611081697
Vector b: 1.187009936976914299421357367045884751, -2.140244810265634948019541561859432328, 2.272879467961622635350588418100221081, -2.329910605682030331241197194195787365, 0.628482624584712807530565663773132869, -0.896610834380917177983630952929649371, 0.809034924203170624024700159264946477, 0.538449241090886214172501429424299003, -1.291684471439747634156449269845776874, 2.222594526951023510901105941222161852
---------------------------------------------------------------------------------------------------
| Order |                  Error^2                   |                 Efficiency                 |
---------------------------------------------------------------------------------------------------
|   2   | 3.848663608501352756191375698627311507e-69 | 4.029814284668584279732348363755574609e+31 |
|   4   | 3.493179565756102003854512590526274388e-70 | 3.344025356363953372026684762317438354e+29 |
|   6   | 1.801035006999357480408250889703526151e-71 | 3.681789449174700403204173399444829941e+27 |
|   8   | 1.020906445145419487792291617072443354e-07 | 1.222551215818397995105549237087787128e-07 |
---------------------------------------------------------------------------------------------------

Scheme evaluation results:
Order: 8, No. cycles: 20
---------------------------------------------------------------------------------------------------
Vector a: -0.350973660922368420268494895611715890, -0.437656996612243627534079249346335799, 0.156197973645024457827903262972118488, 0.632432683889587589974670881985912665, -0.085762038292912362055487241719577012, 0.715987462025332424341439869287088250, -0.147763021597676796409849233391513453, -0.617786047009492816079242825331061742, -0.676217993935521629967380689102521689, 1.095083824871454647263218775550559797, 0.716457813938816532907301344707046385
Vector b: -0.701947321844736840536989791223321038, -0.173366671379750414531168707469442690, 0.485762618669799330186975233413699287, -0.997019105219900586169648373734210506, 2.601616882963352297990688794587259757, -1.169641958912687449307809056012985034, 0.874115915717333856488110589229951338, -2.109688009736319488646596239892057105, 0.757252021865276228711834861687001593, 1.432915627877633065814602689414104326
---------------------------------------------------------------------------------------------------
| Order |                  Error^2                   |                 Efficiency                 |
---------------------------------------------------------------------------------------------------
|   2   | 2.601696599346914463185369972272062579e-68 | 1.549928571026378569127826293752144141e+31 |
|   4   | 2.303715234408553292711060132105732186e-71 | 1.302163807054058951757784247053745850e+30 |
|   6   | 3.013411816802688242302590715723046322e-72 | 9.001000431593963335491582355790524483e+27 |
|   8   | 1.032874912446433829689600777020652315e-07 | 1.215447403530125442679374153920260984e-07 |
---------------------------------------------------------------------------------------------------

Scheme evaluation results:
Order: 8, No. cycles: 20
---------------------------------------------------------------------------------------------------
Vector a: 0.664748176173899984371576730622471745, -0.459088856252332958915549007906913047, -0.756904488621588343387676866560798874, 0.708845168810371907633920533886294336, 0.698612903129565632319343079991484670, -0.173896965644143560406734691091896867, -1.069427054452839407784865859055425839, 0.583876354805636988489140768271345582, 0.547913211730764945154583147533073918, -0.159735701719532376800777603158839779, 0.415057252040197189327039767469204107
Vector b: 1.329496352347799968743153461244905164, -2.247674064852465886574251477058708049, 0.733865087609289199798897743937146605, 0.683825250011454615468943323835424926, 0.713400556247676649169742836147522554, -1.061194487535963769983212218331309113, -1.077659621369715045586519499779513483, 2.245412330980989022564801036322174218, -1.149585907519459132255634741256062589, 0.830114504080394378654079534938419769
---------------------------------------------------------------------------------------------------
| Order |                  Error^2                   |                 Efficiency                 |
---------------------------------------------------------------------------------------------------
|   2   | 2.308292597192928982478074507247298125e-68 | 1.645487468842565933222793411661041406e+31 |
|   4   | 4.769442227336740736372088101525003773e-70 | 2.861845743269472636052967579022145691e+29 |
|   6   | 1.680416046098236099801658580606448508e-71 | 3.811637719826375561552350651594893932e+27 |
|   8   | 1.051565048122600803187976049222616738e-07 | 1.204597516292359618062559963718879467e-07 |
---------------------------------------------------------------------------------------------------

Scheme evaluation results:
Order: 8, No. cycles: 20
---------------------------------------------------------------------------------------------------
Vector a: -0.563347572883067077032654527823990032, -0.238059217582699954316607192408378431, 1.059886870718505756345980011634663129, -0.689288752979071885095867506594755350, -0.084055714729067495819336406509448601, 0.275911253308525829511789403254082349, -0.265249654658847282851365671336233652, 0.954642559237747051998087990951645735, -0.993104977935020281603816316928716654, 0.196794158015498957902597304797339300, 1.345871049487496380961192910963792171
Vector b: -1.126695145766134154065309055648054983, 0.650576710600734245432094670831291719, 1.469197030836277267259865352438101657, -2.847774536794421037451600365627177675, 2.679663107336286045812927552608325227, -2.127840600719234386789348746100312100, 1.597341291401539821086617403427849899, 0.311943827073954282909558578475369734, -2.298153782943994846117191212332633367, 2.691742098974992761922385821927239985
---------------------------------------------------------------------------------------------------
| Order |                  Error^2                   |                 Efficiency                 |
---------------------------------------------------------------------------------------------------
|   2   | 9.055679078826712367509119290887791781e-70 | 8.307674973655724205648794126752153125e+31 |
|   4   | 1.924685541714693046547543674285956058e-70 | 4.505055290054607324449307187060774536e+29 |
|   6   | 6.232056133999207395016250313019240180e-71 | 1.979266835773057303667050217100485563e+27 |
|   8   | 1.110291733647780602865665724182946792e-07 | 1.172307332713363338400329741659769198e-07 |
---------------------------------------------------------------------------------------------------

Scheme evaluation results:
Order: 8, No. cycles: 20
---------------------------------------------------------------------------------------------------
Vector a: 0.322795172987053579430224889633466555, -0.615880392274908735108834333942634132, -0.738320214960389300596777602178125641, 1.219336436850611428141974756103519850, -0.128201585820902711793075185364970801, -0.879867281746412496142966425803517070, 0.960978516533520002261690881603617286, -0.110283885989617270829434581403850393, -1.040469625598979952562043995257559866, 0.886695123160327073939260585046465905, 1.123217736859698383259981011563588404
Vector b: 0.645590345974107158860449779266917221, -1.877351130523924629078118447152163531, 0.400710700603146027884563242795903871, 2.037962173098076828399386269411154605, -2.294365344739882251985536640141096401, 0.534630781247057259699603788534047238, 1.387326251819982744823777974673148816, -1.607894023799217286482647137480847002, -0.473045227398742618641440853034243360, 2.246435473719396766519962023127178349
---------------------------------------------------------------------------------------------------
| Order |                  Error^2                   |                 Efficiency                 |
---------------------------------------------------------------------------------------------------
|   2   | 2.526760854969623418344232010139966102e-68 | 1.572743643608831806052825992306158789e+31 |
|   4   | 3.995199352970257662372651193402712591e-70 | 3.126876942390923804645276865805118713e+29 |
|   6   | 2.370552324066193687896129095107016181e-71 | 3.209188691330918969326015045621487617e+27 |
|   8   | 1.406151443980188003792257325780207774e-07 | 1.041703170815013108067728516873574045e-07 |
---------------------------------------------------------------------------------------------------

Scheme evaluation results:
Order: 8, No. cycles: 20
---------------------------------------------------------------------------------------------------
Vector a: 0.864325970891335199277270336853264779, -0.144755919825178843465951191994590933, -1.693409507089920443624735293294543017, 0.306749572384804169978601405267068382, 1.315051093477528182690471901787338682, -0.402409312702096415735814670256800919, -0.470209738984491648570566046676251312, -0.516705372637793584666709196825173882, -0.227734201518073415543289975438148129, 1.257121032780264673889873653809559776, 0.711976383223622125770849076768276476
Vector b: 1.728651941782670398554540673706461188, -2.018163781433028085486443057695637421, -1.368655232746812801763027528893301087, 1.982154377516421141720230339427424850, 0.647947809438635223660713464147212841, -1.452766434842828055132342804660811790, 0.512346956873844757991210711308357315, -1.545757702149431927324629104958678596, 1.090289299113285096238049154082400008, 1.423952766447244251541698153536572788
---------------------------------------------------------------------------------------------------
| Order |                  Error^2                   |                 Efficiency                 |
---------------------------------------------------------------------------------------------------
|   2   | 1.145661127299603861750681208848087202e-66 | 2.335672351896262164855222954547350098e+30 |
|   4   | 6.474279935165074340091236555526320667e-71 | 7.767553989917642753351608184450393066e+29 |
|   6   | 1.944722283993735585918735204044019779e-71 | 3.543163804094718616328498118334137917e+27 |
|   8   | 1.401843209308638078887428324508577513e-07 | 1.043302657422901678254685793239157344e-07 |
---------------------------------------------------------------------------------------------------

Scheme evaluation results:
Order: 8, No. cycles: 20
---------------------------------------------------------------------------------------------------
Vector a: 0.287402266366818271191036047764449027, 0.779574161530482647031191908298806414, -0.234768434763792125978830206005054149, -0.344487618586406459392425370230052614, -0.359734317694931710781971091316149335, -0.701125168666673445434046988314182168, 1.004766507807849948048198662132563176, 0.880031310820308641143925326033315876, -1.077377672850795713463112364128476866, -0.113992685097711383348644875787879383, 0.879711651134851330984678951552660035
Vector b: 0.574804532733636542382072095528898054, 0.984343790327328751680311721068680204, -1.453880659854913003637972133078776224, 0.764905422682100084853121392618697670, -1.484374058071963506417063575250964177, 0.082123720738616615548969598622673725, 1.927409294877083280547427725642355487, -0.167346673236465998259577073575811798, -1.987408672465125428666647654681037213, 1.759423302269702661969357903105284248
---------------------------------------------------------------------------------------------------
| Order |                  Error^2                   |                 Efficiency                 |
---------------------------------------------------------------------------------------------------
|   2   | 1.777177019219742302123664660836729137e-69 | 5.930272696188777158298277401625022656e+31 |
|   4   | 2.964673685923698295003669092848850895e-70 | 3.629874149877717963540385535209781494e+29 |
|   6   | 4.782965452544213413058199645645805319e-72 | 7.144492818663166252578336871899636269e+27 |
|   8   | 1.697464493603142652179801826043794432e-07 | 9.481120915621371552663314433111435130e-08 |
---------------------------------------------------------------------------------------------------

Scheme evaluation results:
Order: 8, No. cycles: 20
---------------------------------------------------------------------------------------------------
Vector a: 0.400279619507608782195558902429257765, 0.516808911228464087383988124667910456, -0.389748986746912640394192068691875055, -1.779616619352237018250475420056695442, 0.072903942494818441576915336165058331, 0.383067740960458421953168933362244593, -0.126005115396070865622285328333865642, 2.298062050177586689461003299234819136, -0.029314928794025082701598982254286658, -0.918322083014272180547684937203743034, 0.571885468934581364945602140681175706
Vector b: 0.800559239015217564391117804865385900, 0.233058583441710610376858444466398600, -1.012556556935535891165242581847305508, -2.546676681768938145335708258261431944, 2.692484566758575028489538930591262990, -1.926349084837658184583201063870444722, 1.674338854045516453338630407203272247, 2.921785246309656925583376191247704149, -2.980415103897707090986574155756188414, 1.143770937869162729891204281361346847
---------------------------------------------------------------------------------------------------
| Order |                  Error^2                   |                 Efficiency                 |
---------------------------------------------------------------------------------------------------
|   2   | 7.232816158654289301491371123228533734e-66 | 9.295789815162169293274272307148673096e+29 |
|   4   | 3.181355569507108555187954679631402335e-68 | 3.504079183705750936146276764965773392e+28 |
|   6   | 1.513291404051544846239827857317703439e-68 | 1.270160911502172369089294599116441011e+26 |
|   8   | 1.872939142784666328825249783469118487e-07 | 9.026059698590020136074206776300644485e-08 |
---------------------------------------------------------------------------------------------------

Scheme evaluation results:
Order: 8, No. cycles: 20
---------------------------------------------------------------------------------------------------
Vector a: 0.692883805035241528212554262713055518, 0.192919500524428446288081192176610659, -1.307633017633453229516700566551671620, -0.564260202684346153421532914952929676, 0.590884176245786569617687156340752501, 0.574078154603134168862692538268048070, 0.465669073735707031721292981297204814, -0.400398661959730116023342016207426710, -0.735446774936623835200701824945445789, 0.697661209516513654294101200715593993, 0.793642737553341935165867991146208190
Vector b: 1.385767610070483056425108525425993555, -0.999928609021626163848946141072802859, -1.615337426245280295184454992030339988, 0.486817020876587988341389162124552858, 0.694951331614985150893985150556841115, 0.453204977591283186831399925979328934, 0.478133169880130876611186036615014539, -1.278930493799591108657870069029813021, -0.191963056073656561743533580861138551, 1.587285475106683870331735982292363418
---------------------------------------------------------------------------------------------------
| Order |                  Error^2                   |                 Efficiency                 |
---------------------------------------------------------------------------------------------------
|   2   | 4.926289418881731527924960894242958729e-69 | 3.561886259514465200586035359217751953e+31 |
|   4   | 4.320018779303563468289262474217467075e-71 | 9.509051510718062904342308892222999268e+29 |
|   6   | 8.059617942356339502195559012439844896e-73 | 1.740454998222394146222349603748709106e+28 |
|   8   | 2.200519676956506017779888121502364954e-07 | 8.327169532051143932271414726301282833e-08 |
---------------------------------------------------------------------------------------------------

Scheme evaluation results:
Order: 8, No. cycles: 20
---------------------------------------------------------------------------------------------------
Vector a: -0.708001661906289114784137903774134796, 0.655685076917889686147814859704749174, 0.621562436834213794397870414540932065, -0.063980659032436760745954467814353539, -0.450495341766974261270247764934733568, -0.845613991015793594683849637484095396, 0.542286389875915442836307322731404139, 0.975067590558989608412137002880644117, -0.653185266873914841527788195030347984, -0.221158017428648939130147757287076909, 1.147833443837048980347996126467012744
Vector b: -1.416003323812578229568275807548306955, 2.727373477648357601863905526957703422, -1.484248603979930013068164697875883203, 1.356287285915056491576255762247134381, -2.257277969449005014116751292116575324, 0.566049987417417824749052017148557867, 0.518522792334413060923562628314065233, 1.431612388783566155900711377447430135, -2.737982922531395838956287767508060813, 2.295666887674097960695992252933935354
---------------------------------------------------------------------------------------------------
| Order |                  Error^2                   |                 Efficiency                 |
---------------------------------------------------------------------------------------------------
|   2   | 1.204631709460923412687900593670348502e-68 | 2.277785705833486126332880212001728516e+31 |
|   4   | 4.815428097658907635113345347924043340e-70 | 2.848148085507497029831480016528588257e+29 |
|   6   | 8.803774618495065774071585125924804328e-71 | 1.665273488675422370384798972125486851e+27 |
|   8   | 2.966025897004492192793396632558639396e-07 | 7.172533170326329623843406418891333382e-08 |
---------------------------------------------------------------------------------------------------

Scheme evaluation results:
Order: 8, No. cycles: 20
---------------------------------------------------------------------------------------------------
Vector a: 0.363270392693516048149154702485906769, -0.262955739117252852259413083445681346, -0.262346809839782003267610023453688714, 1.073160944347354866632406982669566374, 0.150245057009038575598121878438663324, -0.177374369690120897696138274741686449, -0.527630760926613972439372685226146340, -1.394770743822449430995519168745725342, -0.124309490683527765668444787491886423, 1.261939908282468314318663544263468165, 0.900771611747369117628150915247209897
Vector b: 0.726540785387032096298309404971679107, -1.252452263621537800817135571863033517, 0.727758643941973794281915524955715216, 1.418563244752735938982898440383531644, -1.118073130734658787786654683506170425, 0.763324391354416992394378134022809276, -1.818585913207644937273123504475171290, -0.970955574437253924717914833016341986, 0.722336593070198393381025258032563723, 1.801543223494738235256301830494418252
---------------------------------------------------------------------------------------------------
| Order |                  Error^2                   |                 Efficiency                 |
---------------------------------------------------------------------------------------------------
|   2   | 5.795634610449095915205836346168186740e-69 | 3.283896872141428243646562979933143750e+31 |
|   4   | 1.006117782029409244190930177465140694e-70 | 6.230969206461884672813713179631043701e+29 |
|   6   | 6.598586030640216431653986636345715923e-72 | 6.082674605520734905131716114344552994e+27 |
|   8   | 4.718107636374529367639807890102273476e-07 | 5.686906821091156860175785225308775884e-08 |
---------------------------------------------------------------------------------------------------

Scheme evaluation results:
Order: 8, No. cycles: 20
---------------------------------------------------------------------------------------------------
Vector a: 1.444349911387086517145476369253657802, 0.015850053750311377273738592079624674, -2.891020274506506683369323188127239729, -0.016097480344364367325315858364091003, 2.027494127069148682981418241842082262, -0.551061101963138556048277563670224403, -0.900460184235299929448743001660040190, 0.556863551086215495827785510114676952, -0.320212146654741135259594381466512976, 0.494444977470976050272069319840241606, 1.139848566940312547950765960157824994
Vector b: 2.888699822774173034290952738502728038, -2.856999715273550279743475554343512587, -2.925040833739463086995170821901946586, 2.892845873050734352344539105173842027, 1.162142381087563013618297378505641524, -2.264264585013840125714852505845633884, 0.463344216543240266817366502526439095, 0.650382885629190724838204517702393604, -1.290807178938672995357393280635172170, 2.279697133880625095901531920315220891
---------------------------------------------------------------------------------------------------
| Order |                  Error^2                   |                 Efficiency                 |
---------------------------------------------------------------------------------------------------
|   2   | 4.115135296620581288180709642151432397e-64 | 1.232389386488661382453863768950859985e+29 |
|   4   | 1.735344955285974134761880921153047431e-66 | 4.744463485297436686018079583535599232e+27 |
|   6   | 2.031058252815932725404733526102111427e-68 | 1.096374273460834119899587567117781639e+26 |
|   8   | 5.184135589483100220302021040566417966e-07 | 5.425276272608458758281386860929486128e-08 |
---------------------------------------------------------------------------------------------------

Scheme evaluation results:
Order: 8, No. cycles: 20
---------------------------------------------------------------------------------------------------
Vector a: 0.733198586110247159035296958768140559, -1.377962601876921355444193815781658759, 1.123325405184892697448191963383656996, -0.733198586110247159035296958768168870, -0.678599045109848644958083892381281638, 1.098380202166812648272590117553677106, -0.375986897045184792510178929447142975, -0.456961912826537693078878351994605414, -0.241527913467526088267162017673425830, 0.629766719588707094774142596415763808, 1.279566043385606133763572329925045042
Vector b: -0.358790345091146644654643871887994362, 1.033095624473906783943705019153789577, -1.582794324677533555832342308790470631, -0.633880972563190683392427562425196554, 1.218267552112173593963245958340961241, 0.978492852221451702581934276766555617, -1.730466646311821287602292135660884611, 0.816542820658745901444535431671613309, -1.299598647593798077978859467018508734, 2.559132086771212267527144659850135150
---------------------------------------------------------------------------------------------------
| Order |                  Error^2                   |                 Efficiency                 |
---------------------------------------------------------------------------------------------------
|   2   | 3.807958331042026684099422207414770883e-66 | 1.281132105791266601766147055968289795e+30 |
|   4   | 2.460491678460740750573561759829227082e-69 | 1.259995711792440846839972003161161194e+29 |
|   6   | 5.884500655338489423984392526041124909e-71 | 2.036878941692044420314477803682884216e+27 |
|   8   | 8.594358942772036679633410341991012693e-07 | 4.213599857734833713983822109862151853e-08 |
---------------------------------------------------------------------------------------------------

Scheme evaluation results:
Order: 8, No. cycles: 20
---------------------------------------------------------------------------------------------------
Vector a: 0.107441563322278766011099397979833504, -0.910561164584234313675026970531615525, -0.007805568252388761123005512693860994, 0.320552528846854400184154120613137456, -0.812470886165910440609728326963636150, 0.663927695304554859364664611737495560, 1.170770702637773413700096749540197840, 0.654873799258875176671117149561560599, -0.393761907401474141124641248096900026, -0.228792858826050122544908911380655585, 0.435826095859721163146178940234443322
Vector b: 0.214883126644557532022198795959353779, -2.036005455813026159372252737022236211, 2.020394319308248637126241711634530928, -1.379289261614539836757933470408250527, -0.245652510717281044461523183518957350, 1.573507901326390763190852406993859011, 0.768033503949156064209341092086501810, 0.541714094568594289132893207036518276, -1.329237909371542571382175703230316595, 0.871652191719442326292357880468997000
---------------------------------------------------------------------------------------------------
| Order |                  Error^2                   |                 Efficiency                 |
---------------------------------------------------------------------------------------------------
|   2   | 5.056691197616836186017092212031742930e-68 | 1.111749114514129922391594428327698047e+31 |
|   4   | 3.174616870817591021180101213909081537e-70 | 3.507796233252860459016005970627085571e+29 |
|   6   | 3.263363598941987879805115845031330247e-71 | 2.735188699938017616208694282880476475e+27 |
|   8   | 1.249269322175886287363414566171286533e-06 | 3.494877816044781627824101489864346269e-08 |
---------------------------------------------------------------------------------------------------

Scheme evaluation results:
Order: 8, No. cycles: 20
---------------------------------------------------------------------------------------------------
Vector a: 0.837054736821215470912250522023114404, 0.283950504827288065528089303251189748, -1.661378910385789918963933550285020091, -0.596748398641988206239251651152022012, 0.964720501708611369534108713768955983, -0.237814455609906681440302958833221374, -0.191043971559503010341307179347058833, -0.250858893544494845487875908881292236, 0.350918141543831339406507746546389911, 1.301471242969101667639341215615143988, 0.199729501871634749452373747293820488
Vector b: 1.674109473642430941824501044045497146, -1.106208463987854810768322437543365229, -2.216549356783725027159544663025227617, 1.023052559499748614681041360721694734, 0.906388443917474124387176066815424905, -1.382017355137287487267781984481682955, 0.999929412018281466585167625787682049, -1.501647199107271157560919443550038105, 2.203483482194933836373934936642530290, 0.399459003743269498904747494587484783
---------------------------------------------------------------------------------------------------
| Order |                  Error^2                   |                 Efficiency                 |
---------------------------------------------------------------------------------------------------
|   2   | 5.138192309326276597324674285649733056e-67 | 3.487665547934888060390850186090631836e+30 |
|   4   | 1.136129565210435525314890448221963810e-69 | 1.854240602272965649233186134970418701e+29 |
|   6   | 2.407820430907937208679127247575870368e-71 | 3.184256019020803144427481877770051956e+27 |
|   8   | 2.289415157184781594856041470990731197e-05 | 8.163901530634545470531297703975228865e-09 |
---------------------------------------------------------------------------------------------------

