Scheme evaluation results:
Order: 8, No. cycles: 17
---------------------------------------------------------------------------------------------------
Vector a: -0.423309832966363648757589367703986482, 0.339582725924840072089880916024021300, -0.275948875410336670129801617939409481, 0.136703467495733448038765880829081737, 0.717739344396046266550572958845264852, 0.362825324367886610009432595606703245, -0.148493530244978898059107978722785811, -0.034440961574797580699573417169918307, 0.325342338011970400957420030231029043
Vector b: -0.609341112427325098877011950579777396, 0.372062558921922900238845165751585631, 0.307102892927757243940916666296455958, -0.859000643748430584200519902175273380, 1.132407578739897480278051663833436276, 0.303071110052195052823094253857087842, 0.422579538683578167195770937356319611, -0.719566599173535963313986894801891906, 0.650684676023940801914840060462057219
---------------------------------------------------------------------------------------------------
| Order |                  Error^2                   |                 Efficiency                 |
---------------------------------------------------------------------------------------------------
|   2   | 3.078930886801082204953100558901849205e-70 | 1.971978551980326754649708157352388438e+32 |
|   4   | 3.824786329680227635691107512997040962e-73 | 1.935979370654698111055821345763697266e+31 |
|   6   | 1.756394273905700010757676476271816888e-74 | 3.126046727269843632829079567861802979e+29 |
|   8   | 1.358397273263314545912384792002521765e-12 | 1.229972009795723176003593743425025156e-04 |
---------------------------------------------------------------------------------------------------

Scheme evaluation results:
Order: 8, No. cycles: 17
---------------------------------------------------------------------------------------------------
Vector a: -0.439434946832193692953904856669796208, 0.361637568998686975573875385501989804, -0.298541879073997703767880330263277404, 0.143197210145243047996197573382075321, 1.029989640126516180532484684959458439, -0.017834343026828579335495316728615331, -0.244893080098442960280952191170473701, 0.334697981563836327096721225482516301, 0.131181848197180405138953825506122717
Vector b: -0.643396835361875542662597735275913055, 0.407923777059363699417385757212260704, 0.315351360938010251730365013791697332, -0.912435119086005659266125674318235240, 1.198829539376491755258520821082372592, 0.861149740876540605806448548836496908, -0.896818426930197764477439182293731103, 0.407032266733311843915534799952808016, 0.262363696394360810277907651012243700
---------------------------------------------------------------------------------------------------
| Order |                  Error^2                   |                 Efficiency                 |
---------------------------------------------------------------------------------------------------
|   2   | 5.818273808146162696124609144395406219e-70 | 1.434514953054473834875031388093864062e+32 |
|   4   | 5.138727558326516818775888630810944954e-72 | 5.281733909195252493464212196390410156e+30 |
|   6   | 2.421035155307105202634382832250414202e-74 | 2.662599976518911298847612000021239319e+29 |
|   8   | 3.373724198008645694422951451494549291e-12 | 7.804657350776215693388055010370355539e-05 |
---------------------------------------------------------------------------------------------------

Scheme evaluation results:
Order: 8, No. cycles: 17
---------------------------------------------------------------------------------------------------
Vector a: -0.452648282177044815738222539529727692, 0.365834244976274820452698650708189325, -0.298491258730214603925020686380137323, 0.140220354262772756701350666950067684, 0.808434606984729521717131131143281172, 0.327655377741336798468369509665172062, -0.471635433607133543237272280067486432, -0.010866785883529257867341625461101964, 0.591497176432808323428307172971743222
Vector b: -0.645686382193710235510154403724632247, 0.386076200033330839543863728389823700, 0.345592289919218801361533573026527939, -0.942574807379648009211574945786786600, 1.223015515905193522614276279686918694, 0.393853698064265520819985982599641242, 0.261457057418408076116753036730709912, -1.204727924632675162591297596865682199, 1.182994352865616646856614345943479510
---------------------------------------------------------------------------------------------------
| Order |                  Error^2                   |                 Efficiency                 |
---------------------------------------------------------------------------------------------------
|   2   | 1.177238280247472607776185507815412931e-70 | 3.189113451946197504308345648719495312e+32 |
|   4   | 3.325132161756683447444754739622861044e-72 | 6.565984583396061444076249660792189453e+30 |
|   6   | 3.741404122280790772833002285761703104e-74 | 2.141850536931713627812287911227221985e+29 |
|   8   | 1.196336797448446117110341663512300536e-11 | 4.144593088117562005631193016820382486e-05 |
---------------------------------------------------------------------------------------------------

Scheme evaluation results:
Order: 8, No. cycles: 17
---------------------------------------------------------------------------------------------------
Vector a: -0.299487782094865050035856216299336357, 0.562705769235208947673418394089680966, 0.429835186586922722959901520255733456, -0.202630589886263329329395946000938965, -0.226213328185460103413096501800034563, -0.258588509798998791602663511497955453, 0.153098268619786024298138497805904682, 0.703820180319660602956163383954501518, 0.137460805204008976493390379492444620
Vector b: -0.610613699739214859395044641090597557, 0.622251835288699618718376849582516237, 0.503159703181718276628459938596856095, 0.356510669992127169291343101914604799, -0.761771849764653827950134993916486389, 0.309345193393733621123941990316400845, -0.826522212991731204329269013312300581, 1.132718750231303252925546008924114374, 0.274921610408017952986780758984892225
---------------------------------------------------------------------------------------------------
| Order |                  Error^2                   |                 Efficiency                 |
---------------------------------------------------------------------------------------------------
|   2   | 5.252293865719493173155289188714919233e-70 | 1.509828603666052193747779503705027344e+32 |
|   4   | 2.361335751008143427251637871734336452e-72 | 7.791578369481874532246327913208332031e+30 |
|   6   | 5.411849964794920973847209707508325782e-75 | 5.631623308617524081591095794009215088e+29 |
|   8   | 1.745812861909976914355029105403147834e-11 | 3.430913624952784339048064222552823015e-05 |
---------------------------------------------------------------------------------------------------

Scheme evaluation results:
Order: 8, No. cycles: 17
---------------------------------------------------------------------------------------------------
Vector a: -0.300536581320121096796714469205892799, 0.597247542716845032411834195839779511, 0.411297721620683145640290014014282950, -0.244461364837739817434342634550091336, -0.213297341273322073870065826194540522, -0.259979306628986557593849743843555066, 0.150265566810100512680917697945128295, 0.722788492523509388539418352631615167, 0.136675270389031466422512413363273800
Vector b: -0.631190727547256091846120340155501705, 0.661308292454269990098811741899220603, 0.533186792979420074724856649780338130, 0.289408650261946216555723378248221848, -0.778331379937425851424408647348402882, 0.351736697390781703684276994959322944, -0.871695310648754818871976482646430285, 1.172226444268955844233811878536684468, 0.273350540778062932845024826726546830
---------------------------------------------------------------------------------------------------
| Order |                  Error^2                   |                 Efficiency                 |
---------------------------------------------------------------------------------------------------
|   2   | 1.131959884853339045938639911360973973e-70 | 3.252270344506981395234561154812190000e+32 |
|   4   | 2.908661569355808949830123307391174576e-73 | 2.220024248238713168993860930730437891e+31 |
|   6   | 1.245247794557731237027485358479711052e-74 | 3.712603597062684702204903805671754761e+29 |
|   8   | 2.022979644977559608203148117429052094e-11 | 3.187226095027537449005045469931906538e-05 |
---------------------------------------------------------------------------------------------------

Scheme evaluation results:
Order: 8, No. cycles: 17
---------------------------------------------------------------------------------------------------
Vector a: -0.118510571893170350128474858257799020, 0.940684026581192804484681603804730396, -0.316813065981654946145299359984273463, 0.237085177012062307074156977609086322, -0.047289034825942240150201713253881704, -0.097995766791582001797350970291666925, 0.171859389817906139856370614823099386, -0.297463808878144205676154640087455565, 0.528443654959332492482272345638160657
Vector b: -0.564619255847057808170665942069590799, 0.892217367907774916084382167623303359, 0.989150685254610692884981039986823708, -1.622776817217920585175579759955619849, 2.096947171242045199323893715174526273, -2.191525240893929679624297141682291871, 1.995533707310765676029595201098657503, -1.651814927674953396316853971452413616, 1.056887309918664984964544691276605196
---------------------------------------------------------------------------------------------------
| Order |                  Error^2                   |                 Efficiency                 |
---------------------------------------------------------------------------------------------------
|   2   | 1.357228957618232342792796762841098681e-66 | 2.970130959269227143227025896592792480e+30 |
|   4   | 2.152156417950611694513431922723666781e-69 | 2.580877540175278444340776690108103333e+29 |
|   6   | 7.456776295662013830571981399768066106e-71 | 4.797675988850008703705958308680686951e+27 |
|   8   | 4.035154031848435224265710265478996514e-11 | 2.256724637262500437816376755072574223e-05 |
---------------------------------------------------------------------------------------------------

Scheme evaluation results:
Order: 8, No. cycles: 17
---------------------------------------------------------------------------------------------------
Vector a: -0.502354402414261506628554583539574215, 0.524349983465878986102925991897566847, -0.362786578414978717707719617420566066, -0.598207883385440160811548226535200898, 0.735302306320865915883992308910483794, 1.088753211490230142202942765807966346, -0.069591159221342967410052462683101137, -0.111108404454325645631167524425969939, 0.295642926613373953999181347988395219
Vector b: -0.807573814232686643726306013488730923, 0.610438823636850274195502859898324010, 0.438261143294907698010349123896796587, -1.163834300124865133425788358737921111, -0.032581466646015188197308094332451314, 1.503186079287747019965292712153385873, 0.674320343692713264440592819462531604, -0.813502662135399199260697744828751934, 0.591285853226747907998362695976817208
---------------------------------------------------------------------------------------------------
| Order |                  Error^2                   |                 Efficiency                 |
---------------------------------------------------------------------------------------------------
|   2   | 5.397184730980720571035435097369123901e-69 | 4.709974064855327234896209768422653125e+31 |
|   4   | 8.774899966763481783848558219124425190e-72 | 4.041878248766378870300447765819092285e+30 |
|   6   | 1.819874245327237925119370107104427923e-73 | 9.711488098159367833466231824357554626e+28 |
|   8   | 7.112678779989209552552610633794365347e-11 | 1.699777323669835127515081605380064779e-05 |
---------------------------------------------------------------------------------------------------

Scheme evaluation results:
Order: 8, No. cycles: 17
---------------------------------------------------------------------------------------------------
Vector a: -0.572010358319604335525755342484372595, 0.420228815240704847706868060084362844, 1.082762228284183564255431278691415705, -0.002371891899031927028918943791220967, -1.329448162313455549872115920020554611, 0.129726425789816786019476858200057195, 0.855281399536483452067107814384361851, 0.302648360017159082735424050226939363, 0.113183183663744079642482144709011265
Vector b: -0.700463418297297578865700049440642213, 0.256906119955386486679889413912337592, 0.583551510526023208733846706256636638, 1.581972946042343919777015851126144891, -1.586716729840407773834853738708588034, -1.072179594786503325909378101332590328, 1.331632446366136897948331817732719017, 0.378930352706830006185883811035962314, 0.226366367327488159284964289418020219
---------------------------------------------------------------------------------------------------
| Order |                  Error^2                   |                 Efficiency                 |
---------------------------------------------------------------------------------------------------
|   2   | 5.528039293669766564745941871122452493e-67 | 4.653895170799436635116155340633309570e+30 |
|   4   | 7.357795904812425218157901958314550792e-70 | 4.413980863969259330546205653074905396e+29 |
|   6   | 1.320686434722548014174997486470268848e-71 | 1.140004624810893975262351787550358009e+28 |
|   8   | 7.125512509430568097236135917131604612e-11 | 1.698245903045604838674203884147295414e-05 |
---------------------------------------------------------------------------------------------------

Scheme evaluation results:
Order: 8, No. cycles: 17
---------------------------------------------------------------------------------------------------
Vector a: -0.067095890967196587758473422697736367, 0.982690661426965302383270448442156934, -0.818411555640032552800594737206876594, -0.647912050586463993899770551061958359, 0.662154928268532192884662787588630207, 0.761830218299926826702153374268848798, -0.109184855891629967118304551701662680, -0.064215022969440607794076450668743298, 0.300143568059339387401133103037341360
Vector b: -1.064787612341975054783153641960626037, 1.995383442749556934049360438525790196, -0.030002119895626329282819541641577516, -1.606820991384438776318369932772107570, 0.310996890211510788518828830648281756, 1.013312966325553597250496744528906820, 0.510347470274300056153810004008783939, -0.728717182057559990390419107412068710, 0.600287136118678774802266206074617142
---------------------------------------------------------------------------------------------------
| Order |                  Error^2                   |                 Efficiency                 |
---------------------------------------------------------------------------------------------------
|   2   | 7.000039927933048660084549211856263046e-69 | 4.135727337587191628223320947804100781e+31 |
|   4   | 1.515765033311424316202210006306804210e-71 | 3.075306260618609557896945887162272949e+30 |
|   6   | 1.534968647108759567967404460133898534e-73 | 1.057442392599143425033511925697098389e+29 |
|   8   | 7.424433471894331110925270801224295926e-11 | 1.663707479107115795307779756782716750e-05 |
---------------------------------------------------------------------------------------------------

Scheme evaluation results:
Order: 8, No. cycles: 17
---------------------------------------------------------------------------------------------------
Vector a: -0.521047511262371583849308075562795219, 0.343658218469213498923697322814875322, 0.183154827240991008051646213761842771, -0.448591367321661076554242801230584942, 0.178955026101600698935635984825578788, 1.085573227932824495093717026665069909, -0.100303348249468558813022566803820374, -0.097266427571433068708339393585231546, 0.375867354660304586920216289115065341
Vector b: -0.766747303017887697509664309328232398, 0.491399583511032227320712467530873732, 0.195916853427394770526682178098866608, 0.170392801054587245576610249424845103, -1.067575535697909398685095851886028542, 1.425485587901110796556367821537186937, 0.745660867964538193631066231792956252, -0.946267564463475311257111365400602586, 0.751734709320609173840432578230134823
---------------------------------------------------------------------------------------------------
| Order |                  Error^2                   |                 Efficiency                 |
---------------------------------------------------------------------------------------------------
|   2   | 1.116565230419333634913874408566464727e-68 | 3.274613947665355626504484262188803125e+31 |
|   4   | 1.388419546265423673534113016278694638e-72 | 1.016117555970953508001993358682628711e+31 |
|   6   | 7.578258991491261619822972456755453164e-74 | 1.504948886594778520704061880399133911e+29 |
|   8   | 8.048175508524780473993991038416744382e-11 | 1.597937944831242256927630085290571526e-05 |
---------------------------------------------------------------------------------------------------

Scheme evaluation results:
Order: 8, No. cycles: 17
---------------------------------------------------------------------------------------------------
Vector a: -0.444826066058351054755997973312188425, 0.490863510216896319881466993083826426, 0.859733840131093879566131601529959269, -0.002923741761079427134182588851564900, -1.274983842652007686090518162950736865, 0.150457968028776250417302175134621252, 0.875395620239800971495997655155300131, 0.248286679861554588607124299346168575, 0.097996031993316158012676000864614565
Vector b: -0.773368832692295463543421757426960554, 0.657085533267888817574847568229122768, 0.324641487165903822188086417939019654, 1.394826193096283936944176785121366981, -1.400673676618442791212541962824499051, -1.149294008685572580968494363077848087, 1.450209944743125081803098713347245340, 0.300581295736476861188896596963322952, 0.195992063986632316025352001729229901
---------------------------------------------------------------------------------------------------
| Order |                  Error^2                   |                 Efficiency                 |
---------------------------------------------------------------------------------------------------
|   2   | 2.877272233314459853919131858692891692e-68 | 2.039913160997783122254531612322926953e+31 |
|   4   | 2.384558408252792388849301771893406727e-70 | 7.753545363573424254430857794835007324e+29 |
|   6   | 6.057968027301144690145945449822797610e-72 | 1.683228141051149923022926228036335373e+28 |
|   8   | 8.664347883963914674934076813022745101e-11 | 1.540070805760905617423259780833447077e-05 |
---------------------------------------------------------------------------------------------------

Scheme evaluation results:
Order: 8, No. cycles: 17
---------------------------------------------------------------------------------------------------
Vector a: -0.743708640695538820223298905036599694, 0.541799828804217802331204760009557683, 0.630694366838409789073697137555947732, -0.453094234532682536704149073074113065, -0.351985133039766619599502669440439302, -0.083281197152559087615845291042020378, 0.418202770531249720496650996547051250, 0.916072266971349001699164517626171315, 0.125299972275320750542078526854444436
Vector b: -0.842993328180650359420749827039194625, 0.198569374970223078394901844005175584, 0.885030282638212526267507676013951603, 0.376358451038607051879886599097946557, -1.282546920103972125288184745246179717, 0.578576654024438886089179406365288306, -0.745139048329557061320869988449326317, 1.581544589392056502314171981543440276, 0.250599944550641501084157053708898309
---------------------------------------------------------------------------------------------------
| Order |                  Error^2                   |                 Efficiency                 |
---------------------------------------------------------------------------------------------------
|   2   | 2.014888595038943501770779042222533671e-69 | 7.708620008591126395406903112011406250e+31 |
|   4   | 1.638108451530314256543283221335979791e-72 | 9.354767302237272387068388601467641602e+30 |
|   6   | 7.640624947771742478334502725070918393e-74 | 1.498794292637231896029074537903307800e+29 |
|   8   | 9.438839202776715824595422298248388209e-11 | 1.475534387212117913567568389854455794e-05 |
---------------------------------------------------------------------------------------------------

Scheme evaluation results:
Order: 8, No. cycles: 17
---------------------------------------------------------------------------------------------------
Vector a: -1.025616542816636274015109060636868198, 0.949259265672855546243230860491331865, 0.187254508821422223690349567908349523, -0.615484415362393195242704199154420280, 0.636122632187857340368755604217410423, 0.736463103958577743784061964266865874, -0.119530581476011838374137577260810875, -0.060366672189420221457157590187079986, 0.311898701203748675002710430355221665
Vector b: -1.019742564159239746654862070833342801, -0.011747957314793054720493979607177630, 1.910266488660504147206955700589953146, -1.535757471017659699826256564773210574, 0.304788640292873309340848166464259177, 0.967456624082841371396663041970664803, 0.505469583834314116171460886563062130, -0.744530746786337792919736041084735085, 0.623797402407497350005420860710526820
---------------------------------------------------------------------------------------------------
| Order |                  Error^2                   |                 Efficiency                 |
---------------------------------------------------------------------------------------------------
|   2   | 2.112689929090271995339877530564121822e-68 | 2.380588197927036249753931714361565234e+31 |
|   4   | 2.200468112098688188325641218315580849e-71 | 2.552388474030566074432677035651484375e+30 |
|   6   | 6.188803290541910413791021826788125780e-73 | 5.266270130469525034042510020121026611e+28 |
|   8   | 1.038202302016975831906161651013375036e-10 | 1.406914271986297366686538353447043023e-05 |
---------------------------------------------------------------------------------------------------

Scheme evaluation results:
Order: 8, No. cycles: 17
---------------------------------------------------------------------------------------------------
Vector a: -0.931122994403247935124587354193688330, -0.022523072900442720107567907727519619, 1.692782878258241439047898937411991265, 0.103177482430905333796513214706444275, -1.331971375163884169515786841754582114, -0.357366912965190393980908102352255406, 0.668633334569257687338677053674343420, 0.783393062125128286124090530074412817, 0.394997598049232472421670470160853674
Vector b: -0.013361117380801011664255469402033472, -1.835523754044893846920663769583433892, 1.790477608244008406705527954128374999, 1.595088148272474471390269920695775472, -1.388733183410663803797243491282816096, -1.275209566917104535234330192226376443, 0.560475740986723747272513987521719549, 0.776790928151791627404840119827009855, 0.789995196098464944843340940321779956
---------------------------------------------------------------------------------------------------
| Order |                  Error^2                   |                 Efficiency                 |
---------------------------------------------------------------------------------------------------
|   2   | 1.919803964711263021911933289668211858e-69 | 7.897210515458550224123351512730743750e+31 |
|   4   | 1.498431897574607562061274582664089296e-70 | 9.781057449773382653504972333259354248e+29 |
|   6   | 3.873490761284934668753645997424635507e-71 | 6.656642132654183163198125513401848793e+27 |
|   8   | 1.075308831990168203305674522410191829e-10 | 1.382426411662927153287233439625276007e-05 |
---------------------------------------------------------------------------------------------------

Scheme evaluation results:
Order: 8, No. cycles: 17
---------------------------------------------------------------------------------------------------
Vector a: -0.111112401383606868075160843963042194, 0.906293740482711349670887669692664822, -0.399025291722147347306562870465983749, 0.145392204919475088355920602382978662, -0.078135241491763364707105133314895380, -0.060476160019477206424949034103289814, 0.279352196713478049909343913190492547, -0.243481791818513630885131695894874481, 0.561192744319843929462757392475949622
Vector b: -0.495455987128391201433455084155131015, 0.768687171489568666716588480384015213, 1.043900309475854032625186859001646076, -1.841950892920148727238312599933547033, 2.132735302759098903950153804699720688, -2.289005785742625633364364071329456535, 2.168053465703671220514466003122780298, -1.609349072276715120695778176741925589, 1.122385488639687858925514784951897897
---------------------------------------------------------------------------------------------------
| Order |                  Error^2                   |                 Efficiency                 |
---------------------------------------------------------------------------------------------------
|   2   | 2.373719878537451979333327894123962421e-66 | 2.245884530990511527339135597641325195e+30 |
|   4   | 6.513367924938916204021305214965504299e-70 | 4.691389688084921903443071436914531860e+29 |
|   6   | 2.890214335489752930728345699159338925e-71 | 7.706220764313600957516641110152883530e+27 |
|   8   | 1.225451686162879169362483676707885334e-10 | 1.294972459039170122859908950664182789e-05 |
---------------------------------------------------------------------------------------------------

Scheme evaluation results:
Order: 8, No. cycles: 17
---------------------------------------------------------------------------------------------------
Vector a: -0.078836073903266990363364962616692767, 0.224197236037298638176697269260744838, -0.335120961484704326465321098492849188, 1.064235424436419023364539082187114779, -0.168693797531230373741838401341891656, 0.076437211577919613344499901295614692, 0.070581968630215738638225587634339257, -0.273783148662190502545463688121134058, 0.420982140899539179592026310194754043
Vector b: -1.182173446778893544680545129245178740, 2.206674745751253108634360333256867945, -1.758280273676655832280965794735068002, 1.088038350707247179350323597748846158, 1.040432498165590867378754566625726987, -1.377820093228051614862431369309689891, 1.530694516383890841551431171900977631, -1.389530579123459364274979996632225136, 0.841964281799078359184052620389743048
---------------------------------------------------------------------------------------------------
| Order |                  Error^2                   |                 Efficiency                 |
---------------------------------------------------------------------------------------------------
|   2   | 7.697327217002705512382751397254623014e-70 | 1.247188744251715297405533204191494062e+32 |
|   4   | 1.663185121440370893513125063512956055e-70 | 9.283976209203520998932991382384472656e+29 |
|   6   | 3.449063879324962194832994322089003903e-72 | 2.230775431515763383800917517080098343e+28 |
|   8   | 1.355807939838362720611719668729521061e-10 | 1.231145955013316172524283645536184767e-05 |
---------------------------------------------------------------------------------------------------

Scheme evaluation results:
Order: 8, No. cycles: 17
---------------------------------------------------------------------------------------------------
Vector a: -0.096593394147849004502728909080325907, 0.997539529216233226268213064201780348, -0.769331070370741848732113939895017898, -0.310487816711171255307965992086456858, 0.684708279318525762291570646897098085, -0.811499216130373475895538887469676587, 0.020153527742601874282824489655505987, 1.160147210674189347871108835263623170, 0.125362950408585373724630692513469685
Vector b: -1.071399414097755685871634039818647805, 1.949612039899813362737810261476606818, 0.045467018532653089798615866927323254, -1.584129159274136787262843746717638136, 0.963153525851794276646911762544651908, 0.406263032785257247936229531249642002, -2.029261465046004199727307306189200674, 2.069568520531207948292956285500219148, 0.250725900817170747449261385027043370
---------------------------------------------------------------------------------------------------
| Order |                  Error^2                   |                 Efficiency                 |
---------------------------------------------------------------------------------------------------
|   2   | 1.500526023361586239296261066500107098e-68 | 2.824752433029401182494079808222927734e+31 |
|   4   | 4.854521614580624759487974254628419165e-71 | 1.718427028512384073528642625389219727e+30 |
|   6   | 2.042435072866222139819277136653905515e-72 | 2.898894043739621269059233823814835739e+28 |
|   8   | 1.531238003216709522531017900108381130e-10 | 1.158476635928879058679220760493782607e-05 |
---------------------------------------------------------------------------------------------------

Scheme evaluation results:
Order: 8, No. cycles: 17
---------------------------------------------------------------------------------------------------
Vector a: 1.347417779897793684145870276142247525, -0.022524036125521615189980480634331428, -1.188697201389978524303769690050938282, -0.861114493806452854384954383167510261, 0.710509310523868132196700609242621104, 0.825665498303318543417856287548869479, -1.089770313071258916197599566666597048, -0.016210190624117306736958862444501365, 1.294723646292348857052835810030140177
Vector b: 1.148366444505546465788074877394898418, 0.398102670784494436715590797494823881, -0.443150743035537667095551758763481826, -1.934243659744419381511987621338472161, 0.212014672131513672742078855003388444, 1.209003948916222591651322363481803280, 0.442327047690414495184390211616048057, -2.621867673832932327579589344949499169, 2.589447292584697714105671620060491051
---------------------------------------------------------------------------------------------------
| Order |                  Error^2                   |                 Efficiency                 |
---------------------------------------------------------------------------------------------------
|   2   | 2.569277268244714832909687325210684284e-67 | 6.826477607997764970231539432238082031e+30 |
|   4   | 8.706540201842260605527420043227391371e-70 | 4.057714712528074738628472294852007446e+29 |
|   6   | 2.088980573657765842239794282236741941e-71 | 9.064404361272612257293425088017464638e+27 |
|   8   | 1.591545236626694344835987560751225291e-10 | 1.136316035503821289120469087623468997e-05 |
---------------------------------------------------------------------------------------------------

Scheme evaluation results:
Order: 8, No. cycles: 17
---------------------------------------------------------------------------------------------------
Vector a: 0.469929012009707526651510711673821586, -0.076619364167370233344569781935731270, -0.404654388770276592706416323910008640, -0.568061058667520067258966725218322999, 0.760422952382534255998117498541671453, 0.690230412583933965422861780438891172, -0.924075066457708136474395001395557845, -0.011701754349179986520348467774736680, 1.064529255435879268232206309579973262
Vector b: 0.932303529200272643402046388979988663, -0.924749034381130233501071354612373828, 0.771510306046389766811931790740829940, -1.580819083586942952224764438560821125, 0.444696966251902817706830988124132468, 1.076148938513165694289404008959354017, 0.304311886654702236556319551918357789, -2.152462019570118509505109554709465823, 2.129058510871758536464412619159997754
---------------------------------------------------------------------------------------------------
| Order |                  Error^2                   |                 Efficiency                 |
---------------------------------------------------------------------------------------------------
|   2   | 4.790454232699330842412324104879641852e-69 | 4.999353075766947017089691064692133594e+31 |
|   4   | 7.570202815871715287497064297834201132e-71 | 1.376101781196844348669374191671187744e+30 |
|   6   | 2.712590451505355899628361539535833560e-72 | 2.515442286091586764179201649778850174e+28 |
|   8   | 1.748259344337739684310018548476035935e-10 | 1.084190755466715358005622077028684834e-05 |
---------------------------------------------------------------------------------------------------

Scheme evaluation results:
Order: 8, No. cycles: 17
---------------------------------------------------------------------------------------------------
Vector a: -0.078380781902805466465970108485507840, 0.218400003282797790229516897033220656, -0.330452144194474412353741265323064543, 0.999659384087568799987822900608438874, -0.305976586991946230956832476193208205, 0.052799692576330846712898708315427321, 0.131243575011512590572369558745791414, -0.170915532649014735578059666819854135, 0.483622390780030817851995452118756452
Vector b: -1.199887094595365402704357678274622479, 2.243012625385119872476775139578195792, -1.806212618819524292017741345511656787, 1.145308330430575467310258814865360820, 0.854010437744562132665386986351644039, -1.465963611728454594579051938738178702, 1.571562996881116288004849355369067228, -1.309075846858091106860110237877440874, 0.967244781560061635703990904237630963
---------------------------------------------------------------------------------------------------
| Order |                  Error^2                   |                 Efficiency                 |
---------------------------------------------------------------------------------------------------
|   2   | 6.094472020050377423333637282767483868e-69 | 4.432350677605631254593019542448200000e+31 |
|   4   | 2.240042490885552971377011637091677400e-71 | 2.529741738352065746088744920802571045e+30 |
|   6   | 9.776208925032411257779013422946501880e-73 | 4.190069577490018712859058478407968903e+28 |
|   8   | 1.758545187069833988453830804682760151e-10 | 1.081015355008023648162080813291553623e-05 |
---------------------------------------------------------------------------------------------------

Scheme evaluation results:
Order: 8, No. cycles: 17
---------------------------------------------------------------------------------------------------
Vector a: -0.470391023945783252746202063660276514, 0.435426721874561692108890666775320819, -0.383426320217015927921906050244244382, 0.152499176188898685394240783849129772, 0.955450288549926389430131420939186037, 0.294452404576538244401823938296765204, -0.696726105962802985421402125539779528, -0.016888540413717148504088511794161783, 0.729603399349394303258511941378060347
Vector b: -0.730979524452562946801733754254160848, 0.521177001013559388111063381187751335, 0.349676442735563996106717952362923863, -1.116529083169595851950530052851438482, 1.421527435547393222739011620549701444, 0.489373141552459556121251221328670149, 0.099531667600616932682396655264877279, -1.492983879526222903525200906344459951, 1.459206798698788606517023882756135139
---------------------------------------------------------------------------------------------------
| Order |                  Error^2                   |                 Efficiency                 |
---------------------------------------------------------------------------------------------------
|   2   | 1.050458773143898634631057837742983847e-69 | 1.067610044081681753982466333885229688e+32 |
|   4   | 6.163875310490447773587750142332803585e-72 | 4.822557251367276631675997410987297363e+30 |
|   6   | 1.363483689083657851483888098568841335e-73 | 1.121970655224384716672633574598280487e+29 |
|   8   | 1.812923021603587329200880667184661705e-10 | 1.064679634911204230354556361346942256e-05 |
---------------------------------------------------------------------------------------------------

Scheme evaluation results:
Order: 8, No. cycles: 17
---------------------------------------------------------------------------------------------------
Vector a: -0.101349805699181875367162076887772294, 0.943043307052176373628105376312657702, -0.767167624335119168308214912017093657, -0.332284982718674408227577033678580167, 0.640779315167847399650115781478348309, -0.662726190048148516207050007008257112, 0.080774804195582111270676235281553955, 1.053827921206316543859978774553172341, 0.145103255179201539701127861965970948
Vector b: -1.003720110983339986106914220357956831, 1.804740610568316221479504286940371722, 0.081346003536036525776706465684922364, -1.615681252206274862393136289719089588, 0.951111286768926045937982222361933876, 0.330447343566768753362249340594765678, -1.655899723663065785776349354611275810, 1.817449332054230008317701825174381408, 0.290206510358403079402255723931947096
---------------------------------------------------------------------------------------------------
| Order |                  Error^2                   |                 Efficiency                 |
---------------------------------------------------------------------------------------------------
|   2   | 6.169181372450697800365587516917308151e-69 | 4.405430842265128899594016686353840625e+31 |
|   4   | 5.734415920582711231256537636899465315e-72 | 4.999881596218862358798333248794851074e+30 |
|   6   | 3.492063767381178454674884782999130662e-73 | 7.010764662111756125229609648998622894e+28 |
|   8   | 1.832908983429080118797697281856072515e-10 | 1.058859113948819017114008735855515837e-05 |
---------------------------------------------------------------------------------------------------

Scheme evaluation results:
Order: 8, No. cycles: 17
---------------------------------------------------------------------------------------------------
Vector a: -0.286159070116116912415358061004545747, 0.679442044727071252176333540358916457, -0.371535975789308995737624000061177033, -0.247829297179487627319556005290314747, -0.205513098560865445892959199452639207, -0.475873744066488352722758081731550227, 0.766003633591792071062313545845277110, 0.933690483716309026408580966232106952, 0.207775023677094984441027295103926441
Vector b: -0.778858974394808597085200839138315234, 0.985399808557383369339685556267543309, 0.373484280896759135012981524450281661, -1.116556232475377126488229524572633271, 0.620897638116401871849117513992003296, -1.031923835238132763635035912897277859, 0.080176347105156058189519749434179945, 1.451830920078428083935107342256368726, 0.415550047354189968882054590207849416
---------------------------------------------------------------------------------------------------
| Order |                  Error^2                   |                 Efficiency                 |
---------------------------------------------------------------------------------------------------
|   2   | 6.701202518331767151956748275256965918e-70 | 1.336674877700483027366329532671304062e+32 |
|   4   | 3.134998274847724154572248817011447448e-72 | 6.762163409459052124897313662420989258e+30 |
|   6   | 8.699495959827348107615942721069340626e-74 | 1.404621870785602757485369166814820862e+29 |
|   8   | 2.061458743323251210355385489474608922e-10 | 9.984384679405565555203722245516251744e-06 |
---------------------------------------------------------------------------------------------------

Scheme evaluation results:
Order: 8, No. cycles: 17
---------------------------------------------------------------------------------------------------
Vector a: -0.430858334994343302036947003325430726, 0.702606108055180663794104612332115446, -0.152915299052376417707451792098818726, -0.377132102721969059289647049874137260, -0.260004537988816382005968954019599586, -0.364675927876378221000855829081299586, 0.753444734126171304918117924915426837, 0.912611048076485119058403725515990025, 0.216924312376046294270244365635753528
Vector b: -0.746818251066637005124010917785324731, 0.631919832144587406174127828919787720, 0.773292383965773921414081395744447987, -1.079122982070526756828984979942088713, 0.324858776626588638249690880193803840, -0.844867852604221402261628788233000171, 0.115515996851464960259917130070392465, 1.391373471400877649576318719760474535, 0.433848624752092588540488731271507056
---------------------------------------------------------------------------------------------------
| Order |                  Error^2                   |                 Efficiency                 |
---------------------------------------------------------------------------------------------------
|   2   | 1.777177019219742302123664660836729137e-69 | 8.207989890918722710447442770415256250e+31 |
|   4   | 2.115792206649698177662653115571195492e-72 | 8.231288202563250904793047451542351562e+30 |
|   6   | 8.375585662957837093885045861515183140e-74 | 1.431524810218963406161824291029390869e+29 |
|   8   | 2.094071613713972243392285262856958407e-10 | 9.906331664834084065826509819201238577e-06 |
---------------------------------------------------------------------------------------------------

Scheme evaluation results:
Order: 8, No. cycles: 17
---------------------------------------------------------------------------------------------------
Vector a: -0.464309492251023765454716556682931742, 0.437684540451608791690376070131219513, 0.439467338031298049113094479225484746, -0.281288977436041889264510986027855842, -0.790953921558607548841739094229884068, -0.208701357184838094698632590413573935, 0.719469642445423826453697954604726157, 0.864841755133901832567223009807641651, 0.283790472368278798435207713585173496
Vector b: -0.625071921929261280588911006994560546, 0.321524859356475030268388900623359682, 0.553844221546742553112363239638884150, 0.325090454515853545113825718812242065, -0.887668409387937323642847690868026598, -0.694239433729277774040630497591719390, 0.276836719359601584643365316764547927, 1.162102565531246068264030592444920710, 0.567580944736557596870415427170352000
---------------------------------------------------------------------------------------------------
| Order |                  Error^2                   |                 Efficiency                 |
---------------------------------------------------------------------------------------------------
|   2   | 4.708953120989890431104742031261651726e-69 | 5.042431112415962341264710709942889062e+31 |
|   4   | 2.299293516108344937062862319951978382e-73 | 2.496934253668534391092819040631659375e+31 |
|   6   | 2.677226589468480627381354191528833594e-74 | 2.532001198460775390898563085278854370e+29 |
|   8   | 2.130461308082171889797989427773766905e-10 | 9.821363913004969233293526324391325940e-06 |
---------------------------------------------------------------------------------------------------

Scheme evaluation results:
Order: 8, No. cycles: 17
---------------------------------------------------------------------------------------------------
Vector a: -0.409349863471065233742451813362934094, 0.401983235157062471607493040834540025, 0.437422238416476707626138686176362624, -0.136196332342146861755669433563544216, -0.857447169997170251199596042306986378, -0.352345206699226056987132629156908824, 0.694458565636294301022338830203519119, 0.917328856634313647133993405403611211, 0.304145676665461276294885955772340608
Vector b: -0.661541105500006399997368767035434186, 0.504382484057882332509833907344988917, 0.299583986256242610705152174324122380, 0.575260490576710804547125198028581633, -0.847653155261004528058464065155666262, -0.867241184733335974340728019458310636, 0.162550771334883860366462761144496839, 1.226366359937704741678214899262539088, 0.608291353330922552589771911544682275
---------------------------------------------------------------------------------------------------
| Order |                  Error^2                   |                 Efficiency                 |
---------------------------------------------------------------------------------------------------
|   2   | 7.244543263061369894007295432710233425e-70 | 1.285572731907818261034222512975428438e+32 |
|   4   | 1.507805940371049276035453944430047362e-72 | 9.750605585997206108345761158384161133e+30 |
|   6   | 3.515868556362494251180578631938452826e-74 | 2.209480416574045761760767634523802490e+29 |
|   8   | 2.145717829213319382297688465826120970e-10 | 9.786385607925827446572357504044614152e-06 |
---------------------------------------------------------------------------------------------------

Scheme evaluation results:
Order: 8, No. cycles: 17
---------------------------------------------------------------------------------------------------
Vector a: -0.348065656054536476839229983665001595, 0.719663900861675547003860103298788802, -0.158035162388536484418828911355806747, -0.263702037790583390543551115628303634, -0.393396578745792869641858174758943834, -0.541022560695276045942927535630538290, 0.761791984824534120323731848485026272, 0.976305780792930021747532182663785373, 0.246460329195585578311271586590993651
Vector b: -0.782490166337492264529827269407430801, 0.868849020565911575381194571484874686, 0.570478781157439518626525635112696564, -0.886549105934512487464183457824316798, 0.359145030353345706377081226567685938, -1.145938187844931445660797576085543947, 0.063893066454379353774942504824466224, 1.459690903194688886872521192145582867, 0.492920658391171156622543173181985377
---------------------------------------------------------------------------------------------------
| Order |                  Error^2                   |                 Efficiency                 |
---------------------------------------------------------------------------------------------------
|   2   | 2.039791712505716960781429120272475099e-69 | 7.661419553640963122932129173239591406e+31 |
|   4   | 1.993973867478957979554803390735278176e-71 | 2.681294907586468779449944399775214844e+30 |
|   6   | 2.105787002968420753538097119445519444e-73 | 9.028160085501223958626218116821466064e+28 |
|   8   | 2.182433480554633566039420606684298521e-10 | 9.703716977134708603321922948268253716e-06 |
---------------------------------------------------------------------------------------------------

Scheme evaluation results:
Order: 8, No. cycles: 17
---------------------------------------------------------------------------------------------------
Vector a: -0.502433975940568979861989652752600751, 0.351163740845094883197727612346593389, 0.501804994338168696588247040997519963, -0.161852653137924802003338878284069729, -0.815884564226105396193789078842005029, -0.247876522028850386000637902221501923, 0.712443949321531799472746690883257568, 0.879029280350569124980427674483056635, 0.283605750478085059820606493389749830
Vector b: -0.640927692057777640348357012648008349, 0.276987432234417320972734719790888958, 0.425340049455772445422720504902177930, 0.578269939220564947753773577092920353, -0.901975245496414551760451333661072955, -0.729793882955796240627126824022928147, 0.234040838898095468625851019579910410, 1.190847059744968130319642362186611298, 0.567211500956170119641212986779500527
---------------------------------------------------------------------------------------------------
| Order |                  Error^2                   |                 Efficiency                 |
---------------------------------------------------------------------------------------------------
|   2   | 4.799509911778157554779833224170529644e-70 | 1.579442103091710044824670302546148750e+32 |
|   4   | 2.889592909186160416097270242478111293e-72 | 7.043458872113876577125967114888409180e+30 |
|   6   | 4.049502808987126918611092180010803765e-74 | 2.058759515401168285942007620793879395e+29 |
|   8   | 2.199033810024898933353063853250693448e-10 | 9.667021303038290232539996091214157342e-06 |
---------------------------------------------------------------------------------------------------

Scheme evaluation results:
Order: 8, No. cycles: 17
---------------------------------------------------------------------------------------------------
Vector a: -0.164515871607194296604055674831614353, 0.463478844956662604033833148764527606, -0.711496386264249193313817608522996402, 0.022643790918749561791702721063867356, 0.983542194055064507164070746224951298, 0.287790316226425335543029515189529426, -0.779351736993878758793882005713409572, -0.011067108117521717722791913895090723, 0.908975956825941957901911071720235198
Vector b: -0.525691687968631567291546942245455376, 0.722351632722874541374982534827686716, 0.204606057190450666692683762701281588, -1.627598829718949053320318979747216277, 1.672886411556448176903724421874953811, 0.294197976553680837424417070575058468, 0.281382655899169833661641959803872406, -1.840086129886927351249405971230662757, 1.817951913651883915803822143440481373
---------------------------------------------------------------------------------------------------
| Order |                  Error^2                   |                 Efficiency                 |
---------------------------------------------------------------------------------------------------
|   2   | 1.199198302013627385267395122095815827e-68 | 3.159778609732894283447965409505462891e+31 |
|   4   | 4.832938102127732723480208684052908406e-71 | 1.722259932297005627103409628568187988e+30 |
|   6   | 1.702829113143395084722203987151536691e-72 | 3.174833384335567860424396773866893768e+28 |
|   8   | 2.594875656751370836086979073991637829e-10 | 8.899187415909008665906516783750781430e-06 |
---------------------------------------------------------------------------------------------------

Scheme evaluation results:
Order: 8, No. cycles: 17
---------------------------------------------------------------------------------------------------
Vector a: -1.034213150227061681016884153428225329, 0.995495686845422925896974635333263569, 0.641550507081606110210377438000975330, -0.101018968245606531222686569770211224, -0.556150514856951854529462064134228730, -0.561880589250177192864913983441947686, 0.750938361423664243193038230256257932, 0.691005337750863423265614014786708574, 0.174273329478240557067942452397407540
Vector b: -1.047202934201005250149976193815691417, 0.025979567947887138266184080774830990, 1.965011805742958713527765189891793139, -0.681910791579746493107010313889795775, 0.479872855088533430661637174349371112, -1.592173884802437139720561302617860783, 0.468412706302082753990733335733935318, 1.033464016545245732395343124778596675, 0.348546658956481114135884904794820666
---------------------------------------------------------------------------------------------------
| Order |                  Error^2                   |                 Efficiency                 |
---------------------------------------------------------------------------------------------------
|   2   | 1.044119797788719935973801454239362392e-68 | 3.386312174132210523122060208745890625e+31 |
|   4   | 2.171561128711076063275548021360415352e-71 | 2.569320517101721577179148974596581543e+30 |
|   6   | 5.367125090624287321827793407341626674e-73 | 5.655039112379011563621819685883714294e+28 |
|   8   | 2.702436236861341126889026421270690187e-10 | 8.720289460869317583293932389201198662e-06 |
---------------------------------------------------------------------------------------------------

Scheme evaluation results:
Order: 8, No. cycles: 17
---------------------------------------------------------------------------------------------------
Vector a: -0.756964755315854573603068016902303184, 0.320248763446462357205739306342433387, 0.714009304455915952431138661231618939, -0.171144977726690201164239309421912161, -0.408726203535315124359088131643032856, -0.154838993041359289725541790858349984, 0.395484951781217038816782775677076731, 0.928214025475424974332731645058719913, 0.133717884460198866065544860515749239
Vector b: -0.844957636307675681297379702241777543, 0.175985761983642215388623370678941711, 0.464511764909282499022855242005929372, 0.963506844002549405839422080457312406, -1.305796799455929808167900699301137691, 0.488344392385299559449724436015072316, -0.798022378468018138900808017731775270, 1.588992282030452216534373569085929599, 0.267435768920397732131089721031505219
---------------------------------------------------------------------------------------------------
| Order |                  Error^2                   |                 Efficiency                 |
---------------------------------------------------------------------------------------------------
|   2   | 2.700856285260066963609594828507283899e-69 | 6.658116952151806668501174831337872656e+31 |
|   4   | 1.566518068676003348376680518934109598e-71 | 3.025078230160024893583010752879158203e+30 |
|   6   | 1.661605239656520630082454502335820050e-73 | 1.016348253523671690976748087477499084e+29 |
|   8   | 2.990131897629990531883632668214207285e-10 | 8.290170375036024502965557644894637003e-06 |
---------------------------------------------------------------------------------------------------

Scheme evaluation results:
Order: 8, No. cycles: 17
---------------------------------------------------------------------------------------------------
Vector a: -0.568490844854179993399966067337437066, 0.474507465829014455907336231115517619, -0.390985032119672779942449602037888521, 0.181359505561816801439545397347601981, 1.395591109018889949596949455143119060, 0.613163917660707593228529729382821530, -0.633850713060843023300598169009573367, -0.351383894054052907588678983733228738, 0.280088486018319904059332009129067404
Vector b: -0.835293989994971885973464748225247890, 0.533606290281583785146997361775825701, 0.415408641376445126667675100455002549, -1.197378705615790686552574304530616512, 1.560097716739424289431665099225747964, 1.231084501298355609762233811060084171, -0.004756665976940423305174352294616646, -1.262944760144745623296021985724357224, 0.560176972036639808118664018258177757
---------------------------------------------------------------------------------------------------
| Order |                  Error^2                   |                 Efficiency                 |
---------------------------------------------------------------------------------------------------
|   2   | 9.546949668853061513446489012418454485e-67 | 3.541358068805779776647046303445143555e+30 |
|   4   | 7.185049043332066468760793870181475984e-70 | 4.466727372650984055478007897820257568e+29 |
|   6   | 8.249516029815462969309001285625738926e-72 | 1.442421663455068476542541195477903175e+28 |
|   8   | 2.995998709179867374888763815058955874e-10 | 8.282049426774641523672562672996109810e-06 |
---------------------------------------------------------------------------------------------------

Scheme evaluation results:
Order: 8, No. cycles: 17
---------------------------------------------------------------------------------------------------
Vector a: -0.066376822915630448487831725955110340, 0.954001632889034120649871286297851407, -0.815871465913581190926777024816663463, -0.628457547193705312202437214405634459, -0.228598093473781542172209375121379313, -0.087024008549840179108675707721592601, 0.802160654948638675677835865706346600, 0.785205514026911985359425193059647378, 0.284960136181953891210798702956534767
Vector b: -1.047451182344801229396367114460546821, 1.962148718858341561817070777010878355, -0.054145453080273320517328204415184460, -1.577597478746889061336225845218150036, 0.320682384359478436931351416406893782, -0.777878571307041521275770166649648460, 0.603830554207361163058418751206466050, 1.000490755689916188297252980206226571, 0.569920272363907782421597405913065104
---------------------------------------------------------------------------------------------------
| Order |                  Error^2                   |                 Efficiency                 |
---------------------------------------------------------------------------------------------------
|   2   | 1.471547850309340759720231884769266164e-68 | 2.852429786604282644105525259646508984e+31 |
|   4   | 2.989523742770869253746540797152947277e-71 | 2.189794249821549741811184263637963379e+30 |
|   6   | 9.234817807498733117204209988875818870e-74 | 1.363302734668298872101051789035684814e+29 |
|   8   | 3.196863787155266287863434341092474098e-10 | 8.017640199587154733164467206640463669e-06 |
---------------------------------------------------------------------------------------------------

Scheme evaluation results:
Order: 8, No. cycles: 17
---------------------------------------------------------------------------------------------------
Vector a: -0.056751190156494670601728657860227253, 0.924357766852940874722816967822126722, -0.239890545706638011985028087495735540, -0.170550988782033513065765075184005120, -0.547330793725503895452814929664947065, -0.435020843544741055848442348325166817, 0.695580282840866539188604462474207942, 0.635815451136068350472826419449014675, 0.193790861085535382569531248784732521
Vector b: -0.909202771324469312562871927523932276, 1.704903162335949283922286539327409047, 0.143812371369932465523347396316847646, -0.623593462783208489493403571308322216, 0.282491485219141463361873420940306006, -1.377153072670149254267503280270193683, 0.507111385580667142570618583619859568, 0.884049180101065935806590341328559108, 0.387581722171070765139062497569466776
---------------------------------------------------------------------------------------------------
| Order |                  Error^2                   |                 Efficiency                 |
---------------------------------------------------------------------------------------------------
|   2   | 3.554354038439484604247329321673458274e-70 | 1.835362335472534773828600504120498125e+32 |
|   4   | 1.912945879627639862301578483017739707e-72 | 8.656712072064665389677205145379753906e+30 |
|   6   | 1.119210336203479852008321494438271314e-74 | 3.916071526818764197326241069197663574e+29 |
|   8   | 3.333998628049008308155778533511828569e-10 | 7.851017051259148419303830952792968261e-06 |
---------------------------------------------------------------------------------------------------

Scheme evaluation results:
Order: 8, No. cycles: 17
---------------------------------------------------------------------------------------------------
Vector a: -0.066836417780372806193603958901768470, 0.956652557365382076509712814856558760, -0.834355887086323422403697206284014355, -0.467838151710278114700450838443380808, -0.144179164343246465679504317068854665, -0.330347378361055738981277143354831642, 0.690331919382565599729424894103331996, 0.870813266726463360235362517730156592, 0.325759255806865511484033237362802543
Vector b: -1.058560588041023166126694701576947064, 1.983448340521300719866181485350373943, -0.070143225790536566846755855637371954, -1.598568548382110277960638556930571027, 0.662892244961554048559736880043788130, -0.951250573648046979918745514181480896, 0.290555816925935501956191227471884392, 1.090108021839195697502658560734731211, 0.651518511613731022968066474725593337
---------------------------------------------------------------------------------------------------
| Order |                  Error^2                   |                 Efficiency                 |
---------------------------------------------------------------------------------------------------
|   2   | 2.119028904445450693997133914067743277e-68 | 2.377024822170235536754604383038757422e+31 |
|   4   | 6.526456211107532936739970738940615561e-72 | 4.686683223809994280081902812620373535e+30 |
|   6   | 1.287353691577724016623323191092001251e-73 | 1.154669064151449601242140460645301971e+29 |
|   8   | 3.543608346813078494982127328086963083e-10 | 7.615278155370938377929250352146453187e-06 |
---------------------------------------------------------------------------------------------------

Scheme evaluation results:
Order: 8, No. cycles: 17
---------------------------------------------------------------------------------------------------
Vector a: -0.168879849258167034050964002555609933, 0.994155718046334219084912739601451489, -1.074500538568402671740407365139961436, 0.031567996321676473797292228393733404, 0.453394378591164661498063961619425611, -0.427873679692953875766569615264910519, 0.619165197117264272459374199621677295, 0.460583610991442113549959583439146076, 0.112387166451641841168338270285048093
Vector b: -1.116867291332997861331189872338826297, 1.895974884149661654560451739566408460, 0.092336551943006783609373739636637301, -2.241337629079812127090188469916705315, 2.304473621723165074684772926704177840, -1.397684864540835751688645003465261330, 0.541937505154928000155505772935389639, 0.696392889079600544763242626308018781, 0.224774332903283682336676540570160993
---------------------------------------------------------------------------------------------------
| Order |                  Error^2                   |                 Efficiency                 |
---------------------------------------------------------------------------------------------------
|   2   | 3.921109041131966455131448652954413841e-69 | 5.525832258844414490937429776884723438e+31 |
|   4   | 5.524342847713749884632939705107218156e-71 | 1.610883016130626625786937468174991455e+30 |
|   6   | 1.968579950953182955812038669535011265e-72 | 2.952772196596372843883630426715499878e+28 |
|   8   | 3.604333041156652707898712494830380690e-10 | 7.550855728552781932943188135860545950e-06 |
---------------------------------------------------------------------------------------------------

Scheme evaluation results:
Order: 8, No. cycles: 17
---------------------------------------------------------------------------------------------------
Vector a: 1.067159524404832139619100024579487748, 0.021674516243581468711162422384302828, 0.196276503005415194004830606934049836, -0.005490724934171564804453379321897827, -0.877989258201008457920681414548282862, 0.463390580244935517534578029883073010, -0.288521636185981374244480277936741995, -0.072933134914833139116461128825256733, 0.496433630337230216216405116851266076
Vector b: 0.186717526720975435350348111759170158, 1.760883995367713408537503825641161827, -1.717534962880550471115178980872132647, 2.110087968891380859124840194740084696, -2.121069418759723988733746953384076175, 0.365090902357707072892384124287469044, 0.561690258132163962176771935478841355, -1.138733530504126710665732491352510715, 0.992867260674460432432810233701992506
---------------------------------------------------------------------------------------------------
| Order |                  Error^2                   |                 Efficiency                 |
---------------------------------------------------------------------------------------------------
|   2   | 2.701947494589065582449879677381835877e-65 | 6.656772341820544254770050692526955566e+29 |
|   4   | 1.975563601164210469977966980051908835e-68 | 8.518415241987023909767480522577981567e+28 |
|   6   | 4.413923083963918872051850688770114284e-70 | 1.971941792012995287588544552275571108e+27 |
|   8   | 3.708732370772651863549715275359516217e-10 | 7.443820319688596393242246908801889967e-06 |
---------------------------------------------------------------------------------------------------

Scheme evaluation results:
Order: 8, No. cycles: 17
---------------------------------------------------------------------------------------------------
Vector a: -0.284229260331074744836552102245644492, 0.552093415430422670070572622721333207, -0.594394460789583099372719297294392606, 0.081117788563286393350805693262155951, 0.990930087035628280153524420174095815, -0.727147616485430339749905739526206196, -0.021848897617455075120098469610395909, 0.944839629056103429535003112614669405, 0.058639315138102485969369759904384865
Vector b: -0.701806433128764306412951378143952279, 0.835154345595379123152798551796615669, 0.269032485265466216988346693646070485, -1.457821406844632415733785288234872935, 1.620056983971205202435396674759185487, 0.361803190100051357871652165588987077, -1.816098423070912037371463644641401588, 1.772400627836001887131266705420608754, 0.117278630276204971938739519808759330
---------------------------------------------------------------------------------------------------
| Order |                  Error^2                   |                 Efficiency                 |
---------------------------------------------------------------------------------------------------
|   2   | 4.711217040759597109196619311084373674e-69 | 5.041219426440901394461189245939700781e+31 |
|   4   | 2.583812089155931415246215682071937546e-72 | 7.448586259502165573030295026792402344e+30 |
|   6   | 1.858031762409354633621469443928721911e-73 | 9.611250683861200315715022434701716614e+28 |
|   8   | 3.710504346795343075093541633219697126e-10 | 7.442042684488322646892788543910493530e-06 |
---------------------------------------------------------------------------------------------------

Scheme evaluation results:
Order: 8, No. cycles: 17
---------------------------------------------------------------------------------------------------
Vector a: -0.467291721785629023905071516952507127, 1.285368856337613123640845555364335865, -0.002764043136622206237824511287451375, -0.730282205601432546972277150152714657, -0.482416698439933943214769521230830915, 0.158535875580229200924460293163852275, 0.935447138842077608073302512958346018, 0.214729796094400677939677936422011795, 0.088673002109297109751656401714958146
Vector b: -0.856704644821620911065413269593803731, 0.778825846071983774320683505283055238, 1.791911866603242472961007605444137859, -1.797439952876486885436656628019038923, 0.336875541673621791492102327714618507, -1.301708938553489677921641370175853455, 1.618780689713948079770561956503384864, 0.252113587970207136376043069413437653, 0.177346004218594219503312803430061988
---------------------------------------------------------------------------------------------------
| Order |                  Error^2                   |                 Efficiency                 |
---------------------------------------------------------------------------------------------------
|   2   | 1.364832332164792221164366607125710343e-67 | 9.366180136593193578163081282704392578e+30 |
|   4   | 1.308878464826573277000930127534078240e-69 | 3.309441079063501802498033854561685791e+29 |
|   6   | 2.584692395997536664543902176946712594e-71 | 8.148957243995255131866059970826722145e+27 |
|   8   | 3.645664430804402492957653697312605511e-10 | 7.507931186226921158918591351849910622e-06 |
---------------------------------------------------------------------------------------------------

Scheme evaluation results:
Order: 8, No. cycles: 17
---------------------------------------------------------------------------------------------------
Vector a: -0.158579975563232060957294678759635750, 0.683267370852294355154005499621352349, 0.317759358565209001294283150480133327, -0.426788867003668977649732673339762042, -0.453774351341793033077586256406724483, 0.377348740024057265128246652488335785, -0.258955925965146809992130774423301650, 0.227905533850025160794295208908088628, 0.691818116582255099305913871431513861
Vector b: -0.723465555445415606853629375356019088, 1.129771159764367091792669393192764943, 0.236763581940221618515341606049942307, 0.398755135190196384073224694910314717, -1.252332869197534339372690041589847515, 0.344784166513948273217517528776400764, 0.409913313534166257038975776200266425, -0.927825165464459877023237325046865151, 1.383636233164510198611827742863042551
---------------------------------------------------------------------------------------------------
| Order |                  Error^2                   |                 Efficiency                 |
---------------------------------------------------------------------------------------------------
|   2   | 3.993554473762580154071521607281516175e-69 | 5.475481940125703875860137832758051562e+31 |
|   4   | 9.559754965050464911403669876415725503e-72 | 3.872406444235250449231062310869593262e+30 |
|   6   | 1.595704863924800533432636233689629829e-73 | 1.037122813046365453306286444811967316e+29 |
|   8   | 3.769766734571476525933715881437361106e-10 | 7.383314874642139881788970603281478097e-06 |
---------------------------------------------------------------------------------------------------

Scheme evaluation results:
Order: 8, No. cycles: 17
---------------------------------------------------------------------------------------------------
Vector a: 1.266755308415692838808267763737943654, -0.021873392326697309843101307570252572, -1.110530152146442494818321403573096978, -0.765373374217564350911889822956937158, 0.702065815922228531016526793673001156, 0.764430854483035331017943535566009778, -1.010199625229880977746199048741212023, -0.018620310080537683404950259918928508, 1.193344875180166115881723749783472566
Vector b: 1.082872444283528026283995709759976781, 0.367765728264329625048544107955386735, -0.411512512917724244734746723095869044, -1.809547791375160744901896084049868852, 0.278801042940032043078116438136189248, 1.125330588904425018954937149209704250, 0.403531120061645643080949921922328837, -2.423930370521407598573348019404527693, 2.386689750360332231763447499566679740
---------------------------------------------------------------------------------------------------
| Order |                  Error^2                   |                 Efficiency                 |
---------------------------------------------------------------------------------------------------
|   2   | 1.428623931475702143098238659330458031e-67 | 9.154680602196995569208124719884835938e+30 |
|   4   | 3.139066255683915841768590804192900948e-70 | 6.757780375324195114525028628288690186e+29 |
|   6   | 7.252939346130632713072096043991247973e-72 | 1.538329785095431240461091188023030281e+28 |
|   8   | 3.785114883718771503971050382570356171e-10 | 7.368330477924230038053326162268513352e-06 |
---------------------------------------------------------------------------------------------------

Scheme evaluation results:
Order: 8, No. cycles: 17
---------------------------------------------------------------------------------------------------
Vector a: -0.057514633274687094523277408109819554, 0.545354563007678365921143188255248064, -0.108501915787169680337976687332663471, -0.489673089289098365758039983441921603, -0.650451175731380450731911080865443020, 0.289702489409707800409010499299119332, 0.706715972531352285234101960921406112, 0.634004162386994271282179721885042533, 0.130363626746602868504769789389031601
Vector b: -0.958776251030564143708586851994953927, 1.802523235511754098370618887770269721, -0.711814109496397366528332511259787941, 0.494810277922058005852379136594458399, -1.474156456500254737368459103478286486, 0.173254105037493835904636941747427506, 0.406150873781921764913384056850781885, 1.007281071280782805554819864992033036, 0.260727253493205737009539578778057808
---------------------------------------------------------------------------------------------------
| Order |                  Error^2                   |                 Efficiency                 |
---------------------------------------------------------------------------------------------------
|   2   | 5.659799424266695229693199556804869863e-71 | 4.599404829705591255722515779516763125e+32 |
|   4   | 1.388143188871660651306100653019085025e-72 | 1.016218697419068539225905156735297266e+31 |
|   6   | 6.718002988686119048088259595882958089e-75 | 5.054595139051966146386232768835791626e+29 |
|   8   | 3.922614149240780582136490275824295974e-10 | 7.238037581023837915613471235163780147e-06 |
---------------------------------------------------------------------------------------------------

Scheme evaluation results:
Order: 8, No. cycles: 17
---------------------------------------------------------------------------------------------------
Vector a: -0.528745395735133236885834126686377442, 0.932818080727218425533970183699562472, -0.036490815212853593860226438324282037, -0.520724004678755721766545627812672036, -0.327678122204948489912694074925265559, -0.556699247529277654439635571726147181, 0.765505139990429627952287272584136515, 1.006288842917423058570463251751697964, 0.265725521725897584808215131439347382
Vector b: -0.723367342873216215796504471824822734, 0.389243894276165957821340690276916778, 1.476392267178270893246599677122186981, -1.549373897603978080967052553770752657, 0.507925888246466637433961298145391058, -1.163282132656363617259349447995912450, 0.049883637597808308380078304543582717, 1.481126642383050947524496240624724276, 0.531451043451795169616430262878686097
---------------------------------------------------------------------------------------------------
| Order |                  Error^2                   |                 Efficiency                 |
---------------------------------------------------------------------------------------------------
|   2   | 1.419930479560028499225429904811205751e-68 | 2.903812807595519102888001031082312109e+31 |
|   4   | 3.499790034614913495548568319696136325e-72 | 6.400049299907328531548839027695833008e+30 |
|   6   | 2.274786026380925166801126292460694764e-73 | 8.686327426493571671374948512579376221e+28 |
|   8   | 4.054401468804987733581083650462802191e-10 | 7.119430482240765862302477395397898608e-06 |
---------------------------------------------------------------------------------------------------

Scheme evaluation results:
Order: 8, No. cycles: 17
---------------------------------------------------------------------------------------------------
Vector a: -0.417424360407554066991883121452170926, 0.573059750013233106435481895729694363, 0.420119991222009530604630465157144059, -0.381515309912669460117479704681561762, -0.823426019499748765404867754934224277, -0.113798906806387940830180528438326924, 0.850372862537772164119735918605156725, 0.790271368218267409005062125560360167, 0.102340624635078023179500704453928586
Vector b: -0.736033803024886228985767576340304799, 0.637218885234664323987768909776277664, 0.508900614791801888883194881683099892, 0.331339367652217172326066048631200311, -1.094369987477556092561025457994326675, -0.552482051521941438248710051874116583, 0.324884237909165556588348994997461459, 1.375861487166378771651122842212846792, 0.204681249270156046359001408907861890
---------------------------------------------------------------------------------------------------
| Order |                  Error^2                   |                 Efficiency                 |
---------------------------------------------------------------------------------------------------
|   2   | 3.622271631530684947003647716355116712e-70 | 1.818074392881067539735121372973366875e+32 |
|   4   | 4.640178819978024719441585310475203488e-72 | 5.558235654619940261031639562530175781e+30 |
|   6   | 6.286892876123156406677322852288094236e-74 | 1.652298244906784724324133988680054626e+29 |
|   8   | 4.111756480274074299869877118738893997e-10 | 7.069601533574118390830382601680180890e-06 |
---------------------------------------------------------------------------------------------------

Scheme evaluation results:
Order: 8, No. cycles: 17
---------------------------------------------------------------------------------------------------
Vector a: 0.438006914491955715224776843026494410, -0.147798167918633358854207676507490403, -0.335295120895282316673418784572723577, -0.201533854042224379053947554426631712, 0.925719629347244387336687803409433649, -0.970475288740501411312994807973590993, -0.050575288050242769927477278374024403, 1.241322417626192422782963799030829265, 0.100628758181491710477617656387703776
Vector b: 1.156969786150333452876372479753752856, -1.437925743316755475303191273454485692, 1.142329407479488757594775920439500601, -1.812919649270053390941613489584955844, 1.409851941185604632833718380731677060, 0.441587317508884141839657226087179452, -2.382537894989886964465646842034405542, 2.281387318889401424610692285286349971, 0.201257516362983420955235312775387137
---------------------------------------------------------------------------------------------------
| Order |                  Error^2                   |                 Efficiency                 |
---------------------------------------------------------------------------------------------------
|   2   | 1.178200446149597945965233351740069759e-68 | 3.187811006787719633055625306875253125e+31 |
|   4   | 1.000731921871710144744754232989423853e-70 | 1.196865746139058091550357743017024170e+30 |
|   6   | 2.641890499797867001624729067405314294e-72 | 2.548878095909049722144134178118260956e+28 |
|   8   | 4.176459903258844931674050332627709422e-10 | 7.014625195944754390893426791020771996e-06 |
---------------------------------------------------------------------------------------------------

Scheme evaluation results:
Order: 8, No. cycles: 17
---------------------------------------------------------------------------------------------------
Vector a: 0.143924251275489525386463432981649003, -0.715991949849221886799362855761912886, 0.664146956360608782036543741542592778, 0.727864653109755529106731861491200644, -1.020473743176172305298822461730288179, -1.544475489828714863153197906357115033, -0.001922713398920592457969814458035326, 1.534983784457243775268673205855825621, 1.211944251049932035910940796436083372
Vector b: 0.995238004221874891154311389543683217, -1.702627505892770731535695913124132995, 0.270643606194326957936970201600574927, 1.057650306526890606136117281484437102, 0.398078999692620452077346441498017534, -2.439026486044965062674991364958423062, -0.649924493612464663631404447756088671, 0.646079066814623478715464818840016055, 2.423888502099864071821881592871915989
---------------------------------------------------------------------------------------------------
| Order |                  Error^2                   |                 Efficiency                 |
---------------------------------------------------------------------------------------------------
|   2   | 4.682963322033657766609990858896803764e-67 | 5.056404149879886001128276621783361816e+30 |
|   4   | 6.281607981951795451076665088738652386e-69 | 1.510667547160942951141176457617421112e+29 |
|   6   | 3.588518462158381574352018968052140771e-70 | 2.187000484588927084364046073040392160e+27 |
|   8   | 4.215165679261301260454063947081805665e-10 | 6.982345009607217181675670494345474393e-06 |
---------------------------------------------------------------------------------------------------

Scheme evaluation results:
Order: 8, No. cycles: 17
---------------------------------------------------------------------------------------------------
Vector a: -0.069960786909164962638735157795179839, 1.007785823450147019942654721392963842, -0.866185306249511895701569646194253744, -0.615765992821691653640764491435086483, -0.254374623646585412988481805115091061, -0.043595759353652155687462291597531758, 0.969637712129515597326315498593885647, 0.705687909987491494907149191641801744, 0.166771023413451968480893980508491519
Vector b: -1.108223962524589411043154260004338312, 2.076526351230848896808838204418312397, -0.060954704330554856923528761632385567, -1.671415908168468934479610530756115071, 0.439883922525085627198081547885962760, -0.948633169818256453175045158116158604, 0.861441651110952141800120574921091909, 1.077833773148079052852510422266669369, 0.333542046826903936961787961016961082
---------------------------------------------------------------------------------------------------
| Order |                  Error^2                   |                 Efficiency                 |
---------------------------------------------------------------------------------------------------
|   2   | 3.402218629915195836473176117586543372e-68 | 1.875949089380116179004909205129115234e+31 |
|   4   | 7.542345990580402646913418081265552163e-72 | 4.359644621720606168342449607248952637e+30 |
|   6   | 2.457847161123529456226835336219970546e-73 | 8.356588850530301806837047618601493835e+28 |
|   8   | 4.876958636850833938771143655499014663e-10 | 6.491336052455224598308390828344668792e-06 |
---------------------------------------------------------------------------------------------------

Scheme evaluation results:
Order: 8, No. cycles: 17
---------------------------------------------------------------------------------------------------
Vector a: -0.084374734073233596396064453319460311, 0.360291815272504815633432101601745700, -0.111129983135174454001435365176048921, -0.197958058259248259565146069711805783, -0.899822264672080202286575535653764408, 0.691792091204760334018351129406211204, 0.886449075899395869624229446861292467, 0.282604867414529031775578213300181902, 0.072147190348546461197630532691648114
Vector b: -1.273461431265091843724430749192633547, 2.378173394383716494656732591746351141, -1.657589763838706863389868388542876112, 1.435329797568357955386997658190784024, -1.831245914086854474517289797614390149, 0.031601384742694069944138726306899893, 1.351982797666826598092563532505494631, 0.420915354131965141155895361217079517, 0.144294380697092922395261065383290643
---------------------------------------------------------------------------------------------------
| Order |                  Error^2                   |                 Efficiency                 |
---------------------------------------------------------------------------------------------------
|   2   | 8.397444405784495712295800182431385416e-69 | 3.775970464269711024998507089257333203e+31 |
|   4   | 8.529667324473019934266087371628345044e-72 | 4.099569637312972474234444344312549805e+30 |
|   6   | 2.726039264144789574164150997375356959e-73 | 7.934881005736051174653166302480113220e+28 |
|   8   | 4.992484223521691817123617601326068985e-10 | 6.415792040195719851494538420081253464e-06 |
---------------------------------------------------------------------------------------------------

Scheme evaluation results:
Order: 8, No. cycles: 17
---------------------------------------------------------------------------------------------------
Vector a: -0.098917999852283780730245349670100224, 1.103420100806162213436508148114757940, -0.839928615593530179647688675319477457, -0.341675013298117709494060499756521021, 0.720040585886089775243964990475247244, 0.329483574038094043024828297271245460, -1.254546774263707836923719766631895015, 0.003534198821585202106968829374582982, 1.378589943455708272983444026142160188
Vector b: -1.189525720735447498148489550007718378, 2.181215441766327434836488400675258457, 0.025624759845996992036527895553910243, -1.705481991033057351331905246192570423, 1.022131964436821932343784246679630167, 0.417949207335357618144145734270862107, 0.241017940740830467905510860271463327, -2.750111489268246141752950393534871686, 2.757179886911416545966888052284036493
---------------------------------------------------------------------------------------------------
| Order |                  Error^2                   |                 Efficiency                 |
---------------------------------------------------------------------------------------------------
|   2   | 1.398631522366628071737048456239037665e-66 | 2.925839516220243733502245646108338379e+30 |
|   4   | 1.393902476957682034537878303349349356e-69 | 3.206919951573122448847086483796323242e+29 |
|   6   | 4.150074743146917845423100399649704822e-71 | 6.431000043221021572026003358624149323e+27 |
|   8   | 5.062264139361350205496948844739525759e-10 | 6.371419904496774842088972192510294048e-06 |
---------------------------------------------------------------------------------------------------

Scheme evaluation results:
Order: 8, No. cycles: 17
---------------------------------------------------------------------------------------------------
Vector a: 0.216837096201642956822032236525749804, 0.247642869303904525504491903195037717, -0.404053493216959422828405372514933394, 0.381230074153464399988511955078139489, -0.627097357159529188325190608505365776, -0.782171032321338000040998364695436693, 0.701934974871351650490673322819064397, 0.958547264876915588718866899729947043, 0.307129603290547489670018028367797436
Vector b: -0.610498352025893028341744786615392928, 1.654670896455071970327554046282275690, -1.159385157847262919318570239892197655, 0.351278171413344073661759494862334093, 0.411181976893584726315264415293946522, -1.665376691212643102965645632304673884, 0.101034626569967102883648902913811572, 1.302835323172736198097697742724301719, 0.614259206581094979340036056735594968
---------------------------------------------------------------------------------------------------
| Order |                  Error^2                   |                 Efficiency                 |
---------------------------------------------------------------------------------------------------
|   2   | 3.622271631530684947003647716355116712e-70 | 1.818074392881067539735121372973366875e+32 |
|   4   | 1.443691025018028119136585668200617196e-72 | 9.964767868865907324414913254521831055e+30 |
|   6   | 1.372873160934983776376793502139049285e-73 | 1.118127333596957432060650162917957458e+29 |
|   8   | 5.116878837724967858369359759456979547e-10 | 6.337326202698263786255671295622062092e-06 |
---------------------------------------------------------------------------------------------------

Scheme evaluation results:
Order: 8, No. cycles: 17
---------------------------------------------------------------------------------------------------
Vector a: 1.010402205774165231452416959275559029, -0.005263259800142569740939729672214629, -0.274802016058832564259342505000004417, 0.077161875738938086283497475695075570, -1.344977354102729978630481838450465236, -0.306179150345649693963153183993625979, 0.646455770591228869301323986301771071, 0.753819114063105712672355347921834523, 0.443382814139916906884323487922069979
Vector b: -0.039077159312503070503519819901637599, 2.098958730173336603911873558354030482, -2.109485249773621743393753017698437365, 1.559881217655956614875068007698471095, -1.405557466178080442308073056308301418, -1.284397242027379514952890620591951126, 0.672038941336080127026584252604516975, 0.620872599846377611576063719998803107, 0.886765628279833813768646975844505693
---------------------------------------------------------------------------------------------------
| Order |                  Error^2                   |                 Efficiency                 |
---------------------------------------------------------------------------------------------------
|   2   | 4.499492547192904926030545849327629836e-65 | 5.158463819671116392735691461740870361e+29 |
|   4   | 9.158873140516974971626759830932098072e-69 | 1.251074847061281986111763053002125549e+29 |
|   6   | 1.678144434875850174393387513335760502e-70 | 3.198098260786341882841504906299289703e+27 |
|   8   | 5.318349126106045193158331245329650400e-10 | 6.216131700671632419116376783115319506e-06 |
---------------------------------------------------------------------------------------------------

Scheme evaluation results:
Order: 8, No. cycles: 17
---------------------------------------------------------------------------------------------------
Vector a: 0.487023037128542728712257806833214142, -0.084745279482595236963306961047522658, -0.389499942931009870120966380254718886, -0.965654239500206403769242292503019472, 0.735097980715229414696706082978332616, 0.971576892932046533605451086127598367, -1.116441161237070043765460918476917592, -0.013353191985367462695896687746290843, 1.375995904360430340300458264089324246
Vector b: 1.184351636072245139645989710338303519, -1.394657197887404821867463807010158146, 1.225166638922214347940849884915107076, -2.004166524784234088182782645424522989, 0.072858045783821280644298060418685414, 1.397337915646637548749114105537708948, 0.545815870217455518461788066717461593, -2.778698192691595605992709903671433326, 2.751991808720860680600916528178848019
---------------------------------------------------------------------------------------------------
| Order |                  Error^2                   |                 Efficiency                 |
---------------------------------------------------------------------------------------------------
|   2   | 2.678162753488527222416616975564319092e-66 | 2.114383077925786421236473971615149902e+30 |
|   4   | 6.684576857522983734719524501558851612e-70 | 4.630920804174843535219378744410711670e+29 |
|   6   | 4.667172244318041792923808526516368987e-71 | 6.064284354894178780582695195312710762e+27 |
|   8   | 5.843529831898511868781196178074357495e-10 | 5.930222608758220812613527017625064735e-06 |
---------------------------------------------------------------------------------------------------

Scheme evaluation results:
Order: 8, No. cycles: 17
---------------------------------------------------------------------------------------------------
Vector a: 0.442414191879088511427381743123702648, -0.008360113521811908528990252406707562, -1.254945123926252846696296847178023256, 0.615076480577491282376138896840077423, 0.711577151937117698278984884577185777, -0.871778630554148897131966806285248026, 0.047593798966904134912751184362588937, 1.188429112142201016977279127961368309, 0.129993132499411008384718069005055724
Vector b: -0.846733697287462987384921932219079549, 2.578295778333102997624607350685273964, -2.595016005376726814682587855498686798, 0.085125757524221121289994161143199793, 1.145027203630761443462283632536739758, 0.278127100243473953095686136617460341, -2.021684361351771747359619749187682188, 2.116871959285580017185122117912840104, 0.259986264998822016769436138009934455
---------------------------------------------------------------------------------------------------
| Order |                  Error^2                   |                 Efficiency                 |
---------------------------------------------------------------------------------------------------
|   2   | 2.183595896277485153177473934611773232e-67 | 7.404845858044152678940729231546355469e+30 |
|   4   | 3.110051492912736138049572785566487701e-70 | 6.789230047733650689521104564882010498e+29 |
|   6   | 1.347625731201445364858777607192825506e-71 | 1.128552648700133739039356029800369453e+28 |
|   8   | 6.594671717370670065167901610472122588e-10 | 5.582285424205027874532224761582008078e-06 |
---------------------------------------------------------------------------------------------------

Scheme evaluation results:
Order: 8, No. cycles: 17
---------------------------------------------------------------------------------------------------
Vector a: -0.159949880534778563357581688286163415, 0.886910271601705060599993759599971950, 0.295736255816072043947829441018294940, -0.600028372619993444499585289002819217, -0.400874986632380587730468544823675247, 0.439011663306481359506565621014546186, -0.354649220271779376734153248969231742, 0.164246337837502371240657456196317885, 0.729597931497171137026742493252758660
Vector b: -0.780279800251390693695263095616099090, 1.240659839433224260675362814659884543, 0.533160703770185860524624704540059069, 0.058311807861958227371034177496386163, -1.258368553101945116370204755501907609, 0.456618579837183940909267665854579840, 0.421404746775778778103863576174467947, -1.130703187319337531572170074112892335, 1.459195862994342274053484986505521558
---------------------------------------------------------------------------------------------------
| Order |                  Error^2                   |                 Efficiency                 |
---------------------------------------------------------------------------------------------------
|   2   | 1.392129544788030492257176908588180230e-67 | 9.273898364140188488619608039475506836e+30 |
|   4   | 6.906723984925451522484982584163442755e-72 | 4.555837910983606899322100463723960938e+30 |
|   6   | 1.347420415571182184480669484104032591e-73 | 1.128638628053555689434941304441302032e+29 |
|   8   | 6.936374837046666078062534293824757725e-10 | 5.443050352874296660382221740996721429e-06 |
---------------------------------------------------------------------------------------------------

Scheme evaluation results:
Order: 8, No. cycles: 17
---------------------------------------------------------------------------------------------------
Vector a: -0.824156759318134766495013423868203445, 1.237920705638777711788659407815208951, -0.010644264315238034273648249832049514, -0.653116937122898644315461388969716169, 0.680754822888048015780310581900221326, -0.784063921397345004624174379979374800, 0.074672013188683798971426257451451465, 1.134163423661700914375826704415728650, 0.144470916776406008792074491066733570
Vector b: -0.869806541560469954449700686563953458, 0.091299564484670375909374525391112528, 2.384541846792885047667944290239905301, -2.405830375423361116215240789904012436, 1.099596501177563827584318011964314897, 0.261913144598532203976303151836166995, -1.830040987393222213224651911795083813, 1.979385013770589811167504426698019436, 0.288941833552812017584148982133530503
---------------------------------------------------------------------------------------------------
| Order |                  Error^2                   |                 Efficiency                 |
---------------------------------------------------------------------------------------------------
|   2   | 3.166770973865701314917939016023460786e-68 | 1.944436789222104975261153353258700391e+31 |
|   4   | 1.120061317264872123911567611218482094e-70 | 1.131314660738303289899544555804617920e+30 |
|   6   | 5.154330078752564829823273156237698511e-72 | 1.824821370225821250579507258141639900e+28 |
|   8   | 7.185998231531112353545761046553207550e-10 | 5.347675867270369363133897985495073715e-06 |
---------------------------------------------------------------------------------------------------

Scheme evaluation results:
Order: 8, No. cycles: 17
---------------------------------------------------------------------------------------------------
Vector a: -0.539992667614410615948765816407612814, 0.510279569722970801129730124349596494, 0.869658499479954654847335384223532622, 0.646454691730734520922057283516391508, -0.651798428698643263001117975111507903, -1.252731963861023936112915890754108438, 0.171949502055730970517403277062601794, 1.008841000445529734805793491071293765, 0.237339796739157132840480122049812901
Vector b: -0.825686596076422241489330016367290169, 0.571387856924023251081128399919430206, 0.449171282521918351178331848779677607, 1.290145716437990958516338919667243530, 0.002763667023478083327775647366349944, -1.306360524420764609330011597590168067, -1.199103403301283262895820183917866039, 1.543002407412745203930626738043049550, 0.474679593478314265680960244099573416
---------------------------------------------------------------------------------------------------
| Order |                  Error^2                   |                 Efficiency                 |
---------------------------------------------------------------------------------------------------
|   2   | 9.812960241793596189242069391588283368e-68 | 1.104592620820922205272761854255758789e+31 |
|   4   | 2.656435703216173822767799607610673178e-70 | 7.346063196580076866412298938172073975e+29 |
|   6   | 3.558234799286013874485755687196083569e-72 | 2.196287401572839224828062329739749527e+28 |
|   8   | 7.643523210922404387981199976064904089e-10 | 5.185156090201229544530556633373356336e-06 |
---------------------------------------------------------------------------------------------------

Scheme evaluation results:
Order: 8, No. cycles: 17
---------------------------------------------------------------------------------------------------
Vector a: -1.114753985887498413238767688957173540, 1.065267132982062101683554160001034771, 0.600390331525648508570165536533130302, -0.100823675192321729032804486594174333, -0.499619865855418925553633706384053490, -0.766083809267236400164696934115243004, 0.653970917236251809350501663314842327, 0.864156308744545089573787695612842304, 0.297496645713967958811893760588794662
Vector b: -1.125031914534098124119680869808730352, 0.020555857293199421761826361703250138, 2.109978408670924781605281958298680126, -0.909197745619627764464950885232448603, 0.707550395234984306399341912044104175, -1.706790126945822157506609324812181689, 0.174622508411349357177215456581679745, 1.133319326061154261523787870048042899, 0.594993291427935917623787521177603576
---------------------------------------------------------------------------------------------------
| Order |                  Error^2                   |                 Efficiency                 |
---------------------------------------------------------------------------------------------------
|   2   | 4.336764710850112552800117228406163484e-68 | 1.661572237213253198900647659654662305e+31 |
|   4   | 1.425783065902184278761384528977914287e-71 | 3.170863803165390635378576708941664551e+30 |
|   6   | 2.035565203190845019145828201239669581e-72 | 2.903781691072962956603807932748532867e+28 |
|   8   | 8.659411623406744687394732658392590575e-10 | 4.871519405188143199764687718368343084e-06 |
---------------------------------------------------------------------------------------------------

Scheme evaluation results:
Order: 8, No. cycles: 17
---------------------------------------------------------------------------------------------------
Vector a: -0.181364401174848251061309250797507248, 0.884390302464723557526877597866265862, -1.055015182551697475848463368308986632, 0.202732387382753543141930406238345186, 0.119770945089417603373284334350007722, -0.848552544006796185180671171101461614, 0.629622346497517044248252510226379069, 0.863833742423342129737421050486071596, 0.384582403875588034062677891040886131
Vector b: -1.204807776528046090451115766978454242, 2.046886750706395678779613032361894085, -0.278106145776948563725857836629347723, -1.831924219326446387971068899988638445, 2.237388994091953474254929712465328865, -1.997847103913118267508361043765312746, 0.300742015899525897147018701562381285, 0.958502677095508191349486318890372953, 0.769164807751176068125355782081776017
---------------------------------------------------------------------------------------------------
| Order |                  Error^2                   |                 Efficiency                 |
---------------------------------------------------------------------------------------------------
|   2   | 1.313073466429873293288822297178729808e-69 | 9.548994528112749768801413720737028125e+31 |
|   4   | 3.379961468679267057482407610329408221e-71 | 2.059436662149036620448809919995943604e+30 |
|   6   | 1.281564367673373783534904956342013151e-72 | 3.659622253435853642089625303760371780e+28 |
|   8   | 8.860490551764119588796863907415767693e-10 | 4.815925340191835512678751246680646414e-06 |
---------------------------------------------------------------------------------------------------

Scheme evaluation results:
Order: 8, No. cycles: 17
---------------------------------------------------------------------------------------------------
Vector a: -0.212166483763484163243180190952717568, 0.130097325104631537934912485629108148, 0.265972696586403115058492337562155571, 0.115628939920212470023928471249440344, -0.492386358117951695252647081764437930, 0.982859468880268891039383002756763606, -0.152344632301196781796818859827824006, -0.095993632020395031222849612641420173, 0.458332675711511657458779447988932068
Vector b: -1.265184203769435735550748693987807082, 2.106035440011903144615137006070165064, -1.845840789802640068745312034811945735, 2.377786182975446298862296709936270552, -2.146528303135021358814439767437379439, 1.161755586899117968309145603908468816, 0.803963350861419813769620401605071685, -1.108652615463813377363258121260730915, 0.916665351423023314917558895977887054
---------------------------------------------------------------------------------------------------
| Order |                  Error^2                   |                 Efficiency                 |
---------------------------------------------------------------------------------------------------
|   2   | 3.595104594294204809901120358482453337e-69 | 5.770937783607237555636444524523433594e+31 |
|   4   | 2.179907122002719334561521391800625658e-71 | 2.564397349585438561624315153824049805e+30 |
|   6   | 1.272699745471970356179037681140092109e-72 | 3.672345157944836853973500438771375275e+28 |
|   8   | 9.010151538095114554962306709401847465e-10 | 4.775760963436823273914735260529055281e-06 |
---------------------------------------------------------------------------------------------------

Scheme evaluation results:
Order: 8, No. cycles: 17
---------------------------------------------------------------------------------------------------
Vector a: -0.545290530522765893163110310940126003, 0.497699203713152977537974766279464524, -0.430210898839732275321295369295919093, 0.173767049880582065354204146284035935, 1.059930752575172986429308171635405526, 0.883057194877919778364124654473633736, 0.614923964542235614748127378222170257, -0.628609820845740129464733564407284669, -0.625266915380825124484599872251380165
Vector b: -0.851827255251829383583140005259912445, 0.613073449458126980840059388639476683, 0.382324957968178974235890143919567440, -1.242746755647643524878480882511475345, 1.590280855408807655586889175079573311, 0.529580649741538317271727168191494949, 1.236533740014301239456522140756666827, -0.006685810929830009960267384311527399, -1.250533830761650248969199744503864272
---------------------------------------------------------------------------------------------------
| Order |                  Error^2                   |                 Efficiency                 |
---------------------------------------------------------------------------------------------------
|   2   | 4.359335085386180250704896957326772216e-65 | 5.240732958760630206337590646875117188e+29 |
|   4   | 4.021994965869520297600729935054460646e-69 | 1.887919851699411247884349561185439148e+29 |
|   6   | 1.925979239764246194352426549795003558e-70 | 2.985249752206630482935137997785731316e+27 |
|   8   | 9.260838534102460742467108594815297624e-10 | 4.710678585410286320106461148881936328e-06 |
---------------------------------------------------------------------------------------------------

Scheme evaluation results:
Order: 8, No. cycles: 17
---------------------------------------------------------------------------------------------------
Vector a: -1.058585637668571188445670061154832507, 0.972056429175448626479477622489876958, 0.195435263395728249743013433439330899, -0.666167995633034885843553143809380832, -0.305633639500446639309492969099015975, -0.050522753512656221982918536939962038, 0.865662560737713650307022537316634810, 0.769095289671013214590073270765819471, 0.278660483334805194462047846991529201
Vector b: -1.048921939401541466486158425012732711, -0.019327396534059443919023272284355558, 1.963440254884956696877978517264256841, -1.572569728093500197391951650385578240, 0.240233736827430425704845362766744378, -0.851501015828323704323831300964780445, 0.750455508803011260357994227084842961, 0.980869612672416040256050847548535667, 0.557320966669610388924095693983067261
---------------------------------------------------------------------------------------------------
| Order |                  Error^2                   |                 Efficiency                 |
---------------------------------------------------------------------------------------------------
|   2   | 1.324393065278406683748208696292339548e-67 | 9.508099288680942147018417532155030273e+30 |
|   4   | 2.272984292222105220956085337637143245e-71 | 2.511343372443267994662660639857273926e+30 |
|   6   | 7.521899810923666421756304416357216771e-73 | 4.776862049211476439067689618237767029e+28 |
|   8   | 9.572182804898827156824919411994423972e-10 | 4.633435662300881525273667128079416608e-06 |
---------------------------------------------------------------------------------------------------

Scheme evaluation results:
Order: 8, No. cycles: 17
---------------------------------------------------------------------------------------------------
Vector a: -0.067211209338797887025604877488768019, 0.527266263374912567514377149704507679, -0.511914054549804600363247454746507023, 0.479008692251959359044709855348591358, -0.528847392633860823460759622285820041, -0.897265236554161713770436925682578412, 0.747386635353838554565549051760967430, 0.982717122929459960532120252873821562, 0.268859179166454582963292570515785455
Vector b: -1.183453684004340346641540664488677824, 2.232484949331084919231871573999822331, -1.177952422581259784203117274590811788, 0.154124313481650583476622365097810116, 0.803893071022268134612797345599360514, -1.861587856289989781534316590170999055, 0.067057383181666353993442738805848659, 1.427715887526010755137655364716081265, 0.537718358332909165926585141031565806
---------------------------------------------------------------------------------------------------
| Order |                  Error^2                   |                 Efficiency                 |
---------------------------------------------------------------------------------------------------
|   2   | 4.573117934807489745592105241898334849e-69 | 5.116770715872540513193386866311418750e+31 |
|   4   | 2.983996594895608809186293531960755021e-71 | 2.191821349518592787140462769321566406e+30 |
|   6   | 2.784133416396693992359942979999507064e-73 | 7.851659370022734848276894473968974304e+28 |
|   8   | 9.730383560358101768570812068834698342e-10 | 4.595615113041970225282999905153395553e-06 |
---------------------------------------------------------------------------------------------------

Scheme evaluation results:
Order: 8, No. cycles: 17
---------------------------------------------------------------------------------------------------
Vector a: 0.699392260243902113803103532811866999, 0.074268426840465181402839037406667929, -2.076660955502775945307429431825349233, -0.000438366504302993626064924121043573, 0.772315479190476730557416253620373626, -0.310836206766372016047874722827229211, 0.643009348707927877577631724103964728, 0.757193657621178085511775143563890871, 0.441756356169500966128603387266857737
Vector b: -0.040375022381936514481349068047374575, 1.479534565251677256568905201718302376, -1.330997711570746893763227126905404090, -2.822324199434804996851631736743642506, 2.821447466426199009599501888501565438, -1.276816508045245548484669381262668427, 0.655144094512501516388919935609901935, 0.630874602903354238766343512596708547, 0.883512712339001932257206774532611242
---------------------------------------------------------------------------------------------------
| Order |                  Error^2                   |                 Efficiency                 |
---------------------------------------------------------------------------------------------------
|   2   | 3.716701355147384679024075209402321521e-64 | 1.794830017457246809446466787964815979e+29 |
|   4   | 7.772398265959982932906724212438624357e-68 | 4.294640263104280267174556064913339233e+28 |
|   6   | 2.448424494134260020735751801131451705e-69 | 8.372653413937506146100569566863089800e+26 |
|   8   | 9.898702297579058457916737197952114106e-10 | 4.556375389551832972211761690128230642e-06 |
---------------------------------------------------------------------------------------------------

Scheme evaluation results:
Order: 8, No. cycles: 17
---------------------------------------------------------------------------------------------------
Vector a: 0.252333859219594069268406522536452174, -0.318662399553044718824963205258022768, 0.645800652085748072039776108805705584, -0.649519846322685487478438200222197537, -1.163166096931309162408300155898202725, -0.012206384251854084183687272788032949, 1.083447548499150985350053114702931497, 1.012191307210142285456047509914576660, 0.149781360044258040781105578206790115
Vector b: 0.936394645834884010062082336707304274, -1.368121573230579881587351628341720571, 0.730796774124490443937425217825681101, 0.560804530047005700142126999785704356, -1.859844222692376675099003400230068230, -0.466487971170241649717596911566111838, 0.442075202666533481350222365990051667, 1.724819894331768489349883863415586956, 0.299562720088516081562211156413572334
---------------------------------------------------------------------------------------------------
| Order |                  Error^2                   |                 Efficiency                 |
---------------------------------------------------------------------------------------------------
|   2   | 1.920256748665204357530308745632756247e-68 | 2.497022796192733492325695036080462891e+31 |
|   4   | 4.495892624694350814196330452633024652e-71 | 1.785650045870277888267318687476177002e+30 |
|   6   | 1.887502352361719831174961835375873444e-72 | 3.015523525496483874727550637662508392e+28 |
|   8   | 1.021390356362693828390526463259618430e-09 | 4.485519535161168385590460473767036621e-06 |
---------------------------------------------------------------------------------------------------

Scheme evaluation results:
Order: 8, No. cycles: 17
---------------------------------------------------------------------------------------------------
Vector a: -0.903980238191694951485005226324241662, 0.304133927185686397417129036305292217, 0.651650621090858468066393217290627431, 0.648139659599815746485210858000090493, -0.691956242506519790013953610182326712, -0.697454815179648715594306601254111934, -0.105673743581822715494647700554448146, 0.784013179002889082140235673363353446, 1.011127652580436478478944353355764942
Vector b: -1.077663901217485020896537932829313057, 0.347367326051580138823065413010145630, 0.260900528319792656011192659600402885, 1.042400713861924280121593774980821017, 0.253878605337707212848827941019412835, -1.637791090350746792876735161384120860, 0.242881459991449361688121958875988016, -0.454228947155094792677417359984905711, 2.022255305160872956957888706711569172
---------------------------------------------------------------------------------------------------
| Order |                  Error^2                   |                 Efficiency                 |
---------------------------------------------------------------------------------------------------
|   2   | 2.588036142830250769245827651404255575e-68 | 2.150883998710900981252319156215877344e+31 |
|   4   | 2.551956026930125639245445553682662968e-70 | 7.494932417373892188250612770658806152e+29 |
|   6   | 4.155570105873691532226605324917189537e-72 | 2.032315666563473307193550909974890137e+28 |
|   8   | 1.145984465861838310251634636794679452e-09 | 4.234666991033394554244655465489308668e-06 |
---------------------------------------------------------------------------------------------------

Scheme evaluation results:
Order: 8, No. cycles: 17
---------------------------------------------------------------------------------------------------
Vector a: -0.528552971186829803328015899141240871, 1.062421186331302461234632659630707670, 0.761018481750888104707682634943877222, -0.761356194072204934008363577417778131, -0.553662630117520173799293992506683663, -0.400157475718631964125028596930755583, 0.173464029537996791849936751351039758, 1.016219477236700326897508442566372528, 0.230606096238299190570941577504461214
Vector b: -0.834253987554331779997497855697123782, 0.611402032735003953338963913111728363, 1.513440339927600969130301406149742541, 0.008596623574175240285063863737988346, -1.531309011718585108301791018573522907, 0.423983751483544760703203033560145615, -1.224298702920808688953260227421686488, 1.571226761996802272653133730123778909, 0.461212192476598381141883155008949391
---------------------------------------------------------------------------------------------------
| Order |                  Error^2                   |                 Efficiency                 |
---------------------------------------------------------------------------------------------------
|   2   | 4.471920721101601234885190833822663776e-68 | 1.636270532938666502742153417014517383e+31 |
|   4   | 7.132673790066098496107890785220262169e-71 | 1.417679741533092283901695467397203369e+30 |
|   6   | 1.396209910062653555989000592305932024e-72 | 3.506155017397532351176986318520835114e+28 |
|   8   | 1.195284194160982896577957579112947609e-09 | 4.146417613319082087065998924707819935e-06 |
---------------------------------------------------------------------------------------------------

Scheme evaluation results:
Order: 8, No. cycles: 17
---------------------------------------------------------------------------------------------------
Vector a: -0.558338077576884802574476698931929260, 0.120735797407006809532656235025370456, 0.596889470252561187328121031054337778, 0.524277157621711944440517780317902853, -0.335373354192271704909615482830634635, -0.626235523798754215034262617901254001, -0.518974382410939331524865269055684357, 1.140941001944263610942926524062306513, 0.656077910753306501798998498259584690
Vector b: -1.319436866348456299763675843008683155, 1.522197577543142994378398288153477552, -1.280725982729129375313085818102737483, 2.474504923234251749969327880211436343, -1.425950607990827861088292319575596548, 0.755203899606284451269061353914327759, -2.007674947203792881337586589716850687, 0.969726182381914218287856051605448654, 1.312155821506613003597996996519177468
---------------------------------------------------------------------------------------------------
| Order |                  Error^2                   |                 Efficiency                 |
---------------------------------------------------------------------------------------------------
|   2   | 1.261274982098984498546670134834851639e-67 | 9.743102389457335165258614614218937500e+30 |
|   4   | 1.243829357848610443838044558850945228e-70 | 1.073554045674872545925502611606691528e+30 |
|   6   | 3.442010288657588807185210019205061677e-72 | 2.233059986530342181096762882645800018e+28 |
|   8   | 1.232394724286246734244901220943507792e-09 | 4.083510848765663450257967572482050035e-06 |
---------------------------------------------------------------------------------------------------

Scheme evaluation results:
Order: 8, No. cycles: 17
---------------------------------------------------------------------------------------------------
Vector a: -0.226045148619991733823841200654470092, -0.478929898846572969162750066906874624, 0.197552384368981820605302479916593104, 0.277742788629216368232170026135425634, -0.567341620911604431456070545540722587, 1.496545966732226014651041982080109943, -0.112726438754882108180403462824428601, -0.417130798069922975493152079547924675, 0.830332765472550014627702867342291838
Vector b: -0.756456116889892876454619723521544586, 1.060821936539802285261557045734129970, -2.018681734232948223587057179547741898, 2.413786502970911864797662139381058587, -1.858300925712479128333322087110310839, 0.723617683889270265421180996028665657, 2.269474249575181763880902968131442043, -2.494927127084945980241709893780378617, 1.660665530945100029255405734684679587
---------------------------------------------------------------------------------------------------
| Order |                  Error^2                   |                 Efficiency                 |
---------------------------------------------------------------------------------------------------
|   2   | 3.162976644331672922435952695040578801e-66 | 1.945602719841620666549287554787125000e+30 |
|   4   | 3.268854742090781600932317085435959497e-69 | 2.094143814367862427745544958087088318e+29 |
|   6   | 4.414126460335785999288750646490013319e-71 | 6.235683819686848387055049504130207062e+27 |
|   8   | 1.231649665762177285314061005269588945e-09 | 4.084745775658315630781119176679901234e-06 |
---------------------------------------------------------------------------------------------------

Scheme evaluation results:
Order: 8, No. cycles: 17
---------------------------------------------------------------------------------------------------
Vector a: 0.386234883856921102983630391602698253, 0.029571761403911463410668970896267760, -0.560639609985948290968296517999166912, 0.574687961702237278487584674971379433, 0.425514658464486469623577902368509735, -0.797672256492191362813116866972150572, -0.982717313285962728408347291487302824, 0.962008695221445676472616234195201752, 0.963011219115100391211682502424563318
Vector b: -0.537192323670806111115506026181478615, 1.846854415055454428198272835568351714, -1.787710892247631501376934893775811747, 0.666431672275734919440341857777476671, 0.482944251128739637534827492165314648, 0.368085065800233301712328312571655374, -1.963429578784616027338562046515946070, -0.002005047787309429478132536458695252, 1.926022438230200782423365004849133184
---------------------------------------------------------------------------------------------------
| Order |                  Error^2                   |                 Efficiency                 |
---------------------------------------------------------------------------------------------------
|   2   | 8.064648199637614032789840048491259068e-69 | 3.853092576078460740284329707300351172e+31 |
|   4   | 3.522838241254749549364799415547578032e-71 | 2.017241821826551864834233304938325928e+30 |
|   6   | 6.727491641535694885743659670837840387e-72 | 1.597275713571083010480247197476670265e+28 |
|   8   | 1.244456024951339120255085267538540497e-09 | 4.063673919220345216557076241679569205e-06 |
---------------------------------------------------------------------------------------------------

Scheme evaluation results:
Order: 8, No. cycles: 17
---------------------------------------------------------------------------------------------------
Vector a: -0.081663686303211099312976605277373472, 1.207354938744969476990781508226754893, -0.993751905036269373341068814800952083, -1.646896758079200998785169718911772241, -0.001370848250296515778881847281344065, 0.762078697831710925874540139234738068, 0.708402145113251367766993601611669934, 0.827783438598092486949748428377268890, 0.218063977380953729636033308821010115
Vector b: -1.300640634191143782059800713854291990, 2.437953895775865365493648217153897172, -0.023244018285926411512085200701804420, -1.964259791786612335170052428898838389, -1.329533724371789662400287008924152582, 1.326792027871196630842523314361459512, 0.197365367792225220906556964108638603, 1.219438922434277514627430239113469923, 0.436127954761907459272066617641622429
---------------------------------------------------------------------------------------------------
| Order |                  Error^2                   |                 Efficiency                 |
---------------------------------------------------------------------------------------------------
|   2   | 6.094682564588960144396181869790997010e-66 | 1.401608142649702258170591231714678711e+30 |
|   4   | 9.288460438741181250608493111722160823e-70 | 3.928551462776835845595216525512949829e+29 |
|   6   | 8.107920967545408418938923484666091435e-71 | 4.600994545060638916701433963468140602e+27 |
|   8   | 1.263402825278436606738810697716688685e-09 | 4.033088082615366459270705030181157302e-06 |
---------------------------------------------------------------------------------------------------

Scheme evaluation results:
Order: 8, No. cycles: 17
---------------------------------------------------------------------------------------------------
Vector a: -0.072818303130043176007158816776503148, 1.093972994561666380755595783472491665, -0.551401778597069466443427358178809506, -0.122384832764354730782312396773522352, -0.425765519149942858595657013367736153, -0.818044232272554018791445207582813428, 0.662889361154246667331092501253073934, 0.922498951995260794698994182226652566, 0.311053358202790407834318325727166361
Vector b: -1.152085763040036851761664722685660115, 2.158534919819987351509011811818316390, 0.029411069303345410002179755126676810, -1.132214626497484342889034471484307330, 0.887444960968774881324409677937265876, -1.738975999268660598515723704672742611, 0.102887534723552560932833289507143308, 1.222891187584940773729351712998976646, 0.622106716405580815668636651454331086
---------------------------------------------------------------------------------------------------
| Order |                  Error^2                   |                 Efficiency                 |
---------------------------------------------------------------------------------------------------
|   2   | 2.037527792736010282689551840449753151e-69 | 7.665674716175985426204192965861271875e+31 |
|   4   | 4.745609165698617699428301894016270766e-71 | 1.738034249738184102533734353937760986e+30 |
|   6   | 3.435192910694210619932999760210741827e-73 | 7.068559309057733694151927982223953247e+28 |
|   8   | 1.264454773604659023224184179227395543e-09 | 4.031410093370822161559367906545687815e-06 |
---------------------------------------------------------------------------------------------------

Scheme evaluation results:
Order: 8, No. cycles: 17
---------------------------------------------------------------------------------------------------
Vector a: 0.367767672851202705056085018226637188, 0.910655209771632286152116318616499153, -0.876022565517086213762882381750043109, -0.575191745076905137048237894568712101, 0.597373602712200935698454409567164433, 0.462855892716116411418496886040552753, -0.797020436019504985530973074147478872, -0.025833851521114010596973878262194083, 0.935416220083458008613914596277574693
Vector b: -0.544971011779459099850802863652225275, 1.825477369261323609813775763757753525, -0.004166949718059037509543126524833399, -1.747878181316113390016221636975183857, 0.597494691162303115919745847837802026, 0.597252514262098755477162971296485336, 0.328459271170134067359830800784587525, -1.922500143209144038421776949079480461, 1.870832440166916017227829192555094689
---------------------------------------------------------------------------------------------------
| Order |                  Error^2                   |                 Efficiency                 |
---------------------------------------------------------------------------------------------------
|   2   | 5.587353991636081530753126602477767529e-69 | 4.629126656467702765924108583128070312e+31 |
|   4   | 6.418787370497459476706354012996710419e-71 | 1.494437716695157403225190878247378662e+30 |
|   6   | 2.812022843224302114472050030046438104e-72 | 2.470569351895666192915173600934988022e+28 |
|   8   | 1.297772572903138417532225881456827168e-09 | 3.979324293031350741153927144838752143e-06 |
---------------------------------------------------------------------------------------------------

Scheme evaluation results:
Order: 8, No. cycles: 17
---------------------------------------------------------------------------------------------------
Vector a: -0.358307409666106886722024637028427347, 0.827095466908530923820287562381226117, -0.836761579545976390842150050968089242, 0.156021185221313522276151567559280079, 1.148154195685296994612243167668318506, -0.572446071856804058310967475159440166, -0.459988870744609650900180045003136407, 0.648933123225652211087020664487998967, 0.447299960772703334979619246062269492
Vector b: -1.119207406997385197744984638538155802, 1.521799994662556622045920003019461435, 0.132390939154505225594655121743003366, -1.805914098246458007278955223679189119, 2.117956468689085051831258358797747351, 0.178351922681508937393227976538869175, -1.323244066395117054015162926857735134, 0.403266324905897752214802836851461117, 0.894599921545406669959238492124537636
---------------------------------------------------------------------------------------------------
| Order |                  Error^2                   |                 Efficiency                 |
---------------------------------------------------------------------------------------------------
|   2   | 2.182418657997237680569697749103957819e-69 | 7.406842746387104076366639881738988281e+31 |
|   4   | 9.453633725845464375846922384725634193e-72 | 3.894080530172086616665737020331126953e+30 |
|   6   | 5.452121160938061572564221260384177254e-73 | 5.610786230273745925856474667175257874e+28 |
|   8   | 1.334246248631299900163881461732199580e-09 | 3.924556933471247959112014630516417370e-06 |
---------------------------------------------------------------------------------------------------

Scheme evaluation results:
Order: 8, No. cycles: 17
---------------------------------------------------------------------------------------------------
Vector a: -0.212921880238796536105178718100683025, 0.964448636610292760299894840555508561, -0.827156481125850322257463635372481125, 0.085424816017144606660549774941567635, 0.315347948192200594690243474142487485, -0.550189574636699162056236775403580718, 0.603247877220489974388094491809811420, 0.533235125504575620640527352387058348, 0.088563532456642463739569195040311491
Vector b: -1.065838006990627651089470384960994260, 1.705832253503662229968583333720608315, 0.223065019716923290631206347390523760, -1.877377981968623935146133618135574819, 2.048227614002913148467233168018716684, -1.417531717618511959086746219733714462, 0.317152568345113634974272668926520237, 0.889343186095866313801916314693132119, 0.177127064913284927479138390080782450
---------------------------------------------------------------------------------------------------
| Order |                  Error^2                   |                 Efficiency                 |
---------------------------------------------------------------------------------------------------
|   2   | 3.293012800023969952016245832137993408e-67 | 6.029835271177157811251994184989169922e+30 |
|   4   | 2.226673701962266771096913564408062382e-71 | 2.537324567513702252933994230384177246e+30 |
|   6   | 4.429564331027604965107533579991462292e-73 | 6.224808065798131538918690832643137360e+28 |
|   8   | 1.381242426539997184471236644657700435e-09 | 3.857213464441006882243144436657377722e-06 |
---------------------------------------------------------------------------------------------------

Scheme evaluation results:
Order: 8, No. cycles: 17
---------------------------------------------------------------------------------------------------
Vector a: 0.735678684676947117849750937945475577, -0.067234446139092391083128713192318614, -0.835239175922214015865225572308134489, -0.047393118924549641105331409245492011, 1.165967306247157715185391748522252476, -0.763408652015697504673124515559284252, -0.333514949736016805885582857338854611, 0.833701032069210581630606185501586988, 0.311443319744254943946644195674768935
Vector b: 1.088670370020257910461956904991066236, -0.705983370686621585224411934091141162, 0.571514478408436803058154507706504200, -2.241992830252864834788605652322819399, 2.147206592403765552577942833831843876, 0.184728020090549877792840663212690062, -1.711545324121944887139089694331305655, 1.044515424649911275367923979653633217, 0.622886639488509887893288391349528818
---------------------------------------------------------------------------------------------------
| Order |                  Error^2                   |                 Efficiency                 |
---------------------------------------------------------------------------------------------------
|   2   | 2.660558513359288093574179247662833225e-68 | 2.121366712715181184751915308078920312e+31 |
|   4   | 1.079894151868385658181110673250522924e-70 | 1.152162457358321456850385093064444336e+30 |
|   6   | 8.181060773496596841816808588755371518e-73 | 4.580381609711342290673498259603236389e+28 |
|   8   | 1.418451490920898684060435705203439727e-09 | 3.806285713809195211191885496361409950e-06 |
---------------------------------------------------------------------------------------------------

Scheme evaluation results:
Order: 8, No. cycles: 17
---------------------------------------------------------------------------------------------------
Vector a: -0.585023399837644374509176476610503177, 0.419270797151110643704080207811850030, 0.576425080676055515848575974987808288, 0.515179175087610512953595037435606496, -0.544333748996638776235395851048325400, -0.485294950772658637016679731900546379, -0.163603204410717082182135770280621315, 0.473963396171663314181359183212123542, 0.793416854931218883255777426392607963
Vector b: -0.846236835275451667644709393118058904, 0.522426870875614586271065833015115693, 0.316114723426606701137094582608569009, 0.836735437925504330560057367367055992, 0.193622912249716695347132707504152450, -1.282290410242994247817924409600801348, 0.311700508697676973784564945799728908, -0.638906917519111138148836486360981071, 1.586833709862437766511554852785219393
---------------------------------------------------------------------------------------------------
| Order |                  Error^2                   |                 Efficiency                 |
---------------------------------------------------------------------------------------------------
|   2   | 3.588312834985084775625488519014287493e-69 | 5.776396657080910572370031578474692969e+31 |
|   4   | 1.800523691844842419946149109008549225e-71 | 2.821661381901129825970789272486349121e+30 |
|   6   | 3.505593539883936962336827948147938194e-73 | 6.997222625825075784240791303181983185e+28 |
|   8   | 1.420753701926612666460915277251432491e-09 | 3.803200581741035379177519660504559711e-06 |
---------------------------------------------------------------------------------------------------

Scheme evaluation results:
Order: 8, No. cycles: 17
---------------------------------------------------------------------------------------------------
Vector a: 0.152897918638124040501618713546973566, -0.659989834271758191198538130275893722, 0.704166391160176981940652538477649927, 0.679764081702380605903110072975520539, -1.020891205986907598013937689285731479, -0.446567621450110870244471596219527007, -0.005619265986587045181622914224312051, 0.430688757204162658896446109515125476, 1.165550778990519417396742895490194664
Vector b: 0.992209233630651593286907088009673168, -1.678622629985055105570576748925405271, 0.358642961441538723173500488373601699, 1.049689820878815240707804588581747315, 0.309838342525945971098415557369186584, -2.351620754499761167126290935940530616, 1.458485511599539426637347743501419787, -1.469724043572713517000593571950042753, 2.331101557981038834793485790980350038
---------------------------------------------------------------------------------------------------
| Order |                  Error^2                   |                 Efficiency                 |
---------------------------------------------------------------------------------------------------
|   2   | 4.207721283976831901563112278511012451e-67 | 5.334315208090437648569360908073204102e+30 |
|   4   | 1.965453784442614085623927502343566136e-70 | 8.540295470575671249724488575509405518e+29 |
|   6   | 1.527668318406964458569658923744001143e-71 | 1.059966002058646905438283174053670883e+28 |
|   8   | 1.449282586889889666282429687728664877e-09 | 3.765581848785103394840670480617223035e-06 |
---------------------------------------------------------------------------------------------------

Scheme evaluation results:
Order: 8, No. cycles: 17
---------------------------------------------------------------------------------------------------
Vector a: -0.578339161059303615439261548116522985, -0.272251834024637643439656642591643798, -0.079134699468577265545575648726107693, 0.853873418645911126103153319041723307, -0.298348493458280480479403782328640608, -0.690219896929506134279662454203304842, 0.782337923862359475619046417722862586, 1.067508774738432049060832668030597739, 0.214573967693602488400527671171036246
Vector b: -0.917820924860398794889333780554740478, 0.678963527602190358900144464876485637, -1.223467195651465645779457750059764760, 1.065197796714311114688306452607554477, 0.642549040577511137518000185475834167, -1.239246027494072098476807750133090924, -0.141193766364940170082517158273467820, 1.705869614089659121320609993719129918, 0.429147935387204976801055342342059782
---------------------------------------------------------------------------------------------------
| Order |                  Error^2                   |                 Efficiency                 |
---------------------------------------------------------------------------------------------------
|   2   | 3.848663608501352756191375698627311507e-71 | 5.577597625838870975408094621114981875e+32 |
|   4   | 7.666430460379999627290969184830268304e-71 | 1.367438219513776460278653496513852051e+30 |
|   6   | 1.748343779265781326496123454310149605e-72 | 3.133235621947148770228861442164923859e+28 |
|   8   | 1.463761723625568384387261879000235099e-09 | 3.746911502799143533761655702235697475e-06 |
---------------------------------------------------------------------------------------------------

Scheme evaluation results:
Order: 8, No. cycles: 17
---------------------------------------------------------------------------------------------------
Vector a: -0.680508987556243973330504175120326350, 0.688313587265560581453975371179669357, 0.810644858700496209849084379594103770, -0.101368204493856097652421645830053172, -0.208193669849978050703391717804923890, -0.409718402842074821315044491449317799, -0.760607533319503277763427699057747224, 0.790256205646334101083307527403234494, 0.871182146449265328378422451085360764
Vector b: -0.934966371151927527139633522607061379, 0.508914767191367107618258694973477377, 0.867712407339754055289692047385856138, 0.753577310061238364408476711802353329, -0.956313719048950559713320003462454137, 0.539926379348994458306536567852614687, -1.359363185033144100936625550751257506, -0.161851881605862454590229847364242261, 1.742364292898530656756844902170713633
---------------------------------------------------------------------------------------------------
| Order |                  Error^2                   |                 Efficiency                 |
---------------------------------------------------------------------------------------------------
|   2   | 3.413991012717670562550937972664697501e-69 | 5.922035009441343818301781525669908594e+31 |
|   4   | 1.072708859630547080252789228500672991e-71 | 3.655639663252558771668224875051532227e+30 |
|   6   | 1.559139326262530654888750419902532937e-72 | 3.317905472549468540580047546460602188e+28 |
|   8   | 1.513338850520976457354134002659068739e-09 | 3.685025845935705189684405459062492158e-06 |
---------------------------------------------------------------------------------------------------

Scheme evaluation results:
Order: 8, No. cycles: 17
---------------------------------------------------------------------------------------------------
Vector a: -0.090190104650520688438110122739183495, 0.365453466151472089508057337454074589, -0.817318542282078993915790105817900987, 0.819081759109813930186768971353402063, 0.724294150458771757165401427838592010, -0.983028691050030911438200164674418660, -0.162241954446726706069448980869301031, 0.988507650136283345658763400466405060, 0.155442266573016177342558236988330439
Vector b: -1.380028368695076907830779089199031164, 2.579676528089112438785337932919706821, -1.848769595786168259769223258011587398, 0.214132511222010271937643046375839928, 1.424031006997617588435894896330935694, 0.024557293919925925894907959346092484, -1.990614676019987748771308288694761318, 1.666130767126534336632410326956161954, 0.310884533146032354685116473976642967
---------------------------------------------------------------------------------------------------
| Order |                  Error^2                   |                 Efficiency                 |
---------------------------------------------------------------------------------------------------
|   2   | 2.528345598808418093008546106015871465e-68 | 2.176125502701953864375202553181578125e+31 |
|   4   | 1.256398092116952694768046839897990418e-70 | 1.068170747473300362384152848876664551e+30 |
|   6   | 6.658222148016485405559711187502049088e-73 | 5.077235771504279284255998101432332611e+28 |
|   8   | 1.528795346039810942758103210676718591e-09 | 3.666350265258907917524576512485351756e-06 |
---------------------------------------------------------------------------------------------------

Scheme evaluation results:
Order: 8, No. cycles: 17
---------------------------------------------------------------------------------------------------
Vector a: -0.648686229809344479997418118490979500, 0.857651813518007201125697462323827069, 0.550372532518050817165895736703348640, -0.707328758495840005446489471973588676, -0.399219104154965551879844259749778313, -0.158579132573330198166377539942007535, 0.425580634812278863923825916223642711, 1.001340754927735633873004059719492309, 0.078867489257407719401706215186043343
Vector b: -0.986169354753145262771669020255527416, 0.674966249887601565548501803529108831, 1.040337377148412836702893121118522099, 0.060407687887688797628898352288126576, -1.475065204879368808521877296235261052, 0.676626996569437704762188776735710203, -0.993785261716098101094943856619715065, 1.844946531340655828942595689066990954, 0.157734978514815438803412430372044893
---------------------------------------------------------------------------------------------------
| Order |                  Error^2                   |                 Efficiency                 |
---------------------------------------------------------------------------------------------------
|   2   | 1.495319007891260879684943322907846618e-69 | 8.948190684775859109161491474203178125e+31 |
|   4   | 2.439990519740521591121806609959977371e-71 | 2.423875143127601005610638608365683838e+30 |
|   6   | 8.407209094128145694401124279096777816e-73 | 4.518357055511669504451789871499824524e+28 |
|   8   | 1.505273316724240115766644750236404519e-09 | 3.694885182736559366456753379284623109e-06 |
---------------------------------------------------------------------------------------------------

Scheme evaluation results:
Order: 8, No. cycles: 17
---------------------------------------------------------------------------------------------------
Vector a: -0.864794689543184802034687546202994449, 0.754157620158906602737450718060728704, 0.639929951951265745601976584715546332, 0.189093392363556556476437945232623908, -0.744704394510366332628210386453237278, -0.626219357980261739602993800965454368, -0.092608270484645626601265580653932822, 0.725923442821791375220502877081754557, 1.019222305222938220830789189184965476
Vector b: -1.085910194727985589662795478819492754, 0.442231010369601575256215865233067917, 1.066084229948211630218685570888309035, 0.213775673954319860985267598542697155, 0.164411110772793251967608291922802620, -1.653819899793525917224029064829422103, 0.401381183833002438018041462898641826, -0.586597724802293691220572624206522082, 2.038444610445876441661578378369918627
---------------------------------------------------------------------------------------------------
| Order |                  Error^2                   |                 Efficiency                 |
---------------------------------------------------------------------------------------------------
|   2   | 1.673546091761419112467982176951631970e-68 | 2.674750751928746172478754702497315625e+31 |
|   4   | 8.100201025630439316379174557113516533e-71 | 1.330320905642408581063394108038284180e+30 |
|   6   | 3.155453613566033458407939795960918583e-72 | 2.332252523219756756862505948741915131e+28 |
|   8   | 1.571895252378377151193124507535263392e-09 | 3.615736953660406827856414334369924624e-06 |
---------------------------------------------------------------------------------------------------

Scheme evaluation results:
Order: 8, No. cycles: 17
---------------------------------------------------------------------------------------------------
Vector a: 0.647503031011018775349524808934427614, -0.056542092260093266429215154849623369, -0.667415292587361505438354536280338985, -0.115908108831907288687285317226617187, 1.080594192420385281762278687119621417, -0.566183321187358553620735752745967952, -0.478042976872495206872240006236176688, 0.699648501896956662271532859104852650, 0.456346066410855101664494412179822504
Vector b: 1.077970040764804892931406731434730215, -0.860934019507572235163763845000593069, 0.747849834987385702305333535301345958, -2.082680420162108713182042607862036445, 1.850864202498294135807471973408805130, 0.310324182342476427717085400830446853, -1.442690824717193534958556906322396719, 0.486604870972203121214076893850051721, 0.912692132821710203328988824359646453
---------------------------------------------------------------------------------------------------
| Order |                  Error^2                   |                 Efficiency                 |
---------------------------------------------------------------------------------------------------
|   2   | 2.354476560494945215552371015630825863e-69 | 7.131074466510706610263813149116272656e+31 |
|   4   | 3.318941756136391749537277802607605718e-71 | 2.078282108858206373160349524615471191e+30 |
|   6   | 2.978360847200768051984882033393888050e-73 | 7.591329017186619006658527267188066864e+28 |
|   8   | 1.581788764734891711787086001066918250e-09 | 3.604411658406505964092295489096424423e-06 |
---------------------------------------------------------------------------------------------------

Scheme evaluation results:
Order: 8, No. cycles: 17
---------------------------------------------------------------------------------------------------
Vector a: -0.426056691721222874352299382952811976, -0.420190354169704551986335894789666889, 0.469033461179014066269218187662141536, 1.042472559489508180739118069334931110, -0.012148860210653767682549463339009092, -1.333705209452475404047953133003406783, 0.203339115085773744986888036583651606, 1.092932711776210501640970146421154214, 0.384323268023550104432943434083016300
Vector b: 0.236980584712922547308401624073978431, -1.326074552868290843321402014053589673, 0.485693844528881739348730224474247131, 0.452373077829146393189706150850050001, 1.632572041149869968288529987819812508, -1.656869761571177503653628914497830503, -1.010540657333773304442277351508994041, 1.417218887505320794416053424676302405, 0.768646536047100208865886868166023742
---------------------------------------------------------------------------------------------------
| Order |                  Error^2                   |                 Efficiency                 |
---------------------------------------------------------------------------------------------------
|   2   | 4.419171390467435635344450213953242389e-68 | 1.646007215202863913042488030649922070e+31 |
|   4   | 5.247695278687276483281163464075015276e-71 | 1.652798881085219369905310998824386475e+30 |
|   6   | 1.851982701940518675547954353880973430e-72 | 3.044303933087654700427024576033698273e+28 |
|   8   | 1.631116912354479621422829798699917349e-09 | 3.549491034890937315383441304598377784e-06 |
---------------------------------------------------------------------------------------------------

Scheme evaluation results:
Order: 8, No. cycles: 17
---------------------------------------------------------------------------------------------------
Vector a: 0.148284186712339203397991976207408012, -0.314087210003954919984357125478380917, 0.703736514787925806284415956828529983, 0.359000183574778308390091716583220251, -1.098364044640358763225414367915066543, -0.183898775477554836568306759415146317, -0.011025961453859801712203953563439339, 0.171653311919186043640896012665464206, 1.224701794581498959776886544087410710
Vector b: 0.934664979975090809043352311290132273, -1.572761586525503211290720670165427624, 0.944587166517593371322006419208597612, 0.462885863058258241246825494448637228, 0.255114504091298375533357938717429451, -2.451842593372015901984186674547190544, 2.084045042416906228847573155716757991, -2.106096965324625832271981062843626554, 2.449403589162997919553773088174690071
---------------------------------------------------------------------------------------------------
| Order |                  Error^2                   |                 Efficiency                 |
---------------------------------------------------------------------------------------------------
|   2   | 1.839679316221804270884212602182436676e-66 | 2.551121215750107748102922623754309082e+30 |
|   4   | 1.013953066857378450399536700601592436e-69 | 3.760065305626820962753940786803663330e+29 |
|   6   | 2.168942858309385305026246514134410841e-71 | 8.895746869819645802603092077499131203e+27 |
|   8   | 1.666138403459139561446238176157080969e-09 | 3.511988552356254592333331760054197030e-06 |
---------------------------------------------------------------------------------------------------

Scheme evaluation results:
Order: 8, No. cycles: 17
---------------------------------------------------------------------------------------------------
Vector a: -0.557706969640066812546759481302911383, 0.343258284850917440411631293150890296, 0.410424499782372799356039479560944937, 0.597744400006676306714134704192264974, -0.228959654215874204094764563599609810, -0.472545091217895661299330441130547573, -0.207578799409132445826705372843803949, 0.409260441520301708268164242094974543, 0.706102888322700869017590139877797868
Vector b: -0.755436070319999588189199596615135688, 0.395458201359865551284880230624451693, 0.291058368341969329538382355677305354, 0.529790631222776269173696603444612110, 0.665698168790576344254572804939909172, -1.123617477222324752444101932139126867, 0.178527294786533429845441049878032997, -0.593684893604798321498851795565644917, 1.412205776645401738035180279755596122
---------------------------------------------------------------------------------------------------
| Order |                  Error^2                   |                 Efficiency                 |
---------------------------------------------------------------------------------------------------
|   2   | 6.610645727543500028281657082348088000e-70 | 1.345799044220414839843265194533530469e+32 |
|   4   | 1.705898920220383609074715928918217807e-71 | 2.898862841218826590227578302257500977e+30 |
|   6   | 2.699585326242319379477410595262691152e-73 | 7.973664205838388252016280375933003235e+28 |
|   8   | 1.707072613315450350085595082171651226e-09 | 3.469625743545067528514054889551238343e-06 |
---------------------------------------------------------------------------------------------------

Scheme evaluation results:
Order: 8, No. cycles: 17
---------------------------------------------------------------------------------------------------
Vector a: -0.568109668979835621329742081626873962, 0.479059287362151922581376184095451129, 0.417699016424879627783327294307141950, 0.464026370066907054677782227893883914, -0.218472541104079894041960514714539604, -0.444609186688737870074940382772671324, -0.210366924918863522522343714877085533, 0.377619073809390306058552794933967714, 0.703154574028187996867948192760725692
Vector b: -0.752191089099422826485541648300989094, 0.368162840239174410311599133348204794, 0.589955734485129434851153234842692986, 0.245442298364629820715501353771733771, 0.682610441769184288640063102015882823, -1.119555523977344076723984131444961838, 0.230337150599868336574103365899452212, -0.651071000437595381618790795653494481, 1.406309148056375993735896385521478732
---------------------------------------------------------------------------------------------------
| Order |                  Error^2                   |                 Efficiency                 |
---------------------------------------------------------------------------------------------------
|   2   | 9.608075502635141821927175567631947079e-69 | 3.530075171774443787722532675628824219e+31 |
|   4   | 3.593972634409351470855181718571092363e-71 | 1.997178727044468382076964472031322021e+30 |
|   6   | 2.895799075814065161366188509585516230e-73 | 7.698786199483795044057493180154543304e+28 |
|   8   | 1.788845427572466089598282434366096233e-09 | 3.389395288072942109907258405792167591e-06 |
---------------------------------------------------------------------------------------------------

Scheme evaluation results:
Order: 8, No. cycles: 17
---------------------------------------------------------------------------------------------------
Vector a: 0.131682181684159192044185205939470164, 0.344060998443798888570728372092591371, -0.319938994283132224243550206952916823, 0.467345702486962077486249452941953503, -0.809711895919491328343504620420059229, -0.958105547389470687169555824108633908, 0.799875433177708897603748169276953295, 1.065946092139561432112610358543869105, 0.278846029659903751939089092686772499
Vector b: -0.838494491361703422000064718939551378, 1.940353346091725228088499849758053050, -1.252231349204127450947043105572870885, 0.612353360637863002459942691667029343, 0.322338044336061152512556214216887052, -1.941761836175043809199565455057020100, 0.025550741396102434860453806839729978, 1.574200124959315360347042531714200337, 0.557692059319807503878178185373542687
---------------------------------------------------------------------------------------------------
| Order |                  Error^2                   |                 Efficiency                 |
---------------------------------------------------------------------------------------------------
|   2   | 1.754085037568734185586516406644965268e-68 | 2.612623537990990052197591097226477344e+31 |
|   4   | 1.472211108054372013067461556592329235e-71 | 3.120464666590411950937027894788930664e+30 |
|   6   | 4.880433790617544008503099099416362054e-73 | 5.930308127159477105806188226215886688e+28 |
|   8   | 1.791308789781448722738996176608196189e-09 | 3.387063981285981754215610911407229105e-06 |
---------------------------------------------------------------------------------------------------

Scheme evaluation results:
Order: 8, No. cycles: 17
---------------------------------------------------------------------------------------------------
Vector a: -1.105222444203716070811611042109840070, 1.012608143425963048541175239455593065, 0.202491389583252840684451830817752300, -0.634292036312312088716866608639448051, -0.352411617517518417454682871835265531, -0.025976172475093212616198808653915268, 1.038978405597300513638607471006197803, 0.694511243305825983289074922905302474, 0.169313088596297403446049867053623295
Vector b: -1.093702355888767460994369490135049143, -0.023040176629897219634483103949548780, 2.048256463481823316716833582860712134, -1.643273684315317635347929921225231078, 0.374689611690693457914196703946346051, -1.079512846725730292823562447616905232, 1.027560501775543867591164830309078850, 1.050396309419057159686050111703356816, 0.338626177192594806892099734107240235
---------------------------------------------------------------------------------------------------
| Order |                  Error^2                   |                 Efficiency                 |
---------------------------------------------------------------------------------------------------
|   2   | 2.972526657624868334634868407233917652e-68 | 2.006962594370323612058308622937743164e+31 |
|   4   | 7.656757951598293849310536470743931857e-72 | 4.326949787080021940754660651597534668e+30 |
|   6   | 1.035598091719602933195147046707990314e-72 | 4.071091382713495997440283129881794739e+28 |
|   8   | 1.804552994533800415481688588735675382e-09 | 3.374611706092845451773488219809533657e-06 |
---------------------------------------------------------------------------------------------------

Scheme evaluation results:
Order: 8, No. cycles: 17
---------------------------------------------------------------------------------------------------
Vector a: -0.855546109242063177596122014806983048, 0.727428549783808823360526820109047782, 0.640961703227313778726148560672533698, 0.208634437954315090708341076472518339, -0.714670941688644753929148839349245433, -0.606288394514741560478679189065896948, -0.093155848998809802076247582281892243, 0.699236681327303490474457472177275167, 0.993399922151518110810723696072642675
Vector b: -1.058022549101371688129292359385792720, 0.404952879718617021066340689157728592, 1.049904219849000625654712951060273996, 0.232019186605626931797584170284817810, 0.185249689303003249619097982660211334, -1.614591572680292757477395661358685950, 0.402014783650809636520037283227025954, -0.588326481648429240672532447790824860, 1.986799844303036221621447392145245868
---------------------------------------------------------------------------------------------------
| Order |                  Error^2                   |                 Efficiency                 |
---------------------------------------------------------------------------------------------------
|   2   | 1.083349370982534471451725407623709222e-67 | 1.051278758697161256345583775733390234e+31 |
|   4   | 6.638354183459036146306639161391734058e-71 | 1.469515273991104792709381962834656982e+30 |
|   6   | 2.129306865857485270046501854604243123e-72 | 2.839143504539119831669602747517981339e+28 |
|   8   | 1.814595221660361668519954674425769349e-09 | 3.365260961336734592099604240722396808e-06 |
---------------------------------------------------------------------------------------------------

Scheme evaluation results:
Order: 8, No. cycles: 17
---------------------------------------------------------------------------------------------------
Vector a: -0.382971661891372926670280240969364808, 0.177511571471671681773993828949782263, 0.478068596877504712380845724545305013, 0.305833795811085243245948624218611834, -0.481270278200981192198716343909316216, -0.543481342387649022767236234038198472, -0.296911749133127334268965176773115737, 1.178514605868875101326340568172740476, 0.564706461583993737178069249803555622
Vector b: -1.236757261527966007158093574605829205, 1.707571199273186160975626667272972031, -1.352548056329842797427639009373411117, 2.308685250084852222189330458463984455, -1.697017658462681735697433210026799401, 0.734477102060719351300000522208180933, -1.821439786836017396834472990284560833, 1.227616288569762728296542636738358922, 1.129412923167987474356138499607104311
---------------------------------------------------------------------------------------------------
| Order |                  Error^2                   |                 Efficiency                 |
---------------------------------------------------------------------------------------------------
|   2   | 7.857612736697938321287662808703336928e-68 | 1.234402654187686195735055764085424219e+31 |
|   4   | 8.677179992328877124023386570526466109e-71 | 1.285331086646740940871771428636002686e+30 |
|   6   | 1.707897329624032463561030330739269820e-72 | 3.170119196386195201652140849432184601e+28 |
|   8   | 1.828401942530909552350610260701607772e-09 | 3.352530919800896269332300640387546282e-06 |
---------------------------------------------------------------------------------------------------

Scheme evaluation results:
Order: 8, No. cycles: 17
---------------------------------------------------------------------------------------------------
Vector a: -0.492732593589927131588789456813805524, 0.771782938829961291191262309732504229, 0.587890140634959031821610580232213339, -0.469652110316399365153383512817326689, -0.506702539922914233264839155405419182, 0.231448347151416175260761328628989137, -0.292946517014438192347058231931287428, 0.385636221388287347345510232301218457, 0.785276112839055076734925906072913710
Vector b: -0.838430794106530897288300715690630348, 0.691396401033207531399022517753661684, 0.852169476626715050983502101711346869, 0.323610804643203012659719058753070179, -1.262915025276001742966486084387710654, 0.249509945430173276436807773576964134, 0.213386748872659074084714883680885320, -0.799279782901535458778831347543400328, 1.570552225678110153469851812145813168
---------------------------------------------------------------------------------------------------
| Order |                  Error^2                   |                 Efficiency                 |
---------------------------------------------------------------------------------------------------
|   2   | 1.150297634987963138482845877925021751e-68 | 3.226242766297775389833759085816198047e+31 |
|   4   | 3.855738357781686125228492198073317594e-72 | 6.097482134623015777984798181804623047e+30 |
|   6   | 2.775583609527150492180810491655334668e-73 | 7.863743054715713801020494653415051270e+28 |
|   8   | 1.833616991545324331542821936002702183e-09 | 3.347760004640852646371424356572303412e-06 |
---------------------------------------------------------------------------------------------------

Scheme evaluation results:
Order: 8, No. cycles: 17
---------------------------------------------------------------------------------------------------
Vector a: 0.370957212130873101721989903747718516, -0.116180411368981443204525031402991911, -0.311271039880348407360367071089153807, -0.218934919674400224016570532785300891, 0.815282139177645559854399745214301935, 0.317275094975653924637758979068126670, -1.042274391092913695928765603553568739, -0.015857515372123619294225260095774622, 1.201003831104594803590304870896642918
Vector b: 1.067395502879702723755123690432005581, -1.392876581497659244066267573368576632, 1.160515758759696357657217510562569290, -1.783057838520393172377951652740873532, 1.345187999171592724344810587170270498, 0.285376279183698395363988903258391727, 0.349173910767609453911529054877761561, -2.433722692953436845769060261984901060, 2.402007662209189607180609741793352473
---------------------------------------------------------------------------------------------------
| Order |                  Error^2                   |                 Efficiency                 |
---------------------------------------------------------------------------------------------------
|   2   | 5.123340995637000789041959330012677078e-67 | 4.834210152372177829245089841507818848e+30 |
|   4   | 3.308506500947900030207530965924746739e-70 | 6.582461358570983006511069506717578125e+29 |
|   6   | 8.101142799811372365565572938784154917e-72 | 1.455570777373195182887912352530368614e+28 |
|   8   | 1.873167642468207353432716430464707703e-09 | 3.312228619824032329422055413391941143e-06 |
---------------------------------------------------------------------------------------------------

Scheme evaluation results:
Order: 8, No. cycles: 17
---------------------------------------------------------------------------------------------------
Vector a: -0.537678511059204779740928317642432151, 0.782805012428570428982274074818634178, 0.611040321908249829184143888314785142, -0.432661028599167665101851504705432900, -0.250576015613471991355970758763803630, -0.185797354575451394727798067059952706, -0.584031642397764729393003502515211753, 0.777173012877061086469789820100043789, 0.819726205031179215683344367453370030
Vector b: -0.883039284262024911244828646306588575, 0.690721546405640263007800657328318818, 0.874888478451500594956747492308942894, 0.347192165364999063411540284320618002, -1.212514222563334393615243293731476339, 0.711362191336390410903301776203876108, -1.082956900487293200358897910323779497, -0.085106384308236258427109094706650894, 1.639452410062358431366688734906739483
---------------------------------------------------------------------------------------------------
| Order |                  Error^2                   |                 Efficiency                 |
---------------------------------------------------------------------------------------------------
|   2   | 5.325644866257989543332113054971110346e-68 | 1.499394991755810132901202363861710547e+31 |
|   4   | 2.051677291296677020763784839341765325e-71 | 2.643320284598685057107657777366651367e+30 |
|   6   | 6.922601580813992658928755392063201289e-73 | 4.979340243976249039972461917162428284e+28 |
|   8   | 1.884029417395855491892286309318587839e-09 | 3.302667016247703055780614223057818469e-06 |
---------------------------------------------------------------------------------------------------

Scheme evaluation results:
Order: 8, No. cycles: 17
---------------------------------------------------------------------------------------------------
Vector a: -0.148820020653025573171736117467384580, 1.042444082067937745490251231507556412, -0.704604184676328792155575272670250729, -0.866937649513813327767510159728665092, 0.947918200426991359600722416052291891, 0.115659988677277987020918473105274875, -0.590499339389944822023356037837810286, 0.739491730230811837366871198859855104, 0.465347192830093585639414268179132369
Vector b: -1.061316302924428484221061487488052731, 1.824992564542805822098650740041332211, 0.259895599593069668881851722973782876, -1.669103968945727253193002268314289390, -0.064771330081899402342018051143042336, 1.960607730935882121543462883247634014, -1.729287753581326147501625937037082411, 0.548289074801436503454913861361443736, 0.930694385660187171278828536358273982
---------------------------------------------------------------------------------------------------
| Order |                  Error^2                   |                 Efficiency                 |
---------------------------------------------------------------------------------------------------
|   2   | 7.724494254239185649485278755127286389e-69 | 3.937015548969127046099834668986709375e+31 |
|   4   | 4.299678875122605032307552538310199574e-71 | 1.825939164566256911854931969876888672e+30 |
|   6   | 8.550326389058142579316984241901642162e-73 | 4.480382839057800461307292364332633972e+28 |
|   8   | 1.923246052321388264641782112785089897e-09 | 3.268821487635955361935770741980639634e-06 |
---------------------------------------------------------------------------------------------------

Scheme evaluation results:
Order: 8, No. cycles: 17
---------------------------------------------------------------------------------------------------
Vector a: -0.485209237175965721940565784422723561, 0.642276544106960727652654368208924373, 0.644639036497604031195877326319921479, -0.272054451815756994196237980821827600, -0.483658151187928665550103878897871849, 0.176576471741618318678084893330525865, -0.298448578247003165144006541996463250, 0.345063988172079872609201017987253215, 0.730814377908391596695096580292261305
Vector b: -0.783725104409803849487404597409930480, 0.597031734467676255093677625974408734, 0.687521353746245200211631110443447523, 0.601756719248962862180123542196390716, -1.145865622880476850572599503840047265, 0.178549320504619519472391746044188781, 0.174603622978617117883778040617018035, -0.771500779472623448171791124610002698, 1.461628755816783193390193160584526654
---------------------------------------------------------------------------------------------------
| Order |                  Error^2                   |                 Efficiency                 |
---------------------------------------------------------------------------------------------------
|   2   | 8.838342780934871270688900427906484778e-69 | 3.680584024648729001016768870173668359e+31 |
|   4   | 5.942789395480029991177859534645113356e-72 | 4.911443412148080231547790736527915039e+30 |
|   6   | 1.954364944017872818724931426551730423e-73 | 9.371381970184438205659528423539965820e+28 |
|   8   | 1.942512916890715383503170140924417015e-09 | 3.252570144670483060867654231436480575e-06 |
---------------------------------------------------------------------------------------------------

Scheme evaluation results:
Order: 8, No. cycles: 17
---------------------------------------------------------------------------------------------------
Vector a: -0.827583453370839226009118295165847712, 0.325927376368885100449301042845523853, 0.625500752173404044279965318467750414, 0.607776120014485666504423102373951107, -0.611748190221565604632499952804343907, -0.949285810570448500735516104811486653, -0.116894410206010260673115785886665107, 1.013295878802379487649386096045760590, 0.933011737009709293167174578935357367
Vector b: -0.995427129230603507735188272907488068, 0.335687351719528563452139955483275753, 0.316167401018241637446462130207784472, 0.934834103328566451113468506727738457, 0.280718136700404881895377698020133906, -1.504214517143536091160377603628792446, -0.394357103997360910310654605994225734, 0.160568283585340388964423034220877295, 1.866023474019418586334349157870696246
---------------------------------------------------------------------------------------------------
| Order |                  Error^2                   |                 Efficiency                 |
---------------------------------------------------------------------------------------------------
|   2   | 3.950539998138153270325853290649799164e-69 | 5.505210450333658321724067434001451562e+31 |
|   4   | 3.014064279337025627594038654606280892e-71 | 2.180861368212965542959499591192212646e+30 |
|   6   | 4.598142269536102510227517242783022543e-72 | 1.932036244828331524796492723762892342e+28 |
|   8   | 1.952140296559498502045819424104993967e-09 | 3.244539873806368590019314373869819961e-06 |
---------------------------------------------------------------------------------------------------

Scheme evaluation results:
Order: 8, No. cycles: 17
---------------------------------------------------------------------------------------------------
Vector a: -1.128046075174144520585289417102681835, 1.029433823509292250103480549968774925, 0.209475790585561742803065741649445379, -0.389684517720146626795777775538834849, -0.175250285470790281468157710474536356, -0.543956668996866915659833499041377806, 0.705151405908336401399717054850577280, 0.961598705713684288622870912638431467, 0.331277821645073661579924143050201772
Vector b: -1.114782685011925992541480376054031865, -0.026526780324437056087618082097351415, 2.085394427343021556294579182034953791, -1.666442846171898070688447698736068329, 0.887073810731604817096892147658394972, -1.237574381673185380033207568607481406, 0.149661043679451548713540570524687973, 1.260641768137221254085893539176522945, 0.662555643290147323159848286100373403
---------------------------------------------------------------------------------------------------
| Order |                  Error^2                   |                 Efficiency                 |
---------------------------------------------------------------------------------------------------
|   2   | 4.535084082676417553648566940876606124e-67 | 5.138182024915527899552273027929571289e+30 |
|   4   | 2.255076333106261380580884198414440336e-71 | 2.521295164726942726687489891556066895e+30 |
|   6   | 1.147038867605998594487601578599481301e-72 | 3.868275566440346993208428536205262756e+28 |
|   8   | 2.048593247569370796555803108518675217e-09 | 3.167238446020071548447932724439591749e-06 |
---------------------------------------------------------------------------------------------------

Scheme evaluation results:
Order: 8, No. cycles: 17
---------------------------------------------------------------------------------------------------
Vector a: -0.539965057473656044590413153608054242, -0.301155106832428620657018146492066902, 0.549375676918405595275924020424414255, 1.157584634924326608840126024249558491, -0.012204194788743053219170727971660253, -1.639322671693539375944738790557133989, 0.069822934484100818766068189788120257, 1.245868930696550970903022943334409743, 0.469994853764983100626199640832412703
Vector b: 0.074048425810180833717215938930275514, -1.228026966567673756615258185076730579, 0.625716752902816515301221892092693938, 0.473034600933994675250626148756095956, 1.842134668914658542429625899742933300, -1.866543058492144648867967355686250992, -1.412102284894934103021510225427866377, 1.551748153863135740553646605004075354, 0.939989707529966201252399281664773790
---------------------------------------------------------------------------------------------------
| Order |                  Error^2                   |                 Efficiency                 |
---------------------------------------------------------------------------------------------------
|   2   | 2.963018194592100286648983831978485471e-68 | 2.010180233149034818268765060213399219e+31 |
|   4   | 1.874985428020351129061800265677763294e-70 | 8.743903703123419820117766566712159424e+29 |
|   6   | 2.360697767550149192490007182156646858e-71 | 8.526803937322204556048587853819904327e+27 |
|   8   | 2.133528688845019806675076597189970931e-09 | 3.103554565954879846598891907275632898e-06 |
---------------------------------------------------------------------------------------------------

Scheme evaluation results:
Order: 8, No. cycles: 17
---------------------------------------------------------------------------------------------------
Vector a: -1.076887670132354437439282074640629827, 0.282462602943522293990039270426391486, 0.791989705239949370297445893258511066, 0.674162609748497521181541442415567853, -0.684099355483683618782171946745308186, -0.616513643976225424923480130028516814, -0.105778152721618976517811618180719500, 0.707510056907176223025099778091252229, 1.027153847474737049168619385403451742
Vector b: -1.095243251245941226546400721806773806, 0.036711162227173578214237294333654205, 0.528214043659871009765841246517435386, 1.055765366820027730829050540000250035, 0.292559852676967311534032344830135231, -1.660758563644334549098376238320226112, 0.427731275691883699251415978262584806, -0.639287581135121652287039214623934588, 2.054307694949474098337238770806874981
---------------------------------------------------------------------------------------------------
| Order |                  Error^2                   |                 Efficiency                 |
---------------------------------------------------------------------------------------------------
|   2   | 1.005863232550302849572974725815073395e-65 | 1.091019946033881521837654772053728638e+30 |
|   4   | 3.250454866814039580991253939611151477e-70 | 6.640981102376254027071143826184332275e+29 |
|   6   | 2.886551358573163091380766986681431278e-72 | 2.438466688918828486086818281621751404e+28 |
|   8   | 2.219535690382421207781737903261723881e-09 | 3.042829110850695696703478408636617730e-06 |
---------------------------------------------------------------------------------------------------

Scheme evaluation results:
Order: 8, No. cycles: 17
---------------------------------------------------------------------------------------------------
Vector a: -0.501052357430811249432513539524959510, 0.793484561836004646555332527160638875, 0.505034390167270661489064883177971919, 0.147219093361609109182956258738623001, -0.578252036140499983349433489619899630, -0.368902633705099130886154354505605586, -0.176923200174895449536548641656444021, 0.364642712203447454150856939659594122, 0.814749469882973941826439416570080783
Vector b: -0.872887467391924158005982742106321231, 0.743670219922225817146938405162749345, 0.843298903749783475963726649158505004, 0.166769876584757847014403117197550152, 0.127668310138460371351509400279525260, -1.284172382419460338050376379519229331, 0.546367115009262076278067670508057448, -0.900213515359052975351164953820967446, 1.629498939765947883652878833140130750
---------------------------------------------------------------------------------------------------
| Order |                  Error^2                   |                 Efficiency                 |
---------------------------------------------------------------------------------------------------
|   2   | 5.980596855634131515312210107684569887e-68 | 1.414913509305720994358205851847286133e+31 |
|   4   | 1.273454870460006426680969900281095719e-72 | 1.060993040301174453453867538527511719e+31 |
|   6   | 6.036600855930812782726696955048765546e-73 | 5.332246787352512931790222756564282990e+28 |
|   8   | 2.252676771195736681149733592096516117e-09 | 3.020363327857444090916620236282723489e-06 |
---------------------------------------------------------------------------------------------------

Scheme evaluation results:
Order: 8, No. cycles: 17
---------------------------------------------------------------------------------------------------
Vector a: -0.081756102636179988132204797803664909, 0.482344302965886669698548878779168578, -0.149335578100881849705547316399533753, 0.598624062580492141991356973885180207, -0.949984549537298733622674595360294146, -0.951748650411382515160503462278866502, 0.753550294921136883907231993977488194, 1.015954681659870342341374322691484563, 0.282351538558357048682418002509037792
Vector b: -1.290348793589733277741553426154095857, 2.417185381907106579218697256700852554, -1.452496775975333239821599499142470908, 1.153825619773569540410504866343385153, 0.043422505387414743572209081427103950, -1.943391604462012210817558272147847051, 0.039894303639247180496551347590060493, 1.467206286203026587317912640364959409, 0.564703077116714097364836005018052280
---------------------------------------------------------------------------------------------------
| Order |                  Error^2                   |                 Efficiency                 |
---------------------------------------------------------------------------------------------------
|   2   | 3.278608610489211212656676639265925014e-67 | 6.043066448279998770989124383830914062e+30 |
|   4   | 7.577940822897079909881410469103270290e-71 | 1.375399017399296710000672949320247070e+30 |
|   6   | 1.328404651933933604221146910596128962e-72 | 3.594523091006886748214662996229729462e+28 |
|   8   | 2.339874519174324785279574998400387384e-09 | 2.963550587134773830843987898361372627e-06 |
---------------------------------------------------------------------------------------------------

Scheme evaluation results:
Order: 8, No. cycles: 17
---------------------------------------------------------------------------------------------------
Vector a: -0.848617983959140192661347300940212331, 0.390393734017230148631969839105762712, 0.777867343584954913449248509407179748, 0.550117180677816865064585140522265800, -0.485342102781231595916738036301042633, -0.373169829703513926625124245559139364, -0.181107304078276213065120106194139541, 0.364348066542997737519051054555872236, 0.805510895699162263603475145403453348
Vector b: -0.863378303069061649180963577249506977, 0.029520638219842913039232552618582379, 0.751266829814617384224707125592955200, 0.804467857355292442673789893221416719, 0.295766504000341287455380387823096537, -1.266450709562804479288856460425166828, 0.520111050155776626038607969306876160, -0.882325658312329052168848181695152016, 1.611021791398324527206950290806898799
---------------------------------------------------------------------------------------------------
| Order |                  Error^2                   |                 Efficiency                 |
---------------------------------------------------------------------------------------------------
|   2   | 8.659493119128043701430595321911450890e-69 | 3.718398417225913983605396414076654297e+31 |
|   4   | 1.418487230706840491941858138924220509e-71 | 3.179007841601739899559213672204546387e+30 |
|   6   | 3.611840003532986367340643541940040110e-73 | 6.893538728487337177770733399698908234e+28 |
|   8   | 2.371775714205081326994810590049871993e-09 | 2.943552730185754335383950915689795189e-06 |
---------------------------------------------------------------------------------------------------

Scheme evaluation results:
Order: 8, No. cycles: 17
---------------------------------------------------------------------------------------------------
Vector a: -0.280315489632596597514844163320696605, 0.966066523390591856261491841773297812, -0.780382696661500107932787394843131360, 0.108043020002078226860062582387085091, 1.070015552864230614606614720618463563, -0.622781098191745236868303947336717999, -0.435714148965576049272440785251627207, 0.593299237571847434653028201231970797, 0.381769099622669859207178944741355835
Vector b: -1.089255365545544561812557356111320850, 1.617879751825895928595426385581242134, 0.314253294955287783927557297965349928, -1.875018688278287999793132087651614670, 2.091104728282444453513257252425787500, 0.048926377446016775699972188811111490, -1.294488573829507249436580083484517270, 0.423060275898355150891698512981243837, 0.763538199245339718414357889482718027
---------------------------------------------------------------------------------------------------
| Order |                  Error^2                   |                 Efficiency                 |
---------------------------------------------------------------------------------------------------
|   2   | 1.761329580831795555480523702077675501e-68 | 2.607244996953399918567926698852457422e+31 |
|   4   | 7.326787223445245309063774738770054190e-71 | 1.398773914986665908837820665708641602e+30 |
|   6   | 8.299783127204415885536875669445523605e-73 | 4.547504102290699453592098216951069641e+28 |
|   8   | 2.379516345773490078609136741304091714e-09 | 2.938761101531975779079102797763379810e-06 |
---------------------------------------------------------------------------------------------------

Scheme evaluation results:
Order: 8, No. cycles: 17
---------------------------------------------------------------------------------------------------
Vector a: 0.823397685296754006650571293485104009, -0.047439971873282176374916315116328430, -1.582995790989423112078059220332402488, 0.160267113167788027812766408239970614, 0.155181944985452215258243479995775566, -0.359882197517367734031959475648864780, 0.652415562898701343341504477863238988, 0.764889090167594659722397502236355188, 0.434166563863782769699451849277151298
Vector b: -0.035668067889465554256576239422218420, 1.718131506372439121814295065814649071, -1.813011450119003474564127696047311732, -1.352980131859842749591990744617489585, 1.673514358195418805217523561097442609, -1.363150468224514374701036601105870822, 0.643386073189778906637117649808117862, 0.661445052607623780045891305918346824, 0.868333127727565539398903698554334181
---------------------------------------------------------------------------------------------------
| Order |                  Error^2                   |                 Efficiency                 |
---------------------------------------------------------------------------------------------------
|   2   | 9.600468732208927383538467907427601334e-67 | 3.531473392801335087493325886499246094e+30 |
|   4   | 4.300474784416642536324228144497875259e-70 | 5.773592281689593185371956677254046631e+29 |
|   6   | 8.155576570214132650039383114575385835e-72 | 1.450705097111960946073670824126457405e+28 |
|   8   | 2.500335442791951398159861285445379603e-09 | 2.866879838209577781482432023811844902e-06 |
---------------------------------------------------------------------------------------------------

Scheme evaluation results:
Order: 8, No. cycles: 17
---------------------------------------------------------------------------------------------------
Vector a: -0.536067299378714318256487950853877827, -0.309966523720432429943492702390622858, 0.531564517215517145020948164544833872, -0.601288331590784849062548911251653188, 0.057978639417045001617802851509900586, 1.831793898948569097904405161657678056, -0.026618063680717750810744441538403748, -0.458393525396887446144090952056247869, 0.510996688186405549674208780378393016
Vector b: 0.075708963519071254491454808081667933, -1.223552525795571145495885517871127535, 0.603619478354706285608900113089859863, 0.459509556076328004432996215999848902, -1.662086219257897702558094038503205063, 1.778043498091987705793699741523016453, 1.885544299805150490015110581792445392, -1.938780427166585991636599464869246140, 1.021993376372811099348417560756740194
---------------------------------------------------------------------------------------------------
| Order |                  Error^2                   |                 Efficiency                 |
---------------------------------------------------------------------------------------------------
|   2   | 1.837216171512363405120250121735315196e-66 | 2.552830779403260017320748461585513672e+30 |
|   4   | 5.124072878450051276068849031880366408e-69 | 1.672617612286608369710269063313602905e+29 |
|   6   | 5.306290009075934740515763692858442570e-71 | 5.687363423806980796702844169893880844e+27 |
|   8   | 2.530929772685096629026994678576525571e-09 | 2.849499477225747761033269433608487940e-06 |
---------------------------------------------------------------------------------------------------

Scheme evaluation results:
Order: 8, No. cycles: 17
---------------------------------------------------------------------------------------------------
Vector a: -0.924141199081609596593646771600197030, 0.234818531895215866573395491963452271, 0.623273960312459750681322702931495428, 0.698889083829672535100662202045136103, -0.571762542344730833489208497669737482, -0.646983884016204489151578926375378861, -0.104639090289437471370855546047841182, 0.726977019142335305541273326133739557, 0.963568120552298932708636018619331233
Vector b: -1.027401501702038436127504187533937573, 0.206520605240857679067714831867460332, 0.263116458549574054079076152059453743, 0.983431462075345447283569253803520068, 0.414346705583999622917755150286767111, -1.557871790273461289896172145626261960, 0.263904022241052311593014292875518731, -0.473182202819927254334725384971205933, 1.927136241104597865417272037238685577
---------------------------------------------------------------------------------------------------
| Order |                  Error^2                   |                 Efficiency                 |
---------------------------------------------------------------------------------------------------
|   2   | 2.148601356437244176572280881752048722e-69 | 7.464904128325749258581808160204454688e+31 |
|   4   | 1.885434501078530999502947720523602754e-71 | 2.757392497242223108428244836019122559e+30 |
|   6   | 9.032312642869634450743512435136380665e-73 | 4.359201966830964662350455336807817078e+28 |
|   8   | 2.538397403618948398630266017611727856e-09 | 2.845304963891064286810010293464625514e-06 |
---------------------------------------------------------------------------------------------------

Scheme evaluation results:
Order: 8, No. cycles: 17
---------------------------------------------------------------------------------------------------
Vector a: -0.381847026538520960706577643550190226, 0.551062224515826993347826546060781688, 0.157299686549916941630858038832021548, -0.699084774057979250568378948005875755, 0.123529982179515393797555565947986909, 1.093474430238565693422299469997840276, -0.809169634489236177161236884971947673, -0.021152510005681406452453601386386347, 0.985887621607592772690107457075769662
Vector b: -0.848598741381464059498586933332936589, 0.933503429685886197584018579565464801, 0.168621019345767789111634512556222557, 0.145978353754066094150081565107612852, -1.544147901870024595286839461119269967, 1.791207866229055382881950593015250308, 0.395740994248076003962648346980427884, -2.014080263226548358285122116924298819, 1.971775243215185545380214914151526998
---------------------------------------------------------------------------------------------------
| Order |                  Error^2                   |                 Efficiency                 |
---------------------------------------------------------------------------------------------------
|   2   | 2.364947189429838601727303434810914872e-68 | 2.250046190344971678429647810230617188e+31 |
|   4   | 3.001683468096442231779084780575770239e-71 | 2.185354354971710483384972743780620850e+30 |
|   6   | 1.439424563775369308050017482366631255e-72 | 3.453122751464104286962185242188988113e+28 |
|   8   | 2.566831472709570502199599166317288744e-09 | 2.829501647473866633512177099628030594e-06 |
---------------------------------------------------------------------------------------------------

Scheme evaluation results:
Order: 8, No. cycles: 17
---------------------------------------------------------------------------------------------------
Vector a: -0.108559554176220834879343859285964638, -0.535627679047973178186076275632712772, 0.871065872849551867435366648471540793, -0.183556873094398683571837087166988579, -0.355606181601771162133750314558810605, -0.225227847032440363463141696851327550, 0.384125090466567999958419412345749797, 1.033820380572135878627729374291475819, 0.119566791064548476212633798387037735
Vector b: 0.821184037205352693186651370719111172, -1.859487182763147056131990460010141124, 0.788231824667200699759837908744712210, 0.953899921031903035110895388198364465, -1.321013667220700402254569562532336761, 0.609801304017158077987068933414718729, -1.060256998082038804913352327117377055, 1.828507179015174804830191151808875782, 0.239133582129096952425267596774072582
---------------------------------------------------------------------------------------------------
| Order |                  Error^2                   |                 Efficiency                 |
---------------------------------------------------------------------------------------------------
|   2   | 1.577952079485554630038464036437197718e-69 | 8.710744035282143415964770323595806250e+31 |
|   4   | 9.935324663174412119272471546225189279e-72 | 3.798510076213630685585258953567302734e+30 |
|   6   | 8.283969830289570100700352808368618577e-73 | 4.551842405602894474100488936250185394e+28 |
|   8   | 2.668089162222971234645648535480674022e-09 | 2.775290567368002582625523541895493797e-06 |
---------------------------------------------------------------------------------------------------

Scheme evaluation results:
Order: 8, No. cycles: 17
---------------------------------------------------------------------------------------------------
Vector a: -0.862970200367063726478955941210294173, 0.753902558583199275057734147177918711, 0.728715670776901790273946549993343873, -0.629573064788578585213104547944797575, -0.668055659639916432587264459156613083, 0.202320893694667421661860248384102167, -0.257026288681672999580311598481210715, 0.715326311983765660521752818323568268, 1.017359778438697596344342782913982695
Vector b: -1.083953398946107544056485331881572886, 0.441966397158087635155058781342586459, 1.065838720008310914960409513013212781, 0.391592621545492665587483586973475495, -1.650738751122649836013692682863074545, 0.314627431842816970839163764549838221, 0.090014355546517872484556732218411492, -0.604066932909863871645179929180849462, 2.034719556877395192688685565827972324
---------------------------------------------------------------------------------------------------
| Order |                  Error^2                   |                 Efficiency                 |
---------------------------------------------------------------------------------------------------
|   2   | 2.387824098702724583845723347419520156e-67 | 7.081104307745506939745932454214689453e+30 |
|   4   | 2.557689061063739535365562029503264385e-70 | 7.486527797450675081910040935435996094e+29 |
|   6   | 3.338242886108077719100739338692560214e-72 | 2.267501095951582761076293450748512268e+28 |
|   8   | 2.668425514656411638214719445750292189e-09 | 2.775115650521253123790697744678225856e-06 |
---------------------------------------------------------------------------------------------------

Scheme evaluation results:
Order: 8, No. cycles: 17
---------------------------------------------------------------------------------------------------
Vector a: -0.465817111538424687984063317096005924, 0.435094417859392024846678043170874702, -0.491403000588795418713237903533030048, -0.647669577443134216697639917266402733, 0.808472186107949784799003261081289562, 1.131387680900998753463873786577566757, -0.519462144949598570039521616249573228, -0.048813073006851414423098696123483115, 0.798210622658463744748006359438764027
Vector b: -0.739998896620810294379626432717001251, 0.548363570164771212791126231241973611, 0.321825265554012836902229855099851000, -1.304631266731603674328705662165976481, 0.009292111845335240933425827632992650, 1.607652260370564328664580694529768643, 0.655123101431433178263166878625362656, -1.694047391330630318342210111124524038, 1.596421245316927489496012718877553283
---------------------------------------------------------------------------------------------------
| Order |                  Error^2                   |                 Efficiency                 |
---------------------------------------------------------------------------------------------------
|   2   | 1.774913099450035624031787381014007189e-69 | 8.213222910188555813790206749137076562e+31 |
|   4   | 2.292218766828011568025745820505972294e-71 | 2.500784578628974544586359980632210449e+30 |
|   6   | 7.316821084932666319966078888720382529e-73 | 4.843343307615806930879372791307504272e+28 |
|   8   | 2.707682193002849492709550003695725830e-09 | 2.754925028060325997419774070404452632e-06 |
---------------------------------------------------------------------------------------------------

Scheme evaluation results:
Order: 8, No. cycles: 17
---------------------------------------------------------------------------------------------------
Vector a: -0.858680700529192913015595673558804398, 0.757845895055177321305820575088234573, 0.722819630378711775396029576752072821, -0.633664216770565688486324301662332356, -0.791040094250797260378768047448990520, 0.201892450442169281606654777720402941, -0.134867485718721652254641226541661714, 0.716826891424133887775421362988532994, 1.018867629969085248051402956662545610
Vector b: -1.085802040301829604403144828269856475, 0.454242679545273382775098309422094573, 1.061449110565081259836542840754368844, 0.384190150192342290955516312749791195, -1.651518583733473667928164916074460771, 0.069438395231879147170628821176336105, 0.334346505652459416042680734264649082, -0.604081477089902720551963187348017817, 2.037735259938170496102805913325095072
---------------------------------------------------------------------------------------------------
| Order |                  Error^2                   |                 Efficiency                 |
---------------------------------------------------------------------------------------------------
|   2   | 5.383601212362480502484171418432792214e-68 | 1.491302397709082820783055130143408203e+31 |
|   4   | 5.149657493249844347893777597728505140e-71 | 1.668457475288253121908370843036719971e+30 |
|   6   | 2.256890341756990588588725726769731230e-72 | 2.757726819390358663728772374006622314e+28 |
|   8   | 2.749822359214788574684695562876725398e-09 | 2.733734347979634335754655747293064980e-06 |
---------------------------------------------------------------------------------------------------

Scheme evaluation results:
Order: 8, No. cycles: 17
---------------------------------------------------------------------------------------------------
Vector a: -0.391355925150647312502917058656361223, 0.624669468892672417549399748953320399, -0.606360304819243620455003801620612446, 0.124650021096427205248901694423190008, 1.094069958492401249974490091267666643, -0.815531327939079508348875056727096026, -1.012886290581689735221522616131159600, 0.991150317688724314470760476978375196, 0.991594082320434989284766521512677049
Vector b: -0.849876959477488857840373727255579153, 0.917042068653683090674913337198483334, 0.332296869131661744423886160708129682, -1.545017478770148985333893763949346821, 1.794317520963003395831697152795709888, 0.393822396021799104117283029739638226, -2.024885051899958120815033143193884975, -0.000887529263421349628012089068533767, 1.983188164640869978569533043025383565
---------------------------------------------------------------------------------------------------
| Order |                  Error^2                   |                 Efficiency                 |
---------------------------------------------------------------------------------------------------
|   2   | 1.292792371102307628437233392173107233e-67 | 9.623604508340694604871307740591142578e+30 |
|   4   | 5.598690759187702448968428269658880516e-71 | 1.600151394832763400231485474728674805e+30 |
|   6   | 6.545235694570719479928570632728022886e-72 | 1.619361562850127459854952392224600029e+28 |
|   8   | 2.780288665208675872210723786174740573e-09 | 2.718715006579340337675421679801443064e-06 |
---------------------------------------------------------------------------------------------------

Scheme evaluation results:
Order: 8, No. cycles: 17
---------------------------------------------------------------------------------------------------
Vector a: -0.068392105602141074690303015317090095, 0.610244745253356189957973741296002172, -0.147305165197874477592841878686423298, 0.320981218819060301512722782753295878, -0.832282273019068816277862557011095633, -0.545618201569322006530115164793318862, 0.894502731368574722201008482849926583, 0.675217014315896922160365629131220060, 0.092652035631518239259051979777483244
Vector b: -1.121649553637982814201893976774519635, 2.106514896071683479023181922914852675, -0.886025405564971099107234440322827436, 0.591415075169222143921550682949967792, 0.050547362468898459103894882556729914, -1.715111908507036091659619996579029971, 0.623875505368392078599389666992385890, 1.165129957368757365802627298707475943, 0.185304071263036478518103959554964851
---------------------------------------------------------------------------------------------------
| Order |                  Error^2                   |                 Efficiency                 |
---------------------------------------------------------------------------------------------------
|   2   | 1.202877171639400737166695701807738992e-68 | 3.154942989169974549759547177955148047e+31 |
|   4   | 5.379296669597227668260650848301112885e-73 | 1.632456307602369200960382508670887695e+31 |
|   6   | 1.589075360579408245980911735503192472e-73 | 1.039283960691504166427070073137083282e+29 |
|   8   | 2.800891048507882831348410342401924256e-09 | 2.708697589001440185709070309164812385e-06 |
---------------------------------------------------------------------------------------------------

Scheme evaluation results:
Order: 8, No. cycles: 17
---------------------------------------------------------------------------------------------------
Vector a: 1.642900098967652591849964165053968762, -0.000495656311195172036595042655822941, -0.535654112699936762118025456901506888, 0.007752700826835059783081728536938439, -0.784007966453110364587096907922248856, 0.518336795668445701548961910854696239, -0.360989224482117076631673555052322999, -0.053738336552392520471566805490419051, 0.565895701035818542662949963576717276
Vector b: 0.056288992736613862352236417514559586, 3.173222212462077458995455495071061211, -3.174213525084467803068645580382875304, 2.102905299684594278832594666586878654, -2.087399898030924159266431209512388094, 0.519383965124703430092237393675646775, 0.517289626212187973005686428027118673, -1.239268075176422126269033538123722662, 1.131791402071637085325899927143721124
---------------------------------------------------------------------------------------------------
| Order |                  Error^2                   |                 Efficiency                 |
---------------------------------------------------------------------------------------------------
|   2   | 8.203675965479255075747642177860578435e-64 | 1.208086157887331749116082451712539062e+29 |
|   4   | 3.994725344768475326647164387939830183e-67 | 1.894352746637737093330070934247691536e+28 |
|   6   | 4.992473113784615068842624886812989263e-68 | 1.854165962648400424231477365334303379e+26 |
|   8   | 2.758253771538093112925627853586470454e-09 | 2.729552919339098687165269114231231201e-06 |
---------------------------------------------------------------------------------------------------

Scheme evaluation results:
Order: 8, No. cycles: 17
---------------------------------------------------------------------------------------------------
Vector a: -0.764655848228880255633726714453924811, 0.985354432982585017118899099670263183, 0.316259189561564935288579751287135468, -0.290795090240686209565922258737738044, -0.595996650255652848553728060185234437, -0.127521713183307590629100365024081843, 1.003644337867015669155266932660316360, 0.358876469551730869304754227475118298, 0.114834871945630413514977387308145755
Vector b: -0.851828198220644172457261406767102145, 0.174344699983527833647069384626402503, 1.796364165981642200590728814714059994, -1.163845786858512330013569312139808991, 0.582255606377139910881724794664351103, -1.774248906888445607989180915034780977, 1.519205480521830426730980184986625042, 0.488083195212200911579553680333971855, 0.229669743891260827029954774616281689
---------------------------------------------------------------------------------------------------
| Order |                  Error^2                   |                 Efficiency                 |
---------------------------------------------------------------------------------------------------
|   2   | 3.425310611566203953010324371778307241e-69 | 5.912241658917709858181791841094769531e+31 |
|   4   | 7.111504813703850993442143759534165829e-72 | 4.489764485589787453571398812286060059e+30 |
|   6   | 4.760566469875506584116681968795649633e-73 | 6.004504228814636123369518158555416870e+28 |
|   8   | 2.826885251049413357627789131232308909e-09 | 2.696215114803705573873359485994965731e-06 |
---------------------------------------------------------------------------------------------------

Scheme evaluation results:
Order: 8, No. cycles: 17
---------------------------------------------------------------------------------------------------
Vector a: -0.801285778696723005145907384429351094, 0.464605983074883997145796991871145316, 0.611773600671999385481053843087487681, -0.648184676579928128315315875519639920, 0.100761362508571492275332231663730232, 1.108549426568737531568118815595564947, -0.801333106348893920553769231560081310, -0.023284209939077149274704573552781940, 0.988397398740429796819395182843926079
Vector b: -0.803373046249232502247790716789518676, 0.004174535105018994203766664719385173, 0.925037431044749000087827319023854049, 0.298509770299249770874280367151126031, -1.594879123459106027504912118190417812, 1.796401848476249012055576581517879648, 0.420697004661226051080661049673255927, -2.023363217359013892188199512793423459, 1.976794797480859593638790365687858899
---------------------------------------------------------------------------------------------------
| Order |                  Error^2                   |                 Efficiency                 |
---------------------------------------------------------------------------------------------------
|   2   | 1.914725179071643704614413282628410238e-68 | 2.500627097737344736538212192769633594e+31 |
|   4   | 1.182864916784487740338517223781064648e-71 | 3.481262235948250175803646239749364746e+30 |
|   6   | 1.421914732029915321572046653964803445e-72 | 3.474319027586067743910921481353860855e+28 |
|   8   | 2.867884419250110382519672383354186127e-09 | 2.676873243163767612308318960934004005e-06 |
---------------------------------------------------------------------------------------------------

Scheme evaluation results:
Order: 8, No. cycles: 17
---------------------------------------------------------------------------------------------------
Vector a: -0.840623175800675458446036863823572387, 0.785031293037701270890457101927332128, 0.698531073950763891544467748366527985, -0.662397689619387662767830490380115254, -0.627327864455137018893077776272583912, -0.113130618857354226769604955786442407, -0.306640878127922591812832211872584148, 1.038540501047925802081149607357719837, 1.028017358824085994173307840483718171
Vector b: -1.096086971217770366868342526237913414, 0.510927590834189816844611324829510396, 1.059134995241212724936302879023749278, 0.337927152660315058152632617710355313, -1.662722531899090383688293598471180982, 0.408066802988816345902138045927353557, -0.634328040703524799441347957500522036, 0.021046284447679615815683533751214028, 2.056034717648171988346615680967433646
---------------------------------------------------------------------------------------------------
| Order |                  Error^2                   |                 Efficiency                 |
---------------------------------------------------------------------------------------------------
|   2   | 2.134367102380199044736983227196673394e-66 | 2.368468417931009107598504005919310059e+30 |
|   4   | 1.761417047946921552015689615049341944e-69 | 2.852812421481043445421089949091318970e+29 |
|   6   | 9.118621937913680218589160231090779469e-72 | 1.371961317864666233341349774836145210e+28 |
|   8   | 2.873137495249503472196344996486641679e-09 | 2.674425004618999101443496109451631171e-06 |
---------------------------------------------------------------------------------------------------

Scheme evaluation results:
Order: 8, No. cycles: 17
---------------------------------------------------------------------------------------------------
Vector a: -0.605258494112343352545361079529867673, -0.247457738834764773916061382716476746, 1.634910341248116446683970488759663348, -0.005108183154812756316546569631048163, -1.005581630404963306117836992846450429, -0.571672669946891272861348776562208021, 0.143551361096869210109569014324006795, 1.246215382413089617927114753546858879, 0.410401631695700187036500544655522046
Vector b: 0.156046419046758370333683950726117373, -1.522609826318203445758090060511835663, 1.027694348648673897925967295078786261, 2.242126333847558995441973682440720895, -2.252342700157184508075066821702822493, 0.241179439347257895839392836009778394, -1.384524779241040441562090389134261602, 1.671627501434778861781228417782306006, 0.820803263391400374073001089311210878
---------------------------------------------------------------------------------------------------
| Order |                  Error^2                   |                 Efficiency                 |
---------------------------------------------------------------------------------------------------
|   2   | 1.811507098607574368708891732068484756e-66 | 2.570881961918320098454486239435750488e+30 |
|   4   | 2.912753869642651782982530382539473722e-69 | 2.218464178364328029368316179776267090e+29 |
|   6   | 5.995434861640774170034774717748248149e-71 | 5.350521669616032804806276782584737778e+27 |
|   8   | 3.048654275212702698933875621284288617e-09 | 2.596298009712504505810972696749131440e-06 |
---------------------------------------------------------------------------------------------------

Scheme evaluation results:
Order: 8, No. cycles: 17
---------------------------------------------------------------------------------------------------
Vector a: -0.070135864686990097674520785339830141, 0.598606141064415528961907829084067101, -0.464307360342155660106721141785163827, 0.350238881930079241581051586164184810, -0.526207664181352030830020393042060650, -0.561061231798772278031673278032713086, 0.899758758527031935342150125196408943, 0.682345361999535807090492056446878662, 0.090762977488207553667334001308228213
Vector b: -1.140258306390516599203556387324865211, 2.140244883407053003058071203970069899, -0.943032601278221945134255545801931749, 0.014417880593910624920813262231566891, 0.686059883266247858241289910096840058, -1.738475211628951919901330696180966656, 0.616352748031407363837984140115537883, 1.183164769022656506846316110277284914, 0.181525954976415107334668002616463937
---------------------------------------------------------------------------------------------------
| Order |                  Error^2                   |                 Efficiency                 |
---------------------------------------------------------------------------------------------------
|   2   | 9.672597216071782147545678042579522596e-70 | 1.112578352413248790927302532368284375e+32 |
|   4   | 5.265610146737964399212064912379208425e-72 | 5.217710314748473707393965904377511719e+30 |
|   6   | 1.253498919875147130022625603023862865e-73 | 1.170157955798975865107047379809051666e+29 |
|   8   | 3.124468356253522657178565453908438349e-09 | 2.564605466672977800161525350928911022e-06 |
---------------------------------------------------------------------------------------------------

Scheme evaluation results:
Order: 8, No. cycles: 17
---------------------------------------------------------------------------------------------------
Vector a: -0.088279145704980429985178839173465331, 0.459928037605281510849032504253255576, -0.116160506286847120080814042024190220, -0.308544275645791638515595396432858143, -0.943111236104586427800884203527849982, 0.746233623897952215582419302810073304, 0.675561814919386110147396122431463873, 0.271577940721399211258543737046377780, 0.302793746598186568545080814617193082
Vector b: -1.338390653157682598348800295353663909, 2.500223014905404336727242912360395135, -1.580366939694841315029177903853878975, 1.348045927121147074867549819805495092, -1.965134478412730351898740612671212341, 0.078912006203557496296972205615495442, 1.413555241592346934867866400004667164, -0.062431611753574714573074155141677326, 0.605587493196373137090161629234379712
---------------------------------------------------------------------------------------------------
| Order |                  Error^2                   |                 Efficiency                 |
---------------------------------------------------------------------------------------------------
|   2   | 2.290181239035275557743056268665522541e-68 | 2.286479073349792982970186969590374219e+31 |
|   4   | 1.321209428102256667681506271541636809e-71 | 3.293961224002067839809951521009521484e+30 |
|   6   | 2.468756817918269222568691804168371633e-73 | 8.338104150421193384965436857390472412e+28 |
|   8   | 3.236586030396763229200605012077348465e-09 | 2.519794080279365215522693389350178575e-06 |
---------------------------------------------------------------------------------------------------

Scheme evaluation results:
Order: 8, No. cycles: 17
---------------------------------------------------------------------------------------------------
Vector a: 0.568417968992863907226389828314996588, -0.098436720916134280872475276620021837, -0.537973217581715486003780427362171795, 0.458606274807423251543957714681993175, -0.003634012038245501501159554168508417, -1.073698414689743351382659805372194166, 0.879408386482562813660469733304276034, 0.705160856879231887368517665154615865, 0.102148878063756759960740122067014497
Vector b: 1.016736007838444986685319404311018540, -0.896636077691162158917859151992034564, 0.699762635858893597172908598751990312, -1.775709071022324569180469453476271309, 2.692921620637171072268384882840430223, -2.700189644713662075270703991177449546, 0.552792815334175372505384380432840022, 1.206023957630950254815555086175600440, 0.204297756127513519921480244133875787
---------------------------------------------------------------------------------------------------
| Order |                  Error^2                   |                 Efficiency                 |
---------------------------------------------------------------------------------------------------
|   2   | 4.152962724547051625215830572798925335e-67 | 5.369367635513282525059691625784928711e+30 |
|   4   | 1.206442209654683100210277989093028958e-69 | 3.447077540528463119055535724656055908e+29 |
|   6   | 1.872424977610512563577707578025366156e-71 | 9.574238874464208428882212234573832512e+27 |
|   8   | 3.244219041704016972516631989776958099e-09 | 2.516828043920524751855057907139578188e-06 |
---------------------------------------------------------------------------------------------------

Scheme evaluation results:
Order: 8, No. cycles: 17
---------------------------------------------------------------------------------------------------
Vector a: -0.508634906196433211721795285873599651, 0.575397461152468337246854982559395539, -0.345250035877852635771358589011182470, -1.082442290148556793319626810219717465, -0.530706579400910512084615884897994137, 0.389777138139151087127679154195543271, 1.207959398690242273771958615119794793, 1.036768265697910655622020024837446301, 0.257131547943980799128883793290313964
Vector b: -0.839001149681946573353854702745243811, 0.660732486971026723264118833743425832, 0.490062435333909951229591131375107654, -1.180562507089615222772308309397322276, -0.984322073207498363866945311042052855, -0.077091085594322660302286458753893254, 0.856645361872624834557644767144944732, 1.559273435507859712986272463094558379, 0.514263095887961598257767586580475780
---------------------------------------------------------------------------------------------------
| Order |                  Error^2                   |                 Efficiency                 |
---------------------------------------------------------------------------------------------------
|   2   | 2.404789913456906429466251682410998434e-66 | 2.231328879403654064765035581242052002e+30 |
|   4   | 2.648830347739815451052899370706216634e-70 | 7.356601692605233571692473466631248779e+29 |
|   6   | 1.199599922282389347112754170426701835e-71 | 1.196157195869104244757518980745454788e+28 |
|   8   | 3.459337205898104814605692705220089778e-09 | 2.437317911493203134154566061128862086e-06 |
---------------------------------------------------------------------------------------------------

Scheme evaluation results:
Order: 8, No. cycles: 17
---------------------------------------------------------------------------------------------------
Vector a: 0.246235322737090786560161804431366033, 1.031096036079701312628638401559200425, -0.811856472147270621857794624876843294, -0.364267231214749002710308742754834114, 0.558851360432168828325807572914158341, -0.936828096344920675332206879237455057, -0.144173833083740781060079956994599825, 1.159693453925362984250211958333008160, 0.261249459616357169195570466625999428
Vector b: -0.779388324890789237672669475799688026, 2.051247295255760048465662560462088955, 0.010944776903642576791614242656149132, -1.634657721198183820507203492409692839, 0.906123258768685815086586006900045121, 0.211579462095651841565029138928253698, -2.085235654785493192229442897403111765, 1.796887988618011630109282983413921360, 0.522498919232714338391140933252034293
---------------------------------------------------------------------------------------------------
| Order |                  Error^2                   |                 Efficiency                 |
---------------------------------------------------------------------------------------------------
|   2   | 5.249124378041903823826660996963108506e-67 | 4.775938497442589352090147928523295898e+30 |
|   4   | 2.241391114967116519849711969798572311e-70 | 7.997338736928129545361639072047106934e+29 |
|   6   | 4.395578777034223537927924013253073471e-72 | 1.976052313543074291164551075504979324e+28 |
|   8   | 3.547239072036584101777908146744589655e-09 | 2.406929663263419016523209017274883027e-06 |
---------------------------------------------------------------------------------------------------

Scheme evaluation results:
Order: 8, No. cycles: 17
---------------------------------------------------------------------------------------------------
Vector a: -0.080527315900293415689260307047164552, 0.454339813719116117278592483339291385, -0.802148812634389139949405084476790259, 0.721884912645576361026757988811249698, 0.653223011501969157623685331597443320, -1.114290661661007325625672373442610219, -0.159013451126691801696777533900754453, 1.152352633319908860532702311264427337, 0.174179870135811186499377183854907708
Vector b: -1.428573396047188026424760819944772734, 2.696092160293789221471001025795229293, -1.787412532855556986913816059116697849, 0.183114907586778707015005890163133244, 1.260654917704374015038510087459367812, 0.045791105299564300208860575735422104, -2.274372428621578951460205322620518554, 1.956345526368195348066650254819029243, 0.348359740271622372998754367709807327
---------------------------------------------------------------------------------------------------
| Order |                  Error^2                   |                 Efficiency                 |
---------------------------------------------------------------------------------------------------
|   2   | 7.864857279960999691181670104136047162e-69 | 3.901725699448347039409492706685107812e+31 |
|   4   | 7.588995118647600799001904999487654801e-71 | 1.374396934254186678300389389809024902e+30 |
|   6   | 2.897448563055469788118972394398520180e-72 | 2.433876874607356418353064155718330002e+28 |
|   8   | 3.552572386324687863778402603622706908e-09 | 2.405122278014914190948906327000362760e-06 |
---------------------------------------------------------------------------------------------------

Scheme evaluation results:
Order: 8, No. cycles: 17
---------------------------------------------------------------------------------------------------
Vector a: 0.853981469015053022654072929032026780, -0.966406121986819251688707015540450328, -0.106810475161696447028342852892777505, 0.188081476642287842522016940813836113, -0.248020447786383398734241985281804482, 0.738067823536515675292037594892480758, -0.773101365219333726282011952068652013, 0.204354281657584029809872951046123322, 1.109853359302792253455303389999217319
Vector b: 0.671805080300863408129559057576070826, 0.364352777428379229049027742911999152, -2.297165021402017732426441773992921764, 2.083544071078624838369756068207288296, -1.707381117794049153325722186579669610, 1.211340222221282355857238216016065992, 0.264795424851748994726836973768848580, -1.810998155290416447290860877906108840, 2.219706718605584506910606779998427320
---------------------------------------------------------------------------------------------------
| Order |                  Error^2                   |                 Efficiency                 |
---------------------------------------------------------------------------------------------------
|   2   | 7.773055333299393894556046407324672172e-67 | 3.924698303494015619491466537611559570e+30 |
|   4   | 8.833045562411221660622359448946287720e-71 | 1.273940308276010557693618600595775146e+30 |
|   6   | 9.682615257957377254255572464603889687e-72 | 1.331404848159346456531621211442885399e+28 |
|   8   | 3.636716864723826131266035531834353404e-09 | 2.377135203828405174541151334640039211e-06 |
---------------------------------------------------------------------------------------------------

Scheme evaluation results:
Order: 8, No. cycles: 17
---------------------------------------------------------------------------------------------------
Vector a: -0.222425141549111636922902408064703079, -0.424454152701104004476152814831668430, 0.054397610806651657707019915671388895, 1.373981897255156512169591362972498922, -1.377758710110040869166125464870449195, -0.000295980249606579665668587470516304, 1.114125312376576198905176087743069488, -0.123455109706113269382533877301678693, 0.605884273877591990831595786152058455
Vector b: -0.651553309196665317290472166736636385, 0.858256335295107360735139517343935080, -1.707164640697315369687445147004738861, 1.815959862310618685101484978347573069, 0.932003932199694339237697747593422885, -3.687521352419776077569948677322378390, 3.686929391920562918238611502381344039, -1.458678767167410520428259326907378097, 1.211768547755183981663191572304856467
---------------------------------------------------------------------------------------------------
| Order |                  Error^2                   |                 Efficiency                 |
---------------------------------------------------------------------------------------------------
|   2   | 6.690774903872498192665561524393508625e-65 | 4.230229676220188294218992991937667847e+29 |
|   4   | 1.517368348367079865960246532993755340e-68 | 9.719833021324052847282187482561793518e+28 |
|   6   | 3.025217303766468356405490601765160938e-69 | 7.532309969929653995126110050796639919e+26 |
|   8   | 3.716819999198799511459541981647697541e-09 | 2.351380240440713468137588870704876114e-06 |
---------------------------------------------------------------------------------------------------

Scheme evaluation results:
Order: 8, No. cycles: 17
---------------------------------------------------------------------------------------------------
Vector a: 0.091692749333439165196464551175155831, 1.047227980278896152613457246743382207, -0.618483335472091412285279550239861535, -0.350551015826511578288911054112196522, 0.466621377699507597411143338404794848, -0.839585635835745060964979359724850531, -0.185067658156778849825939535084553386, 1.114096269167688724254494974022603254, 0.274049268811595261889549388815525785
Vector b: -0.942375195568656475228123613857821734, 2.068135889804191280849176330065937219, 0.026320070753601024377738163420761731, -1.263286741697783848948297263900416797, 0.562184710044760692370475155676035212, 0.371058045354254502451811521133548755, -2.050229317025744624381770240583238021, 1.680094000712186924729891170414133561, 0.548098537623190523779098777631060237
---------------------------------------------------------------------------------------------------
| Order |                  Error^2                   |                 Efficiency                 |
---------------------------------------------------------------------------------------------------
|   2   | 5.252293865719493173155289188714919233e-68 | 1.509828603666052193747779503705027344e+31 |
|   4   | 4.851951490818628652767459276314049766e-71 | 1.718882101633775917074987776519502930e+30 |
|   6   | 1.797194806458207745922410440269071490e-72 | 3.090358721921563680631403076898344803e+28 |
|   8   | 3.745178286710876355491732499789308773e-09 | 2.342461062445589846694665363840236794e-06 |
---------------------------------------------------------------------------------------------------

Scheme evaluation results:
Order: 8, No. cycles: 17
---------------------------------------------------------------------------------------------------
Vector a: -0.090372067901059034866709608465809696, 0.262273591662848034303155054988248843, -0.414666476491973630144479272705830403, 0.971457305542339146503681175294241924, 0.950742379509354481372077652798530063, 0.131692594764985969167079633682237401, -0.022430506918922982674786872456849715, -0.150147739120955028990741436901699636, -0.638549081046616954669276326233068885
Vector b: -1.430551505698436241966348854126406329, 2.680358875594754414199278491321129927, -2.155811692269058345592968381344452360, 1.326478739285111085304009835932564005, 0.616435871799567207703352514656085184, 1.285048887219141755040802790941675500, -1.021663697689169816706643523577165936, 0.976802683851323851357069778663455810, -1.277098162093233909338552652466885801
---------------------------------------------------------------------------------------------------
| Order |                  Error^2                   |                 Efficiency                 |
---------------------------------------------------------------------------------------------------
|   2   | 5.321841481044882324137759224868937474e-67 | 4.743197299692259114365032515527089355e+30 |
|   4   | 7.215757876927013498737527675589296157e-69 | 1.409494347059544453822752988561732178e+29 |
|   6   | 9.067942438174946478877167910532968348e-71 | 4.350629440934637498576697534510363102e+27 |
|   8   | 3.763421979565779423465491073233331484e-09 | 2.336776467763552369988139099170245955e-06 |
---------------------------------------------------------------------------------------------------

Scheme evaluation results:
Order: 8, No. cycles: 17
---------------------------------------------------------------------------------------------------
Vector a: -0.352920691887635702815896248520136430, 1.045523827372961128036625776431576658, -1.057870480133257808411628461572769448, 0.212412862137630628191507283492672149, 1.304708083506320559194882157603551074, -0.963566470199268079186648794388865856, -0.352435349090072624849964254943008958, 0.893804251961705168502074998558915318, 0.270343966331616731339047543338065445
Vector b: -1.376348942546057691087118528188639295, 2.046856501316843976542444559336987818, 0.044191153429078279530806993526231287, -2.159932113695593896354063916671836513, 2.584757837970855152737078483657188901, 0.024658329041785965652685831549992821, -1.951791269440322124025983420327781508, 1.246920571260176874326054910441755984, 0.540687932663233462678095086676100652
---------------------------------------------------------------------------------------------------
| Order |                  Error^2                   |                 Efficiency                 |
---------------------------------------------------------------------------------------------------
|   2   | 4.793714277167708458864627387824361457e-67 | 4.997652840386776129458193759292703125e+30 |
|   4   | 1.072355122166530411800933403528372687e-70 | 1.156205415474227161752407894966865845e+30 |
|   6   | 3.089094373909757132712049241541143163e-72 | 2.357169882473733386803335119409588623e+28 |
|   8   | 3.810121561263655808786140856452379729e-09 | 2.322411711945946904254959050960979560e-06 |
---------------------------------------------------------------------------------------------------

Scheme evaluation results:
Order: 8, No. cycles: 17
---------------------------------------------------------------------------------------------------
Vector a: -0.046774699422283003762491292765587872, 1.179224700098211463993797759587976157, -0.599800558846140705861943879714736167, -0.368677700965143260095784510076537408, 0.461557532496596350352025645434097862, -0.818211065026014025883662903006953566, -0.190313380610933633828786287748895431, 1.113831732460192099417666620833181804, 0.269163439815514715669178847457454609
Vector b: -1.212335333134492554864033934675427671, 2.331121267424419102203085283819677599, 0.027328132772003825784510235356332265, -1.226929250464285237508397994785862220, 0.489573848533998717316828974632797948, 0.433541216459193983387222316235373702, -2.069963346511222035154548122249263645, 1.689336585289354767496975546751474805, 0.538326879631029431338357694914897277
---------------------------------------------------------------------------------------------------
| Order |                  Error^2                   |                 Efficiency                 |
---------------------------------------------------------------------------------------------------
|   2   | 2.017605298762591515481031778009800009e-68 | 2.436037964806420837609994171523000391e+31 |
|   4   | 6.022601410798790810627830044020369529e-71 | 1.542809319898538438341416249672659912e+30 |
|   6   | 6.340550808227361761317169608860025609e-73 | 5.202870042814112878434818626285911560e+28 |
|   8   | 3.903761182179808870439208862174796643e-09 | 2.294388770140408242116707827466522941e-06 |
---------------------------------------------------------------------------------------------------

Scheme evaluation results:
Order: 8, No. cycles: 17
---------------------------------------------------------------------------------------------------
Vector a: 1.535520641612945344165429310022375979, -0.021264844140624266692432800938370952, -1.238534722138488962980928832575258366, -0.864102676050548959246102386494620163, 0.849419794211598959097305667007358806, 0.777492851310289910399831341395931501, -1.263914184863604169564262755855739002, -0.077334356515055763330418242798169882, 1.302717496573487908151578700236492136
Vector b: 1.370418050791878157738244177670472974, 0.330205181642134372854370264704431119, -0.372734869923382906239235866581200486, -2.104334574353595019722621798569849728, 0.376129222252497101230417025580516283, 1.322710366170700816964194308434212789, 0.232275336449879003835468374357778191, -2.760103706177087342963993886069508589, 2.605434993146975816303157400473147206
---------------------------------------------------------------------------------------------------
| Order |                  Error^2                   |                 Efficiency                 |
---------------------------------------------------------------------------------------------------
|   2   | 3.635674036567348481307561212905630644e-67 | 5.738649337994794341108280172999625977e+30 |
|   4   | 2.113156862542773997696327219527558224e-69 | 2.604584467014247074202288203613934021e+29 |
|   6   | 7.483870709198072039716042727461327228e-71 | 4.788983422591237685657777345620687008e+27 |
|   8   | 3.974511123209930897992887065076865436e-09 | 2.273875961967643303568343918828162010e-06 |
---------------------------------------------------------------------------------------------------

Scheme evaluation results:
Order: 8, No. cycles: 17
---------------------------------------------------------------------------------------------------
Vector a: 0.461725378273438160548860674505390819, -0.671224170109130493991904449305852166, 0.638167868676789113379872494315246126, -0.607607065464751423877423848097800372, -0.155052036105946143309810450353756173, 1.174958741003994189804158489802504801, -1.106428928654363464885118677028816825, -0.025559055308264670507591612121871883, 1.291019267688234732838957378284955660
Vector b: 1.258863099756304797145522839446138352, -1.594275442965733273193324329881468680, 0.251827102747472285209515431269715623, 1.024508634606105941550229557360832289, -2.239722765535608789305077253556475981, 1.929618693323716502685456352848957616, 0.420298788684271876922860626756045630, -2.633156645992998806693097980813685251, 2.582038535376469465677914756569940208
---------------------------------------------------------------------------------------------------
| Order |                  Error^2                   |                 Efficiency                 |
---------------------------------------------------------------------------------------------------
|   2   | 2.495745154124641928485513276568675415e-68 | 2.190292111278400314993906118494599609e+31 |
|   4   | 7.187945268818702941710363437142184726e-71 | 1.412218621134660428822895689493690674e+30 |
|   6   | 1.751211385299467018496308674530755514e-71 | 9.900045388190648663708386034439869881e+27 |
|   8   | 4.083795170419631791142289233204590972e-09 | 2.243244715690506921490833496051458245e-06 |
---------------------------------------------------------------------------------------------------

Scheme evaluation results:
Order: 8, No. cycles: 17
---------------------------------------------------------------------------------------------------
Vector a: -0.569905344091583245575722132690868847, 0.758518027684025734070882115353268198, 0.681796069753164030289116479482096984, -1.002479017478895645725846192782674050, -0.132113483595041591262604538583308020, 0.973771573513826034174601837706856743, -1.031326899656740845836702789611983943, 0.175937035573651507584299476151392369, 1.145802038297594022281975744975220614
Vector b: -0.811495238585215260207874472857968188, 0.483179788987264029264304680334191412, 1.033856266380787438877459550372416485, 0.329735873125540621700773408591844072, -2.334693908083331913152465794157395405, 2.070466940893248730627256716990819521, -0.122923793865596662278053041576641910, -1.939730005447885029395352537647832713, 2.291604076595188044563951489950566413
---------------------------------------------------------------------------------------------------
| Order |                  Error^2                   |                 Efficiency                 |
---------------------------------------------------------------------------------------------------
|   2   | 8.324885777165396679451133364113146984e-68 | 1.199259080532059155489429920086245508e+31 |
|   4   | 2.260028657602494738906865748026644597e-70 | 7.964295061774650563291150927733708496e+29 |
|   6   | 1.643176155238443676649459932609071065e-71 | 1.022031801946384121001952733089555359e+28 |
|   8   | 4.158833392370583540927221895142175822e-09 | 2.222915058118193516127596279346352484e-06 |
---------------------------------------------------------------------------------------------------

Scheme evaluation results:
Order: 8, No. cycles: 17
---------------------------------------------------------------------------------------------------
Vector a: -0.292038159980955847973828607363068295, 0.661788524633037933117030458415532248, 0.439288543786663340482916900076030113, -0.330404670834511260710770975313199567, -0.380958685221866400595479163645578281, -0.236743960407076486577814379728161144, -0.397003748660765370501785549961453009, 0.798579818958050799727223718101915700, 0.737492337727423293032507599417982211
Vector b: -0.786439424699001971111337642952093248, 0.988802529436092246275018071178059537, 0.334774519829983619959042845652969330, 0.543802567743343061006790954499129607, -1.204611909412365582428332905125522868, 0.442694538968632781237374577834411951, -0.916182459782785754393003337290759324, 0.122174962461255013389432237367856507, 1.474984675454846586065015198835948436
---------------------------------------------------------------------------------------------------
| Order |                  Error^2                   |                 Efficiency                 |
---------------------------------------------------------------------------------------------------
|   2   |                    0.0                     |                  Infinity                  |
|   4   | 1.054137642769671986530358417454907012e-71 | 3.687700595678305520896922377175993164e+30 |
|   6   | 2.108023973034390724722118092070606532e-73 | 9.023368611415772631142469056366780090e+28 |
|   8   | 4.371301395424031393670825027726915197e-09 | 2.168219536172367477393861178162441220e-06 |
---------------------------------------------------------------------------------------------------

Scheme evaluation results:
Order: 8, No. cycles: 17
---------------------------------------------------------------------------------------------------
Vector a: 0.568987036546045430842923883294179088, -0.088374768032630517756047252821843368, -0.889361885619741885607365435982347959, -0.007480376159334353225499440055181437, 0.367490954041797601543142199693693532, -0.643570042713956181884635169753072285, 0.872486159538215699617976879836285921, 0.716797712209483919975584858628221874, 0.103025210190120286493919477160064558
Vector b: 1.045254949392874265781194008005300269, -0.952535825693657669876540249422035228, 0.775786289628396634364445743778312501, -2.554510060867880405579176615743134856, 2.539549308549211699128177735632774806, -1.804567400465616496041893336245546824, 0.517427315037704132272622996739233543, 1.227545004038727266963330762933790892, 0.206050420380240572987838954321304897
---------------------------------------------------------------------------------------------------
| Order |                  Error^2                   |                 Efficiency                 |
---------------------------------------------------------------------------------------------------
|   2   | 7.361844247471130189984303604552885826e-65 | 4.032820060623183763808733247403690186e+29 |
|   4   | 4.958843767152228020340361261498451896e-70 | 5.376678910533238058005738355602562866e+29 |
|   6   | 1.958204539015172694049517869404091579e-71 | 9.362189884726862681286704408967476845e+27 |
|   8   | 4.361713405946171940906836865165370022e-09 | 2.170601335719741485168842069713054450e-06 |
---------------------------------------------------------------------------------------------------

Scheme evaluation results:
Order: 8, No. cycles: 17
---------------------------------------------------------------------------------------------------
Vector a: 0.042387525242231131802597042336932363, -0.685837694347815531195510811579777288, 0.929956289760060656425334859451075624, -0.170183755500511435471128499154536065, -0.368560832185483811280179675858926475, -0.246415054656786739872411951123629944, 0.361893387322760570018714100620080208, 1.041927182208163521238583875781585502, 0.094832952157381638334001059527196027
Vector b: 1.121018644593900370600934772152728206, -2.157262238703338477596675459631585909, 0.785586850007707415205653836472024496, 1.074325729512413897645015882430126078, -1.414693240513436768587272880739200858, 0.677571576142469146026913529021345019, -1.170401685456042625771737431268599852, 1.894188460101563765809165632508760846, 0.189665904314763276668002119054402070
---------------------------------------------------------------------------------------------------
| Order |                  Error^2                   |                 Efficiency                 |
---------------------------------------------------------------------------------------------------
|   2   | 3.350601259165883575978374137628482959e-69 | 5.977791780708995652499115741891785156e+31 |
|   4   | 3.496394293139050359921866406143683208e-71 | 2.024855859408889274400716528393509521e+30 |
|   6   | 1.175031343891391897802700474740334803e-72 | 3.821921353033550730438141453692556381e+28 |
|   8   | 4.436328432742919497009702081798794701e-09 | 2.152270155998251401218146397092437513e-06 |
---------------------------------------------------------------------------------------------------

Scheme evaluation results:
Order: 8, No. cycles: 17
---------------------------------------------------------------------------------------------------
Vector a: -0.214701824386272923617181104571465740, 1.155981791814482822818527254130609348, -0.982127769741540203377746245518916484, 0.150038899334147497910783606129204539, 0.215700309216050861370171684130158583, -1.057206771080544220971282859591506984, 0.505632335353290984947394897746172190, 0.898950630371745341494721207214620227, 0.327732399118639839424611560331124321
Vector b: -1.295529100879662882505498415765873374, 2.161654552986779917776634622388812427, 0.150309030642185727860419885872430801, -2.114564570125266134615912376910283147, 2.414642368793561130437479589168695548, -1.983241750361459407697136220908375782, -0.131171791799629034245429498274662117, 1.142436462506211004140219293767018774, 0.655464798237279678849223120662236895
---------------------------------------------------------------------------------------------------
| Order |                  Error^2                   |                 Efficiency                 |
---------------------------------------------------------------------------------------------------
|   2   | 8.939766386617730449205002563964428046e-68 | 1.157281664116925691481027145782017578e+31 |
|   4   | 9.825279148977976668077948496248641468e-71 | 1.207902459145069392837260218496224731e+30 |
|   6   | 1.341675425826062413034618924847359702e-72 | 3.576701847888045550505842897394838715e+28 |
|   8   | 4.491422150440487318401558232980703775e-09 | 2.139029089399532150018990544734692002e-06 |
---------------------------------------------------------------------------------------------------

Scheme evaluation results:
Order: 8, No. cycles: 17
---------------------------------------------------------------------------------------------------
Vector a: -0.095277246919555882872431706515406296, 0.254476517596978741004958790822101415, -1.126946093377799080722185857020138786, 0.741727579148092809892650187700570896, 0.880589437402820491825835446297231675, 0.240879877640007967135794483069359105, -1.161072470646952036613575055215730076, 0.011581885002127861452449645524655941, 1.254040514154279128896504065337356055
Vector b: -1.497331718774414758971706214233232987, 2.804108943709717752198549015435625190, -2.295155908515760270188631433791337329, 0.041263721760162108744259719750975257, 1.442191436536023511041040655650107265, 0.318987438269617472610630236944459267, 0.162772317010398461660958729194088305, -2.484917258304302534888108839625562852, 2.508081028308558257793008130674878125
---------------------------------------------------------------------------------------------------
| Order |                  Error^2                   |                 Efficiency                 |
---------------------------------------------------------------------------------------------------
|   2   | 2.464955845256631106435982270979656923e-67 | 6.969435210778223627017569246808866211e+30 |
|   4   | 2.154261155861510871801974081308853592e-70 | 8.157463498726545746988332565904266357e+29 |
|   6   | 1.117278398309678490075483113194213293e-71 | 1.239440750029919743788132294956293106e+28 |
|   8   | 4.635716358776468163184021914908731030e-09 | 2.105475544177817428159879214831244646e-06 |
---------------------------------------------------------------------------------------------------

Scheme evaluation results:
Order: 8, No. cycles: 17
---------------------------------------------------------------------------------------------------
Vector a: -0.843140723655013872785429666773777744, 0.645064178640247321378504419035779123, -0.407241940077929320227579835840116849, 0.159973373146426216837504893683773884, 1.084864443322012898574321777548188130, -1.202884634963185793819880037418141837, -0.073902040785079106293093449825049585, 1.367788454398277640058939108484440559, 0.269478889974244016276712791104904354
Vector b: -0.939882742443530768910136767571898123, 0.193484037577033792249414201596064632, 1.096644319703460850507594636475636422, -1.911128199859319490962754308155983268, 2.231074946152171924637764095523581737, -0.061346059508146127489120540427066774, -2.344423210418225460150639534409393663, 2.196619128848067247564452634759265196, 0.538957779948488032553425582209793878
---------------------------------------------------------------------------------------------------
| Order |                  Error^2                   |                 Efficiency                 |
---------------------------------------------------------------------------------------------------
|   2   | 9.270298672994905450619085418081832446e-67 | 3.593811499001855763440955077145620117e+30 |
|   4   | 1.698050370237513777799164812345304804e-70 | 9.188170172179821543975934924463525391e+29 |
|   6   | 3.883719125585777738427582435957372534e-71 | 6.647870714490991797483439855901332855e+27 |
|   8   | 4.692648540649324677694567007841263331e-09 | 2.092664536948385046774316056147823463e-06 |
---------------------------------------------------------------------------------------------------

Scheme evaluation results:
Order: 8, No. cycles: 17
---------------------------------------------------------------------------------------------------
Vector a: -0.646303224448772752066862503862479675, 0.931944695915708550412838422123947199, -0.169473513201730499433066988007530357, -0.755416071651802060113327363701773193, 0.388013618228788454656992866422207547, -0.213254860788691490117974588640318413, 0.318585914690985214488538604891204220, 1.051649661315775722253869262159247497, 0.094253779939738859918992288615495200
Vector b: -1.029846849581981444870811463882216194, 0.767087250266417385607897920039465237, 1.096802141564999715217778924208440427, -1.435749167968460714083912900223501093, -0.075082975335143406142741827180042705, 0.851110211792720315456727560024447002, -1.277619933370103295692676737305088162, 1.914791762752073724669753947087503824, 0.188507559879477719837984577230991555
---------------------------------------------------------------------------------------------------
| Order |                  Error^2                   |                 Efficiency                 |
---------------------------------------------------------------------------------------------------
|   2   | 2.520308683625959385782381762645208550e-69 | 6.892476425546216556268235534025753906e+31 |
|   4   | 1.188032800047856256002348416735764407e-71 | 3.473682325597382420247932548929346680e+30 |
|   6   | 5.512138167926019465274041525520982805e-73 | 5.580157077231456278223655649905577087e+28 |
|   8   | 4.682259526321924154522010610049623724e-09 | 2.094984856389996955347894189552474642e-06 |
---------------------------------------------------------------------------------------------------

Scheme evaluation results:
Order: 8, No. cycles: 17
---------------------------------------------------------------------------------------------------
Vector a: -0.986233333090227429210901200224264298, 0.732689029366177406692530698663966055, 0.932455936066162154800500252343957390, -0.601910521864643412881609328594963026, -0.595546999686934015977269996643106982, 0.419699189677791016550610409150616808, -0.355608036446611215717283709874525143, 0.467817810372136910931358894905833929, 0.986636925606148584812063980272485266
Vector b: -1.036591015102923842585781348251043119, 0.100715364025392826749760296053494279, 1.364662694706961986635301101274461713, 0.500249177425362322965699403413474830, -1.704070221154649148728918060603422067, 0.512976221780781116774378067317132704, 0.326422157574800916326842750984175495, -1.037638230468023347761410170733283703, 1.973273851212297169624127960545009821
---------------------------------------------------------------------------------------------------
| Order |                  Error^2                   |                 Efficiency                 |
---------------------------------------------------------------------------------------------------
|   2   | 4.380744889751304941419351947212260326e-68 | 1.653210579147080178818663761182789258e+31 |
|   4   | 7.478538522827942852243213559162437691e-71 | 1.384509521917210133530647383406534668e+30 |
|   6   | 1.817845740900276571593796692922060269e-72 | 3.072755171195153519238290682781934738e+28 |
|   8   | 5.018648263656017749953571185329535142e-09 | 2.023556102367896458585556185957760935e-06 |
---------------------------------------------------------------------------------------------------

Scheme evaluation results:
Order: 8, No. cycles: 17
---------------------------------------------------------------------------------------------------
Vector a: 0.846956732426640261478457813552196735, -0.990802728018724586522582929571593198, -0.142800024289111396582414640957904419, 0.428358589773922488709649699750321977, -0.423876301369224383954477367776640742, 0.587073133254722512838661042545138182, -0.634484675718481618059756621835724002, 0.149058781777769218628386303569089618, 1.180516492162487503464076700725115826
Vector b: 0.652624446424620732691771767414073120, 0.388664572004039057573372092276284352, -2.370270028041488230618537951419466174, 2.084669979463265437453708669503642121, -1.227952799915420460034409270003009433, 0.380200197176971692125454534449723133, 0.793946069332473333551867550640559586, -2.062915420769436569671380794312002486, 2.361032984324975006928153401450195830
---------------------------------------------------------------------------------------------------
| Order |                  Error^2                   |                 Efficiency                 |
---------------------------------------------------------------------------------------------------
|   2   | 6.504241498367286157963424930680156446e-67 | 4.290459712183746904160072785473063477e+30 |
|   4   | 6.330220352944286113072951835557021713e-70 | 4.758772032130328657019707711591685791e+29 |
|   6   | 1.005153510629390173976282664347899716e-71 | 1.306743278273638585383306611913692284e+28 |
|   8   | 5.036627591131888460461696328079258794e-09 | 2.019941113592320624363919517686950364e-06 |
---------------------------------------------------------------------------------------------------

Scheme evaluation results:
Order: 8, No. cycles: 17
---------------------------------------------------------------------------------------------------
Vector a: -0.081411929104514340368969672255863017, 0.211275086185738231271648801000288860, -0.425106147107606815755671632469546162, -0.327517424999830528755316919309849120, 0.091856770679807822909419001970865176, 1.313597251495127760518425119545767910, -0.344095934533931181298606047650447746, -0.112877839832872416661210029388888826, 0.674280167218081468140281378557672888
Vector b: -1.168954145696326092747093943694645448, 2.175084433183623504756248542877562383, -1.752534260812147042212950940876979849, 0.902321966596933410701607675937890029, -1.557356816596594468212241514557595587, 1.741070357956210114031079518499325408, 0.886124145034045407005770720592221196, -1.574316014101907769602982815893120731, 1.348560334436162936280562757115342503
---------------------------------------------------------------------------------------------------
| Order |                  Error^2                   |                 Efficiency                 |
---------------------------------------------------------------------------------------------------
|   2   | 2.876083675435363847920896286785962670e-68 | 2.040334620297171236635810261560723047e+31 |
|   4   | 1.143014180603859935059134441745358484e-70 | 1.119898093407947712604296432446833374e+30 |
|   6   | 1.112131781611376894481541934130975680e-72 | 3.928514367557527399771086852891250992e+28 |
|   8   | 5.110610593561217706563808532827281467e-09 | 2.005267123338747715261302287071714300e-06 |
---------------------------------------------------------------------------------------------------

Scheme evaluation results:
Order: 8, No. cycles: 17
---------------------------------------------------------------------------------------------------
Vector a: -0.881992646434489490346658214483630979, 0.779650158507361797521154438668658505, 0.775490430015334948538845496171936757, -0.605024109375178340250302565067571445, -0.944789353442163554508926113273064751, 0.949475371734483023418905047386337676, 0.571046803190153303502852443221883560, -0.062254695620704619070437931318370624, 0.418398041425202931194567398693821272
Vector b: -1.123693450491923723238637979337985987, 0.483401608114868465783959529708751713, 1.075898708899855129258349347628506075, 0.475082151130814767819341644715367295, -1.685130369881171448319946774850512641, -0.204448337003155660697905451695550754, 2.103399080472121707535715546468165679, -0.961305474091815100530010660024484360, 0.836796082850405862389134797387742981
---------------------------------------------------------------------------------------------------
| Order |                  Error^2                   |                 Efficiency                 |
---------------------------------------------------------------------------------------------------
|   2   | 2.263919769706678091877279822721947945e-70 | 2.299702414852795627861257889758381562e+32 |
|   4   | 1.998439802962168418759483181010569518e-70 | 8.469519631410643334002059989211947021e+29 |
|   6   | 7.893504782377606785282055915479760437e-72 | 1.474590845882005412626980785585161209e+28 |
|   8   | 5.232172714902068558796297991918878162e-09 | 1.981835452561021429026078449823649482e-06 |
---------------------------------------------------------------------------------------------------

Scheme evaluation results:
Order: 8, No. cycles: 17
---------------------------------------------------------------------------------------------------
Vector a: -0.129963874743761444511004319849370171, 1.184535552967305322182583095102307849, -0.871378990227753967325662309922492425, -0.877715537549844437282844526424350618, 0.547453699656020472455984794366192424, 0.818637239669499445102614274768876895, -1.022226838046358046528720803414126000, 0.016452470007554999268490133196447304, 1.334206278267337656638559662176514775
Vector b: -1.283819450189030658541685953288573224, 2.307711150890538428061363266878461042, 0.061359955044072216303802923326200499, -1.804117935499580150955127543171316113, 0.048686860399891276389438490324373678, 1.046220538912149668522531098406149031, 0.591053940426849221682697451131816227, -2.635507616519565314740139057959946124, 2.668412556534675313277119324352835032
---------------------------------------------------------------------------------------------------
| Order |                  Error^2                   |                 Efficiency                 |
---------------------------------------------------------------------------------------------------
|   2   | 6.317241725389514547574361617323323546e-68 | 1.376697138207852781123130214485575000e+31 |
|   4   | 1.427472162292863870618996093220648240e-69 | 3.168987241204006399265973871880278015e+29 |
|   6   | 5.530965925378651814216148498350799782e-71 | 5.570651377213863818843211555754051208e+27 |
|   8   | 5.664468084708972046067597135837005931e-09 | 1.904710877010566299698689627398853174e-06 |
---------------------------------------------------------------------------------------------------

Scheme evaluation results:
Order: 8, No. cycles: 17
---------------------------------------------------------------------------------------------------
Vector a: 0.290778913898524646794932224814685695, -0.428933042263083376140937988701535699, -0.165149132621128221845398737664566044, -0.224421838768441699250028431996450407, 0.139595314643420553991275498089157530, 1.182803053116918282702999167812664795, -0.566536557864923537358818392141735828, -0.063094775815885275904793621441161798, 0.834958065674598627010770281228941743
Vector b: 0.067293207460984137185521748652982106, 0.446971412875081019218820952323414978, -1.304837497401247771500696929726496536, 0.974539232158991327809899454397377545, -1.423382909695874726309956318390287025, 1.702573538982715834292507314568598089, 0.663032567251120731113491021056736027, -1.796105682980967805831127805340214135, 1.669916131349197254021540562457889071
---------------------------------------------------------------------------------------------------
| Order |                  Error^2                   |                 Efficiency                 |
---------------------------------------------------------------------------------------------------
|   2   | 7.192473108358116297894117996787628622e-69 | 4.080026969520781654078448426163659375e+31 |
|   4   | 2.748540095409513870919760034773364927e-71 | 2.283774797944404556679926140164255371e+30 |
|   6   | 1.091853518083480445098345693310128917e-72 | 3.964827370990071221425545685725911713e+28 |
|   8   | 5.976073718403584866884378733890779502e-09 | 1.854388203523005135291135997207811370e-06 |
---------------------------------------------------------------------------------------------------

Scheme evaluation results:
Order: 8, No. cycles: 17
---------------------------------------------------------------------------------------------------
Vector a: -1.067510299357893978348976654921356174, 1.153540857850002165422269202975404191, 0.410396121692778502704320644308084946, -0.570644311594620294948821619346898023, 0.567278739181001550094366508213855136, -0.709705861815690427921840719471695024, -0.165675007366504570643946811402018663, 1.168365301421945720222284023252192486, 0.213954459988981333420345426392431149
Vector b: -1.083111971723274325547781774817878610, 0.031203344730760694397610239793033959, 2.275878370969243636446928166157788934, -1.455086127583686631038286877541588131, 0.313797504394446041140643638847726314, 0.820759973967557059048089377580064943, -2.240171697598937914891770816523517968, 1.908821682865928773603877193719470290, 0.427908919977962666840690852784900431
---------------------------------------------------------------------------------------------------
| Order |                  Error^2                   |                 Efficiency                 |
---------------------------------------------------------------------------------------------------
|   2   | 7.328761078494458319025130242115489888e-68 | 1.278164865530660294307053655605313477e+31 |
|   4   | 3.924330262913668242221160759108423488e-71 | 1.911267785162553327499648605538121094e+30 |
|   6   | 1.669203549908499916157450185780421018e-72 | 3.206651933294742376868931998675107956e+28 |
|   8   | 6.026085950672274758419331383614236825e-09 | 1.846677118721136827040346742823488715e-06 |
---------------------------------------------------------------------------------------------------

Scheme evaluation results:
Order: 8, No. cycles: 17
---------------------------------------------------------------------------------------------------
Vector a: 0.817646762514580215255647980045092210, -0.391636589568531750580178917172457650, 0.086566578445199431719956378844234131, 0.302364095775106702321779253831894942, -1.529933246475960193847840697345410698, -0.049940150156411305990909603560713678, 1.228736601944750311938774595050582100, 0.436963513373380455603423436221755134, 0.099232434147886133579347574085023432
Vector b: 0.404498261152911797291771661359104918, 0.826297002723336835927752637372093127, -1.609570181860400337088110471717072368, 1.782703338750799200528023229405553894, -1.177975147200585795884464721741716055, -1.881891345751334591811216672949330675, 1.782011045438511979829397465827900514, 0.675462158450988644048151724273408517, 0.198464868295772267158695148170058226
---------------------------------------------------------------------------------------------------
| Order |                  Error^2                   |                 Efficiency                 |
---------------------------------------------------------------------------------------------------
|   2   | 1.870818400694234774698938647504065709e-67 | 7.999932835549624379733298749617570312e+30 |
|   4   | 3.379567659393154750807489992684464523e-70 | 6.512889978314599543406787581121998291e+29 |
|   6   | 7.823271993412895027392377936320319530e-72 | 1.481195066567138832400689726673380280e+28 |
|   8   | 5.950682754708109540362390140631074903e-09 | 1.858340236083049430507804073749969878e-06 |
---------------------------------------------------------------------------------------------------

Scheme evaluation results:
Order: 8, No. cycles: 17
---------------------------------------------------------------------------------------------------
Vector a: -0.079080351556627015682836818642833821, 1.438702963410434423273789957401543349, 0.050609740392033121035739964555535502, -0.815720068569070236124392223361759804, -0.180380734718675189512632754345478918, -0.529720381218758278625449349649426896, -0.257813184979795354813953424088592988, 1.057573343798195500787617811576225741, 0.315828673442263029662116836554787841
Vector b: -1.301671714841602818623132391933207920, 2.445182726569951605880591146580742275, 0.432223200250917240666988768222390163, -0.331003719466850998595508839111321529, -1.300436417671289473653275607612209730, 0.939674948233939094628010098921243708, -1.999115710671455651878908798220120323, 1.483489340711864942251001950042927414, 0.631657346884526059324233673109555653
---------------------------------------------------------------------------------------------------
| Order |                  Error^2                   |                 Efficiency                 |
---------------------------------------------------------------------------------------------------
|   2   | 4.301538119233476641690506754364609974e-67 | 5.275823637180203707034727566790540039e+30 |
|   4   | 3.534301545948039711382752243556184770e-70 | 6.368725257932854139588029261545582275e+29 |
|   6   | 2.401103283102348244491082947136314449e-72 | 2.673628431876463565074662838225695801e+28 |
|   8   | 6.443801206069862897682471663972051529e-09 | 1.785819504967891087515870484788053596e-06 |
---------------------------------------------------------------------------------------------------

Scheme evaluation results:
Order: 8, No. cycles: 17
---------------------------------------------------------------------------------------------------
Vector a: 0.500151875629676718109331728051060901, -0.123024139070116728957530342186128958, -0.319107567751724920389930368802352682, -0.240619612502282331571953907710183269, 0.860601030136980399738836725734872134, -0.702376329832775315422280550437418897, -0.082004185817470751342975253427996670, 1.036330890329147185915815716836118888, 0.070048038878565743920686251942028553
Vector b: 1.059378382152054380071898166995246041, -1.118453013044755323925132877888366430, 0.872404734904521866010072193516107599, -1.510619870407971706789932931120815851, 1.029380645403407043646025115700448110, 0.691821414870553755831648335769302031, -2.096574074536104386676209436644143966, 1.932565702901162883990258929788150819, 0.140096077757131487841372503884071551
---------------------------------------------------------------------------------------------------
| Order |                  Error^2                   |                 Efficiency                 |
---------------------------------------------------------------------------------------------------
|   2   | 2.435977672204385626859953089248815989e-69 | 7.010766545438864703082867656782957812e+31 |
|   4   | 2.771056314066356106947067331350058129e-71 | 2.274477466757748703382290746251877686e+30 |
|   6   | 4.602362614988078453713292838214678608e-73 | 6.106833159486941324581382204991381836e+28 |
|   8   | 6.499556158590487681368070010236895380e-09 | 1.778143385937760865011992649903699993e-06 |
---------------------------------------------------------------------------------------------------

Scheme evaluation results:
Order: 8, No. cycles: 17
---------------------------------------------------------------------------------------------------
Vector a: -0.807951727561087026745821944622636936, -0.064590439083746913510678597337216465, -0.136013004103913488912537593460761977, 0.840322616875745515715306620729197095, 0.728208559370633781461533022237830582, -0.702855697961628549101871146677671962, -0.961772986333530608142065059422797030, 1.010973898654625215151243223035239427, 1.093678780142902074084891475518817351
Vector b: -1.167700756969990536508000199498953309, 0.719498058817807019524356509752716910, -0.848678936985300846545713704427171772, 0.576652928777473868720638517505612476, 1.103992304974017162709974723952731543, 0.352424813767250400213091320522954176, -1.758136209690507498416833613878310715, -0.165409762976553717867296504967218754, 2.187357560285804148169782951037639324
---------------------------------------------------------------------------------------------------
| Order |                  Error^2                   |                 Efficiency                 |
---------------------------------------------------------------------------------------------------
|   2   | 2.219569581418124268057403910994824985e-67 | 7.344593688186328966562082928823309570e+30 |
|   4   | 8.592283000964876695577988577174393061e-71 | 1.291665405521156798296042585635278320e+30 |
|   6   | 1.506031693517458591727447227104534162e-71 | 1.067552927965401371501784755781007576e+28 |
|   8   | 7.129060180867542335648246127691039499e-09 | 1.697823296975705871756078760208497229e-06 |
---------------------------------------------------------------------------------------------------

Scheme evaluation results:
Order: 8, No. cycles: 17
---------------------------------------------------------------------------------------------------
Vector a: -0.122746524303064328239764614114274242, 0.874609040401682983053886549042344875, -0.981601880172476912673408273219410923, -0.640991678467625155809298974280701366, 1.273390985391404681861546794563237245, 0.041790928680189819570520532759785985, -0.662610125768360626258254834734729760, 0.795628716818013613853779950184724579, 0.422530537420235924640992869799023626
Vector b: -1.142074014864522521337776115412290485, 2.038654981122916386196023002596043754, -0.289436900319550420088249904511385494, -1.673766860025403405258566641927403707, 0.391783503090153093639968693366017152, 2.154998467692656270083124895760406300, -2.071416610332276630942083830240838508, 0.746196358795555378425574160771387847, 0.845061074840471849281985739598063236
---------------------------------------------------------------------------------------------------
| Order |                  Error^2                   |                 Efficiency                 |
---------------------------------------------------------------------------------------------------
|   2   | 3.380485000126011726791154231288412672e-68 | 1.881969802658726890084212366762564844e+31 |
|   4   | 1.924862410446701380773471586772106210e-70 | 8.629874275604333340458707309797371826e+29 |
|   6   | 1.464241091710176115161761353697083423e-72 | 3.423735267514073260090209545258169174e+28 |
|   8   | 7.530026728132336842257017730043089790e-09 | 1.652001244303107519827964516057104912e-06 |
---------------------------------------------------------------------------------------------------

Scheme evaluation results:
Order: 8, No. cycles: 17
---------------------------------------------------------------------------------------------------
Vector a: -1.397845869210200559106415614664903300, -0.546296625670289706933057358689422842, 0.419153295579424865694453218879433863, 1.278795611078681946231515759177734515, 0.190698052693411619985346735533291865, -0.371323604586806711366560073995193155, 0.645989819587509820407457989498432819, 0.581964485787214888006470791568398582, 0.198864834741053837080788552692227508
Vector b: -0.886279733217600831876738236123064244, -1.023132271985199454459354757084090453, -0.069460979355379959406759960294922355, 0.907767570514229690795666398053916855, 1.649823651643134201667365120301923687, -1.268427546256310961696671649235254445, 0.525780337082697538963551501244794565, 0.766199302092322101851364477752189613, 0.397729669482107674161577105384506728
---------------------------------------------------------------------------------------------------
| Order |                  Error^2                   |                 Efficiency                 |
---------------------------------------------------------------------------------------------------
|   2   | 4.449055131427563786157230307613172102e-68 | 1.640469889952609110414145476798524219e+31 |
|   4   | 9.620249598545190477115576193944269742e-70 | 3.860211893547618991476048067851676636e+29 |
|   6   | 1.010414745477233913652486392899766433e-71 | 1.303336728473764771928857868757546234e+28 |
|   8   | 7.481047877648822679317780203307537811e-09 | 1.657400295299410865811583069966021165e-06 |
---------------------------------------------------------------------------------------------------

Scheme evaluation results:
Order: 8, No. cycles: 17
---------------------------------------------------------------------------------------------------
Vector a: -1.319751072908758041861762769829164550, 1.216932038139673667320775697080239181, 1.260816364191455222486388132223006092, -0.751735539781676954369588658620815530, -0.176977580392754581170334999507742687, -0.364205124295357485033709097750582410, -0.211790376151196449886048283806282657, 1.054402148591899316418184029759377132, 0.292309142606715306096095950451965478
Vector b: -1.310787045309077088671323940936307901, -0.017928055199361906380877657785444200, 2.451792131478709241022429051945672814, 0.069840596904201203950347212500171922, -1.573311676467555112689524529741679807, 1.219356515682045950348854530726201125, -1.947766764272760920416272726227360937, 1.524186011970368020644176158614802508, 0.584618285213430612192191900903944437
---------------------------------------------------------------------------------------------------
| Order |                  Error^2                   |                 Efficiency                 |
---------------------------------------------------------------------------------------------------
|   2   | 8.461626531255680036200521065405552640e-68 | 1.189529537853287089908178317829260938e+31 |
|   4   | 5.669350335795145277893306831056978081e-70 | 5.028490882643595459569367625022899780e+29 |
|   6   | 9.456831267252988093969471681502836041e-72 | 1.347204893338943030387881726229274940e+28 |
|   8   | 7.961972599069677542735219009504163178e-09 | 1.606564956701960039904300638391759259e-06 |
---------------------------------------------------------------------------------------------------

Scheme evaluation results:
Order: 8, No. cycles: 17
---------------------------------------------------------------------------------------------------
Vector a: 1.057063103781455735062902384221603541, -0.032819155148321432095724219020373271, -1.602237155733151761455860763129108605, -0.283320069499044128064557651204367013, 0.520503171219686801486493322526587892, -0.655099387642388102235111226305490420, 0.069668984994255969046976182028436603, 1.412857132317374993436828511057205917, 0.513383375710131924818053459825505465
Vector b: 0.116762959944757337917129170945921501, 1.880600287673396794291546426551327149, -1.946238597970039658482994864592073090, -1.258235713496263864428726661666134491, 0.691595574498175608299611359257458050, 0.349410767941197994673375285795644020, -1.659609543225974199143597738406565205, 1.798947513214486137237550102463417081, 1.026766751420263849636106919651004960
---------------------------------------------------------------------------------------------------
| Order |                  Error^2                   |                 Efficiency                 |
---------------------------------------------------------------------------------------------------
|   2   | 6.387196846273450900613369563845431738e-66 | 1.369137314293068226824229993696279297e+30 |
|   4   | 2.327946250693695081663184142708303035e-69 | 2.481520344638064002814797154397684631e+29 |
|   6   | 4.024750119542809302797343815957490544e-71 | 6.530358307029314422714660553766166687e+27 |
|   8   | 8.307082035451755260429610313588124692e-09 | 1.572839398256718863953248381918681510e-06 |
---------------------------------------------------------------------------------------------------

Scheme evaluation results:
Order: 8, No. cycles: 17
---------------------------------------------------------------------------------------------------
Vector a: 0.797704119889187904059858947822646144, -0.032112010694202942559826217602482138, -0.616903972121633402264173426906557533, -0.329841827399207952935193756269736452, 0.719814965039709660465719406626964992, 0.348130742370680088847779233311727715, -0.969301578535041902388479846872925839, -0.037020902374751917675697725418589888, 1.119530463825260464450013385308952970
Vector b: 1.101687996194965448645876931958262963, -0.607967752611555089172035968271315875, 0.543743731223149204052383533066338515, -1.777551675466416008580730386879361521, 1.117868020668000102710342874339896705, 0.321761909411419218221095938914087782, 0.374499575329940959474462527709269908, -2.313102732400024764251422221455071416, 2.239060927650520928900026770617892844
---------------------------------------------------------------------------------------------------
| Order |                  Error^2                   |                 Efficiency                 |
---------------------------------------------------------------------------------------------------
|   2   | 4.419171390467435635344450213953242389e-68 | 1.646007215202863913042488030649922070e+31 |
|   4   | 1.777022259079235009675977737411347754e-70 | 8.981686259016235175639323544361654053e+29 |
|   6   | 3.240135530597978616844491351236170937e-72 | 2.301573685219844680885788504510907745e+28 |
|   8   | 8.603445651602701912455144076493458528e-09 | 1.545512134243002184862169058700028318e-06 |
---------------------------------------------------------------------------------------------------

Scheme evaluation results:
Order: 8, No. cycles: 17
---------------------------------------------------------------------------------------------------
Vector a: -0.668656016809983859939308099138175640, 0.725586486563670593826929383208046183, 0.628921703658309121110732435171454277, -0.521214090046863631339514457653083072, -0.691402938852897449252775570993760500, -0.252295113435663071095031632832320021, -0.161081106894623243655196419699748217, 1.032768499276424751015968641687215758, 0.907372576541626789328195720250371279
Vector b: -0.969691564715137284816703868819619762, 0.602071095810306849754791539362905386, 0.849101877317034337899067227053178218, 0.408741529999583904322397643289733226, -1.451169710093311167001426558595894844, 0.068363832387516268495875416608474102, -0.572954059258842410685938682273199065, 0.250791845469595923375545842873691509, 1.814745153083253578656391440500731196
---------------------------------------------------------------------------------------------------
| Order |                  Error^2                   |                 Efficiency                 |
---------------------------------------------------------------------------------------------------
|   2   | 5.659799424266695229693199556804869863e-69 | 4.599404829705591255722515779516763281e+31 |
|   4   | 1.978276767513218317003701157589452169e-71 | 2.691911570058689071692725533915186035e+30 |
|   6   | 3.242950381786404712389578215296452442e-72 | 2.300574595947840994805759268355816650e+28 |
|   8   | 8.380795449188983465033407559759419409e-09 | 1.565907155012940927053089190812480370e-06 |
---------------------------------------------------------------------------------------------------

Scheme evaluation results:
Order: 8, No. cycles: 17
---------------------------------------------------------------------------------------------------
Vector a: -0.870383233584259972527762263093235481, 0.213088756054504737122207058030058455, 0.525312654649093709813320285147939317, 0.720738141337209569469715887485951063, -0.390336164553874560584752895743039922, -0.962905306853256053572829242003829363, -0.136440803479668504539437101570417780, 1.006931199520831362051512008213981723, 0.893994756909419712768026263532591916
Vector b: -0.955705580118579230141211423452447207, 0.170644693068638515226898320718314084, 0.255532819040370959017515795341969297, 0.795092490257816460609124774953839665, 0.646383792416602678330307000018066506, -1.427056121524351799499812791504152801, -0.498754492182160307645845692503455467, 0.225872885222823298566971489362672099, 1.787989513818839425536052527065193847
---------------------------------------------------------------------------------------------------
| Order |                  Error^2                   |                 Efficiency                 |
---------------------------------------------------------------------------------------------------
|   2   | 2.057676678686399717707259630871978487e-68 | 2.412201535315742107574090828552709375e+31 |
|   4   | 1.654805965261476059559790209481592595e-70 | 9.307451366240667934465655248379816895e+29 |
|   6   | 1.918831968258471419716568368459229604e-72 | 2.990804318551494053040363686181047058e+28 |
|   8   | 8.981461847045949707084664759481995074e-09 | 1.512638375774413223436773413582027677e-06 |
---------------------------------------------------------------------------------------------------

Scheme evaluation results:
Order: 8, No. cycles: 17
---------------------------------------------------------------------------------------------------
Vector a: -0.224493094673496674283300711901695540, 0.951251431426533251268892288870498858, 0.202945935634841037989391686824064280, -0.847254328341451487851511660039235711, -0.508161884152305663639341758681385888, 0.585982663395982002989440062675704163, -0.511581440879079996784522149102126489, 0.336740133759492955876356717738276866, 1.014570583829484574434595523615899655
Vector b: -1.053439800481113444566354818490594468, 1.657893411615233540566108213177796797, 0.244609451237832961971676364563245071, 0.161282420031849114007107009084800434, -1.855791076714752089710130329163229294, 0.839467308410140762431446811800444903, 0.332498018381823243547433313550974593, -1.355660900139983237116477611755237297, 2.029141167658969148869191047231799311
---------------------------------------------------------------------------------------------------
| Order |                  Error^2                   |                 Efficiency                 |
---------------------------------------------------------------------------------------------------
|   2   | 5.081495268593684977861222659089440273e-68 | 1.534992982894092146466521993975890820e+31 |
|   4   | 8.739139320010546707543758413330941295e-71 | 1.280766569146483459975179781422547363e+30 |
|   6   | 1.080448993649768728827501144338042733e-72 | 3.985697525986145019379436824851198578e+28 |
|   8   | 9.340678424812287991251384597676285445e-09 | 1.483267287060503083300094166681150017e-06 |
---------------------------------------------------------------------------------------------------

Scheme evaluation results:
Order: 8, No. cycles: 17
---------------------------------------------------------------------------------------------------
Vector a: -0.677864029568546122453715001231805386, 0.690539317157135622263935554718614040, 0.645993642081705387162461518295485102, -0.477924283533401936334115804212773302, -1.001399831051896660535577659829785161, -0.294443062490717431475069445779339411, 0.156450446520693321562965024301444234, 1.061536418011184489209810963764520845, 0.897111382873843330599304849973638966
Vector b: -0.959416778288401487329122536982700894, 0.563105497439710729750815071501799779, 0.817973136874560514777056037935423004, 0.474014147288850259547866998655544024, -1.429862714355654132216098607081092361, -0.572936947748139188855056712578421050, -0.015949177233295674095082178979470307, 0.328850070274682317221012227581637129, 1.794222765747686661198609699947280628
---------------------------------------------------------------------------------------------------
| Order |                  Error^2                   |                 Efficiency                 |
---------------------------------------------------------------------------------------------------
|   2   | 1.675300629582941787989187068814241479e-69 | 8.453874209321076143313245148459817188e+31 |
|   4   | 6.112804464123041265851065411956947142e-71 | 1.531383849518873277002335111512561035e+30 |
|   6   | 3.373373799305441015122162901128464076e-72 | 2.255663115241153933922662669809424973e+28 |
|   8   | 9.798431719424317958222199217302613453e-09 | 1.448206004097533242700325337932009138e-06 |
---------------------------------------------------------------------------------------------------

Scheme evaluation results:
Order: 8, No. cycles: 17
---------------------------------------------------------------------------------------------------
Vector a: -0.009040178528269047393623352001070132, -0.674584624703229241803903482426864287, 0.682635063567284621514541665106183251, 0.652375366336531472028350942924674432, -0.468217173550011535905957738341276634, -0.993945538163707819854091518487962595, -0.131073673111179094654760415116083791, 1.045579526888925379367943508836475709, 0.896271231263655266701500389505923989
Vector b: 0.941150539282960420523401098307423587, -1.900381435622458935834048900616899161, 0.551212186216000452226241935763087290, 0.814057940918568790802841394449270931, 0.490692791754494153253860491400082363, -1.427127138854517225065775968082640060, -0.560763937472898414642407068893293026, 0.298616591250540225332886238661117643, 1.792542462527310533403000779011850289
---------------------------------------------------------------------------------------------------
| Order |                  Error^2                   |                 Efficiency                 |
---------------------------------------------------------------------------------------------------
|   2   | 5.442463126374854132872980693823562860e-69 | 4.690340907008695276335773488512973438e+31 |
|   4   | 7.755914984480466224721372408291860924e-71 | 1.359526866868963174131400765634445312e+30 |
|   6   | 2.253713977516695231941229501408083573e-72 | 2.759669492841397726970822762966711807e+28 |
|   8   | 9.910848531773051835787738024881302405e-09 | 1.439969222007866908837016600732864009e-06 |
---------------------------------------------------------------------------------------------------

Scheme evaluation results:
Order: 8, No. cycles: 17
---------------------------------------------------------------------------------------------------
Vector a: 0.008019018251422281063249357145515242, -0.692880615356692085389173211613565086, 0.681639896258253188288732323740632328, 0.653572183747746789199295965127085433, -0.467363573876005760924424449403971853, -0.993880022742589400225091347851308952, -0.131038461579435863546661563073502869, 1.045523780128152786357138717624863492, 0.896407795169148065176934208304252377
Vector b: 0.975329348446763820115659753425811514, -1.934620660390683078104820792560608370, 0.548859429677298907326474369333504487, 0.814420362839207469250990278147748999, 0.492724004656286109147601652106425766, -1.427451152408297630996450550914369038, -0.560308893076881169453732144788253680, 0.298231969918009442360409018641239276, 1.792815590338296130353868416608500902
---------------------------------------------------------------------------------------------------
| Order |                  Error^2                   |                 Efficiency                 |
---------------------------------------------------------------------------------------------------
|   2   | 3.500585943908950999565243925883812010e-69 | 5.848328850501147442615636794622543750e+31 |
|   4   | 5.338782675671568609634038394442343650e-71 | 1.638638646350471513951202572641947754e+30 |
|   6   | 1.478590321909699463270561002725185035e-72 | 3.407081655175964127844739822550008011e+28 |
|   8   | 9.920036309971864898074553396207987027e-09 | 1.439302229357260534363660834880255654e-06 |
---------------------------------------------------------------------------------------------------

Scheme evaluation results:
Order: 8, No. cycles: 17
---------------------------------------------------------------------------------------------------
Vector a: -0.684446777008601382809179158184564666, 0.681756253085581222427522140519371927, 0.653709813166769518906456255257132360, -0.468093470515977108760742349533679351, -0.997760445510998658489167232424613659, -0.123107110654959272100580724487051292, 0.153124621477961830334247092088538528, 0.888660628113903773082218812018843910, 0.896156487846320077409225164746022278
Vector b: -0.958432600057097229296835757036308068, 0.547971646096991692975313197703500958, 0.815540860074170751879731083335199178, 0.491878766259368285933181427179095732, -1.428065707291322503454666126246464593, -0.567455183730674813523668338602709570, 0.321240962420756269322506889628570129, -0.014991719464832608654012705452931322, 1.792312975692640154818450329492047638
---------------------------------------------------------------------------------------------------
| Order |                  Error^2                   |                 Efficiency                 |
---------------------------------------------------------------------------------------------------
|   2   | 1.517958205588327660603716121135066097e-68 | 2.808485915007337300207065928613278125e+31 |
|   4   | 3.021139028617358996631155154052286980e-71 | 2.178306356579969206038496242182028076e+30 |
|   6   | 2.916693745872581476734521701270570372e-72 | 2.425833875911760354592026939455066681e+28 |
|   8   | 9.931130828670750088998886077341100532e-09 | 1.438498049651419714929409225698809828e-06 |
---------------------------------------------------------------------------------------------------

Scheme evaluation results:
Order: 8, No. cycles: 17
---------------------------------------------------------------------------------------------------
Vector a: -0.837544795123612163546100060129671928, 0.124230889392935505787678945923430369, 0.886995059282404349435882580495360871, 0.703552552307720784637208169955938921, -1.202683028338641076557316048723968869, -0.575788222595255959466190825417216870, 0.632137117510467867901877451764860239, 0.816833819087760702259261509115214072, 0.452266608476219989547698277016053206
Vector b: -1.137658076386322066435915599154779762, 0.600226562525419805779631078050224046, -0.351764783739548794204273186203374550, 2.125754902304357493076038347194107318, -0.718649797688915923801622007282258173, -1.686716258988366229313010090165673209, 0.535139813797854310380628439331296093, 0.729134421223081425423126464198366799, 0.904533216952439979095396554032091390
---------------------------------------------------------------------------------------------------
| Order |                  Error^2                   |                 Efficiency                 |
---------------------------------------------------------------------------------------------------
|   2   | 1.673580050557964712639360336148972799e-67 | 8.458218734714410605746233569571618164e+30 |
|   4   | 1.618791069706279002805219029489267857e-70 | 9.410417996276276218484641459690371094e+29 |
|   6   | 1.132829034254329097779766684678916119e-72 | 3.892461144535158897391921277357642365e+28 |
|   8   | 1.004490430495402705988573822548505873e-08 | 1.430328285485768489841389652861756722e-06 |
---------------------------------------------------------------------------------------------------

Scheme evaluation results:
Order: 8, No. cycles: 17
---------------------------------------------------------------------------------------------------
Vector a: 0.493517114883322072049906997099621124, -0.105635778007560070625292374405317652, -0.432611323421203046173916854425579506, -0.631371898463691525682304430390860949, 0.884493799106874884153143325417886270, -0.548637151336548735176173446060995922, -0.017557836964697204926091549988252360, 1.259027652708766364294709530646138221, 0.098775421494737262086018802107360817
Vector b: 1.053234350198067934378121440422127637, -1.119434470629491724656428886645008404, 0.908162914614371583405844137834365925, -1.773385561456777675753677846685527441, 0.510641764529394624389068985903792929, 1.258345833684355143917217664932005322, -2.355620136357452614269564557054006025, 2.320504462428058204417381457077501269, 0.197550842989474524172037604214748789
---------------------------------------------------------------------------------------------------
| Order |                  Error^2                   |                 Efficiency                 |
---------------------------------------------------------------------------------------------------
|   2   | 2.220678902105280540322423778107958739e-68 | 2.321984273490415535430475562346682812e+31 |
|   4   | 1.138098128015557973400579514810977985e-70 | 1.122314205568053020843629952948476074e+30 |
|   6   | 4.360543182173783755005285720884311571e-72 | 1.983974911324217753249609655086017609e+28 |
|   8   | 9.988004488982561132990530368584682115e-09 | 1.434396657495390767466957414966126520e-06 |
---------------------------------------------------------------------------------------------------

Scheme evaluation results:
Order: 8, No. cycles: 17
---------------------------------------------------------------------------------------------------
Vector a: 0.538359730536429978598110999489791672, -0.207164745805955941588198338596098582, -0.247034955570319822394649033795894684, -0.258336641437318177535905288251033528, 0.812219121495733415962945650593278096, -0.621782755830408028080918569456968099, -0.154859028802655684400341944158373934, 1.026453154664357043716302811053574894, 0.112146120750137215722653713121724189
Vector b: 1.121661976818650206977438770501009945, -1.166604492564440456758655542022452532, 0.752275000952528573582258864830262831, -1.246344912093168218371556932422046468, 0.729671629218531863299746355919983650, 0.894766613772934968626144945266548758, -2.138332125433751024787982084180469933, 1.828614067828439655987298195863727410, 0.224292241500274431445307426243436244
---------------------------------------------------------------------------------------------------
| Order |                  Error^2                   |                 Efficiency                 |
---------------------------------------------------------------------------------------------------
|   2   | 1.884713208280809511487835452416021664e-68 | 2.520458320703228333306577852493548047e+31 |
|   4   | 1.374118051138187273234473217593897177e-71 | 3.229923915092473458279075690452131836e+30 |
|   6   | 9.038817516350941866949678684480383908e-73 | 4.357633113342248427399544817190391541e+28 |
|   8   | 1.165580908157100652001489527205913132e-08 | 1.327814528882444820168744963637253034e-06 |
---------------------------------------------------------------------------------------------------

Scheme evaluation results:
Order: 8, No. cycles: 17
---------------------------------------------------------------------------------------------------
Vector a: -0.192197228637467398623002331917511240, -0.447167011318483263754239470717596919, 0.855828738751447261258925087109656164, -0.286091576725422418153182517244741905, -0.195171083219170983365583039600387180, -0.304956728028627391664366449943133129, 0.317835107439196330048549844904226965, 1.128433128629939425019120034101567329, 0.123486653108588439233778843307919915
Vector b: 0.819564374885187297105336807607854988, -2.023523207045309391456678279050735346, 1.129189184408342863948199337615529471, 0.582468293094551658569650836603802695, -1.154651446545396494876015871093290934, 0.764309280107054528144849791892512529, -1.374222736164309311473582691778787742, 2.009892951042701971570682381587250339, 0.246973306217176878467557686615863904
---------------------------------------------------------------------------------------------------
| Order |                  Error^2                   |                 Efficiency                 |
---------------------------------------------------------------------------------------------------
|   2   | 2.016020554923796840816717682133894645e-68 | 2.436995231284755209231217907539348828e+31 |
|   4   | 8.771721856735207028226416041638914643e-71 | 1.278385654163728879610849073543172363e+30 |
|   6   | 1.790727336695202911612644179665802154e-72 | 3.095934330053900576643413246436030197e+28 |
|   8   | 1.177609672530386304518097033903423430e-08 | 1.321015601879360065628564293021696599e-06 |
---------------------------------------------------------------------------------------------------

Scheme evaluation results:
Order: 8, No. cycles: 17
---------------------------------------------------------------------------------------------------
Vector a: 1.372423583283986115552986978240328440, -0.876269822216323202859166952685882494, -0.184201770701498480237318030748150008, -0.392410888926738824523251881919513788, -0.237078864558749572869877705085831341, 1.134775130364062029392969271138195804, -1.143117703642394590848726985224520641, -0.052695653543098472302642146800099615, 1.378575989940754998695027453085473576
Vector b: 1.373202468644196940584183420536443603, -0.001557770720421650062392884590433147, -1.750981873712224755655941020783192388, 1.382578332309227795181304959286890688, -2.167400110162705444227808723125862124, 1.693242381045206298488053312954220435, 0.576307879682917760297885229322123796, -2.862543286967706941995339199771118084, 2.757151979881509997390054906170927123
---------------------------------------------------------------------------------------------------
| Order |                  Error^2                   |                 Efficiency                 |
---------------------------------------------------------------------------------------------------
|   2   | 4.388744308762577881789619573135859409e-67 | 5.223144219739068958198855156814761719e+30 |
|   4   | 1.282404428299628138512922272080293420e-69 | 3.343426728032611574800785327963941650e+29 |
|   6   | 4.443437400507562666986196290053561305e-71 | 6.215083082927499883237535613864850998e+27 |
|   8   | 1.248255842669891566542731265955207808e-08 | 1.283089128382921180808691720485535251e-06 |
---------------------------------------------------------------------------------------------------

Scheme evaluation results:
Order: 8, No. cycles: 17
---------------------------------------------------------------------------------------------------
Vector a: 0.575715763985012181146178425833851170, 0.120041059670911831173116553629482867, -0.555721713850057368586382776006417461, -0.587990282352199535297699944924748795, 1.664503139292797206306986139296092401, -0.000062749999286349003154612937750209, -2.010705395253936764848305031052170544, 1.168253714634472042232613905583480473, 0.625966463872286756876647340578180026
Vector b: -0.400483483907795978209751802704807061, 1.952398495785616318711860457073745018, -1.712316376443792656365627349820854438, 0.600872948743677919192861797807501056, -1.776853513448076989788261687658293256, 5.105859792033671402402233966060893945, -5.105985292032244100408543191936382854, 1.084574501524370570711933130036857290, 1.251932927744573513753294681141340301
---------------------------------------------------------------------------------------------------
| Order |                  Error^2                   |                 Efficiency                 |
---------------------------------------------------------------------------------------------------
|   2   | 4.279599831097111048308979161970505209e-63 | 5.289328940412051321871286169042790222e+28 |
|   4   | 4.702390565870579997152490173584287864e-66 | 5.521346029667765110787322539343441010e+27 |
|   6   | 4.179102843838115856226693008483460244e-67 | 6.408626219884302620123451699293247610e+25 |
|   8   | 1.256476458012887066829632800379540212e-08 | 1.278884874796741320199303442610634604e-06 |
---------------------------------------------------------------------------------------------------

Scheme evaluation results:
Order: 8, No. cycles: 17
---------------------------------------------------------------------------------------------------
Vector a: -0.882134229162316309335279381969265577, 1.288304937330824135833626683633522830, 0.040006059041723028823323231898921896, -0.580184609438059065407233182379005789, 0.734846499157389892886854620775285662, -0.511195447003197742624363486686254131, -0.936127471862752344109813752060240104, 0.858880133358711482701134752422237682, 0.987604128577676921231750514364797556
Vector b: -1.111610028496557621006329533981233258, 0.458951598668482623342100304023824620, 2.117658275993165648325153063243398418, -2.037646157909719590678506599445552556, 0.877276939033601459864040234687473089, 0.592416059281178325909669006863112293, -1.614806953287573811158395980235628162, -0.257447990437930877061231523884998079, 1.975208257155353842463501028729603587
---------------------------------------------------------------------------------------------------
| Order |                  Error^2                   |                 Efficiency                 |
---------------------------------------------------------------------------------------------------
|   2   | 5.434217152351161574591769557894270465e-67 | 4.693898159806113592841320572829662109e+30 |
|   4   | 4.230658961477032434639249829676773293e-70 | 5.821036274021553929442544898375140991e+29 |
|   6   | 8.295116956418299900516151662556668951e-72 | 1.438451471611143024704058459664763451e+28 |
|   8   | 1.272933339844910003902203294138054486e-08 | 1.270591068788204486721805642613868138e-06 |
---------------------------------------------------------------------------------------------------

Scheme evaluation results:
Order: 8, No. cycles: 17
---------------------------------------------------------------------------------------------------
Vector a: 0.468939264543273960716887140057101530, -0.186242811067709914674836884900834380, -0.381315945466497033959024722244852795, -0.224166657443278890315285675552769681, 1.113034498422035292733548923824641217, 0.301466834488576222445134379084430759, -1.373363123911965100665966620709702210, -0.047486769397495897366899557673142583, 1.329134709833061361086443018115128095
Vector b: 1.312858806839816959823775478084947527, -1.687839084593085998213776676055681786, 1.315353462457666168864102906254002192, -2.077985353390660236782152350743718183, 1.629652038504102456151580999638182287, 0.596416958339968129315516848011138859, 0.006516710637184315574751910157414778, -2.753242958461114516906685151576544390, 2.658269419666122722172886036230258886
---------------------------------------------------------------------------------------------------
| Order |                  Error^2                   |                 Efficiency                 |
---------------------------------------------------------------------------------------------------
|   2   | 1.228674537415208334023637305387655589e-67 | 9.871513144323187780154189390913429688e+30 |
|   4   | 1.654430119205958349329693395448523522e-70 | 9.308508518848771438620970344694266357e+29 |
|   6   | 2.377258254973171054807462688663781549e-71 | 8.497052266318884949044459416970638275e+27 |
|   8   | 1.296360732960265842477793924837767993e-08 | 1.259057879023163144036617210671654584e-06 |
---------------------------------------------------------------------------------------------------

Scheme evaluation results:
Order: 8, No. cycles: 17
---------------------------------------------------------------------------------------------------
Vector a: -0.972300188928211652920890200543381453, 0.753359153611567784044939042439241225, 0.774733157895429518334809175524440634, 0.509789223318617021336119164565744172, -0.040808403839667045700220223007985205, -1.210724894267172135079144725656656738, -0.955320881270729547712684223966864355, 1.036982597067353899690449013244515283, 1.104290236412812158006622977400946358
Vector b: -1.178812159460733139984724989185622404, 0.413023941065042974127669577284448967, 1.093694366158092593962208507594024816, 0.455771949632766442707409843454959488, 0.563806497004467599964828485676696412, -0.645423304683801691365268931692650391, -1.776026483850542578793020519620945137, -0.134615278690916516632347928312827412, 2.208580472825624316013245954801915828
---------------------------------------------------------------------------------------------------
| Order |                  Error^2                   |                 Efficiency                 |
---------------------------------------------------------------------------------------------------
|   2   | 9.798244763290502781644867072740590707e-68 | 1.105421774967800262765814756795362305e+31 |
|   4   | 3.283037403538699901673911567919124825e-70 | 6.607944689584890214191270907221107178e+29 |
|   6   | 1.661754496938376723288706687395123855e-71 | 1.016302608759507419578000550139933777e+28 |
|   8   | 1.309523275836718528849799250325583820e-08 | 1.252714250695595233294616953140452487e-06 |
---------------------------------------------------------------------------------------------------

Scheme evaluation results:
Order: 8, No. cycles: 17
---------------------------------------------------------------------------------------------------
Vector a: 0.860578148175626862696202104833267150, -0.838249230984871804295211166889216535, 0.223971904606503063097991495503809606, -0.033569824379903150258569647517490933, -0.580214008545863730714105490108256460, 0.807209035331597654699261524761015710, -0.795085750899503339937221914107396221, 0.221164674818657465695648478589567980, 1.134195051877756979016004614934699685
Vector b: 0.686890690429039668317741622112213239, 0.347374915493174388756920965442079029, -2.023873377462917997347343299220430729, 2.471817186675924123543326290227982822, -2.538956835435730424060465585262975485, 1.378528818344002962632254605046544225, 0.235889252319192346766268444475467719, -1.826060754118199026640712272690241888, 2.268390103755513958032009229869361237
---------------------------------------------------------------------------------------------------
| Order |                  Error^2                   |                 Efficiency                 |
---------------------------------------------------------------------------------------------------
|   2   | 1.491017560328818191310376491244674917e-67 | 8.961088739720783411980392115160490234e+30 |
|   4   | 2.776131617602814010164514382612788668e-70 | 7.185951609259599220958901521275323486e+29 |
|   6   | 3.215578585311567563552205259714298001e-72 | 2.310345375826624932444978572598592758e+28 |
|   8   | 1.312581995596544282713477861323153226e-08 | 1.251253794621023379014504161492566104e-06 |
---------------------------------------------------------------------------------------------------

Scheme evaluation results:
Order: 8, No. cycles: 17
---------------------------------------------------------------------------------------------------
Vector a: -0.753704747868074403501900206114177432, 0.973789888958944835181733110245369007, 0.646676277311664794021266634838917440, -0.809815866806204076049016095325521671, -0.825444154221984259586174190489210033, 0.341079742380919950623198100333145772, -0.196919683348873281298600931676701369, 0.561454882490313969665963697049387343, 1.062883661103292470943529881138790968
Vector b: -1.133017294047949358843757624604031649, 0.758625092359749910683714836979821197, 1.188954685558139759679751383510785180, 0.104397869065189828362781886166835729, -1.724029602677597980460814076817665101, 0.073141294233629461288465695839985879, 0.609018190528210439957930504825633360, -1.002857557225957002555132368178937058, 2.125767322206584941887059762277572691
---------------------------------------------------------------------------------------------------
| Order |                  Error^2                   |                 Efficiency                 |
---------------------------------------------------------------------------------------------------
|   2   | 1.023092510967684309856445279245920940e-65 | 1.081794338901691296677316985548999146e+30 |
|   4   | 6.612414414863583370540936207209589522e-70 | 4.656121263494592704754550488534797363e+29 |
|   6   | 7.836628291940058088148559800813398604e-72 | 1.479932296450177587007686530321162033e+28 |
|   8   | 1.355491094464329917774997416236866548e-08 | 1.231289836485293596694232601264666122e-06 |
---------------------------------------------------------------------------------------------------

Scheme evaluation results:
Order: 8, No. cycles: 17
---------------------------------------------------------------------------------------------------
Vector a: -0.213640887567440865824367553920432401, 1.074618809936296533603804224122744632, -0.803421925592279572078108084831576382, -0.491170557793724451720845040417240208, 0.572105172805523379564394968808217961, 0.172789017329602304515626747014449632, -0.680687851833566170245516867022261286, 0.301977575737435395282563655545309220, 1.067430646978153446902447950700788736
Vector b: -1.116429690419219563362299172530618370, 1.805577605703557395075863237220371023, 0.343660014169035672131745211025093059, -1.950503865353594816287961380688221701, 0.968162749766145912846271299853748795, 0.176047595844900846282518637762635150, 0.169530438814303762748734856266378876, -1.530906142481436103239768590310962981, 2.134861293956306893804895901401576317
---------------------------------------------------------------------------------------------------
| Order |                  Error^2                   |                 Efficiency                 |
---------------------------------------------------------------------------------------------------
|   2   | 4.873823078218779263145704934351377585e-68 | 1.567354651867563341503732662889410547e+31 |
|   4   | 1.763757104178609942731384300950086340e-70 | 9.015398463279854900471269574162482910e+29 |
|   6   | 2.492567190047615753959485268112511349e-72 | 2.624116032809708747988479808168079758e+28 |
|   8   | 1.381099321657128148404424957328398986e-08 | 1.219821188891126803575613196617110235e-06 |
---------------------------------------------------------------------------------------------------

Scheme evaluation results:
Order: 8, No. cycles: 17
---------------------------------------------------------------------------------------------------
Vector a: 0.870942606229639112498855668245554655, 0.030373760668814931274449468779492409, -0.982465544603766717707633538451753430, -0.675234158637794371435102550858511363, -0.102009413468742177622950417077617920, 1.355063144982262684701781493444869252, -1.538516353043834959813454796211764079, -0.001040519338223043908502628042517084, 2.042886477211644542012557300172247375
Vector b: -0.418324455350120401265251566647776302, 2.578534123159519027528214469789244970, -2.517786601821889164979315532230190590, 0.552855512614355729564048455323601376, -1.903323829889944472434253557041999120, 1.699305002952460117188352722886555497, 1.010821287012065252215210264005595620, -4.087853993099735171842119856435993763, 4.085772954423289084025114600350962023
---------------------------------------------------------------------------------------------------
| Order |                  Error^2                   |                 Efficiency                 |
---------------------------------------------------------------------------------------------------
|   2   | 3.751514283343699785912737866874667277e-64 | 1.786482865235129446955974860766570129e+29 |
|   4   | 2.594925356810707395679945770652290152e-67 | 2.350400547220736620622502211435460663e+28 |
|   6   | 6.992893203204695529865716375293891406e-68 | 1.566671791622587998295369199744951725e+26 |
|   8   | 1.387044663942574747908874923154488893e-08 | 1.217204098473108433823602778004779382e-06 |
---------------------------------------------------------------------------------------------------

Scheme evaluation results:
Order: 8, No. cycles: 17
---------------------------------------------------------------------------------------------------
Vector a: 0.141268332733104991505391766546492731, -0.299547756431004352530909607811598973, 0.853632245465154025890406877571860309, -0.692846160837137620243946961651146762, -0.880232584984530724513857365698290930, 0.360231523534663987892687186726841760, -0.222056225297786223015110354516018975, 0.675592042576630447521059894494323479, 1.063958583240905467494278564337537265
Vector b: 0.913140702313695074722218976483208947, -1.543744739161180166433654419873427184, 0.944649226299171461371835204250212001, 0.762615264631136590408978550893517379, -2.148307586305411830896872474195810517, 0.387842416336350381869157742799247966, 0.332620630732977593916216630654417210, -0.776733081328550039946437339686442594, 2.127917166481810934988557128675076840
---------------------------------------------------------------------------------------------------
| Order |                  Error^2                   |                 Efficiency                 |
---------------------------------------------------------------------------------------------------
|   2   | 1.675300629582941787989187068814241479e-69 | 8.453874209321076143313245148459817188e+31 |
|   4   | 1.966625539792169299870699922564310894e-70 | 8.537750850931541911116680694113823242e+29 |
|   6   | 6.300369954503715470891981433524363900e-72 | 1.650530088887160045501201352031141663e+28 |
|   8   | 1.388000361998119372932393200430488635e-08 | 1.216784977580576953600837756291812940e-06 |
---------------------------------------------------------------------------------------------------

Scheme evaluation results:
Order: 8, No. cycles: 17
---------------------------------------------------------------------------------------------------
Vector a: 0.990825255844473759633236860677135706, -0.714690841923521140749797833378957803, -0.467720266829103191982945515333231947, 0.767899256223901518922253771797364881, -0.771136643702758795164187082679973737, -0.550717529843444802606341405776036924, -0.009549814213557474669723374016715605, 0.537020536625065943107575567387270292, 1.218070047818944183509929011323145203
Vector b: 0.920977157835996962652619799940646210, 0.139696196016953593961234121472810738, -1.569077879863995875460829788230621501, 0.633637346205789491494938757564192467, 0.902161166242013546349568786030504266, -2.444434453647531136677942951390267717, 1.342999393960641531465260139838152270, -1.362099022387756480804706887871579185, 2.436140095637888367019858022646162525
---------------------------------------------------------------------------------------------------
| Order |                  Error^2                   |                 Efficiency                 |
---------------------------------------------------------------------------------------------------
|   2   | 3.170076296729473064932079844564634830e-66 | 1.943422828208847694410798957752673340e+30 |
|   4   | 2.311762761714932499990780150225564111e-70 | 7.874675793810662145756942041893477783e+29 |
|   6   | 1.855335942334529718455666841670167371e-71 | 9.618230766777208482786630941972064018e+27 |
|   8   | 1.419407189552623282739748577194242957e-08 | 1.203247945017958614065692018931225133e-06 |
---------------------------------------------------------------------------------------------------

Scheme evaluation results:
Order: 8, No. cycles: 17
---------------------------------------------------------------------------------------------------
Vector a: -0.218592382425648951109055345511575023, 1.074929468181069183730469993511749315, -0.794056083392116484404115624708268677, -0.965890789818018786884869903698407102, 0.480114482130484378399598600489054878, 0.652006285590744613716327736069247215, -0.593566358668754858276973587946002738, 0.298408891998425807698345186624189918, 1.066646486403815097130272945170012190
Vector b: -1.118907711904441636520546025013201431, 1.800630658957585370822981359003250168, 0.349228277404552996637958628020256118, -1.937340444188785965446189877436798912, 0.005558864552748391676450070039623357, 0.954670099708220365122747130938845827, 0.349342471473268862309908341199640513, -1.536475188810778578863855517091644544, 2.133292972807630194260545890340028616
---------------------------------------------------------------------------------------------------
| Order |                  Error^2                   |                 Efficiency                 |
---------------------------------------------------------------------------------------------------
|   2   | 7.244543263061369894007295432710233425e-69 | 4.065337930633726744043201443515237500e+31 |
|   4   | 3.459928244138535169380065043130045777e-70 | 6.436811164271571474976079491542274170e+29 |
|   6   | 4.301443595202758378056331876316314122e-72 | 1.997557804232414041896243764326906586e+28 |
|   8   | 1.463144186534366652771480371522631671e-08 | 1.185127473298359714386698804503950939e-06 |
---------------------------------------------------------------------------------------------------

Scheme evaluation results:
Order: 8, No. cycles: 17
---------------------------------------------------------------------------------------------------
Vector a: -0.765528770082336983198492684135204676, 0.974782263040396449932550075934358126, 0.653258667586518421189904649213493491, -0.813295365191817033320824838063454175, -0.536828163518772939961726926366078967, 0.354607116559376462396924571306830307, -0.489408398881560452688495313523273561, 0.553687973500613486014620407463235156, 1.068724676987582589635540058170094203
Vector b: -1.139563975817138730046540433281835310, 0.748070411469603493696095498293251926, 1.201494114611189406169004653575475977, 0.105023220561847436210804644851486787, -1.731613950945481502852454320978379103, 0.657957623907935622929000468246229161, 0.051256609210817301864848674367296384, -1.030073406973938207241839301413718093, 2.137449353975165179271080116340192257
---------------------------------------------------------------------------------------------------
| Order |                  Error^2                   |                 Efficiency                 |
---------------------------------------------------------------------------------------------------
|   2   | 6.407458928212325669535671218258793172e-69 | 4.322741263401565754040100211932132031e+31 |
|   4   | 3.972206417809174213002022570203192807e-70 | 6.007425727211436324151972342433467407e+29 |
|   6   | 9.089167036860294136700330315191531036e-72 | 1.374182549913656929910332195004209328e+28 |
|   8   | 1.484224448884943174672299443332905971e-08 | 1.176681264036297026038841174857636127e-06 |
---------------------------------------------------------------------------------------------------

Scheme evaluation results:
Order: 8, No. cycles: 17
---------------------------------------------------------------------------------------------------
Vector a: 1.274028580338342332501408882782996380, -0.030496881325144167720474065517176283, -1.067220596593960291559617267512584053, -0.348421411470060011967738269140052256, 0.757168298018019799559455157169271091, 0.349741168104867983752155646278158317, -1.033487894569262217710331893405100531, -0.046278924761581585900820283048975244, 1.144967662258778159045962092393462663
Vector b: 1.150912098903835563673753942856110168, 0.246232962869013537655309879853841637, -0.307226725519301873096258010888210213, -1.827214467668618710022976524137028575, 1.130371644728498686087499985856937833, 0.383964951307540913031410328481589760, 0.315517384902195054472900964074704822, -2.382493174040719489893564750884864332, 2.289935324517556318091924184786918779
---------------------------------------------------------------------------------------------------
| Order |                  Error^2                   |                 Efficiency                 |
---------------------------------------------------------------------------------------------------
|   2   | 4.052257913391074316993899473084696285e-67 | 5.435676695112221644187051693341345703e+30 |
|   4   | 5.395380669914235561930970390010392349e-71 | 1.630021259303515089979593982585054199e+30 |
|   6   | 5.887917339523098663639311001496845317e-72 | 1.707362032556685687115778811065260315e+28 |
|   8   | 1.476919165089732022521747690911997442e-08 | 1.179587783023893715646318062102350869e-06 |
---------------------------------------------------------------------------------------------------

Scheme evaluation results:
Order: 8, No. cycles: 17
---------------------------------------------------------------------------------------------------
Vector a: 0.584740867513291212470914896299900192, 0.116719255749606634117238350816745534, -0.566209792955338376078322079116418170, -0.585137279666361620705892698095869669, -0.345366778286423083133488920811339830, 1.168912156808283551628782610866247969, -1.425581190901912176408726129365499602, -0.000279186722396291289958293687655108, 2.052201948461250149399452263093888666
Vector b: -0.400429892338264547500339939798554710, 1.970341519703111519942509672198745216, -1.736903008203898251708032970564259380, 0.604483422293221499551388812330506875, -1.774757981625944740963174208522835740, 1.084024425053098574696196366897454000, 1.253799888563468528561368854834260974, -4.104962270367292881378821113587357914, 4.104403896922500298798904526212040967
---------------------------------------------------------------------------------------------------
| Order |                  Error^2                   |                 Efficiency                 |
---------------------------------------------------------------------------------------------------
|   2   | 2.611014530891863997143042155657614481e-64 | 2.141398592345394332863687580609039001e+29 |
|   4   | 1.488780321207334970436480437020488719e-66 | 9.812710916517632595532607168398086548e+27 |
|   6   | 9.265609025202886855738034459937590188e-68 | 1.361035604462308456954867298265032321e+26 |
|   8   | 1.726367621954245887661574147513771625e-08 | 1.091043302973456783582982324977924262e-06 |
---------------------------------------------------------------------------------------------------

Scheme evaluation results:
Order: 8, No. cycles: 17
---------------------------------------------------------------------------------------------------
Vector a: -0.097865615740632053695690896306800697, 1.691366218822899545738380311617910715, -0.007713768755939234025452741641140564, -1.378480557720744430906545269032002623, -0.398475088619569889361478595448613397, 1.001611428234893071806442879092168441, -0.860203288275917606351288150119206742, -0.043254123165102511192971611275308887, 1.093014795220113107988604073112993821
Vector b: -1.542485932343891350890612620805595752, 2.889240633206518594389843448997588112, 0.493491804439280497086917174238464044, -0.508919341951158965137822657520748398, -2.248041773490329896675267880543483145, 1.451091596251190117952310689646260299, 0.552131260218596025660575068538132820, -2.272537836770431238363151368776566526, 2.186029590440226215977208146225948354
---------------------------------------------------------------------------------------------------
| Order |                  Error^2                   |                 Efficiency                 |
---------------------------------------------------------------------------------------------------
|   2   | 1.493700305255920604849251067834600425e-66 | 2.831199170380407667871827296749266602e+30 |
|   4   | 2.767664027057915009098215572338350132e-70 | 7.196935823006611999582340145384709473e+29 |
|   6   | 6.036179410905324173828978101077860887e-71 | 5.332432932387804830434284271250582695e+27 |
|   8   | 1.845281244052020798339055697523193812e-08 | 1.055303419133086397091928540390343796e-06 |
---------------------------------------------------------------------------------------------------

Scheme evaluation results:
Order: 8, No. cycles: 17
---------------------------------------------------------------------------------------------------
Vector a: -0.710822028736633353998858586044271789, 0.179948591651869925410712004484264137, 1.115317867625868360390119106397359288, -1.075249383612575593368371323412778999, 0.542708520342158836521064691971901626, -0.004945325276294950719436016890893002, -0.832344699774683627423230593086343485, 1.273890720768870248529136464901569670, 0.511495737011420154658864251679192606
Vector b: 0.252710792936260740295917741836001157, -1.927065643345788188589552655760610700, 2.286962826649528039410976664729256408, -0.056327091397791318630738451934027683, -2.094171675827359868106004194892010866, 3.179588716511677541148133578836187556, -3.189479367064267442587005612617976121, 1.524789967514900187740544426444730632, 1.022991474022840309317728503358449539
---------------------------------------------------------------------------------------------------
| Order |                  Error^2                   |                 Efficiency                 |
---------------------------------------------------------------------------------------------------
|   2   | 1.539066993521072727132379878202125540e-66 | 2.789159786368053095805163205353553711e+30 |
|   4   | 2.822577346628202577893184201475818631e-69 | 2.253623634832962036922552882607438660e+29 |
|   6   | 6.620017560020552172771415134294616180e-71 | 5.091865237719366916748389396391362190e+27 |
|   8   | 1.993400955407736758704668906438757942e-08 | 1.015339537310617125742482332608245605e-06 |
---------------------------------------------------------------------------------------------------

Scheme evaluation results:
Order: 8, No. cycles: 17
---------------------------------------------------------------------------------------------------
Vector a: -0.493783302196010999204731515887380115, 0.626476850722701781565278455765323011, 0.535437214705546013669946423027495054, -0.358728258792308602810441743324389383, -1.004369165407959422442980613773503321, -0.305655479004332088236430842499600288, 0.179778300441673444741936050638570634, 0.984794322499686574622454399676290060, 0.836049517031003298094969386377194445
Vector b: -0.893774870851495330281720539235127200, 0.799983137310968662153978046695491569, 0.452970564134434900976578864835136590, 0.617903865276657126363313981219873691, -1.335360382861274331984197467868659390, -0.673377947954644512901763759678344555, 0.062066989945980336428902074679070330, 0.297489610937366553054970026598166144, 1.672099034062006596189938772754392742
---------------------------------------------------------------------------------------------------
| Order |                  Error^2                   |                 Efficiency                 |
---------------------------------------------------------------------------------------------------
|   2   | 8.534977531794176406377344931661743753e-70 | 1.184407001888268763660356305133981719e+32 |
|   4   | 6.225779366693364752662519512485356849e-71 | 1.517425757065666307356896614856920166e+30 |
|   6   | 1.244144254144550575025197708705742588e-72 | 3.714249748623393821129304929580618668e+28 |
|   8   | 2.044193560785520388574346931853913717e-08 | 1.002645989500352516176829633464469782e-06 |
---------------------------------------------------------------------------------------------------

Scheme evaluation results:
Order: 8, No. cycles: 17
---------------------------------------------------------------------------------------------------
Vector a: 0.864386907014395778666098407374336545, -0.627111216804518766475975345909305615, -0.552369196017013948746420522138360231, -0.403183479636816074718225378955404961, 0.036399075456704957593731652433322178, 0.967289998780818587054313249822222846, -0.366605718531616290287035370343849477, 0.242673927285239237393825929558393161, 0.838519702452806519519687378158645608
Vector b: 0.640661540750554033492123090968162223, 0.447450732527683490347950632812338822, -1.701673166136721023299901324630956794, 0.596934774102693125807060280354215629, -1.403301733376325275243511038264981158, 1.476099884289735190430974343131628150, 0.458480113271901983677652156512804783, -1.191691550335134564251722897200526415, 1.677039404905613039039374756317314711
---------------------------------------------------------------------------------------------------
| Order |                  Error^2                   |                 Efficiency                 |
---------------------------------------------------------------------------------------------------
|   2   | 1.438041837717681923960448143392981335e-68 | 2.885468891803618777818222262261716797e+31 |
|   4   | 4.609420242052200345463809279680653585e-71 | 1.763523138100610924387473111749814697e+30 |
|   6   | 1.667629034693765841884010118590997256e-72 | 3.208165378719952011400737867792662811e+28 |
|   8   | 2.172928168947083979823218678769207550e-08 | 9.724917908706576927850614526985748696e-07 |
---------------------------------------------------------------------------------------------------

Scheme evaluation results:
Order: 8, No. cycles: 17
---------------------------------------------------------------------------------------------------
Vector a: -0.552312152567539379859700064994261809, 0.631550131446591964823757753507936959, 0.078646200771678275629721854562294539, -1.010451294699387033277097858860585474, 0.495504690379765976934814460362291829, 0.902047807244986594268147237014992588, -0.697184966729407621347130286766845168, -0.071372495554715734071565535280133319, 1.223572079708026956899052440454309736
Vector b: 0.096451703125048416513516807235409614, -1.297527711385175592746433744459410880, 2.560627974278359522393949251475304441, -2.403335572735002971134505542350721623, 0.382432983336228904580309824629563868, 0.608576397423303049289319096094971738, 1.195519217066670139246975377935143630, -2.589889150525485381941235951468840321, 2.447144159416053913798104880908579413
---------------------------------------------------------------------------------------------------
| Order |                  Error^2                   |                 Efficiency                 |
---------------------------------------------------------------------------------------------------
|   2   | 5.480587535296714591940194086038200464e-67 | 4.673998814713610204553281462287076660e+30 |
|   4   | 3.318499584306370913972458021392230338e-70 | 6.572542918225678974301719896697879639e+29 |
|   6   | 1.690605992943022366532081777039570860e-71 | 1.007593296900547161197898922381883430e+28 |
|   8   | 2.179856775366902690574712220023004032e-08 | 9.709450434860961424844231198122626365e-07 |
---------------------------------------------------------------------------------------------------

Scheme evaluation results:
Order: 8, No. cycles: 17
---------------------------------------------------------------------------------------------------
Vector a: -0.321112894080781067751442231336227080, 0.762714453574491252321997337694470518, -0.041337614907321805621213794776411048, -1.343929431483269065278785665604594010, 0.645068662032858674397967728463346241, 0.883363742188582655167303119596163405, -1.038287547713563989364017827400975066, 0.046128582839825349396298983811333522, 1.407392047549177996731892349552893481
Vector b: 0.303445305760739616786372449005873255, -1.249116399683041369075629360683938742, 2.774545306832023873719624036072964904, -2.857220536646667484962051625625807464, 0.169361673680129354404480294416224773, 1.120775650385587994391455162510657558, 0.645951833991577315943151076681332601, -2.722526929418705294671186731483377681, 2.814784095098355993463784699106070845
---------------------------------------------------------------------------------------------------
| Order |                  Error^2                   |                 Efficiency                 |
---------------------------------------------------------------------------------------------------
|   2   | 4.826676949014637691882360582043193019e-67 | 4.980558448799959909405487129448770020e+30 |
|   4   | 1.979939333594096658727423534959263600e-69 | 2.690781126133117917320344628476061401e+29 |
|   6   | 3.586403896287666699585493119798534093e-71 | 6.917941304233783686428983230363952637e+27 |
|   8   | 2.295101245165065625850246101557056919e-08 | 9.462539484079335438511786519800878767e-07 |
---------------------------------------------------------------------------------------------------

Scheme evaluation results:
Order: 8, No. cycles: 17
---------------------------------------------------------------------------------------------------
Vector a: -0.755112070294135484526093086907544445, 0.953983569006527146320560819795458666, 0.667611840197392879059839127322562576, -0.715990281695053230947820070467135734, -0.974515805912948706606541065029912413, 0.962069997568907749621387485079101228, 0.448185924722267407554746041371573484, -0.114486719302472215043846579414031461, 0.528253545709514454567767328249928064
Vector b: -1.171153131155818899900563309986935981, 0.832082121723366830748940446158775753, 1.075885016289687461892181193432187030, 0.259338664105098296227497061212870329, -1.691319227495204758123137202147079591, -0.257712384330692655089944927912804266, 2.181852379468508154332719898071051693, -1.285480530023973339223227815327903281, 1.056507091419028909135534656499838216
---------------------------------------------------------------------------------------------------
| Order |                  Error^2                   |                 Efficiency                 |
---------------------------------------------------------------------------------------------------
|   2   | 2.220452510128309872513236050125686545e-67 | 7.343133310769779474934999516286221680e+30 |
|   4   | 8.990237647983628703915791671012235473e-71 | 1.262753928999183473843607284916124634e+30 |
|   6   | 1.155185186924608005209970336090302230e-71 | 1.218935333226937043890004436923976707e+28 |
|   8   | 2.364781180542116914551871564234699693e-08 | 9.322086934994857010216917203185884108e-07 |
---------------------------------------------------------------------------------------------------

Scheme evaluation results:
Order: 8, No. cycles: 17
---------------------------------------------------------------------------------------------------
Vector a: -1.399064649210053103770241328192082256, 1.281033861797466818189049176404670747, 1.331752190824262854817552126043633071, -1.005766519560667668436117637190221618, -1.706588318038632220848631711371750698, -0.001760244620298905476844361445772728, 1.298533448699736323253846121479212288, 0.918441718826616175981232755707569714, 0.283418511281569726290154858564741491
Vector b: -1.383897632886232840514639866952584846, -0.030334032647640526511202922479008115, 2.592401756242574162889301275288361737, 0.071102625405951546745802976798847301, -2.082635664527286883618038251179230545, -1.330540971549977558079225171564722096, 1.327020482309379747125536448673169107, 1.270046415090092899382155794285685914, 0.566837022563139452580309717129481826
---------------------------------------------------------------------------------------------------
| Order |                  Error^2                   |                 Efficiency                 |
---------------------------------------------------------------------------------------------------
|   2   | 6.286905200475445061143206067698849444e-67 | 4.363989544223839407929002968109358398e+30 |
|   4   | 6.029256096840604385878367751311769005e-70 | 4.876098262475581925678252903364526978e+29 |
|   6   | 1.157878917198450237902693129282325438e-70 | 3.850125610131112004649754087642845154e+27 |
|   8   | 2.508982913780444467582772978963610348e-08 | 9.050233348917417301238385660678494773e-07 |
---------------------------------------------------------------------------------------------------

Scheme evaluation results:
Order: 8, No. cycles: 17
---------------------------------------------------------------------------------------------------
Vector a: -0.139545993081984908303284650956178845, 1.092593911074579520466477469288924846, -1.072157783211247023767631477659492291, -0.827901018149179019030928301120306961, 0.766354406285683687350386655445979094, 0.838983187548470488669122034778107565, -0.948780500642992076134560097295393908, 0.054301110639227922103476739390109609, 1.236152679537441408646941628128250824
Vector b: -1.315954382226197824416295884673649740, 2.352816778288425832226022467434948049, -0.167628956139266791293067528857128522, -1.976686610283227256242195426461826713, 0.320884573984869218180338824221227044, 1.211824238586498156520434486670709959, 0.466142136510442820817809582885502234, -2.363703137796426973086929777476279698, 2.472305359074882817293883256256497026
---------------------------------------------------------------------------------------------------
| Order |                  Error^2                   |                 Efficiency                 |
---------------------------------------------------------------------------------------------------
|   2   | 3.491869852795580288911516398566332511e-68 | 1.851710686596776019091659970434747070e+31 |
|   4   | 1.693694977711808547485689967373857306e-70 | 9.199976428408547944539768403066920166e+29 |
|   6   | 2.043195062446077134613845999200919343e-71 | 9.165402810264811050259622567141629219e+27 |
|   8   | 2.534457454606718733124782079677005892e-08 | 9.004635266290809871187579784975477440e-07 |
---------------------------------------------------------------------------------------------------

Scheme evaluation results:
Order: 8, No. cycles: 17
---------------------------------------------------------------------------------------------------
Vector a: 0.420824987377041033353839312389554679, -0.523667160038071611204339770459349611, -0.187942514730302059650796894644236311, 0.566644374850697913944864567016982205, -0.142107119681966401477247973669925492, -1.026589153788938173629742582357168130, 0.502644235745464357264816191570354139, 0.880014469688069757667195427805317446, 0.510177880578005183731411722348471051
Vector b: 1.207194938576484226444044715988486447, -1.572739902398886386180410807197838114, 0.525405582322743163771731266279171056, -0.901290611783347283073325055567663515, 2.034579361484743110963054189601621569, -2.318793600848675913917550136941482905, 0.265615293270799566658064972227088145, 0.739673178220129147871567410913674878, 1.020355761156010367462823444696942488
---------------------------------------------------------------------------------------------------
| Order |                  Error^2                   |                 Efficiency                 |
---------------------------------------------------------------------------------------------------
|   2   | 8.274173974323967090193082296084175350e-68 | 1.202928551926367863785540739369998633e+31 |
|   4   | 7.432024118990204173490882668029394739e-71 | 1.388835341133050022325739443547374268e+30 |
|   6   | 2.011933643606132386597756848069157886e-72 | 2.920785374324809702828303791954005814e+28 |
|   8   | 2.643352547006743360385081661763557146e-08 | 8.817207964969723159699337347064937050e-07 |
---------------------------------------------------------------------------------------------------

Scheme evaluation results:
Order: 8, No. cycles: 17
---------------------------------------------------------------------------------------------------
Vector a: 0.666835935625785453032121714652518624, -0.697313673061356652887910397748597522, -0.824755559153641709960124557664747244, 1.301219838212177245693219996595849239, -0.019406298222378905175487584034917263, -0.887314215083888539699214241648254158, -0.233800586064955758644799254081565575, 0.624627231968923241169808412581775047, 1.069907325779335626472385911347938747
Vector b: 0.317561635928289411448192460438467932, 0.698548599394992083167858508428079428, -2.093175945517705388943679303925263012, 0.443664827210421969023430188595795824, 2.158774849213932522363009804595866014, -2.197587445658690332713984972665704277, 0.422959015490913253315556489369244927, -0.890560187620824770605154997532380362, 2.139814651558671252944771822695893671
---------------------------------------------------------------------------------------------------
| Order |                  Error^2                   |                 Efficiency                 |
---------------------------------------------------------------------------------------------------
|   2   | 7.166721020977702834599013938804166464e-68 | 1.292533796847731385774136558464992773e+31 |
|   4   | 9.395466021606223457294880165843002894e-70 | 3.906116134495299135398020715888037109e+29 |
|   6   | 3.205966435251653875338662159927777657e-71 | 7.316897751645434756934651966185703278e+27 |
|   8   | 2.768503188783290569579027720253164329e-08 | 8.615611651909762909412825071064848870e-07 |
---------------------------------------------------------------------------------------------------

Scheme evaluation results:
Order: 8, No. cycles: 17
---------------------------------------------------------------------------------------------------
Vector a: -0.076736384595497491592908763575506749, 1.090244170575832506392504665936394069, -1.084745111586121121137523889280387858, -0.805489932211342516398694446634742273, 0.478661003264593769688612410490387883, -0.293944838548600814453197898905910273, -0.164187479339468419697065433758548290, 1.145526233398490263519356846798094498, 0.710672339042113823678916508930218980
Vector b: -1.272671266428758878119938334387672620, 2.391869763666522773054059141624328590, -0.211381422514857760269049809751511949, -1.958108800657384482005997968809288226, 0.347128936234699449208609075539769735, 0.610193070294488090168615745441034582, -1.198082747391689719075011543252866395, 0.869707788712752879680880675735769237, 1.421344678084227647357833017860437190
---------------------------------------------------------------------------------------------------
| Order |                  Error^2                   |                 Efficiency                 |
---------------------------------------------------------------------------------------------------
|   2   | 1.775003656240823891155462472206916067e-67 | 8.213013397212993024064819972824239258e+30 |
|   4   | 3.715127715835060415615801771583946608e-71 | 1.964343528357200571650615306152100586e+30 |
|   6   | 1.656600647448910236097391747262201146e-72 | 3.218826427484166633574529838527353668e+28 |
|   8   | 3.099008192127850959510873053854199818e-08 | 8.143240603646988972761550786005438064e-07 |
---------------------------------------------------------------------------------------------------

Scheme evaluation results:
Order: 8, No. cycles: 17
---------------------------------------------------------------------------------------------------
Vector a: 0.644702238637983450049455716413046342, -0.614844273164324838133954405217552358, -0.915959630344535628168654381197714810, 1.252489174651549122217028012621022272, -0.014121060565951537182680963361727846, -0.773119974538115356017247135101650694, -0.171996552709202738120155840902713500, 0.527190397090916347696981321105911009, 1.065659680941681177659227675641379538
Vector b: 0.216569351919949448474384413184540071, 0.856265773436068003150142606456983365, -2.085954319764717679418051416892105992, 0.254035059075646423080742654496680945, 2.250943290227451821353313370745575595, -2.279185411359354895718675297469035287, 0.732945462283124183684181027265547758, -1.076938567701529659924492709070978657, 2.131319361883362355318455351282792202
---------------------------------------------------------------------------------------------------
| Order |                  Error^2                   |                 Efficiency                 |
---------------------------------------------------------------------------------------------------
|   2   | 1.104792847616858908836112553488310597e-68 | 3.292014430405727826084976061299844141e+31 |
|   4   | 7.827861868372731431562111059298627517e-70 | 4.279398575469710272743754831866390991e+29 |
|   6   | 1.683179967506710530959827687731545366e-71 | 1.009813552260308509656613484105449295e+28 |
|   8   | 3.356775674156652663787769104161298487e-08 | 7.824335590476473254803308944182711991e-07 |
---------------------------------------------------------------------------------------------------

Scheme evaluation results:
Order: 8, No. cycles: 17
---------------------------------------------------------------------------------------------------
Vector a: 0.605019948658976123424256013760912867, -0.182591868508792210098164418706812167, 0.416158144160747462892682263255770625, -0.797321315002863139833298287781922408, -0.263557507879595536752623229181222112, 0.980468055349379224682454392425401224, -0.760058338435931809895012531672213625, -0.068861777691251988873629660046200122, 1.070744659349331874453335457946285647
Vector b: 1.136613811707056228245275948218964055, -1.063187726096160209642039868916127220, 0.698003989078575789445711031502520941, 0.134312299242919136339653495008938097, -1.728954929248645416006250070572683319, 1.201839913489454342501003612210241309, 0.759096197209304106863905172640546310, -2.279212874081167726653930235984966434, 2.141489318698663748906670915892566286
---------------------------------------------------------------------------------------------------
| Order |                  Error^2                   |                 Efficiency                 |
---------------------------------------------------------------------------------------------------
|   2   | 2.122707774071224045896434493779666442e-68 | 2.374964115391748799059814852283876953e+31 |
|   4   | 6.845704272382576214539852776441640251e-71 | 1.447089017222498573966757236880073730e+30 |
|   6   | 4.510187345826876812290967213898079730e-72 | 1.950783980853223136402935831077399445e+28 |
|   8   | 3.492089869910506868162609627828640751e-08 | 7.671246233182118586414106106325224595e-07 |
---------------------------------------------------------------------------------------------------

Scheme evaluation results:
Order: 8, No. cycles: 17
---------------------------------------------------------------------------------------------------
Vector a: 0.336350582108568576587361462187114516, -1.011760729971449012951024407791420016, 0.863150648859213617558606915333449381, 0.741931814465413245940075849395957833, -0.959901662734315234047112377025064000, 0.332506061284212014592962893251705384, -0.135944241526863036919302279103087234, -0.338260705541231974367662072957858585, 1.171928233056451803606094016709202770
Vector b: 1.551167119526111453571295476203087094, -2.429633074835085753967868028031837497, 0.406111614892187728065819212448811131, 1.320189682826239507051394618218147047, 0.163673946104586984828757080574095859, -2.083477271573217452922981834624579747, 2.748489394141641482108907621128108478, -3.020377877195367555947512179334325028, 2.343856466112903607212188033418492592
---------------------------------------------------------------------------------------------------
| Order |                  Error^2                   |                 Efficiency                 |
---------------------------------------------------------------------------------------------------
|   2   | 8.820457814754188513763069917306981389e-66 | 1.165082270892993524144770148042840820e+30 |
|   4   | 4.159687273738008492485609805522354121e-70 | 5.870484878895202114083878113631682129e+29 |
|   6   | 2.744458858054590113750918079541802028e-71 | 7.908208471074564227937113188293742180e+27 |
|   8   | 3.551652761098090336939920716720497271e-08 | 7.606649048835207442535405690355805600e-07 |
---------------------------------------------------------------------------------------------------

Scheme evaluation results:
Order: 8, No. cycles: 17
---------------------------------------------------------------------------------------------------
Vector a: -1.461494693164809683380426330980811479, 1.342158851821713934567635089283221510, 1.632101650730628349141924665311333600, 0.300306718707017692537761445203508321, -0.240865015454716654035790525925664899, -1.356041543077624257740080354265459033, -0.422479846932384619426705707992267676, 0.937332859981999641508559354171337295, 0.268981017388175596827122365194802552
Vector b: -1.447513774866214021747751068784690023, -0.027961836597191323265350524390625398, 2.712279540240619192400620702955448444, 0.551923761220637505883228627665864924, 0.048689676193397879192294262740784551, -0.530419707102831187263875314591795982, -2.181663379052417328216285393937679273, 1.336703685187648089362873977952925233, 0.537962034776351193654244730389767461
---------------------------------------------------------------------------------------------------
| Order |                  Error^2                   |                 Efficiency                 |
---------------------------------------------------------------------------------------------------
|   2   | 1.969458969804193533836696043475936886e-65 | 7.797020723146706613795317359994168701e+29 |
|   4   | 1.090318352761126856621737015402997518e-69 | 3.625998777074173989488459480315479736e+29 |
|   6   | 6.580762358505368307958068808842267728e-71 | 5.107029514234891870174633917599952698e+27 |
|   8   | 3.600686313315307953449275458916214586e-08 | 7.554678464684265712182980930368389167e-07 |
---------------------------------------------------------------------------------------------------

Scheme evaluation results:
Order: 8, No. cycles: 17
---------------------------------------------------------------------------------------------------
Vector a: -0.772103317615606886924628717789914020, 0.997794729056759076611416742168202078, -0.300304705360174107143415377766951378, -0.330152635359599617344219892498481401, 1.023624548415473503733620204626036933, -0.065253967112469795805660312954592219, -1.163350852703905554157228005695407355, 0.495054303228945793948171426528477758, 1.114691897450577587081943933382629485
Vector b: -1.194884859627270914819415926487230485, 0.845563084023328055789574417394630234, 1.150026374090190097433259066941787980, -1.750635784810538311720089822475694107, 1.090330514091339077031650037478712045, 0.956918582739607930435590371773316177, -1.087426516964547522046910997682490937, -1.239275188443263586267545013708292381, 2.229383794901155174163887866765261667
---------------------------------------------------------------------------------------------------
| Order |                  Error^2                   |                 Efficiency                 |
---------------------------------------------------------------------------------------------------
|   2   | 1.392763442323548362122902546938542376e-67 | 9.271787678939019910369471869165064453e+30 |
|   4   | 5.864967153396362931769578040739046395e-71 | 1.563405092964180183980866859096236572e+30 |
|   6   | 2.631977944325618029172036078339944504e-71 | 8.075424273237499361403682361106626511e+27 |
|   8   | 3.601183892947936825070899272060167914e-08 | 7.554156527440293646291056161651811177e-07 |
---------------------------------------------------------------------------------------------------

Scheme evaluation results:
Order: 8, No. cycles: 17
---------------------------------------------------------------------------------------------------
Vector a: -1.160287617188920249712608549184041806, -0.056581044132872645577408544431927452, 0.706064145203748208422704837399043195, -0.378112411766988872376422624680543619, 0.530148307447230304612537649148890876, -0.848511982339705287642908738898447210, 0.060969781256364155389120129908196630, 1.715122966948458350729722466555350844, 0.431187854572686036155263374183478691
Vector b: 0.136164942582216909734034882912155675, -2.592905119542274318893286864192245510, 2.479743031276529027738469775328445531, -1.067614740869032610893060100529770192, 0.311389917335054866140214851168419487, 0.748906697559405743084860447129579992, -2.445930662238816318370677924927025613, 2.567870224751544629148918184743365669, 0.862375709145372072310526748367074863
---------------------------------------------------------------------------------------------------
| Order |                  Error^2                   |                 Efficiency                 |
---------------------------------------------------------------------------------------------------
|   2   | 2.452214504792721922134896940137377800e-66 | 2.209647151801426196027125058404670898e+30 |
|   4   | 2.039524021679822346930487224724686843e-67 | 2.651184195154628007720323131896222687e+28 |
|   6   | 2.135330944808771730577924530435737820e-69 | 8.965486786555496645847769703522127867e+26 |
|   8   | 3.684152791374380894595867615954751007e-08 | 7.468610525602098472300647366311104081e-07 |
---------------------------------------------------------------------------------------------------

Scheme evaluation results:
Order: 8, No. cycles: 17
---------------------------------------------------------------------------------------------------
Vector a: 0.098471417384645824967584467868386779, -0.283646586825625350961143790338383510, 0.647011180063893367857377115494012855, -0.233303971548470046823819751314175409, -0.430158567191825731724348515472169487, -0.640802818025297130278969649439390719, 0.454655950469626004149965145031826223, 0.818863531161049513623071958915144384, 0.568909864512003549190283019254748872
Vector b: 1.677779690476686028881722464353582821, -3.158616546184080407828275992970392687, 2.591323372532829705905988412293627593, -1.297301012405042970191234181305612091, 0.830693069308102876543594678677258336, -1.691010203691754339992291709621584502, 0.409404567641160079434352410742820880, 0.499907333298091928865577879320802485, 1.137819729024007098380566038509497165
---------------------------------------------------------------------------------------------------
| Order |                  Error^2                   |                 Efficiency                 |
---------------------------------------------------------------------------------------------------
|   2   | 5.297572261113626734992834785169358192e-69 | 4.754049644340471073509208766077514844e+31 |
|   4   | 8.176641480745291264647394234721535430e-71 | 1.324087960264194001509930402512491455e+30 |
|   6   | 6.993742019286583146530375465533019581e-73 | 4.953950554702630815667754766427376556e+28 |
|   8   | 3.805810309424426238840097371471174723e-08 | 7.348269230177372992678521035607456245e-07 |
---------------------------------------------------------------------------------------------------

Scheme evaluation results:
Order: 8, No. cycles: 17
---------------------------------------------------------------------------------------------------
Vector a: -1.100701031349595732596033255026964390, 0.370462769343005951989101197003184732, -0.400795105292950325764575553915105860, 1.015070406893487685471689861662873668, 1.424132629656233223031115860556400256, -1.096431026707442898454073544138173673, -0.433449779523340176974275336994145811, 0.956131386868653361938461261716597556, 0.265579750111948911358589509135333425
Vector b: -1.490467072795408201890357552489273774, 0.779532082891624938588648594924789405, -0.038606544205613034610446200918535755, -0.762983666380287616918704906911542659, 2.793124480167262987862084630237016129, 0.055140779145203458200147090875518383, -2.248002832560089255108294179151328232, 1.381103273513408901159743505162567165, 0.531159500223897822717179018270789339
---------------------------------------------------------------------------------------------------
| Order |                  Error^2                   |                 Efficiency                 |
---------------------------------------------------------------------------------------------------
|   2   | 2.816289026477871066158233572108230580e-66 | 2.061880758273854320750669381430611816e+30 |
|   4   | 2.033276310590359948733809644063918868e-69 | 2.655254258891371259610660468239468384e+29 |
|   6   | 2.202328950036057061776087160984693409e-71 | 8.828062067036849136128343015721028328e+27 |
|   8   | 3.840826875000721220354120920100802622e-08 | 7.314695689802702506042923008003848351e-07 |
---------------------------------------------------------------------------------------------------

Scheme evaluation results:
Order: 8, No. cycles: 17
---------------------------------------------------------------------------------------------------
Vector a: -0.956690636033462114846377218415857557, 0.472602786032983086084625250753591271, 0.838482957102617976606796271028264194, -0.311949069200039032019695908895156736, -1.267255316966767399536709150763965468, -0.482667225012112350989256600343839437, 0.259958204083698146919346919469077859, 1.387707213152653346842756565582258219, 1.059811086840428340938513871585627801
Vector b: -1.131387409946970099836858614193558529, 0.349393547827015969980962791555481147, 0.595812024238950202188287709951588583, 1.081153889966285751025304832104953865, -1.705052028366363815064696649895271959, -0.829458605567170984008721651632635095, -0.135875844457053717969791549055075846, 0.655792252624450011808485387993244948, 2.119622173680856681877027743171272935
---------------------------------------------------------------------------------------------------
| Order |                  Error^2                   |                 Efficiency                 |
---------------------------------------------------------------------------------------------------
|   2   | 9.677645757158228039690564376584192540e-67 | 3.517363857651049911012467214180803223e+30 |
|   4   | 8.405736233026961431225083129672712238e-70 | 4.129680333561342073955684109798122559e+29 |
|   6   | 3.281471917168309911295625947617250125e-71 | 7.232228278336688488884530570013143539e+27 |
|   8   | 3.847909579401182432403978599148561708e-08 | 7.307960644652443262595437891218020881e-07 |
---------------------------------------------------------------------------------------------------

Scheme evaluation results:
Order: 8, No. cycles: 17
---------------------------------------------------------------------------------------------------
Vector a: -1.679820337456701236740096204215476687, -0.015631076625500048262099684224121704, 1.572189022992336442670493674071783838, 1.120653844963266939322373825408783513, 0.039423392361374560662495181773129083, -0.813929050749551734482914850040104626, -0.427455347903535013914177506716820998, 0.935618579061369311880764359956281218, 0.268950973356940778863161203986546320
Vector b: -1.453424593299168936916247302202144383, -0.452791488315064599647697804027229001, 0.421529335064064503123498435578978576, 2.722848710920608382217488912565085075, -0.481541020994074503572741261747281882, 0.560387805716823624897731625293589520, -2.188245907215927093863561325373839408, 1.333335211408857066035206311939875589, 0.537901946713881557726322407972966107
---------------------------------------------------------------------------------------------------
| Order |                  Error^2                   |                 Efficiency                 |
---------------------------------------------------------------------------------------------------
|   2   | 2.027548434391143245660556790991194804e-65 | 7.684516341703333762649615672370611572e+29 |
|   4   | 2.454794294430922284320858878869115304e-69 | 2.416555433452726309877646964705394592e+29 |
|   6   | 1.017160964447871130331374156967126134e-70 | 4.107822120799753891172245916839762688e+27 |
|   8   | 3.881585048681243414963117968124972019e-08 | 7.276190749177350575130928479299782105e-07 |
---------------------------------------------------------------------------------------------------

Scheme evaluation results:
Order: 8, No. cycles: 17
---------------------------------------------------------------------------------------------------
Vector a: -0.965871411451278128655382526480387226, 0.702583562556608876561320036276465476, 1.145653527526175389186098279007380851, -0.233806258105267945421399728275616847, -0.231937799795175885072689530548504467, -0.183325557556029736584356413306963410, -0.203000033665993369797855632140391436, 0.647644509120186773703258758843080149, 0.322059461370774026081006756624936812
Vector b: -0.866192512030995936517645307073914608, -0.199357798840564384275474438812984836, 1.604524923953782137398114511365945906, 0.686782131098568640974082046648850752, -1.154394647309104531816881503200099082, 0.690519047718752761671502442103093326, -1.057170162830812234840215268717023661, 0.651170095498825495244504004436245460, 0.644118922741548052162013513249886913
---------------------------------------------------------------------------------------------------
| Order |                  Error^2                   |                 Efficiency                 |
---------------------------------------------------------------------------------------------------
|   2   | 2.834427551672760971030354338047878827e-69 | 6.499343292507640368361950308995615625e+31 |
|   4   | 3.740110424231237625028119410252655604e-71 | 1.957771951395776949842798960075691650e+30 |
|   6   | 1.594007844153086943187119946330300689e-73 | 1.037674739354488371777772393568300018e+29 |
|   8   | 3.921564843499307077417890636303906036e-08 | 7.239005868775395574151083297203089254e-07 |
---------------------------------------------------------------------------------------------------

Scheme evaluation results:
Order: 8, No. cycles: 17
---------------------------------------------------------------------------------------------------
Vector a: -0.727413975680267751305442302680937482, 0.565942145679687798833588195638880721, 0.064896704916515411350183599718111477, 0.123476843888091165560158885665958700, 1.508564266083619679514144124582345037, -1.550659717101697570574890820845550635, -0.801637192620614343019877989079926728, 1.281984869487251509460896041706703325, 0.534846055347414100181240265294415669
Vector b: 0.158511716093334193440495395668322915, -1.771851383547203889491875396698576068, 2.903735674906579487159051787976536266, -2.773942265073548664458684588540307558, 3.020895952849730995579002359872291259, -0.003767420682491636550714110706951463, -3.097552013520903504599067530984802398, 1.494277628279674818559311552824624424, 1.069692110694828200362480530588862538
---------------------------------------------------------------------------------------------------
| Order |                  Error^2                   |                 Efficiency                 |
---------------------------------------------------------------------------------------------------
|   2   | 2.447178641656986387387325118899715099e-65 | 6.994703671312573121256676225142192383e+29 |
|   4   | 7.552383291121875614234827114854573299e-69 | 1.377724251316365985202089919465857239e+29 |
|   6   | 1.055794994763785189983138217814781277e-69 | 1.275019046298842486580679364725399256e+27 |
|   8   | 3.971762118891555595362882784237965397e-08 | 7.193115176364776038684569004574965527e-07 |
---------------------------------------------------------------------------------------------------

Scheme evaluation results:
Order: 8, No. cycles: 17
---------------------------------------------------------------------------------------------------
Vector a: -0.950381223693546402339500072781944497, 0.411721302345764042435593834417199675, 0.904720346739905914738625094360449578, -0.208356998035952207526887841403296299, -0.491638603788223717107105316637365830, -0.175193859072553956493164930290889069, -0.614209913357042076454854159225137599, 1.044384022440475451932936830119570329, 1.078954926421172950814356561441413639
Vector b: -1.145108935355466660696955785685281025, 0.389455423323840516714911425806660729, 0.433987181367687568156276243027784313, 1.375453512112124261320973945693079936, -1.792167508184028676374749628499671859, 0.808890300607581242160538995224954450, -1.159278018752689155146868855806723778, -0.069141807961394997762839462643627397, 2.157909852842345901628713122882824582
---------------------------------------------------------------------------------------------------
| Order |                  Error^2                   |                 Efficiency                 |
---------------------------------------------------------------------------------------------------
|   2   | 1.771517219795475606893971461279924267e-68 | 2.599737317003056147344780123598246484e+31 |
|   4   | 4.009636263220437943564017050084718763e-70 | 5.979320404968598833719103710203343506e+29 |
|   6   | 1.300651514641335566313284238914532740e-71 | 1.148751248017411978211396596693364143e+28 |
|   8   | 4.030417729304638744530443439613696294e-08 | 7.140581800775361552562890652548337853e-07 |
---------------------------------------------------------------------------------------------------

Scheme evaluation results:
Order: 8, No. cycles: 17
---------------------------------------------------------------------------------------------------
Vector a: 0.772120945924088585867227276050341973, -0.623069156463111719039089726668957009, -1.176721211751381688378934819675762431, 1.225422675302399356394873230629623385, 0.415750844161782837450365316231597447, -0.191952994170387700119787289871693197, -0.764028834753652236266576435589296969, -0.022142132735174861758577035788104586, 1.364619864485437425850499484682251593
Vector b: 0.223483216132549849045161643398211107, 1.097275459583077473644131265304245890, -2.343413772509300911722310718642173196, -0.010028650993462465035558920709449859, 2.460874001598261177825305381968798732, -1.629372313274695502924574749505637253, 1.245466324933920102685000169762213929, -2.773523994441224575218153040940777436, 2.729239728970874851700998969364567898
---------------------------------------------------------------------------------------------------
| Order |                  Error^2                   |                 Efficiency                 |
---------------------------------------------------------------------------------------------------
|   2   | 8.577539223464661954504637792328916375e-68 | 1.181464837829638281237458368356350781e+31 |
|   4   | 6.237452703005914811573761736571266893e-70 | 4.794029274866038435249616268080998535e+29 |
|   6   | 9.066112434058121966061048542573240943e-71 | 4.351068508292246915830001664045368195e+27 |
|   8   | 4.042081595167472142181213530462285947e-08 | 7.130271895289780611119263542757272355e-07 |
---------------------------------------------------------------------------------------------------

Scheme evaluation results:
Order: 8, No. cycles: 17
---------------------------------------------------------------------------------------------------
Vector a: -0.165265841523301746361947292344432636, 0.733641579491429523752101176839587672, -0.202483636076805566050592250545199859, -0.831047902397837247899448884122427423, 0.152603456928487668542984400081028207, 0.142631021779420382709563024807475553, -0.576057579685537265470121717505065951, 1.147991584325129615897886114925704219, 0.597987317159014634879575427863330194
Vector b: -1.386432566396284548920202864900569783, 2.442333449745965605116511145112271068, -0.975050290763106557612308791433062115, 0.570083018609495425511124290342744634, -2.232178823405169921310022058587673821, 2.537385737262145258395990858749740634, -2.252123693703304492976864809134791551, 1.100008534332229962036621374124650406, 1.195974634318029269759150855726690625
---------------------------------------------------------------------------------------------------
| Order |                  Error^2                   |                 Efficiency                 |
---------------------------------------------------------------------------------------------------
|   2   | 1.632965329889426907671081936129341053e-66 | 2.707781864231578797574432691874167969e+30 |
|   4   | 1.190830642302313093038745582376052127e-69 | 3.469599238498578422554702925152198486e+29 |
|   6   | 9.354153700259331468207096997618036390e-72 | 1.354578633360500183798174527332129860e+28 |
|   8   | 4.096846832406762272000871563976856192e-08 | 7.082454045217746921523000567186577561e-07 |
---------------------------------------------------------------------------------------------------

Scheme evaluation results:
Order: 8, No. cycles: 17
---------------------------------------------------------------------------------------------------
Vector a: -0.077958097590490913887286170796645681, 1.180021231207864898411218681024520772, -0.604950455120845030795324609299881611, -0.102652009823647572526694773632713737, -0.540088246311661570375102156270661370, -0.814673133891032542301969106564510522, 0.373717222030735814227188226085018284, 0.887367307213628432983426063805145341, 0.699216182285448484264543845649728499
Vector b: -1.300126789413626433131961729264884744, 2.444337383646271038489351116936480703, -0.084294921230541241666913754887424485, -1.125605989011148819923735463712360850, 0.920301969363853674870345916446935759, -2.000478461987176815620550228988257343, 0.371132194205111731016612015859228692, 0.376302249856359897437764436310828532, 1.398432364570896968529087691299453724
---------------------------------------------------------------------------------------------------
| Order |                  Error^2                   |                 Efficiency                 |
---------------------------------------------------------------------------------------------------
|   2   | 3.814252028001811249194841045321937898e-68 | 1.771729695525665280171303138177497461e+31 |
|   4   | 6.453940030984115904109526619619053166e-71 | 1.490362284449989999693511453170913818e+30 |
|   6   | 1.566238796575352981773607087780746290e-72 | 3.310377206375238550613066989240452194e+28 |
|   8   | 4.343058191750738914663720990425105881e-08 | 6.878770257079903306944826539280414410e-07 |
---------------------------------------------------------------------------------------------------

Scheme evaluation results:
Order: 8, No. cycles: 17
---------------------------------------------------------------------------------------------------
Vector a: -0.141835523803737343525920253146585370, 0.377115712194441722884244252757301478, -0.490155967956258071784387326675745990, -0.433445140929101042799964120816833152, -0.088851049482355910514797808555866486, 1.257603385205065739269503860093710196, -1.245363888181330663273320719806879954, 0.004131887898275240214660761953453192, 1.760800585055000329529981354197446123
Vector b: -1.410811688737363319136889507976337758, 2.537952329867251951221938509659472469, -1.783720905478368505453450004144608550, 0.803408969565852361884675350792144071, -1.670299251424054447484603592425710803, 1.492597152459342626455007975314045071, 1.022609617950788852083999744874092537, -3.513337394313450178630641184488309853, 3.521601170110000659059962708395212720
---------------------------------------------------------------------------------------------------
| Order |                  Error^2                   |                 Efficiency                 |
---------------------------------------------------------------------------------------------------
|   2   | 2.234796705789171384903370495082452807e-65 | 7.319529171650045052077084350840194092e+29 |
|   4   | 1.161314434567298260747443690862342430e-67 | 3.513414605999117342970672600633849716e+28 |
|   6   | 1.565190249124489022421082741948852174e-69 | 1.047183775578321343094367817815623760e+27 |
|   8   | 4.482223849040485177512859147212570826e-08 | 6.771141006946388067043799829071003782e-07 |
---------------------------------------------------------------------------------------------------

Scheme evaluation results:
Order: 8, No. cycles: 17
---------------------------------------------------------------------------------------------------
Vector a: -1.197756225129665646924100556992967538, 0.183897890535992579729598681340345927, 0.481067008356434076777202259199380556, 0.903964569996766736883520210380871292, -0.227030060817266363777465957050459476, -0.564437733930479093175976354749564801, -0.201136217888785410450309651561436404, 0.546812497331583004354208810001052622, 1.074618271545420116583322559432777797
Vector b: -1.140474447867726455582702693945397514, -0.114563554523878382682795726095064299, 0.482359335595863542141993088775727131, 0.479774681117004611412411429622974421, 1.328154458876528862354628991138777214, -1.782214580511061589909560905239691784, 0.653339112650103403557608195740584812, -1.055611548427674224458227498863460365, 2.149236543090840233166645118865550587
---------------------------------------------------------------------------------------------------
| Order |                  Error^2                   |                 Efficiency                 |
---------------------------------------------------------------------------------------------------
|   2   | 1.007178286946531216209593940732097007e-67 | 1.090307450921077797954226742046623633e+31 |
|   4   | 3.952043382360224111246240546782075458e-70 | 6.022730953215997550671694686296027222e+29 |
|   6   | 5.969095704659382362909575449066194798e-72 | 1.695712418244432537351430373667102242e+28 |
|   8   | 4.625982530410745631399848075835433026e-08 | 6.665099463530428238220363892927340244e-07 |
---------------------------------------------------------------------------------------------------

Scheme evaluation results:
Order: 8, No. cycles: 17
---------------------------------------------------------------------------------------------------
Vector a: -0.811014525207492634127123189306444118, 0.596371122597019281310885593482750414, -0.470773091690103817512929822274762912, 0.472731517463774153020487225817976746, 0.932742464840472102817999324464359988, -1.087951886490061752074049702174487960, -0.292633929055758796579477151579147959, 1.127116142481401156713334262946037078, 0.533412185060750306430873458623718628
Vector b: -1.216533792104265677941314760144537821, 0.811038533793546087628383141676196168, 0.381703711400492474993388045289302301, -1.323249894780700110019247689838824898, 2.268712929708248416060222141474770975, -0.403228000027304210424223492546052058, -1.772675772952819293723875911802920492, 1.187407914841301700564921608644624574, 1.066824370121500612861746917247441107
---------------------------------------------------------------------------------------------------
| Order |                  Error^2                   |                 Efficiency                 |
---------------------------------------------------------------------------------------------------
|   2   | 8.376503147914708939945935344071207397e-69 | 3.780687481054842499959866778740321875e+31 |
|   4   | 3.739889338316227207245709519644967914e-71 | 1.957829818001904885021169204542308350e+30 |
|   6   | 2.889770490402074545614879749338290127e-72 | 2.437108115101019611177184192495229721e+28 |
|   8   | 4.910096833537406415646471641663195980e-08 | 6.469393985533779295464256933497693572e-07 |
---------------------------------------------------------------------------------------------------

Scheme evaluation results:
Order: 8, No. cycles: 17
---------------------------------------------------------------------------------------------------
Vector a: -1.202892273930209705903022639712139389, 1.106818695126950069161886872395302004, 0.643784455816206140702087405054711800, -0.145258418152566176853672414074500758, -0.592309560910329089255782386584288239, -0.734306128004279811497218632536133020, 0.403294288037558041649298434176795414, 0.867543119795455701482288900942673257, 0.653325822221214830514134460337578883
Vector b: -1.189594537531119564586569453454620180, -0.026595472798180282632906372515016065, 2.240232863052080420956680117305601981, -0.952663951419668139552505307196175491, 0.662147115114535785845160479047176383, -1.846766236935193964356725252215760468, 0.378153980926634341362287987143472857, 0.428434595148481741936308881210163423, 1.306651644442429661028268920675157573
---------------------------------------------------------------------------------------------------
| Order |                  Error^2                   |                 Efficiency                 |
---------------------------------------------------------------------------------------------------
|   2   | 3.413991012717670562550937972664697501e-69 | 5.922035009441343818301781525669908594e+31 |
|   4   | 3.811344306047594234520586164049629396e-70 | 6.132890671208262454214747752144119263e+29 |
|   6   | 2.516675054569161896131251269337518664e-72 | 2.611517254123959677458947982013591766e+28 |
|   8   | 4.996265397474650225853160503229034527e-08 | 6.413363844793435374469634930940729653e-07 |
---------------------------------------------------------------------------------------------------

Scheme evaluation results:
Order: 8, No. cycles: 17
---------------------------------------------------------------------------------------------------
Vector a: -0.356027294423627018726662536841721350, -0.525192175218806521732340074571190625, 1.232451127345121585546034867393229851, -0.143029333615650232119528945310922334, -0.606934968909585877485144901672290604, 0.854963689307740071437296276473813092, -0.831111936969586984719652093757654627, 0.154921943625168263399583600694608257, 1.219958948859226714400413807592128363
Vector b: 0.316671751803096838029978285427371328, -1.345398092453447713513281644538192673, 0.295013742015834670048601495395811953, 2.169888512674408501043468239390653286, -2.455947179905708965282526130012497617, 1.242077242086537210312236326667913521, 0.467850136528942932562356226279722966, -2.130074010468116902001660413795038672, 2.439917897718453428800827615184255956
---------------------------------------------------------------------------------------------------
| Order |                  Error^2                   |                 Efficiency                 |
---------------------------------------------------------------------------------------------------
|   2   | 2.354476560494945215552371015630825863e-69 | 7.131074466510706610263813149116272656e+31 |
|   4   | 2.231818094847165429871363706485695324e-70 | 8.014472024786388385742569092743066406e+29 |
|   6   | 7.772502041615808369791120704997148512e-72 | 1.486024772581791665139376184661185646e+28 |
|   8   | 5.025607672008359932634367423915650572e-08 | 6.394614055878372691672225267700302761e-07 |
---------------------------------------------------------------------------------------------------

Scheme evaluation results:
Order: 8, No. cycles: 17
---------------------------------------------------------------------------------------------------
Vector a: -0.108406480605297629227925125892792710, 0.555751009283768294241174412955989458, -1.026772551844584603018550301636838011, 1.031935931399307852391910624975003826, -0.276298964119227705812030086337574648, -1.275281313885974642830557865842516499, 0.863779998399733908798850080970406439, 1.044833026364676063618593247340404904, 0.190459345007598461838535013467917265
Vector b: -1.714477306323555134842240838857856785, 3.212141651436515011228631425930141487, -2.100639632868978422746282600018223238, 0.047094529179809216709181996744606481, 2.016777333618806488074639253205348347, -2.569375261857261899698699425880469620, 0.018812634085312614037583694195664414, 1.708747362714155203560116467744962952, 0.380918690015196923677070026935825863
---------------------------------------------------------------------------------------------------
| Order |                  Error^2                   |                 Efficiency                 |
---------------------------------------------------------------------------------------------------
|   2   | 1.283189725469745142476042203518800095e-67 | 9.659546121777878493654187571909082031e+30 |
|   4   | 2.985809499398694235002054634943794081e-70 | 6.929043164445917252005370863738516846e+29 |
|   6   | 7.511056949495094964009597420974004531e-72 | 1.511666345143888832193370336366336250e+28 |
|   8   | 5.006065522660288694337107783460904887e-08 | 6.407083207949418515440305775201266691e-07 |
---------------------------------------------------------------------------------------------------

Scheme evaluation results:
Order: 8, No. cycles: 17
---------------------------------------------------------------------------------------------------
Vector a: 0.536956579535646031438342100824306014, -0.636167426130039433681702223183759824, 0.512511608385034760826329283648832194, -0.389376326885499235200656411061295738, -0.247166585721563073932007578056650974, 1.005787227173524049623553670127762406, -0.825859440441011604136168705509789199, -0.075324595908625691851307552468584333, 1.118638959992534196913617415679179347
Vector b: 1.190162243501280622220225033172815853, -1.306411327931269181563765864697006004, 0.034076475671190314200361418328521616, 0.990946741098879207452297148970154902, -1.769699394869877677853609971092785957, 1.275366223426751529989594814979496815, 0.736208230920296569257512525275972240, -2.387927111802319777529849936295528009, 2.237277919985068393827234831358358693
---------------------------------------------------------------------------------------------------
| Order |                  Error^2                   |                 Efficiency                 |
---------------------------------------------------------------------------------------------------
|   2   | 6.929405631118200303617978081387338271e-68 | 1.314480551692876653368834520899782422e+31 |
|   4   | 2.607774693322380868859382684858612558e-70 | 7.414285089671030880523142407041442871e+29 |
|   6   | 4.259325945740498485073203539913671567e-72 | 2.007409771417288774818858979633274078e+28 |
|   8   | 5.178453401200789219466363483215319650e-08 | 6.299536443150961150328532637735146140e-07 |
---------------------------------------------------------------------------------------------------

Scheme evaluation results:
Order: 8, No. cycles: 17
---------------------------------------------------------------------------------------------------
Vector a: -0.284672312082576868108705730608284918, -0.207871479709552438618911400082457022, 1.160516604729143170691694467168173876, -0.746045606872131749458362318714156728, -0.782096646380269132175851663606133230, 0.559279544805145659463974684659840126, -0.312231078485917282568180755911428106, 0.463525789452467211037683751917513964, 1.149595184543691429736658965176932084
Vector b: 0.862223504648142635151230564438624088, -2.293791633461439006519872590093789797, 1.878048674042334129282049789928892221, 0.442984535415952212101339144407305309, -1.935075749160215711018063781835530749, 0.370882456399677446666360454623438105, 0.747676633210613872261588914696115999, -1.372138790182448437397950426518907499, 2.299190369087382859473317930353852228
---------------------------------------------------------------------------------------------------
| Order |                  Error^2                   |                 Efficiency                 |
---------------------------------------------------------------------------------------------------
|   2   | 5.199707537308746454437163732992733826e-66 | 1.517444090757639273253461863721027588e+30 |
|   4   | 3.430280622935638144758898712639126517e-70 | 6.464567722313487454299342174197485352e+29 |
|   6   | 7.324753945511055260757285339553356121e-72 | 1.530770032440856824244682119000963783e+28 |
|   8   | 5.335659171823316518348154513798588368e-08 | 6.206040263697589000955832872110476682e-07 |
---------------------------------------------------------------------------------------------------

Scheme evaluation results:
Order: 8, No. cycles: 17
---------------------------------------------------------------------------------------------------
Vector a: -0.076051513174909625711519488384784012, 0.729391272377232087608370211017058116, -0.144868443487114814938360824629563015, -0.657622380324333315183059570666897558, -1.046615725185456488724388569704789030, 0.177094055984937088649585668987879655, 0.444019464770390032954361175833132330, 0.892172576885575839988340524745649267, 0.682480692153679195356670872802314150
Vector b: -1.282071049846823402126473668167383005, 2.412039073343827552829908359565195916, -0.953256528589363377613167937531075447, 0.663519641615133747736446288271947154, -1.978764402263800378102565429605743715, -0.114467048107112599346211709803845612, 0.468655160076986776645383047779606994, 0.419383769463793289263339303886670764, 1.364961384307358390713341745604626952
---------------------------------------------------------------------------------------------------
| Order |                  Error^2                   |                 Efficiency                 |
---------------------------------------------------------------------------------------------------
|   2   | 7.905607835815719896835461140945042225e-69 | 3.891656713115515195394418904722495703e+31 |
|   4   | 4.713551708022107120978867755901555683e-72 | 5.514805202823485020795003049908671875e+30 |
|   6   | 1.079883788466119544847560209628287563e-72 | 3.986740435526883670066875927782264709e+28 |
|   8   | 5.593075242599450893532051903736918806e-08 | 6.061544503141343862756350356159586236e-07 |
---------------------------------------------------------------------------------------------------

Scheme evaluation results:
Order: 8, No. cycles: 17
---------------------------------------------------------------------------------------------------
Vector a: -0.756648221909347241919453028087892878, 0.163633065627900919377037467932118099, 1.144340600147374324976278461806033184, -1.104608117161067409101423485523189259, -0.256603138334459962004688688123512037, 1.316817740566264955157813333978732822, -1.122654065075993154593193505927826877, -0.005478087222242553728396177134737911, 1.621200223361570121836025621080274863
Vector b: 0.259270796378288176589937721494762741, -2.031838036575270837018781499164175902, 2.359104167831072675772856435028076122, -0.070422967536324025820299511417019603, -2.138793266785810792382547459628566479, 1.625586990116890868373170083381956576, 1.008048491015639041942456584574426118, -3.253356621167625351128843596428439750, 3.242400446723140243672051242158980094
---------------------------------------------------------------------------------------------------
| Order |                  Error^2                   |                 Efficiency                 |
---------------------------------------------------------------------------------------------------
|   2   | 2.875214330243796483533615411334037442e-65 | 6.453079939308633555991324897259390869e+29 |
|   4   | 4.370695208398591390702127959749208679e-68 | 5.727024665127477189257707009068831635e+28 |
|   6   | 1.357591069350356503895150264698755194e-69 | 1.124402973750835867851599559894256353e+27 |
|   8   | 5.811449752952094342570806486983459406e-08 | 5.946567944133485341314459660597583176e-07 |
---------------------------------------------------------------------------------------------------

Scheme evaluation results:
Order: 8, No. cycles: 17
---------------------------------------------------------------------------------------------------
Vector a: 0.021511832393105278511375883233298087, 0.498988215398188177669812620221388763, -0.154458650268728546805853874450745023, -0.351467718954118901858626099605403094, -0.251753809166786489546429421675839893, 1.014288630590388219243293069990947480, -0.829458478114556961983800467671323872, -0.078629023132705059050509825375435090, 1.130979001255214283820738115333112630
Vector b: -1.166360207803504872007939530462932441, 2.375744080393220301038630827392514837, -1.377767649596843945699005586949778912, 1.068850349059386852087297838048306296, -1.771785786967624655804550037259125292, 1.268278168634051676711691193907444737, 0.760299092546724761774894946074440979, -2.419216048775838685742495881417067924, 2.261958002510428567641476230666197527
---------------------------------------------------------------------------------------------------
| Order |                  Error^2                   |                 Efficiency                 |
---------------------------------------------------------------------------------------------------
|   2   | 1.051998238587299175733534388022434771e-67 | 1.066828602425691938522693047875579883e+31 |
|   4   | 3.026931479590631942530294287973704464e-70 | 6.881815411247453394665366517903438721e+29 |
|   6   | 4.265163995683742329639964713772924637e-72 | 2.006035454796380896666388500944828033e+28 |
|   8   | 5.898187887358493499658313571042736886e-08 | 5.902681194819458914771043832280156881e-07 |
---------------------------------------------------------------------------------------------------

Scheme evaluation results:
Order: 8, No. cycles: 17
---------------------------------------------------------------------------------------------------
Vector a: -1.438978659884285551811680568653365559, 1.324488490409251461341377293550300366, 1.365873059361835534925050302634841792, -1.046058498018626145254988643012033988, -0.415474443996089052504479038432184470, 0.936461188682925892085225364909977389, 0.849232526576764602490379745422930240, -0.001509398407313256190442643520717698, -0.574034264724463485080441812899747959
Vector b: -1.426763565332475903962342743855382111, -0.024430189103619295698675649596571299, 2.673407169922122218381430236697675807, 0.058338948801548851468670368572739919, -2.150455944838801141978647654597219371, 1.319507056846623036969689577732399089, 0.553415320519228747200761152087787861, 1.145049732634300457779998338758908955, -1.148068529448926970160883625800339090
---------------------------------------------------------------------------------------------------
| Order |                  Error^2                   |                 Efficiency                 |
---------------------------------------------------------------------------------------------------
|   2   | 4.039557323483019852898467933279226158e-67 | 5.444215022051339634977981452247378906e+30 |
|   4   | 4.394135621451655925664354201538688347e-69 | 1.806207270135369767840714480780047302e+29 |
|   6   | 1.390227959960860450238668918358765042e-70 | 3.513690159739534750813262187416457653e+27 |
|   8   | 2.018708873764618191221054007569252547e-08 | 1.008954967612671092501748169581171159e-06 |
---------------------------------------------------------------------------------------------------

Scheme evaluation results:
Order: 8, No. cycles: 17
---------------------------------------------------------------------------------------------------
Vector a: 0.262245937047964371817500665287463200, -0.425303452824115071473460220609394660, 0.982577805949470156988169385049909259, 0.646015925289965221597527750377968091, -0.030970232409619674677647410970717340, -1.733185495367181004949209520851816594, -1.403481959790347782676166844183634949, 1.348464816071879623755612157117127113, 1.353636656031984159617674038783095843
Vector b: 1.328016413658902462139059667932038064, -2.131540953221876180643118005289075868, 1.280934047573646037696197564070197858, 0.684221564325294276280141206029854757, 0.607810286254636166914914294726536811, -0.669750751073875516270209116667994336, -2.796620239660486493628209925036380143, -0.010343679920209071724123763331476599, 2.707273312063968319235348077566299539
---------------------------------------------------------------------------------------------------
| Order |                  Error^2                   |                 Efficiency                 |
---------------------------------------------------------------------------------------------------
|   2   | 1.795809984492336145491051424689659857e-65 | 8.165296627125740239509956930176462402e+29 |
|   4   | 8.433561000860597561230279912103246491e-69 | 1.303763502336344082144247172685236816e+29 |
|   6   | 5.808660802565801518867645342273404466e-70 | 1.718970657635190183604814279881592274e+27 |
|   8   | 6.415510617594222286020646710952490977e-08 | 5.659694832904234883275253173051461257e-07 |
---------------------------------------------------------------------------------------------------

Scheme evaluation results:
Order: 8, No. cycles: 17
---------------------------------------------------------------------------------------------------
Vector a: -1.359408171806350557798055379055037760, 0.110545405309871029412278854168867010, 1.388786198822782340536822161008329373, 0.857319848732657581911548607259868159, -1.257940798728816291372705005020672042, -0.767325680441957107953512531251747491, 0.705616397663245398391214871065555575, 0.928163522005354239854222722375172559, 0.394243278443213367018185699449664712
Vector b: -1.257406191211851486449075305104295823, -0.204003961188998142697960147901444632, 0.425094771808740201522517856239154241, 2.352477625836824479551126465777484765, -0.637837928371509315728029251257732750, -1.878043669086123267017380758783614320, 0.343392308202209051110355696280108891, 1.067840487124281745672074045850988730, 0.788486556886426734036371398899350995
---------------------------------------------------------------------------------------------------
| Order |                  Error^2                   |                 Efficiency                 |
---------------------------------------------------------------------------------------------------
|   2   | 8.292285332481620514928100534665950934e-68 | 1.201614162818886476181741676590123047e+31 |
|   4   | 1.064935478858780791023257474734373803e-69 | 3.668957376820628136905058357990650024e+29 |
|   6   | 4.963143490125786309823676682415821295e-72 | 1.859636475854249127927089829961248589e+28 |
|   8   | 6.374153965185560316068284473372022961e-08 | 5.678025704289998617808340451707935960e-07 |
---------------------------------------------------------------------------------------------------

Scheme evaluation results:
Order: 8, No. cycles: 17
---------------------------------------------------------------------------------------------------
Vector a: 0.355105232146270559926870494764881457, -1.293555293989516028689956857754826980, 0.744418345264891577642296083468384954, 0.873327814951697953805288690054472486, -0.845097989780305638309484771628760943, 0.481291713683657254538713526338479719, -0.142639919868237529739814159570719808, -0.423610859356513065623956308591502545, 1.250760956948054916450043302919591563
Vector b: 1.725093249421347771939821899906879632, -2.739976034550154424025902810284042958, 0.152865446571122366645989094774326790, 1.335971243958660788638603072162568303, 0.410684385944735118971974307946310466, -2.100880365505346395590943851203769518, 3.063463792872660904668370903880665592, -3.348743632609135964147999223022092882, 2.501521913896109832900086605839154622
---------------------------------------------------------------------------------------------------
| Order |                  Error^2                   |                 Efficiency                 |
---------------------------------------------------------------------------------------------------
|   2   | 1.964176792197513912512727974193562037e-68 | 2.468947582129034692122213293912996484e+31 |
|   4   | 1.566703228129824573269448802318048039e-70 | 9.565572007999032533404266479075408936e+29 |
|   6   | 6.741742291220563167500567507376045611e-71 | 5.045688066140355544958314325073563576e+27 |
|   8   | 6.451562667987049271207349729150034988e-08 | 5.643859176670025607906772248784086569e-07 |
---------------------------------------------------------------------------------------------------

Scheme evaluation results:
Order: 8, No. cycles: 17
---------------------------------------------------------------------------------------------------
Vector a: -1.096986605736755085854082898589114569, 1.264420821533411030349738421046338742, 0.902394899204775688104560644501669012, -0.358948108072336713844225763815391386, -1.025532190314242485971545022362270099, -0.667524482798541509941241344626646362, 0.688938104886298542729694793570742778, 0.872468019289911800991477650782141844, 0.420769542007478733435623519492530088
Vector b: -1.220832499904889215111497926772798529, 0.247691788336268258514830056367522137, 2.281149854730553802184646785724983313, -0.476360056321002425975525496721773508, -0.241536159823671001712926030908960827, -1.809528220804813970230164013815451537, 0.474479255207730950347681324562244421, 0.903396954564866135111708262579161883, 0.841539084014957466871247038985072598
---------------------------------------------------------------------------------------------------
| Order |                  Error^2                   |                 Efficiency                 |
---------------------------------------------------------------------------------------------------
|   2   | 3.101841754870513787242898630707795319e-67 | 6.212871028843412628125907487063056641e+30 |
|   4   | 1.377984291076931954204366179595835659e-70 | 1.019957747462325840184142167988685669e+30 |
|   6   | 2.750367211807477774030957789171688208e-72 | 2.498107543079741084187139040404716492e+28 |
|   8   | 6.335883633496539002870984241377183421e-08 | 5.695148239229038092817097981018276133e-07 |
---------------------------------------------------------------------------------------------------

Scheme evaluation results:
Order: 8, No. cycles: 17
---------------------------------------------------------------------------------------------------
Vector a: -1.004227059265180821075260688795579009, 0.536428953818864745217838566112268289, -0.291290859180142023086582912204731530, -0.130557067187852267960886236424273461, 1.125620105069013264167660059216017511, -0.266534635799978813498906076501416059, -1.053279192773476307495603389654695235, 0.961244192648967196475573310769013485, 1.122595562669785027256167367483396010
Vector b: -1.201162886960001720467239127911156966, 0.393871655389641798783956878231169924, 0.678986252248087691651720253993354954, -1.261567970608371737824886078402832555, 1.000453836232667201903113605554254817, 1.250786373905359326432206512877807745, -1.783855645505316953430018665880646797, -0.322702740041635661561188113428757491, 2.245191125339570054512334734966806272
---------------------------------------------------------------------------------------------------
| Order |                  Error^2                   |                 Efficiency                 |
---------------------------------------------------------------------------------------------------
|   2   | 1.147014951321888455249623822182074926e-67 | 1.021686412654479312014257324036197070e+31 |
|   4   | 8.314444331571284668423479050493272750e-70 | 4.152290211215636379106660515849584961e+29 |
|   6   | 2.803204073680320891683115665506438619e-71 | 7.824905726485437806718296827698266983e+27 |
|   8   | 6.639906097178325786629052213805187096e-08 | 5.563238261121628803026961895959493841e-07 |
---------------------------------------------------------------------------------------------------

Scheme evaluation results:
Order: 8, No. cycles: 17
---------------------------------------------------------------------------------------------------
Vector a: -0.799719883078752882761523291642370044, 0.390716984628937576849112702685355020, 0.794922674589514161964717394325249639, -0.189232139389037199738804562116913378, -0.790474971456769674970573458930073033, 0.356648381288828443404733210972056412, -0.369196974260583987551492262341556790, 0.515268494484217214546360340737113338, 1.091067433193646348257469926311138837
Vector b: -1.146803442025892070122803384554937456, 0.694167117894278374722560185825159380, 0.087266851363596778975665219545413101, 1.502578497815431544953769569105180115, -1.881042776593505944431378693339003597, 0.300092833679966594490231775478984449, 0.413203928897690292319234646465013156, -1.151597877418858267422219171148084317, 2.182134866387292696514939852622275363
---------------------------------------------------------------------------------------------------
| Order |                  Error^2                   |                 Efficiency                 |
---------------------------------------------------------------------------------------------------
|   2   | 2.354476560494945215552371015630825863e-67 | 7.131074466510706610263813149116272461e+30 |
|   4   | 1.462726522300425090202077249522527324e-70 | 9.899716240488440018098439457512513428e+29 |
|   6   | 6.192314213542373779739147399017005301e-72 | 1.664868663556871424022565572997607613e+28 |
|   8   | 7.055357621148622550958843134617959625e-08 | 5.396958926889807259144034500818735886e-07 |
---------------------------------------------------------------------------------------------------

Scheme evaluation results:
Order: 8, No. cycles: 17
---------------------------------------------------------------------------------------------------
Vector a: -0.900580961089333657862038024336852456, 0.291810753709702654929010865871329403, 1.022659755667353981077184713222016217, -0.187370933760079035796183164727928525, -0.796525364136813089298605597622875252, 0.433656485909367064918246066914795019, -0.408917937855553836284293048947135828, 0.474043654591215774953387930156083277, 1.071224546964140143363290259470567977
Vector b: -1.024279920900412918008923396428460654, 0.247397919622158520293770744183239292, 0.336223587797246789564250987559353960, 1.709095923537461172590118438884720508, -2.083837791057619244182484768340573272, 0.490787062783993065585273573094849345, 0.376525909034741064251218560734708047, -1.194361784745848736819804658628965934, 2.142449093928280286726580518941128635
---------------------------------------------------------------------------------------------------
| Order |                  Error^2                   |                 Efficiency                 |
---------------------------------------------------------------------------------------------------
|   2   | 1.938481302811343116169920848205667928e-69 | 7.859073474396853503610762229253127344e+31 |
|   4   | 1.826169657986050882705696419500321292e-71 | 2.801778208663838509196143365474531250e+30 |
|   6   | 5.837596679334835781769038347442020945e-72 | 1.714705056826232791645360413031103897e+28 |
|   8   | 7.154911000530473422507978077682010570e-08 | 5.359280780887412837981595673064355790e-07 |
---------------------------------------------------------------------------------------------------

Scheme evaluation results:
Order: 8, No. cycles: 17
---------------------------------------------------------------------------------------------------
Vector a: -1.552992733478355487047295874996312190, 1.491387257533404595839826482703435180, 1.413763620698843697887840063078883225, -0.737570531345413815848983781549123999, -0.083381006433234245940768089591630676, -0.596925516952050768107148564666262590, -0.854597773970699544685053369008051809, 1.128646850910041030641006302795298024, 0.791669833037464537260576831233764823
Vector b: -1.571076120291962085049400878566853467, 0.036166773627213196004210007140938591, 2.946607741439595995675442958266055511, -0.119080500041908599899762832108214756, -1.356060562648919031798204730990033086, 1.189298549782450539916668551806749611, -2.383149583686552076130965681139292124, 0.673954035745152986760858943123111757, 1.583339666074929074521153662467537928
---------------------------------------------------------------------------------------------------
| Order |                  Error^2                   |                 Efficiency                 |
---------------------------------------------------------------------------------------------------
|   2   | 2.438551748982542119850417556407250844e-66 | 2.215828628256954835060855369009789307e+30 |
|   4   | 2.384588462119364117516598116397889272e-69 | 2.451870877960882841615851597427727966e+29 |
|   6   | 1.015487938550001165665028115372760500e-70 | 4.111204565945787624415136172282372952e+27 |
|   8   | 7.307259855223855070232550884116253864e-08 | 5.303118761956065207590590285235566812e-07 |
---------------------------------------------------------------------------------------------------

Scheme evaluation results:
Order: 8, No. cycles: 17
---------------------------------------------------------------------------------------------------
Vector a: 0.332761168725008479776188141491570042, -0.638766664719722052123286243263237763, -0.506252791429150220953768217271649528, 1.157536254520819781538444018700671168, -0.247640540128043338489252129877794861, -0.616882326150103027402585751632157521, -0.090833501684605194000093498736878547, 0.522620600039764372920913319392482343, 1.087457800826031198733440361196994692
Vector b: 0.150984272618481850133029313604334745, 0.363553792213053259286317655774355762, -1.641087121652497363532890142300650732, 0.628581538794196921625353707757325195, 1.686490970247442641451534329643973133, -2.181772050503529318430038589399535748, 0.948007398203323263624867086135223305, -1.129674401572533651625054083608980593, 2.174915601652062397466880722393954717
---------------------------------------------------------------------------------------------------
| Order |                  Error^2                   |                 Efficiency                 |
---------------------------------------------------------------------------------------------------
|   2   | 3.256263722362206299889847887415659388e-67 | 6.063765137889043622789115785096920898e+30 |
|   4   | 3.165972411540683685887874491148492849e-70 | 6.729003457445784341698186401041779785e+29 |
|   6   | 7.491323506756904668066635514460127402e-72 | 1.513656031109828579906774698416034698e+28 |
|   8   | 7.734949120542437318286011924933002776e-08 | 5.154421125620053318156994082059548413e-07 |
---------------------------------------------------------------------------------------------------

Scheme evaluation results:
Order: 8, No. cycles: 17
---------------------------------------------------------------------------------------------------
Vector a: -0.075133129754641107406458054954511429, 1.526711923006638581030238298592276339, 0.331295258549909870072667648271050215, -0.507885240941422462821149427845596099, -1.387097241070889246674416647440120907, -0.758879586631299943920361391983236668, 0.406642025477756736296495954999551782, 0.850283926828426383048854291515008357, 0.614062064535521190374129328845578169
Vector b: -1.220462044524685114675163540557190630, 2.290657829540088014537410971205338949, 0.762766016473189147523065625979347485, -0.100175499373369407377730329437208993, -0.915594982509475518264568526254053476, -1.858599499632302975084264768626244767, 0.340840326369703087243541984659900951, 0.472443724585810385349449925338943962, 1.228124129071042380748258657691166352
---------------------------------------------------------------------------------------------------
| Order |                  Error^2                   |                 Efficiency                 |
---------------------------------------------------------------------------------------------------
|   2   | 7.709642940549909841202563799490230410e-67 | 3.940805719435097104382145695504720703e+30 |
|   4   | 6.493912364417999439169234841488987559e-70 | 4.698412061491653619676734551206146240e+29 |
|   6   | 1.519509729972966736732056437139213606e-71 | 1.062807790177429081764924992202817535e+28 |
|   8   | 8.007010907536469788005724057318304954e-08 | 5.066096043331248586289881929354694180e-07 |
---------------------------------------------------------------------------------------------------

Scheme evaluation results:
Order: 8, No. cycles: 17
---------------------------------------------------------------------------------------------------
Vector a: -0.440528506199905321110800388039610664, 1.196401065986112841390674231068742519, -0.257129705578527499379033631235596351, -0.299616871678517952253680794136295573, -0.318541823207242380654718309400288251, 0.337662715132916577073780390436426083, 0.275114448622317089157676484047452494, -0.151381975038366990945665059703135350, 0.658020651961213636721767076962305093
Vector b: -1.166129868804288950530217535331446565, 1.451202725208767258838834294583679313, 0.941599406763458423942514167553776162, -1.455858817920513422700581430024968382, 0.856625074563477518193219841752380317, -1.493708720977962279502656460552942182, 2.169034151243795433650217241425788473, -1.618805253999161255334864273330895716, 1.316041303922427273443534153924628483
---------------------------------------------------------------------------------------------------
| Order |                  Error^2                   |                 Efficiency                 |
---------------------------------------------------------------------------------------------------
|   2   | 4.636507688359276732164669076934549392e-68 | 1.606965914884772826292778141219285547e+31 |
|   4   | 1.426623192379223866334542113287127510e-70 | 1.002419888044532034480895564275856445e+30 |
|   6   | 7.047282486004425849388247240553442083e-72 | 1.560614477981952891812169570448286247e+28 |
|   8   | 8.079157463893588229914152218521174362e-08 | 5.043425299051976954049095669407793396e-07 |
---------------------------------------------------------------------------------------------------

Scheme evaluation results:
Order: 8, No. cycles: 17
---------------------------------------------------------------------------------------------------
Vector a: -1.107216184336736591125567683484145057, 0.891313355048821613503908553337744626, 0.374695471985222498081539936804210520, -0.202601679152875377184261376287673898, -0.385380278707643986023785882854181233, -0.583425179639130984462704030159837130, 0.491344527777473848269229399506041159, 0.911017451966095112470708329695246068, 0.610252515058773866470932753442595040
Vector b: -1.032607896445820728655302953170962125, -0.149216575781831724940529460626364033, 1.931843285879474951948346567301850685, -1.182452341909029955785266693693437445, 0.777248983603279201416743941118090035, -1.548009541018567173464315706826448168, 0.381159181740305204538907646506778915, 0.601529873814642491999551152505305619, 1.220505030117547732941865506885186422
---------------------------------------------------------------------------------------------------
| Order |                  Error^2                   |                 Efficiency                 |
---------------------------------------------------------------------------------------------------
|   2   | 2.319159412087521037319085450396363475e-68 | 2.272149255279258100964851709445071484e+31 |
|   4   | 4.836475476767899407998766933775911450e-71 | 1.721629990823007787749628422473397949e+30 |
|   6   | 2.571678272336023720547547857704702984e-73 | 8.169550353733865420644000366869883728e+28 |
|   8   | 8.431368047131748375376283514083922825e-08 | 4.936959962074308100591784204004189997e-07 |
---------------------------------------------------------------------------------------------------

Scheme evaluation results:
Order: 8, No. cycles: 17
---------------------------------------------------------------------------------------------------
Vector a: -0.092800188971470345132981215395122540, 0.982874941553244523146363842252437044, -0.090913761463899461093091427868391542, -0.797060249135680808237501631692781822, -0.356311824142673991334172297292624172, -0.112780384132149256852169577626455955, -0.413188263207925560725140964833330325, 1.137696978742069557806065825777053912, 0.742482750758485342422627446679215364
Vector b: -1.421462574054968031725516917420542758, 2.657324770166995373185071404050835789, -0.691574887060506326892343719545940708, 0.509747364132707404706160863809149150, -2.103867862404069021181164127194718958, 1.391244214118721038512819532609477259, -1.616804982383019552217158687862401881, 0.790428455967168430766876758195718120, 1.484965501516970684845254893358423986
---------------------------------------------------------------------------------------------------
| Order |                  Error^2                   |                 Efficiency                 |
---------------------------------------------------------------------------------------------------
|   2   | 2.225885917575605899933741521700219220e-67 | 7.334165507736489635658905882199634766e+30 |
|   4   | 1.038926931816955243100557943645993924e-70 | 1.174659004648703772258418988055041138e+30 |
|   6   | 3.780569146678144079209129391459502916e-72 | 2.130727341925305277311958575294702530e+28 |
|   8   | 8.581029845099314428300639182159564106e-08 | 4.893717810467461984514573505585919136e-07 |
---------------------------------------------------------------------------------------------------

Scheme evaluation results:
Order: 8, No. cycles: 17
---------------------------------------------------------------------------------------------------
Vector a: -0.096153119498279697750277606737593630, 0.928956113992708160234789159322578076, -0.119225125746993358464210493079328068, -0.828411810634421503989433412599093038, -0.761421083111362918412971793550708924, 1.091249139129616220268635892463634966, -0.462417158634177784591456338214885839, 0.041656874112421197632181192133898412, 1.205766170390489685072743400261497925
Vector b: -1.466900633200648148292345662642056548, 2.741495027404736901084136111808921816, -0.883582799419320580614557793163758634, 0.645132547925333863686136807005095420, -2.301956169194176871665003632203277741, 0.779114002971451034839060045101851226, 1.403384275287781405698211739825425831, -2.328218592556136974881124416255202421, 2.411532340780979370145486800523001243
---------------------------------------------------------------------------------------------------
| Order |                  Error^2                   |                 Efficiency                 |
---------------------------------------------------------------------------------------------------
|   2   | 5.093819481840025706723879601124382877e-68 | 1.533134943235197085240838593172254492e+31 |
|   4   | 5.912014236110579835866402762054986876e-70 | 4.924210148959459130068239608427843018e+29 |
|   6   | 1.498724361422725835428513291469923032e-71 | 1.070152297900428159282360131976060486e+28 |
|   8   | 8.584944221948700490461174640845013995e-08 | 4.892602017558656805874899416244791111e-07 |
---------------------------------------------------------------------------------------------------

Scheme evaluation results:
Order: 8, No. cycles: 17
---------------------------------------------------------------------------------------------------
Vector a: -1.325289565849433920997439297497831884, 0.723337082669139323903386457275902269, 0.942583936981319045779047322123983162, 0.411367994773721281198295552929410545, -0.265381255007516786189993624833743169, -0.188321330519111699875158558593490642, -0.768570540392383480738648798811872327, 0.218055687704588897378100365037753347, 1.252217989639677339542410582369888627
Vector b: -1.328878869256675605209247633297910016, 0.007178606814483368423616671601127748, 1.439495558523795279383156242949754314, 0.445672315438842812174938401298303348, 0.377063674108599750221652704560294622, -0.907826184123633322601639954227725830, 0.531183523085409922851322837040670398, -2.068324603870176884328620434664253852, 2.504435979279354679084821164739739505
---------------------------------------------------------------------------------------------------
| Order |                  Error^2                   |                 Efficiency                 |
---------------------------------------------------------------------------------------------------
|   2   | 1.833023392098866637294093399503634149e-66 | 2.555748729800672721605257394648860352e+30 |
|   4   | 8.160369557400524515862026285995721429e-70 | 4.191306307798844766630298148231160889e+29 |
|   6   | 2.318865017192113844834028505202253217e-71 | 8.603372705951341079107117929995040894e+27 |
|   8   | 8.796593051748657234440470645409151719e-08 | 4.833384871784809398856986475068125397e-07 |
---------------------------------------------------------------------------------------------------

Scheme evaluation results:
Order: 8, No. cycles: 17
---------------------------------------------------------------------------------------------------
Vector a: 0.126386476413214465618486072246790660, 0.428158260985340720574334302859248787, -1.034567923514770252263751346450972426, 0.942332307236741256178749484337711306, -0.202061864213077745814378209503860492, -1.121379129872717958411302946239568612, 0.584586876568926494856884792798508797, 0.839338796903218679152889651503159835, 0.437206199493124340108088198448982145
Vector b: -1.176900470505165394989340984921077595, 2.606573893836759721215654114335541558, -1.750257371866078280066985508617268933, -0.318878475163462224460517184284092892, 2.203543089636944736818016152958964737, -2.607666818063100228446772571966553362, 0.364908558317664311624166679488304713, 0.804265194820188678089602906108150268, 0.874412398986248680216176396898031506
---------------------------------------------------------------------------------------------------
| Order |                  Error^2                   |                 Efficiency                 |
---------------------------------------------------------------------------------------------------
|   2   | 3.991273348202623705226146060132141541e-65 | 5.477046412988442034507446055604745483e+29 |
|   4   | 2.806287736410234995685223461501389615e-70 | 7.147237524886275217286376266273956299e+29 |
|   6   | 2.678194646613949903449813661116410680e-71 | 8.005443613865783192874213464159562111e+27 |
|   8   | 8.902211209933341847944759397097555824e-08 | 4.804627049632916344894370251652098700e-07 |
---------------------------------------------------------------------------------------------------

Scheme evaluation results:
Order: 8, No. cycles: 17
---------------------------------------------------------------------------------------------------
Vector a: 0.476298042777525733992820223294978030, -0.222623803064081621925697227009936606, -0.465727745634919800994273110557920758, -0.670372108765212525628214163967058723, 1.105651721513783569073389413480183755, -0.065927254770923160009128231873875292, -0.745910526996108662049577220022201306, 0.938626285696269646025566072148708552, 0.649985389243666821515114244507122432
Vector b: 1.040593761807895323074947101404332491, -1.128591438060739178164253756218712196, 0.683343831932575934312859302198839802, -1.614799323202415536301405523314680933, 0.274055105671990485044977195380557710, 1.937248337355576653101801631579807681, -2.069102846897422973120058095327558866, 0.577281792905205649020903655283172047, 1.299970778487333643030228489014242168
---------------------------------------------------------------------------------------------------
| Order |                  Error^2                   |                 Efficiency                 |
---------------------------------------------------------------------------------------------------
|   2   | 1.883581248395956172441896812504660690e-68 | 2.521215556207981170632355354971444531e+31 |
|   4   | 2.756499188349888911086516096650121775e-71 | 2.280475338290389425944575625740603516e+30 |
|   6   | 7.720740085859780429123289431813471467e-73 | 4.714949065467996824386469970229202271e+28 |
|   8   | 8.951656302007773742439457132720463300e-08 | 4.791339330580635512615976918606993087e-07 |
---------------------------------------------------------------------------------------------------

Scheme evaluation results:
Order: 8, No. cycles: 17
---------------------------------------------------------------------------------------------------
Vector a: -0.752497668270711226121058061300068211, 1.151662712607915078075872475419031213, 0.889960798517439026076261802775282671, -1.071977396261929504110278187347533935, -0.848632811415199742324555186487955616, 0.484321492604143766874169245505744242, -0.391467085596387501380291191644262436, 0.445378518897283111758151732569505986, 1.093251438917446991151727370510256182
Vector b: -1.018770655694824905195830532293325047, 0.532545974848227358149544941986555755, 1.770779450367602798002200008851438974, 0.009142146667275254150323596699148266, -2.153096939191134262370879971394227558, 0.455831316360734777721769598418395723, 0.512811668847552756026568892593035608, -1.295745840040327758787151275881523406, 2.186502877834893982303454741020501579
---------------------------------------------------------------------------------------------------
| Order |                  Error^2                   |                 Efficiency                 |
---------------------------------------------------------------------------------------------------
|   2   | 1.493374300809082843204020739540128465e-66 | 2.831508179699929851096958234200852051e+30 |
|   4   | 8.362442083720046368984666301422270299e-70 | 4.140356651702834671973230150791701660e+29 |
|   6   | 6.338423072199600367522590046419828161e-72 | 1.645568100178607029633206615886485100e+28 |
|   8   | 9.139470167726857399417994454808393069e-08 | 4.741853356906975328418534498758058136e-07 |
---------------------------------------------------------------------------------------------------

Scheme evaluation results:
Order: 8, No. cycles: 17
---------------------------------------------------------------------------------------------------
Vector a: -0.087073221375182958751763726664909469, 0.515030844223133185752029322083259828, -1.166058727655337702337114854081021135, -0.085872178917577954869529944540028133, 1.045377059204829361332707651510279674, -0.293266290580335378738873192992998530, -0.601614280616309411181259113875193827, 1.036464761981718622650990071436234639, 0.637012033735062236142813787124377001
Vector b: -1.344714273413876949589232511972949284, 2.515282104077387981674937570616079341, -1.485220415631121610170878926449559299, -0.846897039679553794503350781712497897, 0.675152681844397884764290892632442691, 1.415601436565260837901124410388126671, -2.002134017725931595378870796374120457, 0.798905456493312773016352568623727121, 1.274024067470124472285627574248750921
---------------------------------------------------------------------------------------------------
| Order |                  Error^2                   |                 Efficiency                 |
---------------------------------------------------------------------------------------------------
|   2   | 1.254211552417499662900013021787959162e-68 | 3.089703173176826798829075476440140625e+31 |
|   4   | 2.643303199864555006492652105514024378e-71 | 2.328792660183081127682384653397081055e+30 |
|   6   | 1.039442770164751034278032270442758992e-72 | 4.063555355739239855719776413858554077e+28 |
|   8   | 9.148023022822865652053155465657559333e-08 | 4.739636163725991135639607879413598441e-07 |
---------------------------------------------------------------------------------------------------

Scheme evaluation results:
Order: 8, No. cycles: 17
---------------------------------------------------------------------------------------------------
Vector a: -0.782474500384332024894397494571443704, 1.155326677779159210348644273940335234, -0.820453116444069028775775206401062884, -0.001973735953162613374442588010180778, 0.624787700748602297241020236532868968, -0.479838756121204498678481280039635181, -0.232048160992802629683544353149254957, 0.405048318645152215016628412995661077, 1.131625572722657072800347998702712114
Vector b: -1.157125008699888626624697637772558718, 0.749301016631113203460600286402083754, 1.561352338927205217236688261478754367, -3.202258571815343274788238674282310330, 3.198311099909018048039353498261949477, -1.948735698411813453557313025194821019, 0.989058186169404456200350465115530627, -1.453154508155009715567439171414133949, 2.263251145445314145600695997405505888
---------------------------------------------------------------------------------------------------
| Order |                  Error^2                   |                 Efficiency                 |
---------------------------------------------------------------------------------------------------
|   2   | 1.068947073943208221268373643415242634e-65 | 1.058337185912020525876339281263919922e+30 |
|   4   | 1.296405357125407875837375824483939466e-68 | 1.051559632562786079931352516583457184e+29 |
|   6   | 7.095218381595911685989805161737222324e-70 | 1.555333721842035926230066730578894377e+27 |
|   8   | 9.219460549007618156032123427626627006e-08 | 4.721237780967843655810129496324918147e-07 |
---------------------------------------------------------------------------------------------------

Scheme evaluation results:
Order: 8, No. cycles: 17
---------------------------------------------------------------------------------------------------
Vector a: -0.082652077491607208383534472720717283, 0.755387298138828526631361354704110003, -0.661396306010919438111022372654614989, 0.150967406240294633684048600815625942, 0.509150793192706434006565498973529035, -0.821921500029127817449091428534219718, -0.644459505618488759012300113764739467, 1.094167116319940672196662159287572326, 0.700756775258372956437310773893454091
Vector b: -1.357200641339872030125961372546182596, 2.549097127696529643484853799650936042, -1.038322531418872590222131090242735102, -0.284470080602966285999913655066488713, 0.586404893083555553368010856697750420, 0.431896693301857314645120141249282709, -2.075739693360112949543302998317699418, 0.786820682123135431518702770788228669, 1.401513550516745912874621547786907797
---------------------------------------------------------------------------------------------------
| Order |                  Error^2                   |                 Efficiency                 |
---------------------------------------------------------------------------------------------------
|   2   | 3.402218629915195836473176117586543372e-68 | 1.875949089380116179004909205129115234e+31 |
|   4   | 6.048910634685030526734607026335204666e-71 | 1.539450504541033062857890070650422607e+30 |
|   6   | 1.630018520636329535540452556228501516e-72 | 3.244966384911379830685659664976557922e+28 |
|   8   | 9.364841660691306457512043949368547210e-08 | 4.684447861709612406420070426402229325e-07 |
---------------------------------------------------------------------------------------------------

Scheme evaluation results:
Order: 8, No. cycles: 17
---------------------------------------------------------------------------------------------------
Vector a: -0.782363234300704100266577812432253290, 1.154785785426812386913054692607536831, -0.196723297724279976388517129841888156, -0.478191151600634059164684996426133906, -0.237350687236238897809474374439226082, 0.411084463663695760905934809866120085, -0.250754527744189877922503808140383202, -0.007598921320617760809034459765903283, 1.387111570836156524541803078572131106
Vector b: -1.160160352338512655690540092563265295, 0.755594236075617110847924560261993677, 1.553977334778007662978184824953095489, -1.947423930226567615755219084636888316, 0.991041627025299497425849091784635237, -1.465743001497777293044797840663108393, 2.287911928825168814856667460395336622, -2.789420984313548570701675076676339818, 2.774223141672313049083606157144541086
---------------------------------------------------------------------------------------------------
| Order |                  Error^2                   |                 Efficiency                 |
---------------------------------------------------------------------------------------------------
|   2   | 1.127250931732349155507535169329712321e-67 | 1.030604076056438849309705563121731055e+31 |
|   4   | 8.612092298949810128881914775623210105e-70 | 4.079904304152297667209161455701603394e+29 |
|   6   | 4.558522119055895726619632276342053150e-71 | 6.136128396520326436502955028805596352e+27 |
|   8   | 9.788407639768867006128300465083842761e-08 | 4.581973839839272840697678178049006062e-07 |
---------------------------------------------------------------------------------------------------

Scheme evaluation results:
Order: 8, No. cycles: 17
---------------------------------------------------------------------------------------------------
Vector a: -0.784288579878563198581574576987881590, 1.164743675646920958561831038833986468, -0.178299775538042460816161750956696465, -0.917604335843829145973681182701608703, 0.321723191025948421483425563301240931, 0.364011241781176348984204230088020701, -0.563637843486971940067637244436106316, 0.477900476850185640838917950061920773, 1.115451949443175375570675972797124224
Vector b: -1.178102116868907604822544072564628848, 0.787627073980688812481938991153468421, 1.541860277313153104641723086514538508, -1.898459828389238026274046588427935723, 0.063251156701579734326684223024682676, 0.580195225350317108640166903577830183, 0.147827258212035589328241556598189336, -1.275102945185979469463516045470397273, 2.230903898886350751141351945594252685
---------------------------------------------------------------------------------------------------
| Order |                  Error^2                   |                 Efficiency                 |
---------------------------------------------------------------------------------------------------
|   2   | 1.891731359566900213572655019866459703e-66 | 2.515778640809748845879545713131036377e+30 |
|   4   | 1.699354777136075242715383166930662176e-70 | 9.184643123704183843728466410003103027e+29 |
|   6   | 1.486192201328214409471499521623016802e-71 | 1.074654799696827305424684006159303856e+28 |
|   8   | 9.807153776605308778295210577105149870e-08 | 4.577592579177977230687431929854499387e-07 |
---------------------------------------------------------------------------------------------------

Scheme evaluation results:
Order: 8, No. cycles: 17
---------------------------------------------------------------------------------------------------
Vector a: -0.074108432029385025104024203291753672, 0.175162148017174338755406014680142784, -0.887262615508840514685268813682723705, 1.155765191413836779524526723192363047, -0.199652454135152769337255975345230229, -0.505085426761980848500154409267166958, -0.207186655138180408356679382949523379, 0.425260727429181018109117459862661341, 1.117107516713347429594332586801230664
Vector b: -1.502205280196422575777791576935910918, 2.856193696334075101347534747288353131, -2.505869400299726423836722717928174116, 0.731344169282045394466185090562791225, 1.580186213545628164582868355821947388, -1.979491121815933703257380306512395231, 0.969320268291972006257071487978044847, -1.383693578568332822970430253877098298, 2.234215033426694859188665173602442069
---------------------------------------------------------------------------------------------------
| Order |                  Error^2                   |                 Efficiency                 |
---------------------------------------------------------------------------------------------------
|   2   | 5.274933063416559954074061986942138712e-70 | 1.506585144273005059513862483091616719e+32 |
|   4   | 4.128337290989531250939887317352239647e-71 | 1.863445640336709528056787256813386230e+30 |
|   6   | 7.885789141679398520775782522145398453e-72 | 1.475312056614255968316986845503834724e+28 |
|   8   | 9.822440879529147290269513979582966734e-08 | 4.574029036343300269663922770288001411e-07 |
---------------------------------------------------------------------------------------------------

Scheme evaluation results:
Order: 8, No. cycles: 17
---------------------------------------------------------------------------------------------------
Vector a: -0.086504779419633932432457758431285893, 0.693793591480486951465483242286871337, -0.159393331981385273071721927300321028, -0.609443496550794808562996900065639197, -0.635822596264866849419597942939675671, 1.806145166191285246306141227597651672, 0.000665247489385693324468651946689010, -0.709200725448856448363747310488387831, 0.699760924504379420754428717394097503
Vector b: -1.362589071344241881689760518661251000, 2.552168583849215898514605520459856378, -1.164581400888241995583639035886084430, 0.845794736925471449440195181285322630, -2.064681730027061066566188981416455424, 0.793036537497327367726993095537046785, 2.819253794885243124885289359660325104, -2.817923299906471738236352055766948597, 1.399521849008758841508857434788188650
---------------------------------------------------------------------------------------------------
| Order |                  Error^2                   |                 Efficiency                 |
---------------------------------------------------------------------------------------------------
|   2   | 8.199455566244567886448764552815060180e-66 | 1.208397029135977394274554820291208130e+30 |
|   4   | 1.654481411138240766255212490069507066e-68 | 9.308364227385021087334260942526658630e+28 |
|   6   | 2.083500515031312584832269725214728596e-69 | 9.076317208627334665089245809193451405e+26 |
|   8   | 9.901025649278995287583654515383728875e-08 | 4.555840763949397221425041968550688889e-07 |
---------------------------------------------------------------------------------------------------

Scheme evaluation results:
Order: 8, No. cycles: 17
---------------------------------------------------------------------------------------------------
Vector a: -0.790407622987351718924380459852767577, 1.171088015483127793811454063585741095, -0.172885013445731666599968884862277259, -0.678574722364986033024491366584326224, 0.345017822646955416665277308134171036, 0.117582319840035790676023166491700897, -0.584559765849825343969148984257137936, 0.477293290475769002841361105932607940, 1.115445676202006758523874051412287968
Vector b: -1.174777806867893108608693938852567559, 0.768740367761082779368626957999593128, 1.573435663205172808254281169171893780, -1.919205690096636141454218938896444543, 0.562056245366664075405236205727834947, 0.127979399927246757925318410539920391, 0.107185239752824823426727922444557853, -1.276304771452475511365025890959361694, 2.230891352404013517047748102824573625
---------------------------------------------------------------------------------------------------
| Order |                  Error^2                   |                 Efficiency                 |
---------------------------------------------------------------------------------------------------
|   2   | 1.307640058982577265868316825604197133e-68 | 3.025924230069467931396391960208396875e+31 |
|   4   | 3.137297568363832499509311679331399426e-70 | 6.759684994841543906631788669104932861e+29 |
|   6   | 7.625641836294288565325269444982262017e-72 | 1.500266010192723837446194346323836517e+28 |
|   8   | 9.925639113047936019500249494501478457e-08 | 4.550188501946257220469385279027903165e-07 |
---------------------------------------------------------------------------------------------------

Scheme evaluation results:
Order: 8, No. cycles: 17
---------------------------------------------------------------------------------------------------
Vector a: -0.085160125201666396462355248102835531, 0.710105544903487411865275226939810242, -1.596687669836517215725256118766551654, 0.002380204036678739207179265206405659, 1.438454582370267795632709834392917670, -0.628273004803501444445379741628076713, -0.650494131563569359760294633507760476, 1.102825561851997983287085761316144959, 0.706849038242822486401035654149945804
Vector b: -1.374076611977325379828321023668552486, 2.577832973551317966731931551131388169, -1.157621883744343143001381097251716648, -2.035753455928691288449131140279723619, 2.040513864002048766863489670692537233, 0.836395300738486824401929998091662222, -2.092941310345489713292689481347732062, 0.791953047218350993772100214332165753, 1.413698076485644972802071308299971341
---------------------------------------------------------------------------------------------------
| Order |                  Error^2                   |                 Efficiency                 |
---------------------------------------------------------------------------------------------------
|   2   | 1.960056458216647758385511324916208092e-66 | 2.471541269661041620182860662346239258e+30 |
|   4   | 1.819377898676930848430064580032155448e-69 | 2.807002872940769897256853468246975098e+29 |
|   6   | 2.878293864418788150416092262881935019e-70 | 2.441962024064938350588784353476250887e+27 |
|   8   | 9.929406882831185045238874632666968115e-08 | 4.549325122612040578278560322446920656e-07 |
---------------------------------------------------------------------------------------------------

Scheme evaluation results:
Order: 8, No. cycles: 17
---------------------------------------------------------------------------------------------------
Vector a: -0.764414078086756968191006999442852422, 1.221147746051960550634982987878855039, -0.254069641879264915026985213589578921, 0.181534708215714202830912917572469933, 0.058126808977703140431383028280293959, -0.721234558297651801906488580038138629, -0.315707750193294020736966536428792838, 0.451069923292372903052367057823696848, 1.143546841919216908911801337944046969
Vector b: -1.265035638524791709223548766473698109, 1.001243120876069482065083534061703315, 1.441052371227851619204882441695917978, -1.949191654986381449258852868875082753, 2.312261071417809854920678704020012123, -2.196007453462403574057912647459421580, 0.753538336867099970244935487383185826, -1.384953837253688011718868560240740302, 2.287093683838433817823602675888123598
---------------------------------------------------------------------------------------------------
| Order |                  Error^2                   |                 Efficiency                 |
---------------------------------------------------------------------------------------------------
|   2   | 9.001910984296178762827033895098145517e-67 | 3.646991912230020900271283841588494629e+30 |
|   4   | 4.739374542895323917964342978879477901e-70 | 5.499760768890354727985902822758645630e+29 |
|   6   | 4.338233376379166630788943737595998540e-71 | 6.289990884824301772317476273255398750e+27 |
|   8   | 9.942207935756866167764884503556810683e-08 | 4.546395445946662462452944971035174158e-07 |
---------------------------------------------------------------------------------------------------

Scheme evaluation results:
Order: 8, No. cycles: 17
---------------------------------------------------------------------------------------------------
Vector a: -0.085458711931491297292743463203946050, 0.707335128650888131535310091057606591, -0.151100071875485930516068884606390842, -0.613547018241046377618853495541452324, -0.664423893807171947193387767530583489, -1.001975125333230596912993982831717334, 0.000046428102025471368821648564955502, 2.097181831207699445293781858281911693, 0.711941433227813101336133995809616110
Vector b: -1.377989632568621204594488941933484186, 2.585061841274259814603490957458949256, -1.170391583972483551532870775342808740, 0.868191440221511690500733006130130815, -2.095285476703604445738439997213883547, 0.766437689089260551351664462152154197, -2.770387939755721745177652427820672742, 2.770480795959772687915295724950583505, 1.423882866455626202672267991619031537
---------------------------------------------------------------------------------------------------
| Order |                  Error^2                   |                 Efficiency                 |
---------------------------------------------------------------------------------------------------
|   2   | 2.037469836389905791730399782086291469e-64 | 2.424133667320973252991824528309972229e+29 |
|   4   | 3.912668157765600712533264957465383978e-67 | 1.914114029812620296658993069266729927e+28 |
|   6   | 3.420152418947571108822807324849032730e-68 | 2.240184259305640486125143701244954169e+26 |
|   8   | 1.008655933633205832782016117026511651e-07 | 4.513745881042692934940495917349288035e-07 |
---------------------------------------------------------------------------------------------------

Scheme evaluation results:
Order: 8, No. cycles: 17
---------------------------------------------------------------------------------------------------
Vector a: 0.048870961574609192966871469974176064, 0.393826148701178222876295242210759390, -0.073479365971322713665566430596442339, -1.272886245267454139497166586317474583, 0.728234091120452544693407603657356284, 0.801366594893345975804088218283135543, -1.067808358431132222056366944932242507, 0.094564097995151615117637648808921391, 1.347312075385171523760799778911810643
Vector b: 0.966258807355556651398290954029674427, -1.834775691561894916862838968110241919, 2.622427988964251362615429452530838370, -2.769386720906896789946562313723728273, 0.223614230371988510952229141089116699, 1.232853951868916578434586066225384185, 0.369879237917775373173590370341148877, -2.505495954780039817286324260205639621, 2.694624150770343047521599557823447182
---------------------------------------------------------------------------------------------------
| Order |                  Error^2                   |                 Efficiency                 |
---------------------------------------------------------------------------------------------------
|   2   | 2.841309867772669272429661268708953549e-67 | 6.491467056393021450716987788888620117e+30 |
|   4   | 3.974947883155303393503905213738520166e-69 | 1.899059601012333288139866596174274597e+29 |
|   6   | 3.250615844995906541439071141209874077e-71 | 7.266472724871023934128496306123547554e+27 |
|   8   | 1.015605924358616248191400805816325087e-07 | 4.498275143679467204004346986868422907e-07 |
---------------------------------------------------------------------------------------------------

Scheme evaluation results:
Order: 8, No. cycles: 17
---------------------------------------------------------------------------------------------------
Vector a: 0.440766159475167285335697540602626407, -0.187431233137634728377642908826172336, -0.400408169171629457968620709325678737, -0.700924846689256888839751458967311941, 0.341783759765699459398837446924449425, 0.881085805538969577128591281460782627, -0.407024568372413641955232057282330281, -0.053581900600086155910584422981240883, 1.085734993191184551188705288394875677
Vector b: 1.121704349776016391998775018627706835, -1.361876380601698213326154956050186662, 0.987013914326428756570869138397848779, -1.787830252669687672508110557049189496, 0.385980559291173894828607639114652570, 0.297586960240225023969067254734072609, 1.464584650837714130288115308187570887, -2.278633787582541414198579422752205833, 2.171469986382369102377410576789730554
---------------------------------------------------------------------------------------------------
| Order |                  Error^2                   |                 Efficiency                 |
---------------------------------------------------------------------------------------------------
|   2   | 5.221600773441694884924662967518366424e-67 | 4.788509189887364414977008274783062988e+30 |
|   4   | 3.063366438384348793071444260120635813e-71 | 2.163240670963744242855790158259094482e+30 |
|   6   | 3.044059419962579652666930531896159240e-72 | 2.374542291470003582959321306710125732e+28 |
|   8   | 1.037610348474602925153815309182613027e-07 | 4.450322476877209439817209061387764264e-07 |
---------------------------------------------------------------------------------------------------

Scheme evaluation results:
Order: 8, No. cycles: 17
---------------------------------------------------------------------------------------------------
Vector a: 0.019881568814880158707730296190925662, -0.796300347226770643101692215526371626, 1.152347704610769388395346527693136076, -0.192768977551524772568245751656842465, -0.862812979912740867800992537217273475, 0.397468127966794333254547893807148123, -0.313869086071322257604317188354971365, 0.472282941403363178837131495531401549, 1.123771047966551481880491479532847575
Vector b: 1.238636510816275807156517155689525187, -2.437509884002791296897573718997203781, 0.844909189549250010694189287944477862, 1.459786219672288766096503767441765208, -1.845324174775338311232995270755446576, 0.119698214949856575631010196321102004, 0.675238040983732090878085591293001035, -1.302976213126376606086719968002912661, 2.247542095933102963760982959065691684
---------------------------------------------------------------------------------------------------
| Order |                  Error^2                   |                 Efficiency                 |
---------------------------------------------------------------------------------------------------
|   2   | 1.545351634801778465515431206990001667e-67 | 8.802144609953937930019985627279476562e+30 |
|   4   | 2.057337090720943715993478038898570195e-70 | 8.347406949423463028003065250157753906e+29 |
|   6   | 7.379990879589439328581256446067827476e-72 | 1.525030604257001479735754166280851555e+28 |
|   8   | 1.048454435894512876182739227425744130e-07 | 4.427247977661940333208830850880177494e-07 |
---------------------------------------------------------------------------------------------------

Scheme evaluation results:
Order: 8, No. cycles: 17
---------------------------------------------------------------------------------------------------
Vector a: 0.207193735538661402479739503905521980, -0.370776611167611203452961758683176095, -1.407802466421335996087712658796797198, 1.382589694221833216322575245987490437, 1.450103285609731733143631292075393034, -0.928132717372454571878257541901674055, -0.680801384751346466520730608128656941, 0.825838954255883483026852096289721320, 0.521787510086638402966864429252177543
Vector b: -0.819038639875301848036416083384648103, 2.052464750827926501032311174580333955, -2.794017973163148907938234691946654945, -0.021586959679523084237190625646746151, 2.786766348123189516882341117621542073, 0.113440223096273949404921466529056240, -1.969705657841183093161436550332283570, 0.608102888338490160119975334075028236, 1.043575020173276805933728858504372227
---------------------------------------------------------------------------------------------------
| Order |                  Error^2                   |                 Efficiency                 |
---------------------------------------------------------------------------------------------------
|   2   | 4.599995190313447427898872307953689815e-66 | 1.613330961499593834860958961250865479e+30 |
|   4   | 2.911931430038813028831965589478875514e-69 | 2.218777445354180419344282917660688782e+29 |
|   6   | 1.368599588009930045525102356551796949e-70 | 3.541345254530141854458672576579210281e+27 |
|   8   | 1.062565345528015695651846525812755642e-07 | 4.397752712055958335295688377198427664e-07 |
---------------------------------------------------------------------------------------------------

Scheme evaluation results:
Order: 8, No. cycles: 17
---------------------------------------------------------------------------------------------------
Vector a: 0.345140824670612896052991277731216437, -0.002653521542384767704389122751066440, -1.121790470860120099132306607518538536, 1.152477683056983029832436925756572526, -0.195901096809725652957290967401502556, -0.481880394578041923182617663284050562, -0.240778797628724630367157935373812029, 0.414904029623841072939095432143390836, 1.130481744067560074519238660697790305
Vector b: -1.165695593120794823769051143729747840, 3.021672835582815439644084842921324486, -3.026979878667584975052863088423464454, 0.783398936947344776788249873386966316, 1.521556429166621282876623978126248069, -1.913358622786072588791205912929236665, 0.949597833629988742425970586361093557, -1.431155428887438003160286457108736923, 2.260963488135120149038477321395553262
---------------------------------------------------------------------------------------------------
| Order |                  Error^2                   |                 Efficiency                 |
---------------------------------------------------------------------------------------------------
|   2   | 3.055046533230676751083795256772132655e-67 | 6.260272566881969916731165818682007812e+30 |
|   4   | 1.200063190113148139632182614153090071e-69 | 3.456226988489543324645089524550489502e+29 |
|   6   | 3.304559296928951338819275006874094503e-71 | 7.206919931666995097971310310015589714e+27 |
|   8   | 1.066465478001918122517106013437554877e-07 | 4.389703915080265657834481422322772622e-07 |
---------------------------------------------------------------------------------------------------

Scheme evaluation results:
Order: 8, No. cycles: 17
---------------------------------------------------------------------------------------------------
Vector a: -0.619851821882709150966652638058460617, 1.105166904913890068487969752552866274, 0.458164631254841325771253566829418557, -0.427846750425605700475831351982718777, -0.378213606614106226130893598611458915, 0.266271772639805264747583297052431227, -0.880733991798167275347526716415234869, 0.222669890441976676137844419923647238, 1.254372971470075017776253268709509834
Vector b: -1.332523635140132617795132235093166540, 1.425343626514846933656959194069472897, 0.784990183312933203318980311036241547, 0.131339079196749448223526822622410147, -0.987032580047960849175189526587678942, 0.230605366819748396913402329364408499, 0.301938178459862132581764264741039462, -2.063406162056196683276817697571711037, 2.508745942940150035552506537418984231
---------------------------------------------------------------------------------------------------
| Order |                  Error^2                   |                 Efficiency                 |
---------------------------------------------------------------------------------------------------
|   2   | 6.108961106576500163121651873632904335e-67 | 4.427091286043816084090235411425241699e+30 |
|   4   | 1.350215900151623480733683919270261767e-70 | 1.030392539443141325478120460655796265e+30 |
|   6   | 2.826967732908893050896281111945014196e-71 | 7.791948007258361100175223460485672951e+27 |
|   8   | 1.078705867032301559300034341836873635e-07 | 4.364727235359423652535101103726215037e-07 |
---------------------------------------------------------------------------------------------------

Scheme evaluation results:
Order: 8, No. cycles: 17
---------------------------------------------------------------------------------------------------
Vector a: -0.772377578056420397609167236147125359, 1.150454195394988290429264872640171531, -0.193292471694294700547283447683034578, -0.465959889948406309667071953143787052, -0.277550406402774707361353141277456174, 0.342502810481273536782266737229551031, 0.042104424340897610533701683016995494, 0.073835334678613518748652380890557219, 1.100283581206123158690990104474127784
Vector b: -1.201664901212938072586224075233028023, 0.858574646313035349954113678171773165, 1.442333744476941230904416067108620935, -1.828918687865530631998982962474692642, 0.896998907968718012664839056187041116, -1.452099720774267427387545338741918797, 2.137105341736814500952078813200880171, -2.052896493055019279884675447167020759, 2.200567162412246317381980208948344931
---------------------------------------------------------------------------------------------------
| Order |                  Error^2                   |                 Efficiency                 |
---------------------------------------------------------------------------------------------------
|   2   | 3.374598808724774363752273303749335607e-67 | 5.956499131688702200743269227335816406e+30 |
|   4   | 2.673636187403984326239289096888775478e-70 | 7.322395106622169476498837106282662354e+29 |
|   6   | 1.342565863298203189135903089727855059e-71 | 1.130677295735551885647072690847074699e+28 |
|   8   | 1.087631104285289943869234340190263902e-07 | 4.346781593912746583037323402204735786e-07 |
---------------------------------------------------------------------------------------------------

Scheme evaluation results:
Order: 8, No. cycles: 17
---------------------------------------------------------------------------------------------------
Vector a: -0.558247746726315002421674807313858794, -0.070630124108549180438103993915822086, -0.435454363831589858003577968298972453, 0.492878753092024394497513638550779880, 0.769048336550900291162565818358352898, -0.306376962110938437992336629233588832, -1.049801932299635416908600119948420326, 1.003344652915266037430266740098215374, 1.155239386518837172673947321703314398
Vector b: -1.238432639575605626994679510999003211, 1.360369785698581249146009407370383784, -1.501630033915679610022217395202029135, 0.630721306252499894015061458604082977, 0.355036199931548894979965818497379669, 1.183060473170251687345165818219315872, -1.795814397392128563329839076686478900, -0.303789467207142270487361163210274123, 2.310478773037674345347894643406623019
---------------------------------------------------------------------------------------------------
| Order |                  Error^2                   |                 Efficiency                 |
---------------------------------------------------------------------------------------------------
|   2   | 1.318382358289835453414274518363012776e-66 | 3.013571262471529297375706094546411621e+30 |
|   4   | 1.296536239987094043164562479723690579e-70 | 1.051506554753129052142722681860767334e+30 |
|   6   | 4.020099812656158291067967808802868241e-71 | 6.534134257191784173821357528730254173e+27 |
|   8   | 1.147343498365911871637971529576018341e-07 | 4.232158258765158732949776821005961926e-07 |
---------------------------------------------------------------------------------------------------

Scheme evaluation results:
Order: 8, No. cycles: 17
---------------------------------------------------------------------------------------------------
Vector a: -0.759614732959684923169053810682198168, 1.176845793710285811319608824897674042, -0.182480465067944467591345503352355767, -0.836729608833042875443390551016768719, 0.467508361630616372522977046844753113, -0.425679581475904583573762079309277218, -0.645499816860146753852749338308712534, 1.106313973522339331767656288271418368, 1.099336076333482088020059122655466835
Vector b: -1.041501153847355368140224965685325079, 0.563772841775340889942342310006259406, 1.789918745645230732696875339789042455, -2.154879675781119667879566346493730685, 0.481420458115033916992785244460308996, 0.453596265146198828053168849229146626, -1.304955428098007995200693007847662205, 0.013955794377714487495194331231052363, 2.198672152666964176040118245310908247
---------------------------------------------------------------------------------------------------
| Order |                  Error^2                   |                 Efficiency                 |
---------------------------------------------------------------------------------------------------
|   2   | 5.976838748816418429679693823178851453e-67 | 4.475755847508681736818788148804584961e+30 |
|   4   | 1.008419286404667693305817138691169550e-69 | 3.770368018345206961108094965434234009e+29 |
|   6   | 4.211365901262690465630861882143494971e-71 | 6.384030945715996842047959622886442184e+27 |
|   8   | 1.149176103207808542059891517545497283e-07 | 4.228782375704644494360138739218488822e-07 |
---------------------------------------------------------------------------------------------------

Scheme evaluation results:
Order: 8, No. cycles: 17
---------------------------------------------------------------------------------------------------
Vector a: 0.621880100712061321840724366939444962, -0.342652508003092774952896232974386142, 0.374044424984738024137296675352359840, -0.765092514030363291958403514147045529, 0.183999518835267479061532570618752324, -0.069834828037892748974376328340776805, -0.786532186133509414406712367297683206, 1.087338823801526393179953456466036598, 0.696849167871265012072881373383297982
Vector b: 1.180482052539644845411445237992407168, -1.117203903655167047141441742105907463, 0.431898887648981497235649276157114378, 0.316189962320494551038944074547655953, -1.846374990381221134955751102841791886, 2.214374028051756093078816244079297786, -2.354043684127541591027568900760854622, 0.780979311860522762214144166165483395, 1.393698335742530024145762746766595195
---------------------------------------------------------------------------------------------------
| Order |                  Error^2                   |                 Efficiency                 |
---------------------------------------------------------------------------------------------------
|   2   | 7.316988695691983592947368387037335759e-69 | 4.045162431751875176861625309095840625e+31 |
|   4   | 4.072402554491895551990184993607254019e-71 | 1.876199275360331565899279481072811768e+30 |
|   6   | 2.363047871424190900898620715991136632e-72 | 2.695071005776343893262952486456398773e+28 |
|   8   | 1.157129848902706820368514503456647778e-07 | 4.214223656274738760541552097475102841e-07 |
---------------------------------------------------------------------------------------------------

Scheme evaluation results:
Order: 8, No. cycles: 17
---------------------------------------------------------------------------------------------------
Vector a: -1.593035895692263184727102398824998891, -0.120294652148459225898230505889653720, 1.399057326815428115407248002079341917, 1.589867362491684973009715496070264406, 0.354693566204500556502304947708688457, -1.020418732693300453402881006149237850, -0.532281058274865817400329608456106550, 0.619182094041740366960129408989845430, 0.303229989255534669549145664471856706
Vector b: -1.136672143383331321337466786043438881, -0.912727504617863726779271225561840914, 0.672138200320945274982810213782598089, 2.125976453309910955831685790374978238, 1.053758271673458990187745201764273105, -0.344371139264457877183135306347108187, -1.696466326122143029622626705950521307, 0.631904209572411394821967489037738903, 0.606459978511069339098291328943320907
---------------------------------------------------------------------------------------------------
| Order |                  Error^2                   |                 Efficiency                 |
---------------------------------------------------------------------------------------------------
|   2   | 9.977275538678906885150522361121442350e-67 | 3.464145893580668413317721135698579590e+30 |
|   4   | 2.291245988801965729783142301832146457e-69 | 2.501315392461979421902931225728731079e+29 |
|   6   | 4.772456794814583236608099801069850897e-71 | 5.997019610884083201808995011297076225e+27 |
|   8   | 9.451422865827445030130970743356110193e-08 | 4.662942196255857819816382413196588145e-07 |
---------------------------------------------------------------------------------------------------

Scheme evaluation results:
Order: 8, No. cycles: 17
---------------------------------------------------------------------------------------------------
Vector a: -0.784082036631809390136842685778591630, 1.159743766101745858696314899776147188, -0.183610550449437093602866939430134216, -0.417483873659113132244802284450151422, -0.141594426133645078293696251636941056, -0.113921534857405581149323679758194599, -0.134276149417505954237311800793965663, 0.479038430039180415394886606253310861, 1.136186375007989955573642135818520549
Vector b: -1.214753575248815121394151083641891039, 0.861343077234011462514616795726877980, 1.458144454969480254878013003824962165, -1.825365555868354442083746882685135986, 0.990397808550128177594142313785736885, -1.273586660817418334181534817059811012, 1.045743591102607171882887457542431766, -1.314295889937619080357511059130142620, 2.272372750015979911147284271636971764
---------------------------------------------------------------------------------------------------
| Order |                  Error^2                   |                 Efficiency                 |
---------------------------------------------------------------------------------------------------
|   2   | 4.379920681460146103926527875026800616e-65 | 5.228402749893990368292522261264356079e+29 |
|   4   | 1.773400871791364366400103729257423388e-69 | 2.843157088036218635115143283910132141e+29 |
|   6   | 2.025433324459081737054208432648193474e-71 | 9.205502412486929802729590827895895004e+27 |
|   8   | 1.189022140689629164110159016996573590e-07 | 4.157321948482934618267739507678737144e-07 |
---------------------------------------------------------------------------------------------------

Scheme evaluation results:
Order: 8, No. cycles: 17
---------------------------------------------------------------------------------------------------
Vector a: -0.033983586351361483824745148360169657, -0.065517079722072805186751112241356977, 0.631426260204965227905596561043655499, -0.765445305207053905280044417705267890, 0.561963783892236935099912153133162698, -0.440478538574960325236372627328449280, -0.663133497676424109645402935275047630, 1.085958450903563947685983151106819868, 0.689209512531106518481824375626653345
Vector b: 1.370964945201046176034370012336452273, -2.809897063104815319718230321393295475, 2.678862903660669709344728096910615176, -1.416010383250739253533534974823292430, -0.114880227163368557026553860587214642, 1.238807794947842427226378166853513473, -2.119764872097763077699123421510408277, 0.793497876744914858408317550960323031, 1.378419025062213036963648751253306883
---------------------------------------------------------------------------------------------------
| Order |                  Error^2                   |                 Efficiency                 |
---------------------------------------------------------------------------------------------------
|   2   | 3.739089891647549536544515355207569226e-68 | 1.789448500682454336002707867078065430e+31 |
|   4   | 1.176707674051447605098401770356962475e-70 | 1.103748233714536587995319027145302246e+30 |
|   6   | 1.796669045962382953268165728183986552e-72 | 3.090810855743651792320693386751239014e+28 |
|   8   | 1.189524636651436025430552312221723751e-07 | 4.156443758114474172857639505853327648e-07 |
---------------------------------------------------------------------------------------------------

Scheme evaluation results:
Order: 8, No. cycles: 17
---------------------------------------------------------------------------------------------------
Vector a: 0.133497211828531730798773939359013032, 0.878306015415282046017367716684805101, -1.235817382761004600650182402957010283, -0.713280552233881014019756024988102542, 1.381515456994193085867166806627822053, 0.156048037875107444223463875688134120, -0.645171192066239798207510686829897192, 0.627523971215731618272725470249646784, 0.417378433732279487697951306165588879
Vector b: -0.897194944544480188987602075268991819, 2.061384312746023839572752029256010327, -0.304772281915459747538016595886366230, -2.166862483606549453762348210027688039, 0.740301379138787425722836160051450889, 2.022729534849598746011497453204227788, -1.710633459099383857564569701827947366, 0.420291074966904261149548328168134541, 0.834756867464558975395902612331169861
---------------------------------------------------------------------------------------------------
| Order |                  Error^2                   |                 Efficiency                 |
---------------------------------------------------------------------------------------------------
|   2   | 2.742965192976611176118512233209912130e-68 | 2.089257687895627583279542062725904688e+31 |
|   4   | 5.067996646966808909738404378146460658e-70 | 5.318463156776614728557771490499483032e+29 |
|   6   | 8.238268457624730069067920838224128050e-72 | 1.443405984866034686044618742219616890e+28 |
|   8   | 1.030348764276165027038614469008567516e-07 | 4.465977201393399451049439762595777286e-07 |
---------------------------------------------------------------------------------------------------

Scheme evaluation results:
Order: 8, No. cycles: 17
---------------------------------------------------------------------------------------------------
Vector a: -0.095103145072856065346036253930277455, 0.595189637616949897449028337957446449, -0.829080360639309814781104528553976854, 0.612818470772667770540278292614499670, -0.379844009845311310636135137971999986, -1.063820929961236126293856822415274068, 0.408854306708682385152281217819100424, 1.077970708828515418351344103735837787, 0.673015321591897845564200790744644082
Vector b: -1.444315774513793920093587823785341883, 2.698425258881875709495103139710122598, -1.508045983647975914597046463795217951, -0.150114737630643714965162593312808389, 1.375751679175979256045719178541862017, -2.135439698866601877317989454485851588, 0.007797838944129624730275809655527385, 0.809910774473235145574286625982422462, 1.346030643183795691128401581489285275
---------------------------------------------------------------------------------------------------
| Order |                  Error^2                   |                 Efficiency                 |
---------------------------------------------------------------------------------------------------
|   2   | 1.131959884853339045938639911360973973e-67 | 1.028458185526254608827378010380342773e+31 |
|   4   | 6.605162796851241667277891795277433282e-71 | 1.473202853679160610311652257737134521e+30 |
|   6   | 1.960907381458891553931450674734793151e-72 | 2.958543308500778518450655451185470200e+28 |
|   8   | 1.190558646244855931674169564444247303e-07 | 4.154638413913951627667314401076475645e-07 |
---------------------------------------------------------------------------------------------------

Scheme evaluation results:
Order: 8, No. cycles: 17
---------------------------------------------------------------------------------------------------
Vector a: -0.092796825718139264386068012959117736, 0.624757538314184720461333098307978942, -0.682506436354940164122838959219194167, -0.057791664054275002654069370829814486, 0.536762474010133920796159637997126404, -0.440471960598493949107740849417533187, -0.663159188300903173355820879298987772, 1.085890562316089690778162652088161926, 0.689315500386343221590882683331380142
Vector b: -1.424768951955010918955371060297002388, 2.663944252473743309138606094675769232, -1.414429175845373868215939898059813467, 0.049416303135493539970261979622223510, -0.164999631244043545278400721282451765, 1.238524579264311386870719997276495947, -2.119468500461299285086201696111554713, 0.793150123859492938374559937513576953, 1.378631000772686443181765366662756817
---------------------------------------------------------------------------------------------------
| Order |                  Error^2                   |                 Efficiency                 |
---------------------------------------------------------------------------------------------------
|   2   | 2.032999953196596926505797280804309255e-68 | 2.426797131454968168731262284821649609e+31 |
|   4   | 1.889842401509051204039744914514376078e-71 | 2.754174925482322631841442302226380859e+30 |
|   6   | 2.244864603550396893214153923983670289e-72 | 2.765103523715743420125300787266554260e+28 |
|   8   | 1.190954307117391224600238446259254029e-07 | 4.153948226053006380296921051890869135e-07 |
---------------------------------------------------------------------------------------------------

Scheme evaluation results:
Order: 8, No. cycles: 17
---------------------------------------------------------------------------------------------------
Vector a: -0.597400765497458094706315725782139575, 1.133252500656414990618103069161448761, -0.244827892056562455930654289165638885, -1.140459259866101633354489231455534273, -0.042085922048158781292378323607728462, 0.938105110973639772731316572161133103, -0.529047991132067660932837466151045899, 0.234336833290315520214585769589479902, 1.248127385679978342652669625250025324
Vector b: -1.330470370108537300419032358912916173, 1.466139209222158411425433266261636012, 0.800365792090671569810772872061144606, -1.290021576203796481672081450392428781, -0.990896943528406785036897012518471053, 0.906725099432089222452140365303017511, 0.969485122515190323010492779019092887, -2.027581104779325644876167711321081744, 2.496254771359956685305339250500006736
---------------------------------------------------------------------------------------------------
| Order |                  Error^2                   |                 Efficiency                 |
---------------------------------------------------------------------------------------------------
|   2   | 1.503686455360096761912521749132626937e-66 | 2.821782354466895128917798378392758301e+30 |
|   4   | 8.926211166996611714129887351025880383e-70 | 4.007474209879751389591039663415663452e+29 |
|   6   | 2.648595443955116882159088861935548463e-71 | 8.050051484040185232494007257187648773e+27 |
|   8   | 1.242673005283543241561759648303117993e-07 | 4.066588206931522413433377591808133423e-07 |
---------------------------------------------------------------------------------------------------

Scheme evaluation results:
Order: 8, No. cycles: 17
---------------------------------------------------------------------------------------------------
Vector a: -0.851434807974562376596693676057254708, 0.429215005555780672890713973348752874, 0.846388203674922898366663269175509523, 0.726046401870875067764114617726624877, -0.942186879717933947677825567696945009, -0.559971736252445515881483961115745783, -0.246070559760941050617864638635051831, 0.490966552785197937357357853761695775, 1.107047819819106314395018129492414137
Vector b: -1.172512447918816324261404967442287731, 0.642155279888507895329422582770112846, 0.216274731223053450452005363927195687, 1.476501676126792346281321174423941803, -0.024408872385042210753091938970909026, -1.859964887050825684602559196422755582, 0.740021414545934652839591274191351454, -1.232162534067816754075320551461479768, 2.214095639638212628790036258984830200
---------------------------------------------------------------------------------------------------
| Order |                  Error^2                   |                 Efficiency                 |
---------------------------------------------------------------------------------------------------
|   2   | 3.814252028001811249194841045321937898e-68 | 1.771729695525665280171303138177497461e+31 |
|   4   | 9.830585210938226694855785870833146033e-71 | 1.207576432248968000601570935589004395e+30 |
|   6   | 1.616124706640947062367409902016327376e-71 | 1.030549927113950052399199611110066223e+28 |
|   8   | 1.244896528811617570456110782578922002e-07 | 4.062954894631770085429085984327040284e-07 |
---------------------------------------------------------------------------------------------------

Scheme evaluation results:
Order: 8, No. cycles: 17
---------------------------------------------------------------------------------------------------
Vector a: 1.220872897719102926215929868079992278, -0.638861737651380972661624767988648152, -0.156488314826719710784863885719190003, -0.539612599568375434238099722140090880, 0.302753886186397714063520694444169292, -0.024908341488521121086721655981889006, -0.970804968025381174718698270711713254, 1.091301723140902535457070831269768594, 0.715747454513975237753486908747601128
Vector b: 1.224161911134749985058750629681035608, -0.006578026831294117685641523202847656, -1.271145448471467827637608012773675062, 0.958168818818028406067880241335346430, -2.037394017954779274544079685615598967, 2.642901790327574702671121074503747654, -2.692718473304616944844564386467527055, 0.751108537253854595407167845044339362, 1.431494909027950475506973817495179723
---------------------------------------------------------------------------------------------------
| Order |                  Error^2                   |                 Efficiency                 |
---------------------------------------------------------------------------------------------------
|   2   | 9.168875067312046272102983282023889178e-68 | 1.142731317251394009808197789311492188e+31 |
|   4   | 8.694159390601677209712466169196880718e-70 | 4.060602854167764444007390591123461914e+29 |
|   6   | 9.892264726758711218370295195837266487e-72 | 1.317220881201442040538553621449653816e+28 |
|   8   | 1.373704439319738568875620447188583778e-07 | 3.867781912445826659110638029685999473e-07 |
---------------------------------------------------------------------------------------------------

Scheme evaluation results:
Order: 8, No. cycles: 17
---------------------------------------------------------------------------------------------------
Vector a: -0.833758742592774519764472374139145538, 1.233560889418704414440510048330908550, -0.145985488076035174767155224175246884, -0.656213935839667390299111670213673625, 0.561197408312356012308497842887267279, 0.121282815934675053701193019263739992, -0.760732574077954123604066052375905223, 0.330716757458089275052860508097385083, 1.149932869462606452931743902324670438
Vector b: -1.058693053943602705790903810958016633, 0.449868622701656372052862873637845517, 2.017253156135752456828157223023818954, -2.309224132287822806362467671374295438, 0.996796260608488025764244330947018677, 0.125598556016223998852751354826832801, 0.116967075853126108549634683702069049, -1.638432224009034355757766788454590644, 2.299865738925212905863487804649317765
---------------------------------------------------------------------------------------------------
| Order |                  Error^2                   |                 Efficiency                 |
---------------------------------------------------------------------------------------------------
|   2   | 1.077791076523567359234292237042705924e-66 | 3.332996560260328394031769389228520508e+30 |
|   4   | 5.467808415671648427448450553088879668e-70 | 5.120326677931374813528418734779458008e+29 |
|   6   | 1.091252656656259749113534437879274579e-71 | 1.254133632819621064291064453042932129e+28 |
|   8   | 1.443749482336423072588617710751866483e-07 | 3.772790659540876340630436261394615592e-07 |
---------------------------------------------------------------------------------------------------

Scheme evaluation results:
Order: 8, No. cycles: 17
---------------------------------------------------------------------------------------------------
Vector a: 0.501112874763433885808954177714512393, 0.406519173674373940364078736082726061, -0.417224505288955610988207472168529088, 0.214289120260091447313784052054234008, 0.235499145982989827789845558027984226, -1.762667554130025042255107535613213761, -0.107670025648413777175077534102203572, 1.419166533795793162654539411626111019, 0.510975236590712166487190606378378678
Vector b: 0.445385452799532983845410671700645686, 0.111454843927801803927087012027976140, 0.701583503420946076801070460137042226, -1.536032513998857298777485404473986195, 1.964610754519040193405053508582389693, -1.493612462553060537825362392526469149, -2.031722645706989546684852678699603232, 1.816382594410161992334697610495213541, 1.021950473181424332974381212756791253
---------------------------------------------------------------------------------------------------
| Order |                  Error^2                   |                 Efficiency                 |
---------------------------------------------------------------------------------------------------
|   2   | 3.010614843830413486852611762971391704e-66 | 1.994226844066884485317902119771785156e+30 |
|   4   | 3.104842156040303169051539738122846500e-70 | 6.794923181576706732843584299229017334e+29 |
|   6   | 2.035499386140645842343233948222152692e-71 | 9.182712427733818483895924571337876320e+27 |
|   8   | 1.530490547098334161455464828387691961e-07 | 3.664319242318111301764750487599363276e-07 |
---------------------------------------------------------------------------------------------------

Scheme evaluation results:
Order: 8, No. cycles: 17
---------------------------------------------------------------------------------------------------
Vector a: 0.689887589330525807635145866819417250, -0.369744488755516774341181461743482126, 0.390745884728076620913098737659919115, -1.015577886409473353496074545512685844, -0.065621876406277296632487595915530850, 0.189222775313831421618322272311685898, -0.629430809878140076990345552934078053, 1.080188324475219958408835877936783114, 0.730330487601753692884686401377971449
Vector b: 1.231822550751877495620195714015206239, -1.083869922842703375970099694391651742, 0.344380945331669827287736770904799386, 0.437110824124483414538460704414875669, -2.468266596943430121530609795440116249, 2.337022844130875528265634603609075783, -1.958577293503212685028990058985674472, 0.699715673746932531048298953117526358, 1.460660975203507385769372802755958884
---------------------------------------------------------------------------------------------------
| Order |                  Error^2                   |                 Efficiency                 |
---------------------------------------------------------------------------------------------------
|   2   | 1.441057378850931219178828680116846969e-66 | 2.882448260195095563918249471475612305e+30 |
|   4   | 1.141599230747793261251711141856157267e-70 | 1.120591904730388066142355933118180420e+30 |
|   6   | 9.190584667825842687002279493336596822e-72 | 1.366579499892604143355918715133291435e+28 |
|   8   | 1.623905514412705075070222641431343608e-07 | 3.557363548914936498498855077171857565e-07 |
---------------------------------------------------------------------------------------------------

Scheme evaluation results:
Order: 8, No. cycles: 17
---------------------------------------------------------------------------------------------------
Vector a: -0.784589173033519109651212176723530310, 1.058475574496608281059101257922002962, -0.169955949873836593832848319858186059, 0.294478515697867605359079115074962736, -0.048950859245826397113434490383356113, -0.638589730184208888773728052059936909, -0.218402957935006363445795541217588469, 0.353674335241082614439199060187682821, 1.153860244836838851959639147057949244
Vector b: -1.136077390502699224167302762249431020, 0.702976434938360229032181171051798819, 1.413974714054856333086021344792190254, -1.753886613802529520751717984508526693, 2.342843645198264731469876214658470269, -2.440745363689917525696745195425194098, 1.163565903321499748149289091305334723, -1.600371819191512475040880173740534868, 2.307720489673677703919278294115892710
---------------------------------------------------------------------------------------------------
| Order |                  Error^2                   |                 Efficiency                 |
---------------------------------------------------------------------------------------------------
|   2   | 5.526228157854001222272440047264274934e-69 | 4.654657729410289316994825605131635938e+31 |
|   4   | 4.088586043470658133662588986089992943e-70 | 5.921309252252801090181568935413565674e+29 |
|   6   | 3.611616812551890645287356213409085862e-71 | 6.893751728922096001986538208089741707e+27 |
|   8   | 1.676032429885520681776977882146777871e-07 | 3.501607148068513518771521186967929822e-07 |
---------------------------------------------------------------------------------------------------

Scheme evaluation results:
Order: 8, No. cycles: 17
---------------------------------------------------------------------------------------------------
Vector a: -0.100017759545806158148553937705957327, 0.418965337904389799198116075713271861, -0.734969558196237767638609633373245373, -0.144889366485745260492045170355443770, -0.236565117496071235701655537913690446, 1.193139461441209609708397239186021741, -0.427463080243338048452355055077137396, -0.129648595430205545778919153211243267, 1.161448678051804607305625172737423942
Vector b: -1.675133674859297205271097982665209468, 3.150231830626982094245088089918505945, -2.312301154818202495848855938491961549, 0.842362038425726960571636671745517989, -1.132140771397217481555727012456431674, 0.659010536405075010152415936629013755, 1.727268386477344209264378541743054282, -2.582194546964020306169088651897326667, 2.322897356103609214611250345474837484
---------------------------------------------------------------------------------------------------
| Order |                  Error^2                   |                 Efficiency                 |
---------------------------------------------------------------------------------------------------
|   2   | 2.647518335485777627764966115883954805e-67 | 6.724851041902409646726524578289381836e+30 |
|   4   | 1.367283732790427733535727474183751452e-70 | 1.023941136702131679716669361937531982e+30 |
|   6   | 7.673339395224075182991278266320508624e-72 | 1.495595906824137815189288730627800751e+28 |
|   8   | 1.691615588824221385572285140631465280e-07 | 3.485441433777508291986006624017467189e-07 |
---------------------------------------------------------------------------------------------------

Scheme evaluation results:
Order: 8, No. cycles: 17
---------------------------------------------------------------------------------------------------
Vector a: 0.634285290511700933240941998880297958, -0.290144382394211234161879345393604582, 0.377924628532620170550862354723419394, -0.872816412019354009867861250506734315, -0.635627245858849637034874897713348674, 1.096379815965838012281114291182146679, -0.559206294381450148389793276225776254, -0.019603867799268621514122139218756219, 1.268808467442974534895612264272356014
Vector b: 1.172369692493991706525496887873760519, -1.076168803964581546569109777986929744, 0.495880039176159078245351087199717114, 0.259969217889081262856373622247028988, -2.005602041927789282592096123260398964, 0.734347550210090008522346327833654237, 1.458412081721586016039882254530677640, -2.576824670484486312819468806982356104, 2.537616934885949069791224528544846458
---------------------------------------------------------------------------------------------------
| Order |                  Error^2                   |                 Efficiency                 |
---------------------------------------------------------------------------------------------------
|   2   | 2.848916638198883710818368928913299294e-67 | 6.482794969555187827512557408287521484e+30 |
|   4   | 1.561043428705557878039755602761243169e-70 | 9.582897033755175444743632946476384277e+29 |
|   6   | 2.139540158846710758854656140582320600e-71 | 8.956663341080442925806952150251181602e+27 |
|   8   | 1.740687610293724823790997716994537281e-07 | 3.435960874899143917168152267379748138e-07 |
---------------------------------------------------------------------------------------------------

Scheme evaluation results:
Order: 8, No. cycles: 17
---------------------------------------------------------------------------------------------------
Vector a: 0.444346137038472909731533877684607146, -0.188209904760768753696243538874231248, -0.366227214681573565488990686484216399, -0.644638085132572521999629773490433726, 1.073858292776253443020523789206957073, 0.766239948991960740229629765905483146, -1.271634631936706241034067680975344149, -0.048043183883953898971856594477732851, 1.234308641588887888209100841504911174
Vector b: 1.229302449570668868876200281873447492, -1.569912625064391918289332808377683194, 1.193492815542854410896845730629240198, -1.925947244906001541874827103597694663, 0.636671074640856497875567556616845701, 1.511045510911650388165480021797080193, 0.021434387072271092293779510014231181, -2.564703650945683574361914871965199168, 2.468617283177775776418201683009732215
---------------------------------------------------------------------------------------------------
| Order |                  Error^2                   |                 Efficiency                 |
---------------------------------------------------------------------------------------------------
|   2   | 4.493880742867756012376400448103066671e-67 | 5.161683671227101874582280112677470703e+30 |
|   4   | 2.236416681879382119745489431125599281e-70 | 8.006227985864328298761945523911339111e+29 |
|   6   | 1.003565103327894428248558479581534152e-71 | 1.307777002889135568008212350234419632e+28 |
|   8   | 1.769495770821250289852058957904303244e-07 | 3.407876631410415862586347723459326074e-07 |
---------------------------------------------------------------------------------------------------

Scheme evaluation results:
Order: 8, No. cycles: 17
---------------------------------------------------------------------------------------------------
Vector a: -0.647556853885288550109664257570234053, 1.153181191559070494410126505415639610, -0.162534085314070004448232953922425282, -0.180788233886868209405143336226449684, 0.755465191798261769943384207932101344, -0.045222283129850014620746310472744088, -1.373849944117834386918281937079603101, 0.243862438650425687047734500092232308, 1.257442578326153214100823581831482996
Vector b: -1.342066226385555914863942717617274342, 1.389018745000534729508556920094133349, 0.917343638117606259311696090737079041, -1.242411808745746268208161998581940969, 0.880835340972009849397875326129031827, 0.630095042624513690488893089735001475, -0.720539608884213719730385710680473763, -2.027160279351455054106178163478500365, 2.514885156652306428201647163662943651
---------------------------------------------------------------------------------------------------
| Order |                  Error^2                   |                 Efficiency                 |
---------------------------------------------------------------------------------------------------
|   2   | 9.765644318606726617121834243293394656e-67 | 3.501480451016346559085154288165048340e+30 |
|   4   | 6.449695181415915882687256719951449513e-70 | 4.714490006769525847050437215932166748e+29 |
|   6   | 3.728914711220627064376884178356517736e-71 | 6.784459380769385617047008677632499695e+27 |
|   8   | 1.795326264601640777299595038051052194e-07 | 3.383272173206237243348459152262806644e-07 |
---------------------------------------------------------------------------------------------------

Scheme evaluation results:
Order: 8, No. cycles: 17
---------------------------------------------------------------------------------------------------
Vector a: -0.758824727228164393786623632096493914, 0.640863793883746013614835364229999776, -0.043126510806466149777309078640971605, 0.532114614259665599170335164408283900, -0.186734159669421475640101432580179265, -0.435490388675127534104001510384239907, -0.318685619673939650952655748842138013, 0.393974874872920315791111833162874285, 1.175908123036787275684409040742864779
Vector b: -1.262925788682408788944561702833930863, 1.008202122908488790315876141474898551, 0.273525464859003236913794586986016588, -0.359778486471935536468412744268048030, 1.424007714991266734809083073083752484, -1.797476034330109686089285938244102637, 0.926495256979854617881282917475678578, -1.563866496327733919786594415159989463, 2.351816246073574551368818081485724937
---------------------------------------------------------------------------------------------------
| Order |                  Error^2                   |                 Efficiency                 |
---------------------------------------------------------------------------------------------------
|   2   | 2.234941596654432612301250640991107011e-68 | 2.314563328233851382962054291564035156e+31 |
|   4   | 1.208101873982926930200606236648614487e-70 | 1.089312621004685938128015997232032227e+30 |
|   6   | 1.058182824120878224392889384667442719e-71 | 1.273579669612849856870573597410339165e+28 |
|   8   | 1.925991659720414069988217317852937769e-07 | 3.266490713965908169180201865263723985e-07 |
---------------------------------------------------------------------------------------------------

Scheme evaluation results:
Order: 8, No. cycles: 17
---------------------------------------------------------------------------------------------------
Vector a: 0.179265588628060406511067834941433881, -0.818474939162178958696600725915171322, 1.107425800507717022768852590782410225, -0.301538637226696399605508195759419643, -1.037392317273539407309893647364970032, 0.595206620788498460902002728685729552, -0.286089699019037872981962669617548363, 0.420547703593588409566530012494735257, 1.141049879163588338845512071752800541
Vector b: 1.208518504013576975667152360988261266, -2.058505830771033138312169052093634259, 0.421555952446675220918967600263243660, 1.793295648568758824618737581301630716, -2.396372923022151623829753972820489165, 0.321588288475072809209966678090486220, 0.868824953101924112594038779281008996, -1.441004351139999858557964118516120360, 2.282099758327176677691024143505613023
---------------------------------------------------------------------------------------------------
| Order |                  Error^2                   |                 Efficiency                 |
---------------------------------------------------------------------------------------------------
|   2   | 7.536158768597287099022007846675047539e-67 | 3.985906780668111164571837996201597656e+30 |
|   4   | 9.908186367106883336481657474131525304e-71 | 1.202838252661037472211243889856832520e+30 |
|   6   | 9.204195269468671531731888383872370252e-72 | 1.365568718946808875592020047640292549e+28 |
|   8   | 1.945184233375662985504069324308598608e-07 | 3.250336004281618988221735059835589766e-07 |
---------------------------------------------------------------------------------------------------

Scheme evaluation results:
Order: 8, No. cycles: 17
---------------------------------------------------------------------------------------------------
Vector a: 1.263582157085459978762912301613578313, -1.299856588105433857660083057883125600, -0.603814046238005620302728627630020458, 1.192257326250548148504263940964852586, -0.140371340471060181899099912774400158, -0.274470889649484178474202925707605409, -0.651731902668954275139956894111034350, 0.254026855036221940269063638396272010, 1.260378428760708045939831537131483090
Vector b: 1.256086592936295894721916808459133477, 0.014991128298328168081990986308908405, -2.614704304509195883402157102075183242, 1.407076212033184642796699846815091482, 0.977438440467911654211828035114726935, -1.258181121410032018010027860663536352, 0.709239342111063661061622009248292505, -2.012703147448972211341535797470421197, 2.520756857521416091879663074262988135
---------------------------------------------------------------------------------------------------
| Order |                  Error^2                   |                 Efficiency                 |
---------------------------------------------------------------------------------------------------
|   2   | 2.065709066029319011577240219682995959e-66 | 2.407507115985212022652827921213262939e+30 |
|   4   | 1.096055532255647198075273676672493079e-69 | 3.616496384427039240286375750463784180e+29 |
|   6   | 2.295956500578656443659613033592192307e-71 | 8.646187391961017050598701599204566002e+27 |
|   8   | 2.070126355484083260092927399734994722e-07 | 3.150722843477596483811304392656577265e-07 |
---------------------------------------------------------------------------------------------------

Scheme evaluation results:
Order: 8, No. cycles: 17
---------------------------------------------------------------------------------------------------
Vector a: 0.453994114470710225635356445498231118, -0.599761615075357699943160553567962669, 0.774539816200433001932967374291241187, -0.692383823604745920221377773713744609, -0.854126073881079605386170323447209816, 1.334072101569150320386685752461020690, -0.251208327207826424721821238502374714, -0.326087898039695937505128594179100324, 1.160961705568412039822648911159899184
Vector b: 1.568322470301298474565962337999468860, -2.228656711661176497861211785002499365, 1.029133481510461097974890677866587316, 0.519946150890404905891044070715859814, -1.904713798099896746333799618143323416, 0.196461650337737535561458971248856262, 2.471682552800563105211912533673229656, -2.974099207216215954655555010677970706, 2.321923411136824079645297822319791820
---------------------------------------------------------------------------------------------------
| Order |                  Error^2                   |                 Efficiency                 |
---------------------------------------------------------------------------------------------------
|   2   | 1.188331487119035330426384178946750476e-68 | 3.174193184962372939786829502621491406e+31 |
|   4   | 7.892590297139906497807166781964391024e-70 | 4.261814423480453229374657094128181152e+29 |
|   6   | 4.264877058983499316717286252232283094e-71 | 6.343854497561285634261440154594766617e+27 |
|   8   | 2.105995364067024860430659744547636434e-07 | 3.123776285263883910774769250120241962e-07 |
---------------------------------------------------------------------------------------------------

Scheme evaluation results:
Order: 8, No. cycles: 17
---------------------------------------------------------------------------------------------------
Vector a: 0.535121766330807950467618813796372091, -0.698757889396520969998037310477787848, 0.739850613361244432333279530090817261, -0.536474972247268296162103008983243835, -0.937158768936374016864855613918557318, 1.314424154431390857180357704716389521, -0.192973272371875247863741705018791945, -0.301270516044667866378115536884322953, 1.077238884873263157285597126679124953
Vector b: 1.444158446514132550715796303257992245, -1.818073360366649200496354978923227019, 0.420557581573607260500280357967632063, 1.059143645148881604166278702214033275, -2.132093589643418196490484720180536159, 0.257776051770670162760773492343436642, 2.371072257092111551599941917089324970, -2.757018801835862047327425327126910833, 2.154477769746526314571194253358254913
---------------------------------------------------------------------------------------------------
| Order |                  Error^2                   |                 Efficiency                 |
---------------------------------------------------------------------------------------------------
|   2   | 3.196654714825829465730719109683390499e-69 | 6.120040454281172481117672639245489062e+31 |
|   4   | 2.122977498887536755590974560321045424e-70 | 8.217346853668852214700883220877713623e+29 |
|   6   | 1.277587074703418608408171362154823926e-71 | 1.159074141579125124746367170759530258e+28 |
|   8   | 2.146642846814515537818822224350348398e-07 | 3.094060006378365204371623267385371873e-07 |
---------------------------------------------------------------------------------------------------

Scheme evaluation results:
Order: 8, No. cycles: 17
---------------------------------------------------------------------------------------------------
Vector a: 0.801507335242595390228432552186169091, -0.894248144562814210335146236480103516, 0.071601979299519155510217359554494146, 0.756642149344151505313785678414950436, -0.160971281925974227327082359539940715, -0.929631688686325404932936714641404230, -0.066572549448368578110509888580744701, 1.335099508883161919349922833346639735, 0.086572691854054450303316775739939755
Vector b: 0.464276350043652381208748878720335893, 0.674461970397886018039367346931909256, -2.462958259523514438709659819892352214, 2.606162218122552749730094539001357790, -1.092877919434249739102523182171306118, 0.770935355582301284448358463091299792, -2.630198732954952094314231892374279468, 2.497053634058214938093212115212775188, 0.173145383708108900606633551480259881
---------------------------------------------------------------------------------------------------
| Order |                  Error^2                   |                 Efficiency                 |
---------------------------------------------------------------------------------------------------
|   2   | 9.211889542936473155848651598655606189e-67 | 3.605186999689114827295180276116759277e+30 |
|   4   | 8.633178713540670928657043107785498073e-70 | 4.074918704244422007930738145464806519e+29 |
|   6   | 2.306051816648669054785975651972172320e-71 | 8.627241214643867785421376787102113724e+27 |
|   8   | 1.843391727258767872870814599229136130e-07 | 3.338872321163935348222266876523410026e-07 |
---------------------------------------------------------------------------------------------------

Scheme evaluation results:
Order: 8, No. cycles: 17
---------------------------------------------------------------------------------------------------
Vector a: 0.638224723491641899838328339600707875, -0.128581270585387130738247384508762396, -0.893729786373823353384171836396862027, -0.026562286604523426806419499807715366, 0.317217708566436564453791382370086329, -1.094312646784148544173676443360269467, 0.333659205255392195506312722660256145, 1.099029052178100208873947168357438274, 0.755055300856311586430135551085120586
Vector b: 1.300854303591917785688792318638574484, -1.325259160200551771700927958075759989, 1.068096619029777510224433189058231875, -2.855556191777424216992776861851796654, 2.802431618568377363379937862236369336, -2.167996201435504234472355097496419700, -0.020629092132792853874997789224167222, 0.687947502643577244887623234544801583, 1.510110601712623172860271102170166254
---------------------------------------------------------------------------------------------------
| Order |                  Error^2                   |                 Efficiency                 |
---------------------------------------------------------------------------------------------------
|   2   | 4.232465927059725893107330946973363342e-67 | 5.318699108774361764951452041066541016e+30 |
|   4   | 3.716410014142120838753779137108535212e-69 | 1.964004613694272132192232994070697021e+29 |
|   6   | 3.375886060738117989063687790885352713e-71 | 7.130378459709602494348218667165968895e+27 |
|   8   | 2.415919581673738288843026026423040988e-07 | 2.916536339473519664346961573732924939e-07 |
---------------------------------------------------------------------------------------------------

Scheme evaluation results:
Order: 8, No. cycles: 17
---------------------------------------------------------------------------------------------------
Vector a: -0.651554844997391064938976866960381611, 1.433640736678021988172497229121496686, -0.038000343833711769969226586165742977, -0.487599198148151893979820410241156633, -0.771937078462462213627478407062859621, 0.402696326357952684150449485188586836, -0.012888306370181576249243016134729237, -0.177610640355965491576658595036292028, 1.303253349131889338018457167291078420
Vector b: -1.342254449063714573532935418065506274, 1.381399208132647017187917102210116823, 1.485882265223396959157077356033212430, -1.561882952890820499095530528364703114, 0.586684556594516711135889707882235966, -2.130558713519441138390846522008102059, 2.935951366235346506691745492385466495, -2.961727978975709659190231524654918033, 2.606506698263778676036914334582197670
---------------------------------------------------------------------------------------------------
| Order |                  Error^2                   |                 Efficiency                 |
---------------------------------------------------------------------------------------------------
|   2   | 1.130395063508517790041534335547508562e-65 | 1.029169793704502387368142889111043457e+30 |
|   4   | 2.516382197775374365966782105452675171e-69 | 2.386799908043441092646404936318610535e+29 |
|   6   | 1.124575960738733295783934580518279631e-70 | 3.906718093297963719895769229022391319e+27 |
|   8   | 3.051185226427188847761638193694354366e-07 | 2.595220974665883256358723146654325712e-07 |
---------------------------------------------------------------------------------------------------

Scheme evaluation results:
Order: 8, No. cycles: 17
---------------------------------------------------------------------------------------------------
Vector a: -0.734002805751565132245231925975849766, 1.053214401888874608525722034976590813, 0.467980592780486814824939027954942250, -0.680551391417627857940421903362772130, -0.809513774980808425817345816082455164, 0.532454446066516242823923844091807865, -0.364050348080009432085825881979939787, 0.271661635993243455995136519237278978, 1.262807243500889725919104101140396989
Vector b: -1.353558185062012898808720989885917941, 1.239110758620895533126978127820113432, 0.867318045156853683924465942133111047, 0.068643140404119945725412113776755289, -1.429745923239375661606255920502279483, -0.189281626722241190028435711662679114, 1.254190518855273675676283399846330159, -1.982291215015292539847935163806232555, 2.525614487001779451838208202280799371
---------------------------------------------------------------------------------------------------
| Order |                  Error^2                   |                 Efficiency                 |
---------------------------------------------------------------------------------------------------
|   2   | 2.644258291017400011312662832939235200e-67 | 6.728995221102074199216325972667651367e+30 |
|   4   | 3.893942003895486318028921295081750466e-70 | 6.067497066703976610895248076597694092e+29 |
|   6   | 2.549200268725037777437707895735002674e-71 | 8.205489497277123206530134166469751358e+27 |
|   8   | 3.125114619876380131161316807548291930e-07 | 2.564340276893179855951707290342005150e-07 |
---------------------------------------------------------------------------------------------------

Scheme evaluation results:
Order: 8, No. cycles: 17
---------------------------------------------------------------------------------------------------
Vector a: 0.354324006605439927472956760628490210, -1.517296706292298840645803477361372828, -0.150542073011428519445775688759845345, 1.660269574240812866016862706009266012, 1.452387072309955370584100760118245527, -1.547810769851238407185001135960551791, -1.074423700119109165438652584303423166, 1.144753122458577484885864432069573300, 0.678339473659289283755448227559618227
Vector b: 1.520169558888293793856154950486438897, -2.331691104565707732766396379715773826, -0.702902308018889948525210575007448209, 0.401818161996032909633659197487755834, 2.918720986485592822400066214531253386, -0.013946841865682081231864694294230069, -3.081674697836794733138137577627430939, 0.932827297598576402260832409020178813, 1.356678947318578567510896455119255905
---------------------------------------------------------------------------------------------------
| Order |                  Error^2                   |                 Efficiency                 |
---------------------------------------------------------------------------------------------------
|   2   | 1.288605021558883516471812656854750995e-65 | 9.639227880723979955517214678201572266e+29 |
|   4   | 4.597155279831082408566838188328571282e-68 | 5.584184101346100673931171788146892548e+28 |
|   6   | 8.883454640772672668803512386644777425e-70 | 1.390002326495502152135205486815690994e+27 |
|   8   | 3.086408506693909692133967469011328059e-07 | 2.580369651154300044248200333214171080e-07 |
---------------------------------------------------------------------------------------------------

Scheme evaluation results:
Order: 8, No. cycles: 17
---------------------------------------------------------------------------------------------------
Vector a: -0.736849342982650872763634730875338877, 1.135045414136868950009871726304346270, -0.234688308808732654877323615568212594, -0.557805643825038471765736498403803121, -0.118933547349185471484091519926444674, 0.313133236336927678566285052138972465, -0.337896054995251160256791150717720692, 0.283055966803398953051445965501549776, 1.254938280683663049519974771546651349
Vector b: -1.346857946904314219723732491082056249, 1.220017207843326693920195520413375425, 1.050073620430411206099547932195374508, -1.519450238047876515854195163331791510, 0.403838950397799572322722166523629446, -0.641706045096170515290905206376348445, 1.267972517770025872423475310654724976, -1.943764627760528192937057612090216050, 2.509876561367326099039949543093308091
---------------------------------------------------------------------------------------------------
| Order |                  Error^2                   |                 Efficiency                 |
---------------------------------------------------------------------------------------------------
|   2   | 1.045025365696602607210552366168451171e-67 | 1.070381861928990616001746052157422656e+31 |
|   4   | 1.040872487869046919585764980993645598e-69 | 3.711124718112224760092090927227706909e+29 |
|   6   | 2.685306285153326224733796801092736972e-71 | 7.994835966327023676924463165358794212e+27 |
|   8   | 3.381775010547566990526827177799809844e-07 | 2.465109830873314111975679763473096885e-07 |
---------------------------------------------------------------------------------------------------

Scheme evaluation results:
Order: 8, No. cycles: 17
---------------------------------------------------------------------------------------------------
Vector a: 0.591297761605400536982524643432694630, -0.435824934544919004313238798329586635, 0.518701132510325707362276812955877121, -0.849547584408962994540045687666907350, -0.215203315866957004215491663680888666, 1.149818956471686656978757295945163864, -0.968535782134578194709067339127689567, -0.191563971645910662600657629056591478, 1.400857738013914959054942365527928032
Vector b: 1.654235068256212008950369638216176625, -2.125874613301622943935689989566970537, 1.254224744211784935309212392907782148, -0.216822479191133520584658766995561374, -1.482272689626792468495432608338801759, 1.051866057892878460064449280977031312, 1.247771855050494853893065310913522713, -3.184843419319651243311199989168962127, 2.801715476027829918109884731055782879
---------------------------------------------------------------------------------------------------
| Order |                  Error^2                   |                 Efficiency                 |
---------------------------------------------------------------------------------------------------
|   2   | 6.075455093984841327361868132256619506e-66 | 1.403824280405065305010773712630789551e+30 |
|   4   | 1.602925944445131422739485279481599206e-69 | 2.990526018988237112041290194482879639e+29 |
|   6   | 2.129744476710987946357753853652540962e-70 | 2.838851801976862361805006883928343296e+27 |
|   8   | 3.453358723885769586956265217734425583e-07 | 2.439426751227575900982930044675322143e-07 |
---------------------------------------------------------------------------------------------------

Scheme evaluation results:
Order: 8, No. cycles: 17
---------------------------------------------------------------------------------------------------
Vector a: -0.651240444815822927337701221395189504, -0.238505483188778144366795302568990954, -0.011063642106890236362498145171120670, 1.453716331025065873523513056104411800, -0.125032946983148872183135845616412639, -0.282549709808747939328857525287155410, -0.685341629855545660897324142364168165, 0.253621751936197182450322400967892274, 1.286395773797670724502476725330733319
Vector b: -1.372565779927473944556365258432435260, 1.442650670223302034437328074074369214, -1.919661636600858323170918679212891779, 1.897534352387077850445922388870694203, 1.009898309663053896601103723338673086, -1.259964203629351640967375414571489313, 0.694864784011855762309660363997287597, -2.065548043722947084104308648725724749, 2.572791547595341449004953450661517096
---------------------------------------------------------------------------------------------------
| Order |                  Error^2                   |                 Efficiency                 |
---------------------------------------------------------------------------------------------------
|   2   | 3.921109041131966455131448652954413841e-67 | 5.525832258844414490937429776884723633e+30 |
|   4   | 3.323575716915010106256589109744739705e-69 | 2.076832760643713035587763094446203308e+29 |
|   6   | 5.454117843107999408161610584934856707e-71 | 5.609759118039483813345724737601086617e+27 |
|   8   | 3.466734758732707247846386735435611390e-07 | 2.434716065943310153808056938518952171e-07 |
---------------------------------------------------------------------------------------------------

Scheme evaluation results:
Order: 8, No. cycles: 17
---------------------------------------------------------------------------------------------------
Vector a: -1.339667704200932163415370238800366615, 1.172574862121261509774621412526537402, 0.253656937875682652746769644770511872, -0.917193003845073302662607785692452720, 0.377235362949769149949510956244575211, -0.401304052124278782086746002493301498, -0.140067642266714408333476721582629252, 1.295299337834737414604185738332085860, 0.699465901655547929423112996695039739
Vector b: -1.298754287973293679258906725345715460, -0.081826832455276968312927026909304584, 2.426976556697799987862169851962382121, -1.919662680946434682368630562421353370, 0.085276673256288077043414991036433630, 0.669194052643250222855606921452744958, -1.471802156891807787029098926439370390, 1.191666872358378970362145483274105916, 1.398931803311095858846225993390077167
---------------------------------------------------------------------------------------------------
| Order |                  Error^2                   |                 Efficiency                 |
---------------------------------------------------------------------------------------------------
|   2   | 7.027206965169528797187076569728926422e-69 | 4.127725277841197034932339873203375781e+31 |
|   4   | 6.648937808023304388195050135599595948e-70 | 4.643315343791320774099755333914183350e+29 |
|   6   | 2.626888488267940464933459175193098801e-71 | 8.083243339292429747971446004669123650e+27 |
|   8   | 4.525929910322418070787921155805151518e-07 | 2.130859018407241537189565306237837452e-07 |
---------------------------------------------------------------------------------------------------

Scheme evaluation results:
Order: 8, No. cycles: 17
---------------------------------------------------------------------------------------------------
Vector a: -1.402310287125088694586820892564400011, 1.256293020630119732482021300047334301, 0.265912035031472208598117620778167325, -0.630906031203799272278043731300076479, 0.373748953799954343310953534187598404, -0.739722385812010911297066786404645020, -0.124435859621248913765899215385230180, 1.301521780233287144247182707293421299, 0.699898774067314363289555463347830446
Vector b: -1.374372767695193386308186979270104523, -0.055875038859790616557267826588646436, 2.568461080120030081521310426683365118, -2.036637010057085664325075185127021898, 0.774824947649487119768987722526968896, -0.027327040049578433147080654149704455, -1.452117731574443389447052918661747198, 1.203246012331945561915254487891249307, 1.399797548134628726579110926695641247
---------------------------------------------------------------------------------------------------
| Order |                  Error^2                   |                 Efficiency                 |
---------------------------------------------------------------------------------------------------
|   2   | 1.074655547642523610077042204488236026e-66 | 3.337855370637376973130070795001652344e+30 |
|   4   | 2.720117290175774560813144498249035471e-69 | 2.295675498032412800562892214688283997e+29 |
|   6   | 4.165613801228099279637558062556441581e-71 | 6.418994003247603492202023053750050545e+27 |
|   8   | 4.767357557253828240906619474622080007e-07 | 2.076202769907605155848006354668714288e-07 |
---------------------------------------------------------------------------------------------------

Scheme evaluation results:
Order: 8, No. cycles: 17
---------------------------------------------------------------------------------------------------
Vector a: 0.403129201422585398525830783643586643, -0.123459974639264651436400657531677549, -0.086619215610082555074318792852897324, 0.251506203747571860527280489787072778, -1.301222000828917151681034281135682316, 1.242374664298654432533899539965870389, -0.221640518423575592768309096775313507, -0.221791798587066938518540963989304619, 1.057723438620095197891592978888345505
Vector b: -1.297258189639789406212476816463725216, 3.400774782124749609476615200214625740, -3.647694731403278912349416515277941406, 3.474456300183113802200778929572150128, -2.971443892687970081146217949998078047, 0.368999891030135777784149387726868356, 2.115749437567173087283649692204676844, -2.559030474414324272820267885755292737, 2.115446877240190395783185957776716433
---------------------------------------------------------------------------------------------------
| Order |                  Error^2                   |                 Efficiency                 |
---------------------------------------------------------------------------------------------------
|   2   | 6.135983252947719072826299085596913506e-66 | 1.396883136366295642471600410199881348e+30 |
|   4   | 5.158148850530606968871685471243270103e-69 | 1.667083600243577810492170496620458069e+29 |
|   6   | 7.482565364465581545012478334826822254e-70 | 1.514541618962186756835884069731596708e+27 |
|   8   | 5.418073036275901782491704389274990415e-07 | 1.947539171022294363138680020011163652e-07 |
---------------------------------------------------------------------------------------------------

Scheme evaluation results:
Order: 8, No. cycles: 17
---------------------------------------------------------------------------------------------------
Vector a: -0.231209570495420460181077080097591591, -0.697656654216536402853356908386492782, 1.110849782127836059758224914629618406, -0.314608395310534475368472100383061917, -0.696670427166677669439437457258458396, 0.325194382456672380958498657192199750, -0.416165493812433789054504745507132927, 0.677484187805596295906353316842563605, 1.242782188611498060273771402968355684
Vector b: 1.019172958529604402713954069470108659, -2.500765058050049725790062299135409120, 1.105451749616976920083348482362415082, 1.116247814638695199433101346896828663, -1.745464605259764150170045547662968964, 0.352123750926408811291170633146335523, 0.298265013986935950625826681237607002, -1.130596001611803528734836172251635197, 2.485564377222996120547542805936718302
---------------------------------------------------------------------------------------------------
| Order |                  Error^2                   |                 Efficiency                 |
---------------------------------------------------------------------------------------------------
|   2   | 5.542075596241947968915581006023328570e-67 | 4.647998021532392479506745517595817871e+30 |
|   4   | 1.435360507740435577095380990102945028e-69 | 3.160267304204186941376145595351045532e+29 |
|   6   | 3.998525530108409512247895619890910850e-71 | 6.551738198553098424282394364695340157e+27 |
|   8   | 6.575255715572771267508325441071182851e-07 | 1.767878056524667649145426007917784295e-07 |
---------------------------------------------------------------------------------------------------

Scheme evaluation results:
Order: 8, No. cycles: 17
---------------------------------------------------------------------------------------------------
Vector a: -0.165977867056559467287217874939891803, -0.573610355446645527953306994664292107, 1.105241524340699079405764429732798439, 0.385266531622329326887391256269835211, -0.641577072155787593718434500108066143, -0.205919660650665176689325233132062058, -0.522989414901421162359475482750526827, 0.319917410023212473646233400208081076, 1.299648904224838048068370999384124284
Vector b: 1.148692148903537808218015142635178145, -2.629340031920194551010466035150164019, 1.482119321026903495103852045821449227, 0.728363727654494663707676813644167489, 0.042169335590163990067105698897199449, -1.325323479901739177503974699114901211, 0.913484158600408824125324232850850666, -1.959462988403251148844275198352082565, 2.599297808449676096136741998768302880
---------------------------------------------------------------------------------------------------
| Order |                  Error^2                   |                 Efficiency                 |
---------------------------------------------------------------------------------------------------
|   2   | 1.661583086914335084094884254912404652e-65 | 8.488698834674943611066735320128771973e+29 |
|   4   | 5.525732925404377886439841892303054508e-69 | 1.610680382975899617303210554386149597e+29 |
|   6   | 4.257106234517625335443363612826135294e-71 | 6.349641821289751706615161345274760246e+27 |
|   8   | 6.850364670511099480913445133395719263e-07 | 1.732015536340846140997417120612818219e-07 |
---------------------------------------------------------------------------------------------------

Scheme evaluation results:
Order: 8, No. cycles: 17
---------------------------------------------------------------------------------------------------
Vector a: -0.034671365619097546476036470319707349, -0.098283109398142300521308533309354875, 0.463981543496143883820117385074603992, -1.176387897757393479005694106149802304, 1.227534041408679221085504065686907924, -0.286372718694597040635432643267779010, -1.338012076951042279128503248005264408, 1.121969349324017385248562758164408320, 1.120242234191432155612790792125987751
Vector b: 1.878148753052230869827745049125045866, -3.825640237342656832607563038889545658, 3.629074018546372231564945972270842022, -2.701110931554084463924711202121553150, 0.348335136039297505913322989821780794, 2.106732946778060936257685141552194329, -2.679478384167255017528550428087786727, 0.003454230265170459271543932077030718, 2.240484468382864311225581584251992064
---------------------------------------------------------------------------------------------------
| Order |                  Error^2                   |                 Efficiency                 |
---------------------------------------------------------------------------------------------------
|   2   | 5.363506660486564027740668682726312204e-66 | 1.494093392445383873655368701145728516e+30 |
|   4   | 3.547246126271899672542851338636299033e-69 | 2.010289725168707599829718183754334106e+29 |
|   6   | 3.697965112041574695152050383191702517e-71 | 6.812791014424383979087331250730719566e+27 |
|   8   | 7.397409947950386547962652623744746338e-07 | 1.666743558885241350683869726930957230e-07 |
---------------------------------------------------------------------------------------------------

Scheme evaluation results:
Order: 8, No. cycles: 17
---------------------------------------------------------------------------------------------------
Vector a: 0.146660740402703697032686176270380741, 0.483239338203721808214709257668108027, -1.239607354955985646116040738436886105, 1.134488349407970333604979335841082852, -0.225738632858420626992884938316684042, -1.008984784309764602027746961967387703, 1.030862892532438527267158952573507326, 0.587727076324269435588277266115302446, 0.091352375253067073428861650252576482
Vector b: -1.392939959252393950760437795314550786, 3.079201399310195295586247943169953958, -2.112722722902751679156829427833614837, -0.366491987009219613075252049040463163, 2.635468685825160280285210720722923583, -3.086945951542001534270980597356361049, 1.068976382922472330215486673421237628, 0.992749402142404724318831231725835091, 0.182704750506134146857723300505039624
---------------------------------------------------------------------------------------------------
| Order |                  Error^2                   |                 Efficiency                 |
---------------------------------------------------------------------------------------------------
|   2   | 1.847469464149364950198362322052422899e-66 | 2.545736930276672664145922674111062988e+30 |
|   4   | 7.576040485823542707908261954693972239e-69 | 1.375571505776689106315701526891686249e+29 |
|   6   | 1.570001258042240311263366193536169518e-70 | 3.306408216643477257858574277329034328e+27 |
|   8   | 8.536742273688975004845223619609156350e-07 | 1.551538454342401238001352705043008065e-07 |
---------------------------------------------------------------------------------------------------

Scheme evaluation results:
Order: 8, No. cycles: 17
---------------------------------------------------------------------------------------------------
Vector a: -0.065958340577418549162308835661010485, 1.265807620102718869800827153113321015, -0.535247861077757675938572965185687772, -0.372205911279631914935281898739018506, -0.535476807076540923971322132267992613, -1.028766168693202226957985994166533432, 0.697538645873031037564284843788035435, 1.198413695906176944235740253832668384, 0.375895126822624439364619575286218154
Vector b: -1.126498472072123344286599028080932892, 2.121080262989409590248580384839835016, 0.410534977216028149353073921386919440, -1.481030699371543501230219851758341639, 0.736618876812279671359656054280259559, -1.807572490965361519302300318816284845, -0.249959846421042934613671669516865701, 1.645037138167105009742241357092995794, 0.751790253645248878729239150572415316
---------------------------------------------------------------------------------------------------
| Order |                  Error^2                   |                 Efficiency                 |
---------------------------------------------------------------------------------------------------
|   2   | 4.071433313840489880432100033183151185e-67 | 5.422861270572410651003602467952025391e+30 |
|   4   | 2.749424439069555542049399597204115688e-71 | 2.283407483941555348274160136282522949e+30 |
|   6   | 1.602056167100229321960888752485713411e-72 | 3.273162769598520958858482178361289978e+28 |
|   8   | 9.894561497333906116643851159935466518e-07 | 1.441153872033302420629915379165869779e-07 |
---------------------------------------------------------------------------------------------------

Scheme evaluation results:
Order: 8, No. cycles: 17
---------------------------------------------------------------------------------------------------
Vector a: 0.375127443412949642573308316599239284, -0.688074801913173357545631933885828320, 0.621082643155133007095169460967934704, -0.586230750136120851771242305719480682, -0.569392444315732357825944103219559051, 1.168284732108759535931328171592187078, -0.476807344541648950381740289422453280, -0.146948993401937006086635565863258169, 1.302959515631770338011388248951218484
Vector b: 1.505939626684943358944363267752874393, -2.261624366543987432742109902307261647, 0.885474762717640717650846034535566392, 0.356690523592625296539492887400359398, -1.529152023864867000081977498839352492, 0.390367135233402284430089292400273534, 1.946202328984116787432567050784058108, -2.899817018067414688196047629628980654, 2.605919031263540676022776497902462775
---------------------------------------------------------------------------------------------------
| Order |                  Error^2                   |                 Efficiency                 |
---------------------------------------------------------------------------------------------------
|   2   | 9.557001472630559164174424134831339934e-67 | 3.539495225033672382803561575564761230e+30 |
|   4   | 3.339281660317350185518987738514873219e-70 | 6.552058831593320411222889624316202393e+29 |
|   6   | 3.919991451831588793241366655932552567e-71 | 6.617042312606472542844200333355405807e+27 |
|   8   | 1.119229110617991319937042065109598142e-06 | 1.355030685735265558022173909989001775e-07 |
---------------------------------------------------------------------------------------------------

Scheme evaluation results:
Order: 8, No. cycles: 17
---------------------------------------------------------------------------------------------------
Vector a: 0.833547157944071636899118850325107010, -0.096674057260391026734076837405147101, -0.491294560909653267262443052581139488, 0.273545308516028845033033231876731139, -0.132851006657085416149040605885299253, -1.408146851149809027468728367662505971, 0.267466688400715792406845212738189199, 0.932976697983832387133291875889417716, 0.821430623132290076141999692704646771
Vector b: 1.596597803820677644072960194603347539, -1.526101291753212014347682688556411919, 1.332753177232429960879529013746128648, -2.315342299051736495404415118908458564, 2.862432916083794185470481582661923057, -3.128134929397965017768562794432534177, 0.311841227098346962831106059107374998, 0.223092149703084621982584366369318964, 1.642861246264580152283999385409311454
---------------------------------------------------------------------------------------------------
| Order |                  Error^2                   |                 Efficiency                 |
---------------------------------------------------------------------------------------------------
|   2   | 4.391121424520769893786090716949717454e-67 | 5.221730264392949427919472343323852539e+30 |
|   4   | 1.133226264974518718996283764761809062e-68 | 1.124724093708064026681387425493674774e+29 |
|   6   | 1.159538366432120992572009925809084885e-70 | 3.847369610106406845457752378490025043e+27 |
|   8   | 1.522324476797490932125349570579561004e-06 | 1.161863246656305869134440465588739066e-07 |
---------------------------------------------------------------------------------------------------

Scheme evaluation results:
Order: 8, No. cycles: 17
---------------------------------------------------------------------------------------------------
Vector a: 0.765228363927522380667882716224972895, -0.520081121975259194734450148445331712, 0.519791702677422956940257373363043775, -0.609452562944437748190745490464240049, 0.418078501429277856880160442208028651, -0.261435676513254839642025450658263817, -1.208921553344639579445773387425530110, 1.094641039422435474336272515172124830, 0.802151307320932693188421430025195585
Vector b: 1.592656644021032616461897148791712987, -1.654856560187020471588028865133426450, 0.614694316236502082119128568242681078, 0.424889089118343831761386178483604650, -1.643794215007219328142877159412243542, 2.479951217865775041903198043828309126, -3.002822570892284721187248945144854768, 0.584979464203005562295702170293805430, 1.604302614641865386376842860050411585
---------------------------------------------------------------------------------------------------
| Order |                  Error^2                   |                 Efficiency                 |
---------------------------------------------------------------------------------------------------
|   2   | 2.047307926141143132046461689283911966e-67 | 7.647343064468894890952502100502074219e+30 |
|   4   | 6.112512630715227514378284356354799391e-69 | 1.531420405977758616064661364101842499e+29 |
|   6   | 5.577969352260822715895391891658073807e-71 | 5.547130842191852422948800494742128372e+27 |
|   8   | 1.525325977808121401818332588575555801e-06 | 1.160719539991834216547627808202375853e-07 |
---------------------------------------------------------------------------------------------------

Scheme evaluation results:
Order: 8, No. cycles: 17
---------------------------------------------------------------------------------------------------
Vector a: -0.000000000000000000000000000000001105, -0.950538541856084764690006042962937592, -0.480145243256957529787970076988570527, -0.038449602189515939858918169034090199, 1.476824588622752188104369427917857484, -0.464609190546439568093390151910377462, -1.112875025039196756305236861773996980, 1.241670818361844282272294294055399794, 1.328122195903598088358857580696716355
Vector b: 1.435352685259591655548140568190329146, -2.859205717719983636288180707894315521, 0.946628981208614432100068193482321168, -1.906919467722529491676008347459386244, 1.830020263343497611958172009391213344, 1.123628913902006764250566846444171712, -2.052847294994885900437347150264819650, -0.172902755083507612173126573282891462, 2.656244391807196176717715161393377243
---------------------------------------------------------------------------------------------------
| Order |                  Error^2                   |                 Efficiency                 |
---------------------------------------------------------------------------------------------------
|   2   | 1.929494628007097063350652148403776701e-64 | 2.491038101786624681233004808013765869e+29 |
|   4   | 2.980705067792933709241775080593500689e-68 | 6.934973589776729056398722407036011505e+28 |
|   6   | 5.757915712476293173582230185089812854e-70 | 1.726528772176534040259389393385000467e+27 |
|   8   | 1.759852937628381954922106570790939904e-06 | 1.080613627928362062021567873336871471e-07 |
---------------------------------------------------------------------------------------------------

Scheme evaluation results:
Order: 8, No. cycles: 17
---------------------------------------------------------------------------------------------------
Vector a: 0.435305487141450631529972082665081899, 0.438824124037705145713379449317695383, -0.400215669294311275221732654739377101, -1.565356440111211346720841106505439006, 0.124324281789293077271746668560484651, 2.064991305477739962246970590904001083, -0.112214447036354241536529654744964091, -0.539579664054406987751475012234605477, 0.553921022050095034468509636777122611
Vector b: 0.202241349300346453023932157037026765, 0.466128275682208357012079851256176952, 0.411519972393201934414679047378816301, -1.211951310981824484858144356857291965, -1.918761569240598208583537856152977067, 2.167410132819184363127031193273876795, 1.962572478136295561366909988533084983, -2.187001372209004044439969298022954664, 1.107842044100190068937019273554241948
---------------------------------------------------------------------------------------------------
| Order |                  Error^2                   |                 Efficiency                 |
---------------------------------------------------------------------------------------------------
|   2   | 5.552515888651927285604082269653793105e-65 | 4.643626193359408777451056508613137817e+29 |
|   4   | 6.068268917403342707762417047944338822e-69 | 1.536993055513940737695883770021184387e+29 |
|   6   | 3.638334559596418410229081315365850943e-70 | 2.171976669275877576865825077134201765e+27 |
|   8   | 1.941844317461732407928002982226155907e-06 | 1.028730046760720013361872242814464205e-07 |
---------------------------------------------------------------------------------------------------

Scheme evaluation results:
Order: 8, No. cycles: 17
---------------------------------------------------------------------------------------------------
Vector a: 0.307207274294012682778670625923523661, 0.359896471236530984296954087551119847, -0.346990002391342988052396097406678865, -0.738834155700246329094083956595483556, -0.487953901246857850432126524568335974, 1.669202101125857027760804415184625254, 0.123154888526180680249080105293368743, -0.387303481515889559958817155786401703, 0.501620805671755352451914500404262567
Vector b: -0.805921870292504246009714780707810493, 2.226258289173033857576770813262703168, -1.506465346699971888982862638160420622, 0.812485341917285912878070443347016477, -2.290153653317778571066238356538063419, 1.314245850824062870201985307401331383, 2.024158351427651185319623522968124815, -1.777848574375289824821463312381368502, 1.003241611343510704903829000808487194
---------------------------------------------------------------------------------------------------
| Order |                  Error^2                   |                 Efficiency                 |
---------------------------------------------------------------------------------------------------
|   2   | 1.615388256797424258965746735585727849e-66 | 2.722473722042509876450924328325321777e+30 |
|   4   | 5.084091701579567324297844414386124507e-70 | 5.310037973318775158845677870917989502e+29 |
|   6   | 4.334550860131220890260400088497001307e-71 | 6.292662219964524760471791374331523895e+27 |
|   8   | 1.952846900967682200888284023531168240e-06 | 1.025827956475142073823371141012450275e-07 |
---------------------------------------------------------------------------------------------------

Scheme evaluation results:
Order: 8, No. cycles: 17
---------------------------------------------------------------------------------------------------
Vector a: -0.579319583251244521604255380650007187, 0.284470972071992167058230432998481659, -0.288220636959264754079011169539811151, -0.170664009687195946152039610091623940, 0.895486464707807962954195752650056674, 0.224924307732040338736541535523214843, -1.282870680793428803703390704683928617, 1.094542005776134595194203179564624885, 0.821651160403158961595525964228992785
Vector b: -1.866546551785942309673871075989653067, 2.574453937069395576139231390679154634, -2.005511992925411242022770524681983411, 1.429070719006881733864748185602399820, -1.770398738381273626168827405785807936, 3.561371667796889552077218911086104440, -3.111523052332808874604135840039632190, 0.545781690745951267197354430671451400, 1.643302320806317923191051928457966311
---------------------------------------------------------------------------------------------------
| Order |                  Error^2                   |                 Efficiency                 |
---------------------------------------------------------------------------------------------------
|   2   | 4.270015300360080855939207510113029571e-66 | 1.674508828639115397746598185026076172e+30 |
|   4   | 3.963566380250567086065444045254757873e-69 | 1.901784250495289265529756722774192505e+29 |
|   6   | 1.247221839170844031311900389055570138e-70 | 3.709664365589580162009370250577608585e+27 |
|   8   | 2.226383453077579750861469493760291341e-06 | 9.607461353892448866349927260130664818e-08 |
---------------------------------------------------------------------------------------------------

Scheme evaluation results:
Order: 8, No. cycles: 17
---------------------------------------------------------------------------------------------------
Vector a: 0.349419948200305013603585964808566226, -1.157486101400989413050081423739602950, 1.089444778711365305184208780021709312, -0.929082456479208786694444616370765076, -1.810215215141521888613951979527604304, 1.331865837336450513528587782477992326, -0.030631095925754643144714283524389745, 0.397912890698633663129261841603842269, 1.758771414000720236057547934250252324
Vector b: 1.713579659690228046173352832055894548, -2.728319422979846065139533734494430733, 0.413347220177867239039370887014139572, 1.765542337244863371329046673030255498, -3.623707250203280944717935905772539844, 0.003276819920237167490031946714282448, 2.660454854752663859567143618244276745, -2.721717046604173145856572185293095710, 3.517542828001440472115095868501217626
---------------------------------------------------------------------------------------------------
| Order |                  Error^2                   |                 Efficiency                 |
---------------------------------------------------------------------------------------------------
|   2   | 2.366687962619161460645709712812202232e-64 | 2.249218548373204379691912382500610657e+29 |
|   4   | 1.248483835400141767327563503836472633e-67 | 3.388541841218087359153678211606679153e+28 |
|   6   | 3.096448881453054466700131302483457735e-68 | 2.354368911046217211072935754395940304e+26 |
|   8   | 4.570777949703394462636944271944979568e-06 | 6.705228266857740996650816896674230271e-08 |
---------------------------------------------------------------------------------------------------

Scheme evaluation results:
Order: 8, No. cycles: 17
---------------------------------------------------------------------------------------------------
Vector a: 2.132293927844501214129857711266295240, -0.056964016554614956087039417164646571, -1.533789147414975500501908421412528627, -0.480832726937528184497043770207825381, 1.056788567355355570533409848019996705, -1.476696022132543885917816040002356251, -1.794105446708636336330071192020576235, 1.578230200895754743228510788625984981, 1.575074663652687335442100492895656211
Vector b: 1.872525129457864566546776877495135693, 0.519537596773273295166161667541866212, -0.633465629882503207340240501871112505, -2.434112664947447793663576340953683882, 1.472447211072391424669488800538130764, 0.641129923638319716397330895501713097, -3.594521967903407488232962975506132183, 0.006311074486134815572820591462911552, 3.150149327305374670884200985791171059
---------------------------------------------------------------------------------------------------
| Order |                  Error^2                   |                 Efficiency                 |
---------------------------------------------------------------------------------------------------
|   2   | 3.373638906742418732241317337104501501e-66 | 1.883878366612603401468505550986641602e+30 |
|   4   | 1.316165131865378975558042207436634468e-67 | 3.300267357636749686768891257617893982e+28 |
|   6   | 6.754565827005954924924797187348450864e-69 | 5.040896174090439264772145604148155451e+26 |
|   8   | 6.417132422321658181359564437674679711e-06 | 5.658979599116528022536337853891016165e-08 |
---------------------------------------------------------------------------------------------------

Scheme evaluation results:
Order: 8, No. cycles: 17
---------------------------------------------------------------------------------------------------
Vector a: -2.164828126650561144259890464990761359, -0.008255922027860216316393070141703146, 1.421432431540165049243098532743141638, 1.311896091464345290599509484029596705, -1.172117616638324409241046139513115487, 0.316336647789213099573835096993650747, 0.658280485123024364492418280325932891, -0.208347628076235806352244697118845348, 0.845603637476233772260712977672103443
Vector b: -1.823258378298924735009413627525900030, -0.683139496703272818500953674932327382, 0.666627652647552385868167534648891600, 2.176237210432777712618029530839718682, 0.447554972495912868580989437219964444, -2.791790205772561687063081716246628994, 3.424463501350987886210751910234062991, -2.107902531104939157225915349581769460, 1.691207274952467544521425955343988100
---------------------------------------------------------------------------------------------------
| Order |                  Error^2                   |                 Efficiency                 |
---------------------------------------------------------------------------------------------------
|   2   | 2.372517737139737733266541058538097066e-66 | 2.246453447465025964096313967686768555e+30 |
|   4   | 2.696333420153741341825944491400512976e-67 | 2.305778137988597234331513219389954758e+28 |
|   6   | 4.946164230841323907685815273557006977e-69 | 5.890771886685328110276968743217729330e+26 |
|   8   | 1.187805130105176620190786422845331349e-05 | 4.159451173796461698576808368331333147e-08 |
---------------------------------------------------------------------------------------------------

Scheme evaluation results:
Order: 8, No. cycles: 17
---------------------------------------------------------------------------------------------------
Vector a: 0.876638544275635496301669288678613281, 0.281652830325115775013880412749713966, -1.644211792848088225949451532889563667, -0.805197733846805074279385271604628201, 1.276327340419166326031149690157374272, 0.197087384212144989452215532818560714, -0.440733669001665494112406343868198308, 0.828051251567538221058466718905501243, 0.430385844896957986483861505052626749
Vector b: -0.003187464515987822490354785738462663, 1.759652017583246637584048148834110385, -1.196346356933015087556287323334689868, -2.092077228763161364342615742444357926, 0.481681761069551215783845199235119628, 2.070972919768781436278454181079531464, -1.676798151344491457374023115442297851, 0.795330813341160469149210427705795597, 0.860771689793915972967723010105251187
---------------------------------------------------------------------------------------------------
| Order |                  Error^2                   |                 Efficiency                 |
---------------------------------------------------------------------------------------------------
|   2   | 1.207882698250222202427836367495777219e-66 | 3.148399081402291440270294093740555664e+30 |
|   4   | 5.364163338714764571054693836204890489e-70 | 5.169556873904806589136325201173637695e+29 |
|   6   | 9.585381850656771962374622973936350695e-72 | 1.338140645746647251123343010578807068e+28 |
|   8   | 3.727022101188765179012065480033230973e-05 | 2.348159779255803671333724275308870303e-08 |
---------------------------------------------------------------------------------------------------

