Scheme evaluation results:
Order: 8, No. cycles: 23
-------------------------------------------------------------------
Vector a: -0.32907031027468125473, 0.42190745688477543363, -0.02868145280926400614, -0.15092779104952291913, -0.17661066274305384227, 0.11785182185334960869, 0.62050504046560728266, 0.31287757430613366560, -0.07699252699124697896, -0.07348777556576660541, 0.25132872448677118227, 0.11129990143689846849
Vector b: -0.47904237573187891108, 0.29994413091429888985, 0.54387078285549039780, -0.60123368847403424464, 0.29937810637486322873, -0.65259943186102609136, 0.88830307556776089140, 0.35270700536345656051, 0.27304814324884046917, -0.42703319723139859798, 0.28005764609981625979, 0.22259980287381109232
-------------------------------------------------------------------
| Order |          Error^2           |         Efficiency         |
-------------------------------------------------------------------
|   2   | 1.91168499619505924376e-37 | 4.32350695714995000000e+15 |
|   4   | 4.99306631317018482832e-39 | 5.05714014313313125000e+13 |
|   6   | 9.74342231595093527929e-42 | 2.16409947887171948242e+12 |
|   8   | 6.04074104984020856031e-15 | 1.64297971818941660697e-04 |
-------------------------------------------------------------------

Scheme evaluation results:
Order: 8, No. cycles: 23
-------------------------------------------------------------------
Vector a: 0.19378271769481647535, 0.03923253581583559246, -0.42508297067801648073, 0.42169469814678900432, -0.35526824890952635183, -0.02312925950374225548, 0.79598159302681525951, -0.09479576640843087598, -0.05924340782023504448, 0.30088981521216312531, 0.14564012040484672350, 0.06029817301868486967
Vector b: -0.40838039256259900389, 1.20432622051483084746, -1.12586114888315957927, 0.27569520752712683986, 0.56769418876645105776, -1.27823068658550353938, 1.23197216757801908393, 0.35999101847561110201, -0.54958255129247279847, 0.43109573565200276501, 0.17068389477232356888, 0.12059634603736976710
-------------------------------------------------------------------
| Order |          Error^2           |         Efficiency         |
-------------------------------------------------------------------
|   2   | 2.09858458017284604542e-41 | 4.12649277677258560000e+17 |
|   4   | 6.35100212200339455679e-44 | 1.41797158167425980000e+16 |
|   6   | 2.20066759743683589867e-45 | 1.43997767647308343750e+14 |
|   8   | 6.07252012263988859930e-15 | 1.63867500938915831507e-04 |
-------------------------------------------------------------------

Scheme evaluation results:
Order: 8, No. cycles: 23
-------------------------------------------------------------------
Vector a: -0.07855469215910119984, 0.76817512219015604558, 0.00580549448439094187, -1.46504576727953828019, -0.00033598623746322229, 0.99516487778072193482, 0.22507139624523064825, 0.30554600581938556880, -0.15098181051637316052, -0.03886025146522997797, 0.36522266861779573155, 0.06879294252002496335
Vector b: -0.26754585913103401396, 0.37798233394386582251, 1.15836791043644882215, -1.14675692146766694535, -1.78333461309142005113, 1.78266264061649359896, 0.20766711494495493362, 0.24247567754551196950, 0.36861633409325650357, -0.67057995512600199195, 0.59285945219554170293, 0.13758588504004962139
-------------------------------------------------------------------
| Order |          Error^2           |         Efficiency         |
-------------------------------------------------------------------
|   2   | 1.45229406962301722983e-37 | 4.96040396525471700000e+15 |
|   4   | 5.65896102251675636245e-41 | 4.75029197949801125000e+14 |
|   6   | 2.76713230905192126301e-42 | 4.06086003778349951172e+12 |
|   8   | 6.29876520642830255180e-15 | 1.60897613288937390164e-04 |
-------------------------------------------------------------------

Scheme evaluation results:
Order: 8, No. cycles: 23
-------------------------------------------------------------------
Vector a: -0.18318579398025519600, 0.22808554411528825234, 0.71829413270221886822, -0.07008816808082500571, -0.00596029250761721460, 0.07779356659730757295, -0.37774597424857669914, 0.35872039297962871052, -0.11069399685908715147, -0.06650811655205449147, 0.33298918421935308487, 0.09829952161461939786
Vector b: -0.25260548134795018926, 0.13883937473538029983, 0.31733171349521166471, 1.11925655190923345472, -1.25943288807088493719, 1.24751230305565008472, -1.09192516986103349552, 0.33643322136386394350, 0.38100756459540024990, -0.60239555831357671778, 0.46937932520946545889, 0.19659904322923998921
-------------------------------------------------------------------
| Order |          Error^2           |         Efficiency         |
-------------------------------------------------------------------
|   2   | 2.99631242835789685373e-39 | 3.45343097576062040000e+16 |
|   4   | 9.64024373296683157705e-42 | 1.15091870613547900000e+15 |
|   6   | 1.54038828455330770285e-43 | 1.72114666799170390625e+13 |
|   8   | 8.81840371006295819928e-15 | 1.35982281450169471999e-04 |
-------------------------------------------------------------------

Scheme evaluation results:
Order: 8, No. cycles: 23
-------------------------------------------------------------------
Vector a: 0.37332938134718057777, 0.01381939188481152471, -0.46839621135993092516, 0.32121688946657472874, -0.56035740987005622227, -0.00882351811972470652, 0.85331102403587411054, 0.25079583193793719698, -0.27004475647087899937, -0.01850560756601777809, 0.42866746037810637970, 0.08498752433612412338
Vector b: -0.28698102387940926938, 1.32062081045317891714, -1.29298202668355588507, 0.35618960396369514498, 0.28624417496945386841, -1.40695899470956531374, 1.38931195847011590416, 0.31731008960163153976, 0.18428157427424249337, -0.72437108721599996475, 0.68735987208396442938, 0.16997504867224810798
-------------------------------------------------------------------
| Order |          Error^2           |         Efficiency         |
-------------------------------------------------------------------
|   2   | 8.21497211725780759658e-41 | 2.08564928603162176000e+17 |
|   4   | 6.03937742835491082301e-43 | 4.59824990107642300000e+15 |
|   6   | 1.03119946535511344601e-44 | 6.65214403700815703125e+13 |
|   8   | 8.94317415641227852123e-15 | 1.35030373142714331652e-04 |
-------------------------------------------------------------------

Scheme evaluation results:
Order: 8, No. cycles: 23
-------------------------------------------------------------------
Vector a: -0.36265374846985631851, 0.26885204578143995224, -0.19204921839357561031, 0.05067774386125676461, 0.64561095194735795832, -0.41984248756824649185, -0.00256030133676404641, 0.77226146305434939521, -0.07923069110575189922, -0.07409766239880613559, 0.27954505688716413392, 0.11348684774143233400
Vector b: -0.42267590094284118729, 0.12004430494596998735, 0.41765978661690739138, -0.80175822340405511479, 0.90311371112656890769, 0.38810819276814767509, -1.22779316790463033371, 1.22267256523110234845, 0.32185036087758100987, -0.48031174308908591852, 0.33211641829147175997, 0.22697369548286347452
-------------------------------------------------------------------
| Order |          Error^2           |         Efficiency         |
-------------------------------------------------------------------
|   2   | 3.03128883802744428782e-38 | 1.08575207444427800000e+16 |
|   4   | 1.48767888072349981023e-40 | 2.92977357143675250000e+14 |
|   6   | 1.57147718874227549863e-43 | 1.70403669721066582031e+13 |
|   8   | 1.02010153179350953483e-14 | 1.26431593597916679811e-04 |
-------------------------------------------------------------------

Scheme evaluation results:
Order: 8, No. cycles: 23
-------------------------------------------------------------------
Vector a: -0.10292250050325320310, -0.39904022364947222545, 0.00209272038650150892, 0.70983906253099149364, 0.30925046955822571570, 0.29865473213834448085, -0.86845477002194437777, -0.00005974852967175668, 0.78239604207811674907, -0.11484022805014322544, 0.24305713649100491036, 0.14002730757129991379
Vector b: -0.26916180402270978300, 0.33247860703891157774, -1.13055905433785697234, 1.13474449511086006304, 0.28493362995112769820, 0.33356730916531851516, 0.26374215511137577561, -2.00065169515527108146, 2.00053219809592741640, -0.43574011393969092065, 0.20605965783940546898, 0.28005461514260210354
-------------------------------------------------------------------
| Order |          Error^2           |         Efficiency         |
-------------------------------------------------------------------
|   2   | 4.95409453883538527986e-39 | 2.68572896514584120000e+16 |
|   4   | 8.41287049288207988742e-42 | 1.23201658499562200000e+15 |
|   6   | 3.59185868127867412070e-43 | 1.12712832335298691406e+13 |
|   8   | 1.06083928760020488635e-14 | 1.23980251856040921176e-04 |
-------------------------------------------------------------------

Scheme evaluation results:
Order: 8, No. cycles: 23
-------------------------------------------------------------------
Vector a: -0.22102336680805156899, -0.06925923278177216480, 0.11674105992268819787, 0.61720236587399524009, 0.35754228204930993407, -0.04647038388213782512, -0.51375041235662843864, -0.15413498366205405365, 0.26320050777082404370, 0.28417205750013396770, 0.25893154071255991555, 0.10684856566113264120
Vector b: -0.47671677741859591615, 0.51138682122108869432, -0.64990528678463299617, 0.88338740663000947517, 0.35101732511798122705, 0.36406723898063853007, -0.45700800674491415254, -0.57049281796834261371, 0.26222285064423456191, 0.26417816489741335895, 0.30416595010285463196, 0.21369713132226525465
-------------------------------------------------------------------
| Order |          Error^2           |         Efficiency         |
-------------------------------------------------------------------
|   2   | 9.82926794815999686229e-41 | 1.90670603364113824000e+17 |
|   4   | 5.69890569210099042531e-43 | 4.73361487337653400000e+15 |
|   6   | 4.15083566794970094480e-45 | 1.04849222397907171875e+14 |
|   8   | 1.10143696762174979454e-14 | 1.21673916491747902613e-04 |
-------------------------------------------------------------------

Scheme evaluation results:
Order: 8, No. cycles: 23
-------------------------------------------------------------------
Vector a: -0.15059641551025826356, -0.28585646991271751460, 0.00828449346792451205, 0.72886906208455526368, 0.40630351258800317948, -0.09627260609030753591, -0.16187211634165854512, 0.25594710192671149551, -1.32262143673659871013, -0.00000583913522047613, 1.55044953339623381439, 0.06737118026333285825
Vector b: -0.34010485827271874637, 0.37901688552492651674, -0.95072982535036854035, 0.96729881228621639178, 0.49043931188289829892, 0.32216771329310545102, -0.51471292547371183534, 0.19096869279039269118, 0.32092551106303340847, -2.96616838453624520611, 2.96615670626580429925, 0.13474236052666727081
-------------------------------------------------------------------
| Order |          Error^2           |         Efficiency         |
-------------------------------------------------------------------
|   2   | 2.75295733184939182193e-37 | 3.60283678140681550000e+15 |
|   4   | 2.61815893342967467960e-39 | 6.98378165149372812500e+13 |
|   6   | 5.27290243710324437780e-41 | 9.30268072716089843750e+11 |
|   8   | 1.24508205351760545699e-14 | 1.14440125450924410624e-04 |
-------------------------------------------------------------------

Scheme evaluation results:
Order: 8, No. cycles: 23
-------------------------------------------------------------------
Vector a: -0.09400909307379123891, 0.27967091492537649033, 0.56388835916307145091, 0.02477579836400443242, -0.28313735975005110967, 0.28107138126654074295, -0.14017331511238198538, 0.22544775231797020698, -0.00467922568559345307, -0.29990932219057603314, 0.33870817873907799189, 0.10834593103635244138
Vector b: -0.23880491143933449405, 0.28959163673108700987, 0.26975019311966524915, 0.85802652520647748613, -0.80847492847846880171, 0.24220020897836758156, 0.31994255355471284963, -0.60028918377947615426, 1.05118468841541523595, -1.06054313978660208484, 0.46072449540545140634, 0.21669186207270460520
-------------------------------------------------------------------
| Order |          Error^2           |         Efficiency         |
-------------------------------------------------------------------
|   2   | 2.41355163340220652881e-39 | 3.84783136926344880000e+16 |
|   4   | 4.32506391956153773887e-42 | 1.71827388993415450000e+15 |
|   6   | 1.67040842519751278083e-43 | 1.65280511415844062500e+13 |
|   8   | 1.35322770506136426771e-14 | 1.09772074460096378612e-04 |
-------------------------------------------------------------------

Scheme evaluation results:
Order: 8, No. cycles: 23
-------------------------------------------------------------------
Vector a: 0.48357775314776679787, -0.45992835806046833413, -0.33660407393902208595, 0.25197974311832116445, -0.22715049964462080689, 0.10485169592709733810, 0.60579557145705742460, 0.36302948540604462746, -0.03958366727803133700, -0.09815999045651682686, 0.24838601263576609579, 0.10380632768660592868
Vector b: 0.46884219276358396478, 0.02947112077210084849, -0.94932783689663102766, 0.27611968901921513098, 0.22783979721617847458, -0.68214079650496750595, 0.89184418835915890700, 0.31974695455540053102, 0.40631201625605023464, -0.48547935081209359076, 0.28915936989889901021, 0.20761265537310508167
-------------------------------------------------------------------
| Order |          Error^2           |         Efficiency         |
-------------------------------------------------------------------
|   2   | 3.63055132369902365857e-39 | 3.13731436240133040000e+16 |
|   4   | 1.07098502965659553916e-38 | 3.45300300104399687500e+13 |
|   6   | 2.21388165154766097668e-41 | 1.43567382827014575195e+12 |
|   8   | 1.35346568525311512234e-14 | 1.09762423410925607581e-04 |
-------------------------------------------------------------------

Scheme evaluation results:
Order: 8, No. cycles: 23
-------------------------------------------------------------------
Vector a: -0.33138223227710167373, 0.29670222240762877952, 0.32410049706739002540, -0.01214354334714359655, -0.55183649106723919875, 0.10550405059441476940, 0.61179004874699050021, 0.35398405211997413522, -0.03610963263128164069, -0.09780827669863428886, 0.23746438003259048855, 0.09973492505241170203
Vector b: -0.49194686025730399725, 0.32112925596040320375, 0.27227518885485646472, 0.37592580527992974782, -0.40021289197421716644, -0.70346009016026855853, 0.91446819134909851368, 0.30911190614488309736, 0.39885619809506489553, -0.47107546335762889855, 0.27545890996035921061, 0.19946985010482351508
-------------------------------------------------------------------
| Order |          Error^2           |         Efficiency         |
-------------------------------------------------------------------
|   2   | 3.16581349060262672663e-40 | 1.06243327762517712000e+17 |
|   4   | 5.17044100874249378744e-42 | 1.57153791101245575000e+15 |
|   6   | 9.51845281569829414190e-45 | 6.92388431779670234375e+13 |
|   8   | 1.54817560401270098281e-14 | 1.02628315837305494483e-04 |
-------------------------------------------------------------------

Scheme evaluation results:
Order: 8, No. cycles: 23
-------------------------------------------------------------------
Vector a: -0.01325173132947796845, -0.05929570336772817252, 0.30216362561599929837, 0.22971508110977145734, 0.40740991417206606773, -0.22670702943940973517, 0.12581170035113067862, -0.05024725432013094073, -0.03659263804982391260, 0.12347066381958153591, -0.16851563696952359672, 0.36603900840754527435
Vector b: 0.23405046758076192281, -0.49460439782046766721, 0.37601299108500291224, 0.22831426014699746085, 0.23111590207253424056, 0.58370392627160350152, -1.03711798515042019631, 1.28874138585267949964, -1.38923589449294060394, 1.31605061839329340323, -1.06910929075413196898, 0.73207801681508755109
-------------------------------------------------------------------
| Order |          Error^2           |         Efficiency         |
-------------------------------------------------------------------
|   2   | 2.40408109786091368512e-38 | 1.21918544996632120000e+16 |
|   4   | 3.96882757558396314912e-41 | 5.67227842534251375000e+14 |
|   6   | 3.57763807627274598823e-43 | 1.12936618953886484375e+13 |
|   8   | 2.37406704871848133733e-14 | 8.28763892969409536647e-05 |
-------------------------------------------------------------------

Scheme evaluation results:
Order: 8, No. cycles: 23
-------------------------------------------------------------------
Vector a: -0.09159007747240210939, 0.70342815362566202264, 0.01116614490114060422, -0.38316104655129468171, 0.46130454204043919164, -0.59097177734582684305, -0.00017917860119389813, 0.55903086575113358769, -0.20188684767364462047, 0.27284169192929641490, 0.18064992769693671848, 0.07936760169975365375
Vector b: -0.28107097821744791988, 0.37896180149009134341, 1.02789450576123320147, -1.00556221595895189935, 0.23924012285636220287, 0.68336896122451662450, -1.86531251591617119878, 1.86495415871378344974, -0.74689242721151549720, 0.34311873186422603421, 0.20256465199436646252, 0.15873520339950730751
-------------------------------------------------------------------
| Order |          Error^2           |         Efficiency         |
-------------------------------------------------------------------
|   2   | 7.29661715567789548098e-40 | 6.99815484970183840000e+16 |
|   4   | 4.83072465994199848644e-42 | 1.62585763100582250000e+15 |
|   6   | 2.40625561655889065182e-43 | 1.37708929931461113281e+13 |
|   8   | 2.75203576343787327897e-14 | 7.69751023743446251757e-05 |
-------------------------------------------------------------------

Scheme evaluation results:
Order: 8, No. cycles: 23
-------------------------------------------------------------------
Vector a: -0.34960861401705545237, 0.28600171940902890944, -0.23562230343265885835, 0.11121516011148030456, 0.61340034517200658915, 0.49514353575393171836, 0.01902037569481743184, -0.03307420930718261293, -0.03687408682452968101, -0.21448350956216269414, 0.23505742049773734048, 0.10982416650458701191
Vector b: -0.50925372581936489969, 0.31929022360461900565, 0.25271321521343886873, -0.72395782207875669645, 0.94638814230171730557, 0.28041254804229603925, 0.70987452346556845217, -0.67183377207593353297, 0.60568535346156793242, -0.67943352711062732219, 0.25046650798630093471, 0.21964833300917399606
-------------------------------------------------------------------
| Order |          Error^2           |         Efficiency         |
-------------------------------------------------------------------
|   2   | 2.87703390307456842465e-40 | 1.11447886810122864000e+17 |
|   4   | 1.22166951742917958264e-42 | 3.23304527983709100000e+15 |
|   6   | 2.07097062077372806807e-44 | 4.69403166485052187500e+13 |
|   8   | 2.97974484140101335355e-14 | 7.39754768904656571276e-05 |
-------------------------------------------------------------------

Scheme evaluation results:
Order: 8, No. cycles: 23
-------------------------------------------------------------------
Vector a: -0.57668374828917068342, 0.17368402846676872509, 0.04390308178104567610, -0.27334733064200550379, 0.29363889383828117863, 0.36088371288217691024, 0.38886222573154333171, 0.32694306776859016761, -0.34994652388502867080, -0.02035934295742449981, 0.54928649035144716528, 0.08313544495377633847
Vector b: -0.30187916095309658138, -0.54960917467135839143, 0.89697723161027187455, -0.80917106804588767588, 0.26247640675494265938, 0.32480138091866977978, 0.39696604485157710451, 0.38075840660331033982, 0.27312772893933034979, -0.97302077671942621695, 0.93230209080347348216, 0.16627088990819324787
-------------------------------------------------------------------
| Order |          Error^2           |         Efficiency         |
-------------------------------------------------------------------
|   2   | 1.38558239757996709054e-37 | 5.07841454867589800000e+15 |
|   4   | 1.09189171829760314121e-37 | 1.08143113732378691406e+13 |
|   6   | 6.21611647587041852095e-41 | 8.56788072776704467773e+11 |
|   8   | 3.51498758942253558370e-14 | 6.81107110027561520743e-05 |
-------------------------------------------------------------------

Scheme evaluation results:
Order: 8, No. cycles: 23
-------------------------------------------------------------------
Vector a: 0.05699932141975748434, 0.43822052656224452782, -0.00072506923627806304, -0.68669218207723115022, -0.42624380471147482741, 0.00499310544573743770, 0.88944467461602461089, 0.44262864726347495026, -0.16191402440105762128, -0.05484672745970527175, 0.38642870792447686634, 0.11170682465403111716
Vector b: 0.48797961122289629232, -0.86196057960627769923, 1.73840163273076764305, -1.73985177120332368261, 0.36646740704886077156, -1.21895501647181103699, 1.22894122736328581524, 0.54994812186876362858, 0.33530917265818649398, -0.65913722146030195859, 0.54944376654089133183, 0.22341364930806231759
-------------------------------------------------------------------
| Order |          Error^2           |         Efficiency         |
-------------------------------------------------------------------
|   2   | 1.00803806329670040814e-39 | 5.95395931023888080000e+16 |
|   4   | 9.89627628910092920860e-42 | 1.13593308812091300000e+15 |
|   6   | 4.22386292320472538247e-43 | 1.03938890372625937500e+13 |
|   8   | 4.13903742860937261805e-14 | 6.27664599560345110290e-05 |
-------------------------------------------------------------------

Scheme evaluation results:
Order: 8, No. cycles: 23
-------------------------------------------------------------------
Vector a: -0.20944725445117062801, -0.00271728339281315399, 0.28606095685317906030, -0.32391500373811349389, -0.42236068276360694274, 0.00531527525137727355, 0.87957008785720491861, 0.50409773571678473392, -0.14333208576593800543, -0.05697693462958796501, 0.38812839187062503354, 0.09557679719205917912
Vector b: 0.55723882720058626195, -1.53337216330351400195, 1.52793759651788763065, -0.95581568281152951005, 0.30798567533530307738, -1.15270704086251751797, 1.16333759136527215006, 0.59580258434913802024, 0.41239288708443144760, -0.69905705861630740294, 0.58510318935713145905, 0.19115359438411838600
-------------------------------------------------------------------
| Order |          Error^2           |         Efficiency         |
-------------------------------------------------------------------
|   2   | 1.64963097297860385296e-39 | 4.65426306855599120000e+16 |
|   4   | 2.94480682749009799928e-42 | 2.08238127673502775000e+15 |
|   6   | 8.59720895276195880794e-44 | 2.30385022973934101562e+13 |
|   8   | 4.30361322703577794143e-14 | 6.15546257333513782868e-05 |
-------------------------------------------------------------------

Scheme evaluation results:
Order: 8, No. cycles: 23
-------------------------------------------------------------------
Vector a: -0.08461454645954594178, 0.29638372084026914921, 0.27026187295737819083, 0.36755133945393275718, -0.41025559072006795303, -0.00079843352440171246, 0.34910012938737794430, -0.19129643711289129326, 0.23539291817382795857, -0.26766099501734225141, 0.01588985355764106419, 0.42004616846382203388
Vector b: -0.24845072620678049224, 0.32767235949446921195, 0.26509508218607008567, 0.27542866372868424207, 0.45967401517918210496, -1.28018519661931917675, 1.27858832957051560264, -0.58038807079575882586, 0.19779519656997723853, 0.27299063977767784595, -0.80831262981236229326, 0.84009233692764428980
-------------------------------------------------------------------
| Order |          Error^2           |         Efficiency         |
-------------------------------------------------------------------
|   2   | 2.86985925493722536125e-40 | 1.11587109708640016000e+17 |
|   4   | 2.15239444120291902094e-42 | 2.43572203509926700000e+15 |
|   6   | 3.25939166151030304158e-44 | 3.74166333986982109375e+13 |
|   8   | 4.39148644321980968366e-14 | 6.09356627054749743128e-05 |
-------------------------------------------------------------------

Scheme evaluation results:
Order: 8, No. cycles: 23
-------------------------------------------------------------------
Vector a: -0.04979420462854382279, 0.14357226728246902381, -0.22677962580491359268, 0.53801196518014249293, 0.34136767090960512538, -0.17781212832551998582, -0.35059253402858558957, 0.39340114588100488779, 0.03655681920369799331, -0.09580229983459302712, 0.35603121436524426402, 0.09183970979999223072
Vector b: -0.78642131999123221497, 1.47325423072133188107, -1.18610969614484740298, 0.73255044451687667539, 0.34347348585229792173, 0.33926185597460811749, -0.69488611264024502390, -0.00629895543831307525, 0.79310124722722419310, -0.71998760881715639925, 0.52838300913663482916, 0.18367941960282058167
-------------------------------------------------------------------
| Order |          Error^2           |         Efficiency         |
-------------------------------------------------------------------
|   2   | 1.59452967528380912603e-38 | 1.49702145594376720000e+16 |
|   4   | 2.60640785251308756185e-39 | 6.99950725842066171875e+13 |
|   6   | 5.50852186913618834251e-40 | 2.87816339150619384766e+11 |
|   8   | 4.41867055037813279533e-14 | 6.07479323527077675433e-05 |
-------------------------------------------------------------------

Scheme evaluation results:
Order: 8, No. cycles: 23
-------------------------------------------------------------------
Vector a: -0.68576466895369503352, 0.64482056936821607884, 0.13148975169430757171, -1.00453987685689671849, 0.00467240229700194298, 0.80150530447030177150, 0.44289045746927735436, 0.25926934063327894409, 0.29910430097587664688, -0.14488764336007714517, -0.03650180134557652611, 0.28794186360798512681
Vector b: -0.68821911572561700332, 0.00490889354384245209, 1.28473224519259088261, -1.02175274180397535062, -0.98732701190981853046, 0.99667181650382241642, 0.60633879243678101556, 0.27944212250177408174, 0.23909655876478397296, 0.35911204318696926530, -0.64888732990712394422, 0.57588372721597080872
-------------------------------------------------------------------
| Order |          Error^2           |         Efficiency         |
-------------------------------------------------------------------
|   2   | 1.73626484923702134356e-39 | 4.53666114038628720000e+16 |
|   4   | 4.40428107337290005391e-42 | 1.70275099364101800000e+15 |
|   6   | 1.02484019637186173629e-43 | 2.11010909015327148438e+13 |
|   8   | 4.69857995120472558436e-14 | 5.89106753154165397484e-05 |
-------------------------------------------------------------------

Scheme evaluation results:
Order: 8, No. cycles: 23
-------------------------------------------------------------------
Vector a: 0.17687269541629002667, 0.45064726638175317541, 0.06581131989992547449, -0.17622230607409516967, 0.20771690360084618665, -0.20789088453797116562, -0.17449449457926768936, 0.29782195225254831650, 0.27794513418189770171, -0.30553534923679953605, -0.01170929738055414421, 0.39903706007542677492
Vector b: 0.08428452228022505210, 0.18517634627434156891, 0.71611818648671599075, -0.58449554668673331381, 0.23205093453806055481, 0.18338287266439742829, -0.59916464174083194916, 0.25017565258150586960, 0.34546825192494967638, 0.21042201643850672044, -0.82149271491244413301, 0.79807412015130652083
-------------------------------------------------------------------
| Order |          Error^2           |         Efficiency         |
-------------------------------------------------------------------
|   2   | 1.86540851570919648481e-40 | 1.38406775362880496000e+17 |
|   4   | 5.84229355746302733210e-41 | 4.67516527311195562500e+14 |
|   6   | 1.00591646628934929194e-42 | 6.73522370770375195312e+12 |
|   8   | 4.80321070622967598111e-14 | 5.82655019986990101340e-05 |
-------------------------------------------------------------------

Scheme evaluation results:
Order: 8, No. cycles: 23
-------------------------------------------------------------------
Vector a: -0.47754424992481142587, 0.22225391644434847049, 0.25389904817244074442, -0.30088551771797339418, 0.10905734616487744448, 0.61604185360653651582, 0.25730666989563644176, 0.28723110929857187390, 0.14562805753836327582, -0.27370588711115306779, -0.04510956055667390829, 0.20582721418983701556
Vector b: -0.51352537742033432799, 0.07196225499104579038, 0.37254557789765108122, 0.13525251844723076844, -0.73702355388317786211, 0.95513824621293275108, 0.27694546100014022505, 0.23766787879113290827, 0.33679433980601070076, -0.04553822472928417686, -0.50187354949302198648, 0.41165442837967408662
-------------------------------------------------------------------
| Order |          Error^2           |         Efficiency         |
-------------------------------------------------------------------
|   2   | 3.58732406867153170156e-42 | 9.98065450884983296000e+17 |
|   4   | 2.26484864296498559088e-43 | 7.50877453383245900000e+15 |
|   6   | 2.19260787545355288270e-45 | 1.44262182777716656250e+14 |
|   8   | 4.81787795764528506297e-14 | 5.81767444393475823103e-05 |
-------------------------------------------------------------------

Scheme evaluation results:
Order: 8, No. cycles: 23
-------------------------------------------------------------------
Vector a: -0.77803161179627544630, -0.02195619245885707671, 0.47170690862115410846, -0.09304497996097249590, 0.15733645495608922227, 0.55699638166122766858, 0.26781273261795673912, -0.14553325438216727084, -0.13448062294586810017, 0.30248974050782234668, 0.28610816491354595925, 0.13059627826634434555
Vector b: -0.45909594726680269527, -0.63787132905886689827, 0.59395894414115868454, 0.34945487310115469493, -0.53554483302313993232, 0.85021774293532348388, 0.26377502038737382639, 0.27185044484829490319, -0.56291695361279270315, 0.29395570772096141221, 0.31102377329468761102, 0.26119255653264750183
-------------------------------------------------------------------
| Order |          Error^2           |         Efficiency         |
-------------------------------------------------------------------
|   2   | 2.45800360086674294674e-36 | 1.20573833937656225000e+15 |
|   4   | 4.11391977896135051670e-38 | 1.76181679848265312500e+13 |
|   6   | 6.10509062556206202601e-41 | 8.64543652098326171875e+11 |
|   8   | 4.91583189194170020465e-14 | 5.75942066691553046292e-05 |
-------------------------------------------------------------------

Scheme evaluation results:
Order: 8, No. cycles: 23
-------------------------------------------------------------------
Vector a: -0.67687227971174024344, -0.05707024783686157759, 0.58510882521045015636, 0.11850633666127632915, -0.12810492835346304341, 0.35143508226161523922, 0.34731593535478177959, -0.08700451698714672943, -0.09211201844668019667, 0.31065043326630931153, 0.23427043310995604442, 0.09387694547150292335
Vector b: -0.46078806567339103406, -0.43216842807669841875, 0.31802793240297527744, 0.85218971801792509080, -0.61517704469537248801, 0.35896718798844640119, 0.34390297653478413276, 0.35072889417477937091, -0.52473792814907282978, 0.34051389125571246419, 0.28078697527690626989, 0.18775389094300584669
-------------------------------------------------------------------
| Order |          Error^2           |         Efficiency         |
-------------------------------------------------------------------
|   2   | 2.60080994978686048363e-41 | 3.70672202849837440000e+17 |
|   4   | 4.98993625030665328849e-44 | 1.59970962300218020000e+16 |
|   6   | 1.27023142847131598083e-45 | 1.89535932764403093750e+14 |
|   8   | 4.97746918904811214227e-14 | 5.72364937770544673153e-05 |
-------------------------------------------------------------------

Scheme evaluation results:
Order: 8, No. cycles: 23
-------------------------------------------------------------------
Vector a: -0.68020478930301142562, -0.05362014482869754267, 0.59188036148179767881, 0.11556940667626172670, -0.13103005492215491490, 0.35689375375244186683, 0.34561750697507348518, -0.08608681690780964346, -0.08966413714780246957, 0.30688128359935529232, 0.23116359413068959805, 0.09260003649385636915
Vector b: -0.46447503757082525544, -0.43145950346437428324, 0.32421921380697893422, 0.85954150915662053123, -0.62840269580410212935, 0.36634258595978957951, 0.34744492154510264736, 0.34379009240503777267, -0.51596372622065900249, 0.33663545192505262005, 0.27712711527366573616, 0.18520007298771287707
-------------------------------------------------------------------
| Order |          Error^2           |         Efficiency         |
-------------------------------------------------------------------
|   2   | 5.97289457433810028311e-40 | 7.73485013181097600000e+16 |
|   4   | 6.57827521668607582548e-42 | 1.39326149972926475000e+15 |
|   6   | 5.41383105370226657205e-44 | 2.90322459551057031250e+13 |
|   8   | 5.00505068105932113991e-14 | 5.70785684218659165401e-05 |
-------------------------------------------------------------------

Scheme evaluation results:
Order: 8, No. cycles: 23
-------------------------------------------------------------------
Vector a: -0.81450057627153527040, -0.01135150533870295068, 0.52614129550685961867, -0.07387566130839687273, 0.16689499569483454144, 0.64759755943710117787, -0.12884418784248966028, -0.16384558206030008787, 0.30132805924054489877, 0.25123330463646237343, 0.20388067751494196034, 0.09534162079068035645
Vector b: -0.49019947231368937723, -0.64860220791568889975, 0.62589919723828346676, 0.42638339377543599262, -0.57413471639223034870, 0.90792470778189870995, 0.38727041109230536664, -0.64495878677729157058, 0.31726762265669139484, 0.28538849582439645980, 0.21707811344853011892, 0.19068324158135871449
-------------------------------------------------------------------
| Order |          Error^2           |         Efficiency         |
-------------------------------------------------------------------
|   2   | 1.10077039047185950263e-39 | 5.69765250509112960000e+16 |
|   4   | 1.64262942899218191462e-41 | 8.81695971086479375000e+14 |
|   6   | 3.69037637421414238792e-44 | 3.51639499523501953125e+13 |
|   8   | 5.02392328550786170525e-14 | 5.69712583829015280202e-05 |
-------------------------------------------------------------------

Scheme evaluation results:
Order: 8, No. cycles: 23
-------------------------------------------------------------------
Vector a: -0.10494977245855918735, 0.42128157513339409279, 0.37948483933742022112, -0.09134979914519564259, -0.11260893171917903122, 0.24878387316013456099, -0.36318601935242428302, 0.49628894492186953480, -0.00008227073533646224, -0.48739484220974066409, 0.54260958653565205534, 0.07112281653196482478
Vector b: -0.31746513678490967392, 0.42503072865269209135, 0.41753242161410969446, 0.34143725706072081127, -0.52413685535110954294, 0.29891899191273663128, 0.19864875440756732394, -0.92502079311244944648, 1.91759868295620616863, -1.91776322442687918723, 0.94297354000738076163, 0.14224563306393425699
-------------------------------------------------------------------
| Order |          Error^2           |         Efficiency         |
-------------------------------------------------------------------
|   2   | 1.29861131285909447597e-39 | 5.24571554786597120000e+16 |
|   4   | 1.39942477501099525497e-40 | 3.02074368882608687500e+14 |
|   6   | 2.51334131348122928919e-41 | 1.34743321529362817383e+12 |
|   8   | 5.24115494068161427505e-14 | 5.57781123253634002028e-05 |
-------------------------------------------------------------------

Scheme evaluation results:
Order: 8, No. cycles: 23
-------------------------------------------------------------------
Vector a: 0.49940491894242522442, 0.07995380087957248971, -0.17493928790719520672, 0.21565560830768412681, -0.22675289519052760356, -0.19147188238972340235, 0.31352481269708931677, 0.28605997800476079540, -0.32132871669369345025, -0.01491557085466468750, 0.47137673031324500705, 0.06343250389102736420
Vector b: 0.12257112432268695013, 0.75366758923947652082, -0.59375998748033154140, 0.24388141166594096143, 0.18742980494942754199, -0.64093559533048294341, 0.25799183055103597217, 0.36905779484314293892, 0.20306216116637829106, -0.84571959455376499726, 0.81588845284443556327, 0.12686500778205461737
-------------------------------------------------------------------
| Order |          Error^2           |         Efficiency         |
-------------------------------------------------------------------
|   2   | 3.31827476352116682395e-41 | 3.28161898779912128000e+17 |
|   4   | 6.10714334627811877355e-44 | 1.44600434856409460000e+16 |
|   6   | 3.57653537373630325107e-45 | 1.12954027686860968750e+14 |
|   8   | 5.42199373863507374517e-14 | 5.48400454437883842665e-05 |
-------------------------------------------------------------------

Scheme evaluation results:
Order: 8, No. cycles: 23
-------------------------------------------------------------------
Vector a: -0.24095723862537743454, -0.23100808934137267991, -0.29108076588233128268, 0.42179538778670971899, 0.50217300991801427923, 0.25081179170573664194, -0.57864003591937385185, -0.70160838819917981102, 0.69922727881577961817, 0.83725387421465602422, 0.23448631945710424196, 0.09754685606963454936
Vector b: -0.34958286447236591732, 0.21725125169397671576, -0.67926743037672165926, 0.09710589861205916329, 0.74648487696136023306, 0.25786114287466915806, 0.24376244053680232171, -1.40104251237554855436, -0.00217426402281207815, 1.40062882165437230242, 0.27387892677493924642, 0.19509371213926909872
-------------------------------------------------------------------
| Order |          Error^2           |         Efficiency         |
-------------------------------------------------------------------
|   2   | 7.17464813734306340313e-43 | 2.23174219417280025600e+18 |
|   4   | 1.79501954222308051732e-42 | 2.66719068289086100000e+15 |
|   6   | 2.61926638437851924887e-44 | 4.17391066239518359375e+13 |
|   8   | 5.54746393719136489644e-14 | 5.42163240022711361704e-05 |
-------------------------------------------------------------------

Scheme evaluation results:
Order: 8, No. cycles: 23
-------------------------------------------------------------------
Vector a: 0.19840267670551031687, 0.47416676413039710036, 0.10022703768090082677, -0.14725730002156070531, 0.20940619673216434582, -0.25103334885107048136, -0.22976792630843129173, 0.52518062101816820331, -0.00948622380293179246, -0.24879644541830686633, 0.27895315282771315779, 0.10000479530744724177
Vector b: 0.09546982766985086244, 0.20586569807133864307, 0.74246783018943685040, -0.54201375482762914615, 0.24749915478450348894, 0.17131323867983339060, -0.67337993638198523350, 0.21384408376510208316, 0.83651715827126349456, -0.85548960587712830073, 0.35789671504051345785, 0.20000959061490042323
-------------------------------------------------------------------
| Order |          Error^2           |         Efficiency         |
-------------------------------------------------------------------
|   2   | 1.61608949293652503155e-40 | 1.48700224643765888000e+17 |
|   4   | 1.32476129382647596853e-41 | 9.81792794896727250000e+14 |
|   6   | 9.62050894174198281556e-43 | 6.88706148323260449219e+12 |
|   8   | 5.60564196349231033352e-14 | 5.39342487792177283827e-05 |
-------------------------------------------------------------------

Scheme evaluation results:
Order: 8, No. cycles: 23
-------------------------------------------------------------------
Vector a: -0.29553695206203661749, -0.36757523099085098739, -0.07470041210792197073, 0.45120672415813922740, 0.74363431283404046734, -0.00619708863143071057, -1.05737911663724326594, 0.04555586396812503353, 0.69572256757437944685, 0.38660129822386873899, 0.33010158124760019538, 0.14856645242333055279
Vector b: -0.31631603830248194997, 0.04155817248093093830, -0.77670863446271976027, 0.62730781024680570823, 0.27510563806956550570, 1.21216298759877028068, -1.22455716486163690426, -0.89020106841323176639, 0.98131279634952517377, 0.41013233879932831094, 0.36307025764843331439, 0.29713290484671117664
-------------------------------------------------------------------
| Order |          Error^2           |         Efficiency         |
-------------------------------------------------------------------
|   2   | 4.24739169730709353465e-40 | 9.17240391621611040000e+16 |
|   4   | 9.21956736538996996978e-41 | 3.72163163714143812500e+14 |
|   6   | 1.43166141889087672545e-43 | 1.78530665187519921875e+13 |
|   8   | 6.33236284545599979815e-14 | 5.07451354220572921350e-05 |
-------------------------------------------------------------------

Scheme evaluation results:
Order: 8, No. cycles: 23
-------------------------------------------------------------------
Vector a: -0.27537052378203374925, -0.10614698647007611565, 0.13484425307276645678, 0.56310489649267925216, 0.27411046974528924247, 0.29070277225818641487, -0.14731116446777550721, -0.17938264996670311158, -0.14184577905187698010, -0.12302111378937442832, 0.42647296192512168522, 0.28384286403379688224
Vector b: -0.45819956511701775970, 0.36565808266996807641, -0.57795205561012030770, 0.84764056175565316575, 0.27856923122970533857, 0.26965170826087303535, 0.31175383625549984989, -0.60637616519105086432, 0.24761086525764458566, -0.53130242336139854586, 0.28526019578264966148, 0.56768572806759365346
-------------------------------------------------------------------
| Order |          Error^2           |         Efficiency         |
-------------------------------------------------------------------
|   2   | 9.18354961579912115601e-41 | 1.97260004919966464000e+17 |
|   4   | 2.58539566667928749585e-43 | 7.02789311212598600000e+15 |
|   6   | 2.93482394438731524485e-45 | 1.24692966479205343750e+14 |
|   8   | 6.66431495355887196895e-14 | 4.94651755946827438115e-05 |
-------------------------------------------------------------------

Scheme evaluation results:
Order: 8, No. cycles: 23
-------------------------------------------------------------------
Vector a: 0.74515649948206508224, -0.10616110112840608515, -0.86732961826501253633, -0.57069156018787414730, 0.45317754483132394183, 0.15594441028285346840, -0.12005274560054239597, 0.40333795775247427429, 0.31344741451874258420, 0.25210967707734371901, 0.23035221900440586151, 0.11070930223262613612
Vector b: 0.50950262793457945509, 0.47130774309500550467, -0.68362994535175269917, -1.05102929117839760664, -0.09035382919738946250, 0.99670891886004298055, -0.68482009829466239381, 0.44471460709295612679, 0.36196130841559065461, 0.26493352061654773522, 0.23928583354203722400, 0.22141860446544248120
-------------------------------------------------------------------
| Order |          Error^2           |         Efficiency         |
-------------------------------------------------------------------
|   2   | 8.33156014948963237688e-38 | 6.54909304972536100000e+15 |
|   4   | 8.52474985136067651030e-38 | 1.22390535206084140625e+13 |
|   6   | 3.06122406110318610947e-40 | 3.86087218802103393555e+11 |
|   8   | 7.06025772388076778039e-14 | 4.80581484454523547131e-05 |
-------------------------------------------------------------------

Scheme evaluation results:
Order: 8, No. cycles: 23
-------------------------------------------------------------------
Vector a: 0.74157684526857692298, -0.10354246034339012472, -0.86211747613878764174, -0.56727509121717001328, 0.45127631062323386724, 0.15609537162437020497, -0.13169487415207245529, 0.39867184787830461934, 0.32596930678654534308, 0.25214625378297894631, 0.22773676545453913622, 0.11115720043287129204
Vector b: 0.50549375568407062254, 0.47216617916901243435, -0.67925109985579268379, -1.04498385242178248866, -0.08956633001255763504, 0.99211895125902538339, -0.67992820801028497346, 0.41653845970614011840, 0.38080523605046900926, 0.27113337752262184344, 0.23315913004333582714, 0.22231440086574255632
-------------------------------------------------------------------
| Order |          Error^2           |         Efficiency         |
-------------------------------------------------------------------
|   2   | 3.58732406867153170156e-42 | 9.98065450884983296000e+17 |
|   4   | 1.17796652157304935025e-43 | 1.04117128520180680000e+16 |
|   6   | 2.87808649512147811568e-45 | 1.25916041796878359375e+14 |
|   8   | 7.10055689318803347703e-14 | 4.79215775220023996171e-05 |
-------------------------------------------------------------------

Scheme evaluation results:
Order: 8, No. cycles: 23
-------------------------------------------------------------------
Vector a: -0.25806243328055722408, -0.09841253606967245715, 0.12248110222692391857, 0.63882508374358437653, 0.32930262493839407290, -0.27001232683099524179, -0.29260390529416224759, 0.27506993890126985036, -0.15190523474757505751, 0.12253396464590411707, 0.50227879864757773998, 0.08050492311930818046
Vector b: -0.49701809501879762321, 0.47791132347648068723, -0.67473639561582565705, 0.91969860006967352195, 0.35795156741749523110, 0.30065368245929291469, -0.84067833612128339826, 0.25547052553295895860, 0.29466935226958074212, -0.59847982176473091265, 0.84354775105653911904, 0.16100984623861636091
-------------------------------------------------------------------
| Order |          Error^2           |         Efficiency         |
-------------------------------------------------------------------
|   2   | 1.79366203433576585078e-41 | 4.46348438834560064000e+17 |
|   4   | 1.38881814987692416889e-43 | 9.58883761913917400000e+15 |
|   6   | 7.29949214839440973318e-45 | 7.90654343350204843750e+13 |
|   8   | 7.18238475424624090125e-14 | 4.76478137821364984865e-05 |
-------------------------------------------------------------------

Scheme evaluation results:
Order: 8, No. cycles: 23
-------------------------------------------------------------------
Vector a: -0.03858524866517246826, 0.88446618953538513885, 0.01577077156248173767, -0.75603780447068347215, -0.73654966010367850515, -0.26076651883718071634, 0.35187266924033372417, 0.49508799003091502611, 0.35702421154499619504, 0.30724420356119691577, 0.26588134319017775464, 0.11459185341122875290
Vector b: -0.56917182646172448379, 1.06117315559310410045, 0.70775922347766684339, -0.67621768035270335417, -0.83585792858866425625, -0.63724139161869319814, 0.11570835394433200138, 0.58803698453633523879, 0.40213899552549570160, 0.31190942756449607787, 0.30257897955789797573, 0.22918370682245745029
-------------------------------------------------------------------
| Order |          Error^2           |         Efficiency         |
-------------------------------------------------------------------
|   2   | 2.86985925493722536125e-42 | 1.11587109708640012800e+18 |
|   4   | 4.52882147438976817109e-43 | 5.31001875897054300000e+15 |
|   6   | 9.64973099996389251546e-45 | 6.87662561170019843750e+13 |
|   8   | 7.28982395659845310795e-14 | 4.72953878805202582538e-05 |
-------------------------------------------------------------------

Scheme evaluation results:
Order: 8, No. cycles: 23
-------------------------------------------------------------------
Vector a: -0.45218185462091980975, 0.33765310073567911253, 0.46281104968083108808, 0.35724197381268824047, -0.11147765213454494115, -0.64733547622713683012, -0.61290929549619288519, -0.05776475955189189909, 0.66578936041845637739, 0.67718062153303304473, 0.26152490612253237456, 0.11946802572746606508
Vector b: -0.57288697206289207475, 0.24141023488185792134, 0.43389596659270046608, 0.49172613276684234984, 0.22275781485632925594, -0.44571311912509098407, -0.84895783332571594926, -0.37686075767200077902, 0.26133123856749063130, 1.07024748227492705333, 0.28411376079051359200, 0.23893605145503857279
-------------------------------------------------------------------
| Order |          Error^2           |         Efficiency         |
-------------------------------------------------------------------
|   2   | 7.60314940557106996532e-35 | 2.16794153325690875000e+14 |
|   4   | 9.18142526352971822708e-37 | 3.72935395306056494141e+12 |
|   6   | 4.13819756942972951879e-40 | 3.32068265147084411621e+11 |
|   8   | 7.34903066077940209290e-14 | 4.71044874141221197954e-05 |
-------------------------------------------------------------------

Scheme evaluation results:
Order: 8, No. cycles: 23
-------------------------------------------------------------------
Vector a: -0.32884965451629694089, 0.30862646102129337455, -0.27106738055853113467, 0.11395348478198639997, 0.78220048281816223490, -0.01698129401242878117, -0.15688425162203673002, 0.23443130870910702801, 0.27326005903573036271, -0.02611836818394545207, -0.06353630678967930878, 0.15096545931663893358
Vector b: -0.52975410326530247840, 0.40180889749801096400, 0.21544402454457578511, -0.75757878566163805445, 0.98548575522561088214, 0.57891521041071380971, -0.61287779843557144144, 0.29910929519149781486, 0.16975332222671576932, 0.37676679584474531692, -0.42900353221263615167, 0.30193091863327770064
-------------------------------------------------------------------
| Order |          Error^2           |         Efficiency         |
-------------------------------------------------------------------
|   2   | 1.29861131285909447597e-40 | 1.65884090886144928000e+17 |
|   4   | 1.38956258968609672795e-42 | 3.03144434443818700000e+15 |
|   6   | 6.79715337123553431503e-45 | 8.19349983232188437500e+13 |
|   8   | 8.15817256815072004657e-14 | 4.47075497036967029244e-05 |
-------------------------------------------------------------------

Scheme evaluation results:
Order: 8, No. cycles: 23
-------------------------------------------------------------------
Vector a: -0.23420820407301423671, -0.20358215001689816681, -0.30679377731092288828, 0.78209122629095695345, 0.74102062594371020943, -0.74318958729106887606, -0.35279125902706226503, 0.53442141648282215360, 0.27017838179035769119, 0.23084281288478600280, 0.19384623364914255195, 0.08816428067719085659
Vector b: -0.37749599805557815246, 0.28657558796512783150, -0.69373988799892416512, 0.08015233337707843020, 1.48403011920483574038, -0.00198886731741534147, -1.48439030726472220856, 0.77880778921059756748, 0.29003504375504668422, 0.25032171982566864266, 0.21136390594390336295, 0.17632856135438171319
-------------------------------------------------------------------
| Order |          Error^2           |         Efficiency         |
-------------------------------------------------------------------
|   2   | 2.65461981081693345916e-41 | 3.66896156648644416000e+17 |
|   4   | 3.79948941428571103621e-43 | 5.79730349170916500000e+15 |
|   6   | 3.12741575201713510036e-44 | 3.81979604096530937500e+13 |
|   8   | 8.42009573480514598415e-14 | 4.40066994444903212104e-05 |
-------------------------------------------------------------------

Scheme evaluation results:
Order: 8, No. cycles: 23
-------------------------------------------------------------------
Vector a: -0.12629621534767293545, 0.43155324053976257259, -0.53585370979526203428, -0.00045694390889381554, 0.88942889092769761294, -0.11815591551640108881, -0.09219064741972957111, -0.26432376132453644368, 0.01715517594122624792, 0.54782235450098704099, 0.17468629015028264151, 0.07663124125253976959
Vector b: -0.34614043108688546946, 0.43968843147841230046, 0.42341804960111856238, -1.49512546919166755544, 1.49421158137388010445, 0.28464620048154665177, -0.52095803151436403944, 0.33657673667491050384, -0.86522425932398672188, 0.89953461120643840587, 0.19611009779552657228, 0.15326248250507065740
-------------------------------------------------------------------
| Order |          Error^2           |         Efficiency         |
-------------------------------------------------------------------
|   2   | 4.69257323324312761152e-37 | 2.75955337427556250000e+15 |
|   4   | 2.45656590201076536616e-39 | 7.20982039761975468750e+13 |
|   6   | 2.48553464955062984385e-42 | 4.28472617906359765625e+12 |
|   8   | 8.43061295064732304945e-14 | 4.39792416312682169790e-05 |
-------------------------------------------------------------------

Scheme evaluation results:
Order: 8, No. cycles: 23
-------------------------------------------------------------------
Vector a: -0.07914047030093027124, 0.28660862880041704237, -0.96654776583771495613, -0.00002204110790494660, 1.21541095464828341477, 0.35447073073577795022, -0.06200295847456433612, -0.11664924751726635233, 0.25943038131308249206, -0.32736548661019371220, 0.01071908066384950203, 0.42508819368716427300
Vector b: -0.24426155597589832569, 0.33024217134993605338, 0.24297508625086475242, -2.17607061792630407382, 2.17602653571049398096, 0.25479537358614812170, 0.45414608788536930950, -0.57815200483449702418, 0.34485350979995355036, 0.17400725282623366597, -0.82873822604663616165, 0.85017638737433598450
-------------------------------------------------------------------
| Order |          Error^2           |         Efficiency         |
-------------------------------------------------------------------
|   2   | 1.06253956040721325498e-36 | 1.83388362917662725000e+15 |
|   4   | 8.94872001914756831126e-40 | 1.19456062569180109375e+14 |
|   6   | 1.30579862263124336493e-41 | 1.86936833006633642578e+12 |
|   8   | 8.69450876661857065968e-14 | 4.33066696408400948043e-05 |
-------------------------------------------------------------------

Scheme evaluation results:
Order: 8, No. cycles: 23
-------------------------------------------------------------------
Vector a: -0.60228156812432376288, 0.44302010057285517997, 0.58627119531883209458, -0.30412644953257356173, 0.11732019047971921355, 0.56249547812401290425, -0.44854482446193005840, -0.32730063906505907356, 0.35450962182237766296, 0.33001567382521174165, 0.20585940237633895689, 0.08276181866453870273
Vector b: -0.57373196517785840509, -0.05709920589287613424, 0.94313940703851162350, 0.22940298359915733961, -0.83765588266432600140, 1.07229626362378804849, 0.05269469262421228734, -0.94978434154803081935, 0.29518306341786831881, 0.41383618022690232818, 0.24619516742356969963, 0.16552363732908167981
-------------------------------------------------------------------
| Order |          Error^2           |         Efficiency         |
-------------------------------------------------------------------
|   2   | 5.56752695457821720083e-40 | 8.01148758118907040000e+16 |
|   4   | 1.42011746479492926268e-42 | 2.99865513345542000000e+15 |
|   6   | 3.25250533669004470134e-43 | 1.18446975318138476562e+13 |
|   8   | 8.80051514265942594602e-14 | 4.30450547543415149455e-05 |
-------------------------------------------------------------------

Scheme evaluation results:
Order: 8, No. cycles: 23
-------------------------------------------------------------------
Vector a: -0.31556443666772820977, 0.36272096889344201953, 0.35393835365745840438, -0.02028035900379387274, -0.63655474502462361386, 0.10889745202924526468, 0.62903675948242554483, 0.21761259117869280466, 0.21804780320118466452, -0.09133368818860355953, -0.02047430674059759481, 0.19395360718289811341
Vector b: -0.54314114418382097860, 0.45515341503216777408, 0.27028852275474218869, 0.43758818456019776821, -0.47814890256778780353, -0.79496058748149889261, 1.01275549153999477880, 0.24531802742484903890, 0.18990715493255705404, 0.24618845146980045113, -0.42885582784704290304, 0.38790721436584141291
-------------------------------------------------------------------
| Order |          Error^2           |         Efficiency         |
-------------------------------------------------------------------
|   2   | 6.27351233129277463970e-39 | 2.38665118250211200000e+16 |
|   4   | 7.56881587912683038497e-40 | 1.29889691593169703125e+14 |
|   6   | 1.96913173170014626788e-42 | 4.81388375234912890625e+12 |
|   8   | 8.86705620990277562932e-14 | 4.28832390599461307128e-05 |
-------------------------------------------------------------------

Scheme evaluation results:
Order: 8, No. cycles: 23
-------------------------------------------------------------------
Vector a: -0.29917927951896738925, -0.39999136884516145463, -0.07359303338258027516, 0.47187822618921348994, 0.77502508275565695772, -0.00579638357382372769, -1.11354360699377386013, 0.04346258843578301029, 0.71036097682540144671, 0.36590859518010621088, 0.34718457409660163915, 0.17828362883154399987
Vector b: -0.30749057243531663364, 0.01662258583272746212, -0.81660532352308201620, 0.66941925675791713601, 0.27433719562051706031, 1.27571296989081051088, -1.28730573703845840861, -0.93978147694911184917, 1.02670665382068038163, 0.39401529983012251179, 0.33780189053010134526, 0.35656725766309232961
-------------------------------------------------------------------
| Order |          Error^2           |         Efficiency         |
-------------------------------------------------------------------
|   2   | 3.91018323485196955471e-40 | 9.55973323228736960000e+16 |
|   4   | 8.70556670961792605311e-43 | 3.82992378831852050000e+15 |
|   6   | 1.90330806649652419295e-44 | 4.89641748125273984375e+13 |
|   8   | 9.29154225043443490912e-14 | 4.18922232058257279063e-05 |
-------------------------------------------------------------------

Scheme evaluation results:
Order: 8, No. cycles: 23
-------------------------------------------------------------------
Vector a: -0.08916636140531641885, 0.88533369238602765972, 0.00591933260006584448, -0.56465565821398833180, -1.18722815736376330342, -0.00008725566104463349, 1.45085813601331214961, 0.36531746005416398937, 0.21256644310825506539, -0.42208081393969154593, -0.03830592385058904231, 0.38152910627256853004
Vector b: -0.29071306179606543063, 0.40309340078149591413, 1.36757398399057272798, -1.35573531879044129056, 0.22642400236244775158, -2.60088031709000233604, 2.60070580576791332561, 0.30101046625874783302, 0.42962445384957831385, -0.00449156763306747791, -0.83967006024631418715, 0.76305821254513495067
-------------------------------------------------------------------
| Order |          Error^2           |         Efficiency         |
-------------------------------------------------------------------
|   2   | 1.85163319128549780308e-36 | 1.38920663672834425000e+15 |
|   4   | 2.31128206887885272934e-39 | 7.43296659341093125000e+13 |
|   6   | 9.37036911041444322154e-41 | 6.97838031815483642578e+11 |
|   8   | 9.53070736667287560300e-14 | 4.13632585190470679370e-05 |
-------------------------------------------------------------------

Scheme evaluation results:
Order: 8, No. cycles: 23
-------------------------------------------------------------------
Vector a: -0.09743149908359453881, 0.37836772324330247841, 0.42340328007421368373, -0.05633430491388443512, -0.14643319598078136101, 0.23524159569287705907, -0.84494382387639699328, -0.00010584739459123792, 0.48499062863496816833, 0.01318534166897852335, 0.53111305238435524423, 0.07894704955055344142
Vector b: -0.29860311569446995605, 0.40234323322175108428, 0.35439221326485353947, 0.49241434688357388350, -0.60508295671134271210, 0.31221656474978065621, 0.15826662663597237946, -1.84815427438876489497, 1.84794257959958252435, -0.87796132232964674280, 0.90433200566760374439, 0.15789409910110668855
-------------------------------------------------------------------
| Order |          Error^2           |         Efficiency         |
-------------------------------------------------------------------
|   2   | 2.81694622492432026865e-39 | 3.56168124781690080000e+16 |
|   4   | 5.91188116338985754483e-42 | 1.46969023336566025000e+15 |
|   6   | 8.93625971365775868982e-44 | 2.25972241117112421875e+13 |
|   8   | 9.70939591711470020283e-14 | 4.09808730767032298862e-05 |
-------------------------------------------------------------------

Scheme evaluation results:
Order: 8, No. cycles: 23
-------------------------------------------------------------------
Vector a: 0.20653164907226073677, -0.44489021210160789588, 0.49149291650406784493, -0.20531939021136863532, 0.08951673202497376081, -0.17040447758446727877, -0.10061566024002711883, 0.86917804043850854789, -0.09673633569552833600, -0.09332245901359229046, 0.32026064622391708925, 0.13430855058286356174
Vector b: 0.82089989577932809262, -1.22873649341413471170, 0.33895606921091886443, 0.64402976379721688094, -1.05466854421995437363, 1.23370200826990172871, -1.57451096343883634177, 1.37327964295878213186, 0.36507643791823507495, -0.55854910930929180246, 0.37190419128210716604, 0.26861710116572712348
-------------------------------------------------------------------
| Order |          Error^2           |         Efficiency         |
-------------------------------------------------------------------
|   2   | 1.14794370197489014450e-41 | 5.57935548543200064000e+17 |
|   4   | 8.52427372079590284456e-43 | 3.87043664172111700000e+15 |
|   6   | 2.14319647425807846179e-45 | 1.45915689215453406250e+14 |
|   8   | 9.89704781982767388703e-14 | 4.05905071473026238834e-05 |
-------------------------------------------------------------------

Scheme evaluation results:
Order: 8, No. cycles: 23
-------------------------------------------------------------------
Vector a: -0.61964285276016428661, 0.54825114413011111214, 0.09743311256386240349, -0.24089518998794745563, -0.16316305238416747847, -0.35273165068189910043, 0.45540733246564613079, 0.56444708736311210995, 0.25685442914641948287, 0.20292887087579999927, 0.17181079809324822927, 0.07929997117597886724
Vector b: -0.60260046597274363744, -0.03408477356729158053, 1.13058706182173618338, -0.93572083669646033410, 0.45393045671771231619, -0.78025656148441557836, 0.07479326012666216716, 0.83602140479813735752, 0.29287276997615885321, 0.22083608818211139524, 0.18502165372711387725, 0.15859994237127894579
-------------------------------------------------------------------
| Order |          Error^2           |         Efficiency         |
-------------------------------------------------------------------
|   2   | 7.49013535256238125862e-38 | 6.90715966251407400000e+15 |
|   4   | 5.67174598034555790497e-37 | 4.74493502712675781250e+12 |
|   6   | 5.25657069945425746438e-39 | 9.31712085600127868652e+10 |
|   8   | 1.04209494342413943934e-13 | 3.95570291706975288738e-05 |
-------------------------------------------------------------------

Scheme evaluation results:
Order: 8, No. cycles: 23
-------------------------------------------------------------------
Vector a: 0.19254887989464408715, 0.26498517148460182247, -0.27952360108558560459, -0.01034304061957625961, 0.59444239167101475818, -0.19147164956217838094, -0.27113925744269151696, 0.21692859000321423890, -0.14450513538328163543, 0.10693666042019908669, 0.45444696270949391792, 0.06669402791014550358
Vector b: 0.09254048072719049667, 0.20001679833490915161, 0.32995354463429110714, -0.88900074680546536943, 0.86831466556631287101, 0.32057011777572180788, -0.70351341690007984653, 0.16123490201469592442, 0.27262227799173388565, -0.56163254875829848878, 0.77550586959869671766, 0.13338805582029164554
-------------------------------------------------------------------
| Order |          Error^2           |         Efficiency         |
-------------------------------------------------------------------
|   2   | 2.58287332944350282513e-40 | 1.17623141398130128000e+17 |
|   4   | 1.05797486674311061973e-42 | 3.47416931845270100000e+15 |
|   6   | 7.11282124960773936639e-45 | 8.00962229030549843750e+13 |
|   8   | 1.10680764644456460895e-13 | 3.83832050809229484564e-05 |
-------------------------------------------------------------------

Scheme evaluation results:
Order: 8, No. cycles: 23
-------------------------------------------------------------------
Vector a: -0.28052724414177049317, -0.26577631320994332675, 0.22614248740455519804, -0.17661478423085730238, 0.10345245120780849346, 0.62895717278830032271, 0.34287365806733366425, 0.20968526310977503302, -0.36977785439355881358, -0.01159749883423536257, 0.52082028805523361559, 0.07236237417735895405
Vector b: 0.08596757239905590542, -0.73298963308168785247, 0.20143700666185648807, 0.25084796814720361491, -0.60407753660888419134, 0.81098243902448374776, 0.44693190655215270235, 0.23881540958247679529, 0.18055511663709464254, -0.92011082542421007702, 0.89691582775574096864, 0.14472474835471735299
-------------------------------------------------------------------
| Order |          Error^2           |         Efficiency         |
-------------------------------------------------------------------
|   2   | 1.78674746719340147343e-37 | 4.47211270916629950000e+15 |
|   4   | 2.47547234131552257599e-40 | 2.27122215947297781250e+14 |
|   6   | 2.96537420997930963683e-42 | 3.92277348212975683594e+12 |
|   8   | 1.10976274464583259219e-13 | 3.83320672364223334746e-05 |
-------------------------------------------------------------------

Scheme evaluation results:
Order: 8, No. cycles: 23
-------------------------------------------------------------------
Vector a: -0.27300332412647820846, 1.20820817859638585112, -0.00004508110096398939, -1.39166278055041159334, -0.33600708021482855736, 0.46034012460438283876, 0.63241779057777280926, 0.39676882181800948723, -0.08503886522869077980, -0.09892137710322909672, 0.33760244124457694515, 0.14934115148347432145
Vector b: -0.44814823769722178515, 0.35028982714148765298, 2.06612653005127855366, -2.06621669225320658825, -0.71710886884761138038, 0.04509470841795513302, 0.87558554079080930244, 0.38925004036473642710, 0.40428760327128293595, -0.57436533372866493963, 0.37652257952220591353, 0.29868230296694864290
-------------------------------------------------------------------
| Order |          Error^2           |         Efficiency         |
-------------------------------------------------------------------
|   2   | 9.41313835619409918491e-40 | 6.16136740770322080000e+16 |
|   4   | 1.21723309407228123210e-40 | 3.23893162665741812500e+14 |
|   6   | 2.36473981141869955744e-41 | 1.38912492021103906250e+12 |
|   8   | 1.11645379843900855471e-13 | 3.82170300702903842772e-05 |
-------------------------------------------------------------------

Scheme evaluation results:
Order: 8, No. cycles: 23
-------------------------------------------------------------------
Vector a: 0.40808495291856833331, 0.37397868459981176148, -0.34175338957065654055, -0.38768557988997676134, 0.62350140971311263094, -0.04143217515742361745, -0.62043273096951678802, 0.50479771360808101122, 0.17662639170508903641, -0.14200371689863830471, 0.33842523406877983438, 0.10789320587276939045
Vector b: 0.16890373573075304070, 0.47836243437563052971, 0.26959493482399282671, -0.95310171396530574128, 0.17773055418535221861, 1.06927226524087282122, -1.15213661555572000061, -0.08872884638331338114, 1.09832427359947537582, -0.74507149018929741402, 0.46106405639202097113, 0.21578641174553869764
-------------------------------------------------------------------
| Order |          Error^2           |         Efficiency         |
-------------------------------------------------------------------
|   2   | 9.75752146678656622826e-41 | 1.91370314351736736000e+17 |
|   4   | 3.31770548602003486701e-42 | 1.96186780575876475000e+15 |
|   6   | 8.73929138745339836856e-44 | 2.28504561433428515625e+13 |
|   8   | 1.20445845068441411906e-13 | 3.67943724633687686961e-05 |
-------------------------------------------------------------------

Scheme evaluation results:
Order: 8, No. cycles: 23
-------------------------------------------------------------------
Vector a: 0.79134771772170886539, -0.66617403690685850215, -0.50052174660149573171, 0.57843152623035254400, 0.61049722081171653443, -0.10541510306515340656, -0.22037037835801229213, 0.13263698385906799726, -0.77143880401550835035, -0.03045443299750160218, 0.99449966370987041842, 0.18696138961181349436
Vector b: 0.80802734653656216324, -0.03335925762970681774, -1.29898881618400996452, 0.29794532298101883416, 0.85891772947968603180, 0.36207671214374698154, -0.57290691827405393344, 0.13216616155803107002, 0.13310780616010181587, -1.67598541419111679573, 1.61507654819611357055, 0.37392277922362698872
-------------------------------------------------------------------
| Order |          Error^2           |         Efficiency         |
-------------------------------------------------------------------
|   2   | 6.38543684223532642879e-41 | 2.36564199454391040000e+17 |
|   4   | 2.22981618135686516411e-43 | 7.56752953401321700000e+15 |
|   6   | 2.79911865947503791074e-44 | 4.03759105167078359375e+13 |
|   8   | 1.23196697889808673916e-13 | 3.63812635338141721758e-05 |
-------------------------------------------------------------------

Scheme evaluation results:
Order: 8, No. cycles: 23
-------------------------------------------------------------------
Vector a: -0.97563132739614599753, 0.00403637797586027698, 0.94089887297892138562, 0.54008562655633107763, -0.34415165756659510388, -0.23085288197999567772, 0.31175625419254948678, 0.32783281382923368241, 0.36841277123767274260, -0.05997430718285891305, -0.06898948614868558038, 0.18657694350371265002
Vector b: -0.53540914540456907567, -0.88044436398315562009, 0.88851711993487614283, 0.99328062602296829375, 0.08689062708969462479, -0.77519394222288517948, 0.31348817826289476773, 0.31002433012220287356, 0.34564129753626521291, 0.39118424493908005024, -0.51113285930479823715, 0.37315388700742602168
-------------------------------------------------------------------
| Order |          Error^2           |         Efficiency         |
-------------------------------------------------------------------
|   2   | 2.86985925493722536125e-41 | 3.52869424194390400000e+17 |
|   4   | 2.27798581606803075092e-42 | 2.36762625955887650000e+15 |
|   6   | 8.19096755981915121970e-44 | 2.36029007906447851562e+13 |
|   8   | 1.26855980611919069394e-13 | 3.58526976316871548358e-05 |
-------------------------------------------------------------------

Scheme evaluation results:
Order: 8, No. cycles: 23
-------------------------------------------------------------------
Vector a: -0.67397263741638324674, -0.04944608475141101800, 0.40237435271190408193, 0.18691039389020022710, -0.48021702525218845636, 0.02483519173825071355, 1.19766230274218843377, -0.01248215354627944806, -0.36862497636941587986, 0.40172887025370235259, 0.25491124360440720054, 0.11632052239502498059
Vector b: -0.33573347995909902375, -0.67647831491457477426, 0.57758614541174346790, 0.22716256001202797532, 0.14665822776850620524, -1.10709227827300749070, 1.15676266174951369869, 1.23856194373494821193, -1.26352625082750935626, 0.52627629808862441685, 0.27718144241877357148, 0.23264104479005312531
-------------------------------------------------------------------
| Order |          Error^2           |         Efficiency         |
-------------------------------------------------------------------
|   2   | 2.25642683919439344028e-39 | 3.97954756168479120000e+16 |
|   4   | 1.18624294062796780107e-41 | 1.03753280073349487500e+15 |
|   6   | 1.33033482397480771659e-43 | 1.85204913365699023438e+13 |
|   8   | 1.28347655124239738842e-13 | 3.56437461926003350634e-05 |
-------------------------------------------------------------------

Scheme evaluation results:
Order: 8, No. cycles: 23
-------------------------------------------------------------------
Vector a: -0.34786139074607869137, -0.25584190739199746956, 0.22025539754257378311, -0.18196619008188130717, 0.09804044136808801047, 0.60371140810007428712, 0.33838224215788748062, 0.23838285962575045396, 0.20467126049008210753, -0.37665770615359550622, -0.00701663785525969644, 0.46590022294435651240
Vector b: 0.01294262591457757960, -0.72160803332131306931, 0.20992421853731899062, 0.23058657654782707680, -0.59451895671158871970, 0.79059983944776446307, 0.41682297675238633161, 0.25994150756338429975, 0.21682421168812063272, 0.19251830929204166720, -0.94583372159923129185, 0.93180044588871191458
-------------------------------------------------------------------
| Order |          Error^2           |         Efficiency         |
-------------------------------------------------------------------
|   2   | 4.50567903025144381717e-40 | 8.90562087341152640000e+16 |
|   4   | 2.07392172720072926497e-43 | 7.84679804484047700000e+15 |
|   6   | 6.83889928324246431882e-45 | 8.16845423033144062500e+13 |
|   8   | 1.38117743293079122995e-13 | 3.43599540966772884140e-05 |
-------------------------------------------------------------------

Scheme evaluation results:
Order: 8, No. cycles: 23
-------------------------------------------------------------------
Vector a: -0.10421727018382860586, 0.43190749824027352410, 0.51927665953200929927, -0.27611024027926261981, 0.05929628089453473083, 0.05216001746088276547, 0.11217181969319388324, -0.13743319794987654547, -0.01177522719631370063, 0.16467702864465003088, -0.23835213642576416615, 0.42839876756950145964
Vector b: -0.32719974737232326856, 0.44596495437700500730, 0.41785004210353621223, 0.62070327696049332200, -1.17292375751896726932, 1.29151631930803234560, -1.18719628438627844425, 1.41153992377273240777, -1.68640631967244258860, 1.66285586527981288363, -1.33350180799056317049, 0.85679753513896239614
-------------------------------------------------------------------
| Order |          Error^2           |         Efficiency         |
-------------------------------------------------------------------
|   2   | 4.12255281971732423144e-38 | 9.31024722913688000000e+15 |
|   4   | 3.46316902473235290908e-41 | 6.07228031523327625000e+14 |
|   6   | 2.30269560065024498225e-42 | 4.45158549125124414062e+12 |
|   8   | 1.39928480866563892732e-13 | 3.41369135440518478011e-05 |
-------------------------------------------------------------------

Scheme evaluation results:
Order: 8, No. cycles: 23
-------------------------------------------------------------------
Vector a: -0.16046939674747498494, -0.13528448456522976229, -0.33210856990580062131, 0.01011179857827116182, 1.43568502416957866075, -0.00037097640024156414, -0.58967816103809422845, 0.51569488590442014164, -0.08525918763150860946, -0.11439604742662533299, 0.32023189464670748228, 0.13584322041599769526
Vector b: 0.17680320698678500535, -0.67454520746870649806, 0.40397623833824980455, -1.06819337815008430503, 1.08841697530662506743, 1.78295307303384786834, -1.78369502583433070519, 0.60433870375724974000, 0.42705106805168002726, -0.59756944331472994225, 0.36877734846139625935, 0.27168644083201765049
-------------------------------------------------------------------
| Order |          Error^2           |         Efficiency         |
-------------------------------------------------------------------
|   2   | 3.88535895229676255533e-38 | 9.59022406567906600000e+15 |
|   4   | 3.72969949589309392801e-40 | 1.85034084210206687500e+14 |
|   6   | 7.13528178775752848112e-42 | 2.52887532778526953125e+12 |
|   8   | 1.47752654003431674475e-13 | 3.32207678672404786539e-05 |
-------------------------------------------------------------------

Scheme evaluation results:
Order: 8, No. cycles: 23
-------------------------------------------------------------------
Vector a: -0.20088899868415760475, 0.28423016120432709197, 0.14862327941865643988, -0.21757978657268520206, -0.52205519007841516554, -0.11513726139257979275, 0.49684907370845654562, 0.52635051802593424419, 0.24171456611392783120, 0.17065671035121335319, 0.13053613266438893192, 0.05670079524093325080
Vector b: -0.41044227371043900954, 0.41910655005514624305, 0.14935377233009081155, 0.14789278654544388281, -0.58305235970811164492, -0.46105802044787608240, 0.23078349766211420091, 0.76291464975457645714, 0.28978638630033265455, 0.19364274590998103998, 0.14767067482132431588, 0.11340159048741714487
-------------------------------------------------------------------
| Order |          Error^2           |         Efficiency         |
-------------------------------------------------------------------
|   2   | 1.66021357898118487148e-39 | 4.63940565090536720000e+16 |
|   4   | 1.75735203765528665120e-38 | 2.69562373251426992188e+13 |
|   6   | 3.03762856654107539419e-39 | 1.22564768628838119507e+11 |
|   8   | 1.48832110614536119394e-13 | 3.31000760464762025840e-05 |
-------------------------------------------------------------------

Scheme evaluation results:
Order: 8, No. cycles: 23
-------------------------------------------------------------------
Vector a: 0.50266326875667810548, 0.45410854322692117968, -0.02565440921599066240, -0.57280626570970483158, -0.12210365659345610856, 0.36012223978142371417, 0.27129109172850152110, -0.66126165059631136778, 0.17877657975695779302, -0.00102255218998961988, -0.17610966559811394583, 0.79199647665308425815
Vector b: 0.25772641766915249661, 0.48987370217505094017, 0.41834338427879147471, -0.46965220271077290359, -0.67596032870863687059, 0.43175301552172457020, 0.28849146404112341324, 0.25409071941587912935, -1.57661402060850286411, 1.93416718012241806157, -1.93621228450239724062, 1.58399295330616984856
-------------------------------------------------------------------
| Order |          Error^2           |         Efficiency         |
-------------------------------------------------------------------
|   2   | 9.02570735677757376114e-39 | 1.98977378084239560000e+16 |
|   4   | 5.16686769765846550391e-41 | 4.97135738683500062500e+14 |
|   6   | 2.35607159926866987991e-43 | 1.39167793571228242188e+13 |
|   8   | 1.54012113395623219471e-13 | 3.25386755620350230449e-05 |
-------------------------------------------------------------------

Scheme evaluation results:
Order: 8, No. cycles: 23
-------------------------------------------------------------------
Vector a: 0.55500916162208036031, 0.04266279199418528817, -0.27825612535265731307, 0.25596405835338703616, -0.14595469180820716537, -0.20421728085298376798, 0.31081368771548489871, 0.30192500101697639092, -0.37476221038522511408, -0.01424409766064754258, 0.50191647629536306763, 0.04914322906224390802
Vector b: 0.13753259617391860870, 0.83495313089630518455, -0.74962754690793620416, 0.19311529620279771491, 0.31881282050373488390, -0.61072220412008271229, 0.20228764241398694557, 0.41933973301713001192, 0.18451026901689202009, -0.93403468978736481354, 0.90554649446607660135, 0.09828645812454170350
-------------------------------------------------------------------
| Order |          Error^2           |         Efficiency         |
-------------------------------------------------------------------
|   2   | 1.94006969788842273835e-39 | 4.29176231246349200000e+16 |
|   4   | 4.35477637344513750271e-41 | 5.41509059635738125000e+14 |
|   6   | 2.60331424654574798900e-42 | 4.18667921520374853516e+12 |
|   8   | 1.57634170205863161094e-13 | 3.21626725652607623569e-05 |
-------------------------------------------------------------------

Scheme evaluation results:
Order: 8, No. cycles: 23
-------------------------------------------------------------------
Vector a: -0.09378498345345481768, 0.47304786988496722033, 0.34188126082979414244, -0.16770676731180034214, 0.57305742785897528790, -0.00010197386215211810, -0.73075615741975152861, 0.25240507255425848054, -0.26243589371075864980, 0.04224768345966252447, 0.48804088067026790698, 0.08410558049999190822
Vector b: -0.36799493044990694290, 0.54841989399289547968, 0.39767584577705400450, 0.28608667588252822966, -0.62150021050613335483, 1.76761506622405928368, -1.76781901394836360453, 0.30630669910885871543, 0.19850344599969318993, -0.72337523342123666303, 0.80787060034056701330, 0.16821116099998456583
-------------------------------------------------------------------
| Order |          Error^2           |         Efficiency         |
-------------------------------------------------------------------
|   2   | 6.74908388307655959737e-38 | 7.27648963407090500000e+15 |
|   4   | 3.60996959923723337231e-40 | 1.88077517450897687500e+14 |
|   6   | 3.53126650239198456635e-41 | 1.13675725996661840820e+12 |
|   8   | 1.60422586672131921097e-13 | 3.18819263744532437423e-05 |
-------------------------------------------------------------------

Scheme evaluation results:
Order: 8, No. cycles: 23
-------------------------------------------------------------------
Vector a: -1.31661016729242907886, 0.00015641487900453538, 0.88182571714764601545, 0.21929037835167383697, 0.17726854706140404705, -0.30085406297562494737, 0.13345354503742404284, 0.68545206353482268646, 0.39411210977475835682, -0.10477136099769329691, -0.04991413017843700922, 0.28059094565745074101
Vector b: -0.55972875689925682963, -1.51376282078634005757, 1.51407565054434911644, 0.24957578375093703027, 0.18900497295240739626, 0.16553212117041130047, -0.76724024712166760676, 1.03414733719651596999, 0.33675678987312823720, 0.45146742967638969768, -0.66101015167177790133, 0.56118189131490359145
-------------------------------------------------------------------
| Order |          Error^2           |         Efficiency         |
-------------------------------------------------------------------
|   2   | 2.58574318869844005049e-39 | 3.71750561609414720000e+16 |
|   4   | 1.84515274640738125405e-40 | 2.63070708199395437500e+14 |
|   6   | 3.62528104403417026294e-41 | 1.12192065544689013672e+12 |
|   8   | 1.63898368326014456579e-13 | 3.15420558837017092971e-05 |
-------------------------------------------------------------------

Scheme evaluation results:
Order: 8, No. cycles: 23
-------------------------------------------------------------------
Vector a: -0.61836756276795024068, 0.54657833618801654474, 0.59887930731827110353, -0.41199382452378807695, -0.22594952513878244216, 0.48700525866528837637, 0.36007934219011838994, -0.14250541545739550675, -0.12093130564283204043, 0.21707542519331735065, 0.20523534497334422477, 0.10489461900239235859
Vector b: -0.60210879802608419098, -0.03251752958745385974, 1.12567420206260715432, 0.07208441267374701700, -0.89607206181334952966, 0.44417301155847449534, 0.52983750574129107047, 0.19032117865885547769, -0.47533200959311483480, 0.23346939833314117596, 0.20068145199088333053, 0.20978923800100285346
-------------------------------------------------------------------
| Order |          Error^2           |         Efficiency         |
-------------------------------------------------------------------
|   2   | 1.51379823855502102684e-35 | 4.85859087507527500000e+14 |
|   4   | 9.72269210648768695780e-36 | 1.14602842464654077148e+12 |
|   6   | 3.31249034838201298381e-38 | 3.71155305623459777832e+10 |
|   8   | 1.65663084014430346568e-13 | 3.13736061893955746446e-05 |
-------------------------------------------------------------------

Scheme evaluation results:
Order: 8, No. cycles: 23
-------------------------------------------------------------------
Vector a: -0.07159003644965736268, 0.63843809881720048338, 0.06035010342949312379, -0.23456348961874895487, 0.23972255551636803550, -0.18180389838568478122, -0.13347583317605779540, 0.32256908410442669544, 0.26269432694249889026, -0.35465620201308450943, -0.01091711353933474266, 0.46323240437258084157
Vector b: -0.30643199455337938319, 0.46968391620744393000, 0.80719228142695731432, -0.68649207456797112226, 0.21736509533047290721, 0.26208001570226346910, -0.62568781247363303155, 0.35873614612151755177, 0.28640202208733556155, 0.23898663179766224673, -0.94829903582383134886, 0.92646480874516179416
-------------------------------------------------------------------
| Order |          Error^2           |         Efficiency         |
-------------------------------------------------------------------
|   2   | 1.96585358963199937246e-39 | 4.26352430433058640000e+16 |
|   4   | 2.32615545077919633773e-42 | 2.34298381669174400000e+15 |
|   6   | 1.21105321047222265859e-44 | 6.13834609308816875000e+13 |
|   8   | 1.73999810492427310326e-13 | 3.06127908404324382903e-05 |
-------------------------------------------------------------------

Scheme evaluation results:
Order: 8, No. cycles: 23
-------------------------------------------------------------------
Vector a: -0.38312868216406853472, 0.22301105791325262495, -0.28980802333961086514, -0.23249478218243410654, 0.74939402007362410085, -0.01530145713286769696, -0.70732278203461040889, 0.36204847028317549418, 0.67744300786779076962, 0.29532235415338481399, 0.22160077920691279019, 0.09923603735545105664
Vector b: -0.46364336077992412966, 0.16102935723171130089, 0.28499275859479383799, -0.86460880527401551277, 0.39961924090914724417, 1.09916879923810095754, -1.12977171350383631676, -0.28487385056538444550, 1.00897079113173537834, 0.34591522460384610538, 0.24472948370292349485, 0.19847207471090211328
-------------------------------------------------------------------
| Order |          Error^2           |         Efficiency         |
-------------------------------------------------------------------
|   2   | 2.86985925493722536125e-42 | 1.11587109708640012800e+18 |
|   4   | 4.45481539924261376953e-43 | 5.35394369759707600000e+15 |
|   6   | 8.58756361311441359690e-45 | 7.28950436440672968750e+13 |
|   8   | 1.79808816057144230064e-13 | 3.01142340282434734834e-05 |
-------------------------------------------------------------------

Scheme evaluation results:
Order: 8, No. cycles: 23
-------------------------------------------------------------------
Vector a: -0.16649209699089531633, -0.04285823504355389807, 0.08559457416729093771, 0.18256503176045607573, -0.73775827059671283958, -0.02506595561802423683, 0.55255780818169741853, 0.43408547785475548597, 0.25880216112060699940, 0.20564391933706344107, 0.17364126316210942713, 0.07928432266520647753
Vector b: -0.66730912191167146563, 1.00163404984154791322, -1.08735051992865661141, 1.25853966826323993011, -0.89340960474231845279, -0.58210693645111799555, 0.53197502521506789819, 0.57314059114833826314, 0.29503036456114195563, 0.22257395768015547644, 0.18871388099387120807, 0.15856864533040215814
-------------------------------------------------------------------
| Order |          Error^2           |         Efficiency         |
-------------------------------------------------------------------
|   2   | 1.79366203433576585078e-42 | 1.41147769677756160000e+18 |
|   4   | 1.43437359661702629423e-40 | 2.98371621710051062500e+14 |
|   6   | 2.43678248510270848547e-43 | 1.36843634931692070312e+13 |
|   8   | 1.89491098941430719080e-13 | 2.93347846684434791222e-05 |
-------------------------------------------------------------------

Scheme evaluation results:
Order: 8, No. cycles: 23
-------------------------------------------------------------------
Vector a: 0.65547109933465885767, 0.12015140197612998729, -0.26893812778626757787, 0.36154741766927322999, -0.35146847992633128976, -0.34590451712466890877, 0.57441030311719820656, -0.09613731453489265943, -0.24702075380918345204, -0.14604467696894846140, 0.20088363429023742279, 0.54305001376279471437
Vector b: 0.12667535044062450122, 1.05759149778806871289, -0.81728869383580871055, 0.27941243826327349931, 0.44368239707527296067, -1.14661935692793548469, 0.45481032267859750062, 0.69401028355579907902, -0.88628491262558439789, 0.39224340500721743830, -0.68433275894511447213, 1.08610002752558942873
-------------------------------------------------------------------
| Order |          Error^2           |         Efficiency         |
-------------------------------------------------------------------
|   2   | 1.86540851570919648481e-40 | 1.38406775362880496000e+17 |
|   4   | 1.98704122241259060657e-42 | 2.53504234118972850000e+15 |
|   6   | 7.39212309041972348996e-44 | 2.48455370625211289062e+13 |
|   8   | 1.90312723347633123081e-13 | 2.92713936229239907259e-05 |
-------------------------------------------------------------------

Scheme evaluation results:
Order: 8, No. cycles: 23
-------------------------------------------------------------------
Vector a: -0.03489356329626774195, 0.56694583211066129635, 0.12991278160116770390, -0.10880258281079112359, -0.60711537070310916953, -0.15197725482342533398, 0.41359302696837352276, 0.25405661391213107958, 0.19000402135819377536, 0.15489279887837695271, 0.13198327102801601929, 0.06140042577667304685
Vector b: -0.55303166747002652226, 1.03627620834730049815, 0.09761545587367648213, 0.16221010732993157433, -0.37981527295188066695, -0.83441546845460001780, 0.53046095880902088826, 0.29672509508182365323, 0.21138813304164036366, 0.16861990890909775431, 0.14116568979569618647, 0.12280085168831987585
-------------------------------------------------------------------
| Order |          Error^2           |         Efficiency         |
-------------------------------------------------------------------
|   2   | 3.59123425190638367112e-37 | 3.15444137638816200000e+15 |
|   4   | 5.84115146833677199190e-36 | 1.47856159650528198242e+12 |
|   6   | 4.36680541608766564083e-39 | 1.02223574661869873047e+11 |
|   8   | 1.92837493952571989607e-13 | 2.90791409409890505534e-05 |
-------------------------------------------------------------------

Scheme evaluation results:
Order: 8, No. cycles: 23
-------------------------------------------------------------------
Vector a: -0.09467439930407894888, 0.41299907820949932624, 0.78973343555382125025, 0.00060804674246537672, -0.24809016985020346246, -0.24803392444364913416, 0.15999541478725218258, -0.04256134713112522117, -0.05940397359144409389, 0.13251916255549400780, -0.20834602971518881298, 0.40525470618715753179
Vector b: -0.32157144423968658797, 0.45379408987121461205, 0.37220406654778620537, 1.20726280455986856310, -1.20604671107493777171, 0.70986637137451791268, -1.20593422026181817941, 1.52592504983632459847, -1.61104774409857509632, 1.49223979691568620076, -1.22720147180469751902, 0.81050941237431706199
-------------------------------------------------------------------
| Order |          Error^2           |         Efficiency         |
-------------------------------------------------------------------
|   2   | 5.75837259503154268735e-38 | 7.87760946545632000000e+15 |
|   4   | 1.79298941107288993859e-40 | 2.66870023308576468750e+14 |
|   6   | 2.47265545771112338024e-42 | 4.29587050136345947266e+12 |
|   8   | 1.94208352749162780254e-13 | 2.89763287011416922120e-05 |
-------------------------------------------------------------------

Scheme evaluation results:
Order: 8, No. cycles: 23
-------------------------------------------------------------------
Vector a: -0.29363635583428870923, 0.25619985608880774253, 0.28062902067191475286, 0.26216891874085851422, 0.22303356172683927450, -0.13148916231805599097, -0.50429041569604027284, -0.29041570772339775353, 0.36023593000742715198, 0.50997872402958355220, 0.23059463693860721145, 0.09699099336774441582
Vector b: -0.40686729366621243731, 0.22646185033927965224, 0.28593791284126263141, 0.27532007133865354920, 0.24901782243615622203, 0.19704926971515690504, -0.46002758897110723746, -0.54855324049249809537, -0.03227822196865901688, 0.75275012842058774964, 0.26720730724213426210, 0.19398198276524580841
-------------------------------------------------------------------
| Order |          Error^2           |         Efficiency         |
-------------------------------------------------------------------
|   2   | 2.05051112296520806812e-34 | 1.32011955167700156250e+14 |
|   4   | 2.85363384745622712730e-34 | 2.11538554378847839355e+11 |
|   6   | 3.24211467705283100871e-35 | 1.18636628955206251144e+09 |
|   8   | 2.05857344793307573399e-13 | 2.81445382884988749134e-05 |
-------------------------------------------------------------------

Scheme evaluation results:
Order: 8, No. cycles: 23
-------------------------------------------------------------------
Vector a: 0.58930756018466667889, -0.01992562004190830127, -0.47328649027128738558, -0.57528746509970640766, -0.20358587324964211307, -0.09568031606174083603, 0.61503097994367850188, 0.64889762510291049136, -0.64455688279127332230, -0.01697383217765241828, 1.01475890940906587900, 0.16130140505288939612
Vector b: 0.79533640645041836503, -0.41205769253150309472, 0.37220645244768629789, -1.31877943299026090251, 0.16820450279084664391, -0.57537624929012964881, 0.38401561716664778245, 0.84604634272070944334, 0.45174890748511115079, -1.74086267306765885010, 1.70691500871235413150, 0.32260281010577890326
-------------------------------------------------------------------
| Order |          Error^2           |         Efficiency         |
-------------------------------------------------------------------
|   2   | 1.32730990540846672958e-40 | 1.64080949389956064000e+17 |
|   4   | 1.15081636382675601950e-42 | 3.33108443851489200000e+15 |
|   6   | 3.42259815844972076588e-44 | 3.65136314522439062500e+13 |
|   8   | 2.08846910294749990777e-13 | 2.79423729245074311297e-05 |
-------------------------------------------------------------------

Scheme evaluation results:
Order: 8, No. cycles: 23
-------------------------------------------------------------------
Vector a: -0.26680337295473199877, 0.24834919656542184252, 0.26445126465344431788, 0.25687367000247096627, 0.20971601578505774666, -0.15527999080078064287, -0.23719501234703388448, -0.23434991222314585646, 0.11599017514612078306, 0.48610613846779304748, 0.22091087584656163290, 0.09123095185882196256
Vector b: -0.38586010725552633005, 0.23811346860763715760, 0.25858492444951947098, 0.27031760513274749602, 0.24342973440259263462, 0.17600229756830954031, -0.48656227931235140893, 0.01217225449787658238, -0.48087207881943760945, 0.71285242910913360070, 0.25935984786568810900, 0.18246190375381074467
-------------------------------------------------------------------
| Order |          Error^2           |         Efficiency         |
-------------------------------------------------------------------
|   2   | 2.72049545698577969798e-36 | 1.14609422835982375000e+15 |
|   4   | 5.68496218743737843812e-36 | 1.49873505594990161133e+12 |
|   6   | 4.69425116274154156419e-38 | 3.11781127050030899048e+10 |
|   8   | 2.10691054051083081437e-13 | 2.78198166849258247751e-05 |
-------------------------------------------------------------------

Scheme evaluation results:
Order: 8, No. cycles: 23
-------------------------------------------------------------------
Vector a: -0.16065599360479357327, -0.14540472283701014189, 1.16722634839057692879, -0.00016522519846599951, -1.46363811629874596143, 0.01310472800893977552, 0.81411677640142232626, 0.51835500977248660792, -0.08937129330200085930, -0.11526649255518869874, 0.32351788330613129308, 0.13818109791664820452
Vector b: 0.18239120978517389671, -0.68609440677996347269, 0.39528496110594152357, 1.93916773567542266576, -1.93949818607235457968, -0.98777804652538347963, 1.01398750254326297515, 0.61424605025964695848, 0.42246396928534496462, -0.60120655588935445479, 0.37067357077896201378, 0.27636219583330112748
-------------------------------------------------------------------
| Order |          Error^2           |         Efficiency         |
-------------------------------------------------------------------
|   2   | 1.46434568483171924058e-39 | 4.93994964598886960000e+16 |
|   4   | 5.23092455370891370426e-41 | 4.94082449977780000000e+14 |
|   6   | 1.39118760416946215299e-41 | 1.81109042376659985352e+12 |
|   8   | 2.11608925741331421708e-13 | 2.77594157061563840305e-05 |
-------------------------------------------------------------------

Scheme evaluation results:
Order: 8, No. cycles: 23
-------------------------------------------------------------------
Vector a: 0.30501574093422284539, 0.34452244587196456660, -0.38011820831161435841, -0.03601148710644260648, 0.71319189621631795539, -0.05780131059183279962, -0.63413702180862274727, 0.13720250284812240960, 0.08357802120600557605, -0.19402013793578354317, 0.48404632068073577544, 0.23453123799692687790
Vector b: 0.14315349783409009321, 0.32372448620026555988, 0.36532040554366368434, -1.12555682216689256769, 1.05353384795400728535, 0.37284994447862884748, -0.48845256566229444672, -0.77982147795495126985, 1.05422648365119631109, -0.88707044123918499245, 0.49903016536761779509, 0.46906247599385381131
-------------------------------------------------------------------
| Order |          Error^2           |         Efficiency         |
-------------------------------------------------------------------
|   2   | 2.94519306037932752698e-39 | 3.48327244083487080000e+16 |
|   4   | 9.17149844900592772920e-43 | 3.73137164914656200000e+15 |
|   6   | 1.09157528240168132881e-44 | 6.46555986788932812500e+13 |
|   8   | 2.14543334857466086547e-13 | 2.75689228698343895664e-05 |
-------------------------------------------------------------------

Scheme evaluation results:
Order: 8, No. cycles: 23
-------------------------------------------------------------------
Vector a: 0.47965841098456146741, -0.25624559650689882062, -0.21255159175038829122, 0.25480037235146163477, -0.31772741732488385402, -0.67256146535661009978, -0.03773288298265031065, 0.62604812962186173753, 0.61777019162634105864, 0.26871635188301556951, 0.17477493546144318159, 0.07505056199274673379
Vector b: 0.40838329202909401383, 0.14255023791095447483, -0.65504143092476330157, 0.22993824742406576700, 0.27966249727870862163, -0.91511733192841770990, -0.43000559878482691456, 0.35453983281952511364, 0.89755642642421962218, 0.33798395682851828381, 0.19944874693743416816, 0.15010112398548769441
-------------------------------------------------------------------
| Order |          Error^2           |         Efficiency         |
-------------------------------------------------------------------
|   2   | 4.62406072451760436332e-39 | 2.77992169974489200000e+16 |
|   4   | 9.64247223543087813770e-40 | 1.15078570220670062500e+14 |
|   6   | 4.05166824261798870289e-43 | 1.06124594836670058594e+13 |
|   8   | 2.21708081071831687178e-13 | 2.71198042402560894777e-05 |
-------------------------------------------------------------------

Scheme evaluation results:
Order: 8, No. cycles: 23
-------------------------------------------------------------------
Vector a: -0.39138864583994320556, -0.16879342046757184193, -0.06340523715408627470, 0.37775364848938242091, -0.18049561765812394132, 0.13924366944301241888, 0.92071856141170660415, -0.01666718211266780825, -0.26505324392861073779, 0.32073202039567794142, 0.22727868276283963445, 0.10007676465838474811
Vector b: -0.50469100081391704560, 0.22660470994715362081, -0.56419155088119032904, 0.43738107657285307805, 0.31812622040572496873, -0.67911745572258497283, 0.95760479460897540704, 0.88383232821550805625, -0.91716669244088966373, 0.38706020458273882046, 0.25440383620878398441, 0.20015352931684407545
-------------------------------------------------------------------
| Order |          Error^2           |         Efficiency         |
-------------------------------------------------------------------
|   2   | 4.75320439098977950457e-41 | 2.74189666382527776000e+17 |
|   4   | 8.96029585017496080657e-39 | 3.77509148946608671875e+13 |
|   6   | 2.51703980249816797442e-41 | 1.34644290537853076172e+12 |
|   8   | 2.33704968589097865683e-13 | 2.64145574583882425867e-05 |
-------------------------------------------------------------------

Scheme evaluation results:
Order: 8, No. cycles: 23
-------------------------------------------------------------------
Vector a: 0.17213190739009603947, 0.18453503706695451037, 0.47780290864140978480, 0.06971148920013839345, -0.18937608420149051880, 0.22548154363783526333, -0.22277645964973935566, -0.22831652896661686070, 0.53329719126968744281, -0.00958243073887781252, -0.22820612854718275164, 0.21529755489778584776
Vector b: 0.08574666980565395780, 0.17277047516894047940, 0.19629959896487575444, 0.75930621831798195132, -0.61988323991770621912, 0.24113107151472676359, 0.20983201576094129281, -0.65538493506041772818, 0.19875187712718841992, 0.86784250541218010966, -0.88700736688993553347, 0.43059510979557075183
-------------------------------------------------------------------
| Order |          Error^2           |         Efficiency         |
-------------------------------------------------------------------
|   2   | 8.96328791798268910953e-39 | 1.99669005327705760000e+16 |
|   4   | 8.06184522756871321116e-42 | 1.25855276407684500000e+15 |
|   6   | 1.30036300179642295398e-43 | 1.87327130982345000000e+13 |
|   8   | 2.39541191231485339329e-13 | 2.60907888061890403688e-05 |
-------------------------------------------------------------------

Scheme evaluation results:
Order: 8, No. cycles: 23
-------------------------------------------------------------------
Vector a: -0.26065203654309737624, -0.27475437713127093264, 0.10847386375540990500, 0.09678718082244645859, -0.21588861327996874961, 0.37813220292702676151, 0.48115695634776051159, 0.40916295041844696900, -0.34321613352647539763, -0.03188731914337510770, 0.55961845092292494819, 0.09306687443017207240
Vector b: -0.34101502464689303906, 0.16072597620759193626, -0.71023473047013430115, 0.92718245798095499932, -0.73360809633606105518, 0.30183086977612227919, 0.45443353607793057769, 0.50788037661758989039, 0.31044552421930493580, -0.99687779127225784048, 0.93310315298550738916, 0.18613374886034433908
-------------------------------------------------------------------
| Order |          Error^2           |         Efficiency         |
-------------------------------------------------------------------
|   2   | 4.66352128927299121203e-42 | 8.75361307491960448000e+17 |
|   4   | 1.96575900198565744731e-43 | 8.05978615958351200000e+15 |
|   6   | 3.64809196693724655901e-45 | 1.11840756187738562500e+14 |
|   8   | 2.45068605017626537589e-13 | 2.57948776643194123241e-05 |
-------------------------------------------------------------------

Scheme evaluation results:
Order: 8, No. cycles: 23
-------------------------------------------------------------------
Vector a: 0.49456961638842233953, -0.42536767563280852844, -0.82742053133570236945, -0.01580857513014123986, 0.44398138135733450360, 0.21255583077032369488, -0.23846134087109557842, 0.13021304921789508824, 0.63061919974908575703, 0.28150803112814876128, 0.21659897088414356570, 0.09701204347439407183
Vector b: 0.43977459234437776825, 0.10959004808808943399, -0.96032539935370675455, -0.69451566331769820639, 0.66289851305741576137, 0.22506424965725388421, 0.20004741188339253410, -0.67697009362558324685, 0.93739619206137347884, 0.32384220743679820176, 0.23917385481949904324, 0.19402408694878817141
-------------------------------------------------------------------
| Order |          Error^2           |         Efficiency         |
-------------------------------------------------------------------
|   2   | 1.44927892374329880743e-40 | 1.57024832829097632000e+17 |
|   4   | 1.04488695803920187904e-42 | 3.49585975634781950000e+15 |
|   6   | 1.00999501970847925955e-44 | 6.72161088906050078125e+13 |
|   8   | 2.46794880837070158018e-13 | 2.57045046089275729779e-05 |
-------------------------------------------------------------------

Scheme evaluation results:
Order: 8, No. cycles: 23
-------------------------------------------------------------------
Vector a: -0.15026199291454581108, 0.53585691691941139680, 0.47160067058176891042, -0.32751986511844555228, -0.51213743606992312429, 0.51724345932848936336, 0.08778639668061724577, -0.36718613481139200649, 0.41381906957262842850, -0.81808111954117612719, -0.00015427524533019577, 1.14903431061789751411
Vector b: -0.37869513478956889907, 0.45686628375004584290, 0.61484755008877711724, 0.32835379107476087013, -0.98339352131165236326, -0.04088135082819388533, 1.07536826948517272307, -0.89979547612393795397, 0.16542320650115374669, 0.66221493264410324908, -2.29837717172645561448, 2.29806862123579502821
-------------------------------------------------------------------
| Order |          Error^2           |         Efficiency         |
-------------------------------------------------------------------
|   2   | 3.24294095807906465821e-40 | 1.04972322745527568000e+17 |
|   4   | 1.89343448499569282623e-41 | 8.21227558030997125000e+14 |
|   6   | 7.83669494952937556794e-43 | 7.63073748362531054688e+12 |
|   8   | 2.51811274974229207498e-13 | 2.54471837554164264977e-05 |
-------------------------------------------------------------------

Scheme evaluation results:
Order: 8, No. cycles: 23
-------------------------------------------------------------------
Vector a: 0.30411178125052640286, 0.39784635587244449040, -0.12914691961786758934, -0.24988018093115305085, -0.39618991260372354857, -0.51462220855020024413, 0.49441905947801495502, 0.63411724626497889545, -0.23358663753620964587, 0.06887873893545223836, 0.53098490360754813100, 0.09306777383018892402
Vector b: 0.14118454915657671633, 0.32585446418789876244, 0.46983824755699149511, -0.72813208679272678481, 0.22837172493042037780, -1.02075155013786833536, -0.00849286696253381997, 0.99733098591856528259, 0.27090350661139339650, -0.73807678168381296580, 0.87583425955471760904, 0.18613554766037812560
-------------------------------------------------------------------
| Order |          Error^2           |         Efficiency         |
-------------------------------------------------------------------
|   2   | 2.71381065795001373223e-40 | 1.14750491951780944000e+17 |
|   4   | 2.19386411763153157613e-42 | 2.41259150028621450000e+15 |
|   6   | 1.82125675303628881643e-44 | 5.00549920050900078125e+13 |
|   8   | 2.52601303219413346035e-13 | 2.54073586684867318481e-05 |
-------------------------------------------------------------------

Scheme evaluation results:
Order: 8, No. cycles: 23
-------------------------------------------------------------------
Vector a: 0.32919085027504174645, -0.29069542209130017074, -0.01300710712252215254, 0.65062227723279242309, -0.20119673368817309056, -0.29737116158355769713, 0.24583241628782115384, -0.16148672188605697753, 0.09880154671835618407, 0.48791987302267086912, 0.10598199829211403522, 0.04540818454281367322
Vector b: 0.13120594155151613092, 0.39596981744549991644, -0.97736066161924772810, 0.95134644737329465691, 0.34989810709232521679, -0.75229157447158578886, 0.15754925129691654817, 0.33411558128408780366, -0.65708902505727906362, 0.85469211849684423310, 0.12114762752978716631, 0.09081636907784078339
-------------------------------------------------------------------
| Order |          Error^2           |         Efficiency         |
-------------------------------------------------------------------
|   2   | 1.11054629697449801045e-37 | 5.67251945162581100000e+15 |
|   4   | 1.06750647325259136388e-37 | 1.09371305816916855469e+13 |
|   6   | 3.51497405891315228556e-40 | 3.60306354682591064453e+11 |
|   8   | 2.64429933878763856896e-13 | 2.48325891714492432490e-05 |
-------------------------------------------------------------------

Scheme evaluation results:
Order: 8, No. cycles: 23
-------------------------------------------------------------------
Vector a: -0.09925225172880285107, 0.29931385609884442189, -0.75563302914630037233, 0.00125035901852224790, 1.00499502628145642724, 0.18875935052245101931, -0.98324469275911663413, -0.00043282752670744805, 1.22503916578947080751, -0.19306531125224801748, -0.01682920392241700827, 0.32909955862484729927
Vector b: -0.24984997097140848599, 0.30119543848521312945, 0.29743227371247221713, -1.80869833200507068582, 1.81119905004211512178, 0.19879100252080134092, 0.17872769852409392533, -2.14521708404232391842, 2.14435142898890873653, 0.30572690259003232338, -0.69185752509452824732, 0.65819911724969415445
-------------------------------------------------------------------
| Order |          Error^2           |         Efficiency         |
-------------------------------------------------------------------
|   2   | 2.03329528212302416845e-38 | 1.32569647495266200000e+16 |
|   4   | 2.12310730329853034416e-41 | 7.75537288312381250000e+14 |
|   6   | 1.31764683036341123077e-42 | 5.88482392313603417969e+12 |
|   8   | 2.75894196528704954386e-13 | 2.43111794647987329034e-05 |
-------------------------------------------------------------------

Scheme evaluation results:
Order: 8, No. cycles: 23
-------------------------------------------------------------------
Vector a: 0.43495113811685232053, 0.47664844913635934232, -0.37189698045514602009, 0.46667988287258382885, -0.00030418613900307946, -1.28084830119483927824, -0.29965094899984151544, 0.29647172533198579147, 0.46780140874706854781, 0.43295007270681845624, 0.25556024105172003846, 0.12163749882544154512
Vector b: -0.02707865535669845905, 0.92405958694710066403, 0.02923731132561521034, -0.77303127223590406558, 1.70639103798107294452, -1.70699941025907908632, -0.85469719213059902607, 0.25539529413091299759, 0.33754815653306063927, 0.59805466096107529061, 0.26784548445256045612, 0.24327499765088236860
-------------------------------------------------------------------
| Order |          Error^2           |         Efficiency         |
-------------------------------------------------------------------
|   2   | 1.97274842649198605639e-37 | 4.25606718652504250000e+15 |
|   4   | 1.47438012039128719472e-40 | 2.94295704118892625000e+14 |
|   6   | 9.80083979406919645571e-42 | 2.15775106078288476562e+12 |
|   8   | 2.85482030166798074420e-13 | 2.38994509349388840772e-05 |
-------------------------------------------------------------------

Scheme evaluation results:
Order: 8, No. cycles: 23
-------------------------------------------------------------------
Vector a: 0.50865767807948725210, -0.23028506127286366145, -0.24301314206963134379, 0.58101403319528788227, 0.04533020386439501337, -0.25935870420025802785, 0.26617073052390594068, 0.24336164937981208389, -0.41028349947225517536, -0.53759110496571704818, 0.51421168104520831310, 0.52178553589262866019
Vector b: 0.36214730394222255372, 0.29302074827452134764, -0.75359087082023745729, 0.26756458668094651454, 0.89446347970965667251, -0.80380307198086797804, 0.28508566358036191435, 0.24725579746743997500, 0.23946750129218336012, -1.06003450023668022162, -0.01514770969478978699, 1.04357107178524310953
-------------------------------------------------------------------
| Order |          Error^2           |         Efficiency         |
-------------------------------------------------------------------
|   2   | 1.49232681256735718785e-40 | 1.54743479128971968000e+17 |
|   4   | 3.14171115701623987301e-42 | 2.01606963598659250000e+15 |
|   6   | 4.22115503836634257538e-44 | 3.28789039960811328125e+13 |
|   8   | 3.00073908271058898651e-13 | 2.33111229240548233934e-05 |
-------------------------------------------------------------------

Scheme evaluation results:
Order: 8, No. cycles: 23
-------------------------------------------------------------------
Vector a: 0.39623586736715937784, -0.25688933044379846926, -0.33197366687572615884, -0.27751531694386699645, -0.27927672539247194727, 0.45616323605319603063, 0.62489818787750139872, 0.34701525002700617240, -1.51551312473756016885, -0.00000172026297933221, 1.74018331702096817892, 0.09667402631057203655
Vector b: 0.26910771051972887102, 0.25425631369486273448, -0.76803497458246472451, 0.10408764083100700837, -0.65911827471873074558, 0.10056482393378728124, 0.81176164817260454409, 0.43803472758239092588, 0.25599577247162835780, -3.28702202194686510239, 3.28701858142090630466, 0.19334805262114448943
-------------------------------------------------------------------
| Order |          Error^2           |         Efficiency         |
-------------------------------------------------------------------
|   2   | 4.81950531442696675348e-37 | 2.72297150248996700000e+15 |
|   4   | 7.59452256808313812368e-39 | 4.10051511810815312500e+13 |
|   6   | 5.94554194834392892917e-40 | 2.77036671132619750977e+11 |
|   8   | 3.01268837762249851393e-13 | 2.32648472720453255416e-05 |
-------------------------------------------------------------------

Scheme evaluation results:
Order: 8, No. cycles: 23
-------------------------------------------------------------------
Vector a: 0.44022577086338737784, 0.47899385047907927504, -0.37597254414978786841, 0.43082040796204090771, -0.00041921106586943204, -1.24993559809055421184, -0.30527843288919603859, 0.29668444691301243399, 0.47360512704828300334, 0.43159937059762498723, 0.25541326866163693854, 0.12426354367034259107
Vector b: -0.02485204306307696107, 0.93015562785292926762, 0.02783207310521653918, -0.77977716140477937312, 1.64141797732886263184, -1.64225639946060142371, -0.85761479672051010859, 0.24705793094210914962, 0.34631096288392809734, 0.60089929121263829792, 0.26229944998260068534, 0.24852708734068321150
-------------------------------------------------------------------
| Order |          Error^2           |         Efficiency         |
-------------------------------------------------------------------
|   2   | 6.11997486115363308287e-40 | 7.64133973422053440000e+16 |
|   4   | 1.96772957795111422131e-41 | 8.05574942623053000000e+14 |
|   6   | 3.20622258031743935143e-42 | 3.77255994827540820312e+12 |
|   8   | 3.09006182159270543466e-13 | 2.29717313013402960672e-05 |
-------------------------------------------------------------------

Scheme evaluation results:
Order: 8, No. cycles: 23
-------------------------------------------------------------------
Vector a: -0.32935316611738363335, -0.16158680030346422862, -0.16366540387818337421, 0.37955340280393418118, 0.35331654345647095505, -0.17831859017269888201, -0.41970395903463997289, 0.32886609095510577205, 0.60796823323229132185, 0.27636010800660593123, 0.21048757505560494740, 0.09607596599635701007
Vector b: -0.48190035457191254809, 0.30509437690898916218, -0.62826797751586860308, 0.30093716975946899206, 0.45816963584843972690, 0.24846345106452014107, -0.60510063140993441966, -0.23430728665942376909, 0.89203946856971272350, 0.32389699789484405201, 0.22882321811843406301, 0.19215193199273045144
-------------------------------------------------------------------
| Order |          Error^2           |         Efficiency         |
-------------------------------------------------------------------
|   2   | 2.36835135013694522937e-38 | 1.22834754527684360000e+16 |
|   4   | 1.35404665821249573422e-39 | 9.71117635740132812500e+13 |
|   6   | 2.81523259286896291010e-42 | 4.02601921189306347656e+12 |
|   8   | 3.16764204548767068134e-13 | 2.26886816985298466625e-05 |
-------------------------------------------------------------------

Scheme evaluation results:
Order: 8, No. cycles: 23
-------------------------------------------------------------------
Vector a: -0.05214543764303414958, -0.72989967794412835556, -0.02724885282718685769, 0.58977290438124330141, -0.58894459891995165624, 0.01187258200858327430, 1.61578390159461204867, -0.00522087209735017013, -0.63485606591846888147, 0.38732320169757694650, 0.29918064174610226047, 0.13438227392200216559
Vector b: 0.22353917606414727692, -0.55136922741436611428, -0.90843012847388204811, 0.85393242281950931805, 0.32561338594297017934, -1.50350258378286127936, 1.52724774780002747754, 1.70432005538917263898, -1.71476179958387286995, 0.44504966774694854070, 0.32959673564820435310, 0.26876454784400249931
-------------------------------------------------------------------
| Order |          Error^2           |         Efficiency         |
-------------------------------------------------------------------
|   2   | 1.67958512895201114267e-39 | 4.61257369136945600000e+16 |
|   4   | 2.37445207816369136109e-41 | 7.33342663288241375000e+14 |
|   6   | 1.98726793700635946697e-42 | 4.79186717153558984375e+12 |
|   8   | 3.19434622066256411182e-13 | 2.25936459576769001667e-05 |
-------------------------------------------------------------------

Scheme evaluation results:
Order: 8, No. cycles: 23
-------------------------------------------------------------------
Vector a: 0.33345559984569489442, -0.30622929747856780791, -0.31956551908182723176, -0.20025696450316729513, -0.21197541134925279582, 0.49386063554315134949, 0.60047467532026843617, 0.29893858383490873321, -0.40176899318120457005, -0.00348729159442883255, 0.61731251123130792546, 0.09924147141311709386
Vector b: 0.23586572556991675098, 0.19517974855155298397, -0.80763834350871943624, 0.16850730534504324010, -0.56902123435129992046, 0.14507041165281939210, 0.84265085943343964736, 0.35829849120704720944, 0.23957867646282998697, -1.04311666282515758120, 1.03614207963629945120, 0.19848294282622838680
-------------------------------------------------------------------
| Order |          Error^2           |         Efficiency         |
-------------------------------------------------------------------
|   2   | 3.56759378629383827721e-40 | 1.00082150482245232000e+17 |
|   4   | 2.89549890052013055950e-39 | 6.64090020115936093750e+13 |
|   6   | 5.58989666534087972491e-42 | 2.85713718911601318359e+12 |
|   8   | 3.22013163437275571387e-13 | 2.25030040923149450300e-05 |
-------------------------------------------------------------------

Scheme evaluation results:
Order: 8, No. cycles: 23
-------------------------------------------------------------------
Vector a: -0.04539254532054473601, 1.28392343289404720075, 0.00024189386641403331, -1.15120368828690078367, -0.24372646310826898142, 0.51658544356154179056, 0.41835238861796159027, -0.10224716224548099919, -0.09696162394991027222, 0.29151619783510179795, 0.12881228250780343836, 0.00009984362823604057
Vector b: -0.67734813477513844404, 1.26391117890918747158, 1.30393568687889782609, -1.30345189914606973680, -0.99895547742772305977, 0.51150255121118326507, 0.52166833591190198138, 0.31503644132401859013, -0.51953076581497836806, 0.32560751791515668563, 0.25742487775505329406, 0.00019968725851038480
-------------------------------------------------------------------
| Order |          Error^2           |         Efficiency         |
-------------------------------------------------------------------
|   2   | 1.05536311287127026748e-37 | 5.81893321387440000000e+15 |
|   4   | 1.06838740515978830827e-41 | 1.09326205817763362500e+15 |
|   6   | 4.66516727278652805769e-42 | 3.12751480154505322266e+12 |
|   8   | 3.36304051064731603255e-13 | 2.20196931394022763298e-05 |
-------------------------------------------------------------------

Scheme evaluation results:
Order: 8, No. cycles: 23
-------------------------------------------------------------------
Vector a: -0.21075070146279958894, -0.22562170996947850110, 0.22039314284841429736, 0.51997026785340672017, -0.03073192161928095176, -0.76271821830482300353, -0.27384629817368322247, 0.46253466684423849564, 0.62768482878674258796, 0.34628167620553462758, 0.23008210800293868448, 0.09672215898878984419
Vector b: 0.12566231676393765926, -0.67282603645324290387, 0.22158261651440905315, 0.21920366918189648775, 0.82073686652509170170, -0.88220070976363706983, -0.64323572684606578065, 0.09554313049857583728, 0.82952620319009362504, 0.42584345438328458089, 0.26671989802800866176, 0.19344431797764810588
-------------------------------------------------------------------
| Order |          Error^2           |         Efficiency         |
-------------------------------------------------------------------
|   2   | 2.46248273369888622122e-38 | 1.20464125141964260000e+16 |
|   4   | 6.30258232267341423252e-39 | 4.50121121655342968750e+13 |
|   6   | 9.83776133971495412297e-42 | 2.15369818782591259766e+12 |
|   8   | 3.37973278865084710915e-13 | 2.19652489238546095554e-05 |
-------------------------------------------------------------------

Scheme evaluation results:
Order: 8, No. cycles: 23
-------------------------------------------------------------------
Vector a: -0.05503881754936033183, 0.24608989116800356056, -0.89686279839029514616, -0.13516593665976606164, 0.47319967738321433437, -0.29938778269651705743, 0.03949740047548755406, 0.97444227819048057082, -0.15631554450175161319, -0.17799602372466752365, 0.69701224305891251731, 0.29052541324625913433
Vector b: -0.79701567904758541250, 1.48395372299645011971, -0.99177394066044288756, -0.80195165612014729373, 0.53161978280061517044, 0.41477957196581355381, -1.01355513735884761317, 1.09254993830982272129, 0.85633461807113842035, -1.16896570707464175776, 0.81297365962530665495, 0.58105082649251826865
-------------------------------------------------------------------
| Order |          Error^2           |         Efficiency         |
-------------------------------------------------------------------
|   2   | 9.75752146678656622826e-41 | 1.91370314351736736000e+17 |
|   4   | 3.85357077689324694504e-43 | 5.75647981270240100000e+15 |
|   6   | 2.29443807269629746306e-44 | 4.45958877494804921875e+13 |
|   8   | 3.48649618961034671646e-13 | 2.16263244590198246381e-05 |
-------------------------------------------------------------------

Scheme evaluation results:
Order: 8, No. cycles: 23
-------------------------------------------------------------------
Vector a: -0.13791804266217505548, 0.37128424641578772203, -0.16636039474677788430, -0.62063818707098561411, -0.17025751437326577808, 0.52012078574010967014, 0.57644994898726642507, -0.29038817111496190160, -0.02400771582800930240, 0.56480458356535334641, 0.25694985090344829581, 0.11996061018421001754
Vector b: -0.33028773543902661958, 0.38473938555370301717, 0.35782910727787248240, -0.69054989677142819549, -0.55072647737054303274, 0.21021144862401144882, 0.83003012285620791921, 0.32286977511832498644, -0.90364611734824873412, 0.85563068569223010851, 0.27397848143847658431, 0.23992122036842003507
-------------------------------------------------------------------
| Order |          Error^2           |         Efficiency         |
-------------------------------------------------------------------
|   2   | 2.29588740394978028900e-41 | 3.94520009839932928000e+17 |
|   4   | 9.97549344291229152364e-44 | 1.13141377551694580000e+16 |
|   6   | 1.84405797513984983288e-45 | 1.57306148747192062500e+14 |
|   8   | 3.51093417450556081830e-13 | 2.15509276207005678438e-05 |
-------------------------------------------------------------------

Scheme evaluation results:
Order: 8, No. cycles: 23
-------------------------------------------------------------------
Vector a: -0.11185159929347224250, 0.47371814387740324159, 0.47566913053557102753, -0.56624647566438035540, -0.80448334080036598692, 0.80336694475395042936, 0.44193567569102876202, -0.27865796517318613956, 0.29804491916484210368, -0.26530790703815559928, 0.02666426711571426300, 0.50714820683105044097
Vector b: -0.34804189517336237003, 0.47238059175978036608, 0.47505569599502589506, 0.47628256507611610449, -1.60877551640487714835, -0.00019116519585329249, 1.60692505470375257559, -0.72305370332169460745, 0.16573777297532266140, 0.43035206535436132391, -0.96096787943067241144, 1.01429641366210088194
-------------------------------------------------------------------
| Order |          Error^2           |         Efficiency         |
-------------------------------------------------------------------
|   2   | 9.32704257854598242407e-40 | 6.18973916515887840000e+16 |
|   4   | 5.24085625657481584525e-42 | 1.56094475149173000000e+15 |
|   6   | 1.08177478876271526582e-43 | 2.05383029674938632812e+13 |
|   8   | 3.83367612360597394328e-13 | 2.06238433751189099942e-05 |
-------------------------------------------------------------------

Scheme evaluation results:
Order: 8, No. cycles: 23
-------------------------------------------------------------------
Vector a: -0.04059983032778913259, 0.56269921925805188589, -0.50238559480906563870, -0.38766168693942509860, -0.15974665732133794260, -0.16700755954377813350, 0.30442061744230641818, 0.51691235818022507331, 0.40793853251293632489, 0.21382687955034856975, 0.17427249867730365551, 0.07733122332022408785
Vector b: -0.63220086765124328121, 1.18320207464690629884, -0.05780363613080282542, -0.94696755348732242208, 0.17164417960847733191, -0.49113749425116004499, 0.15712237516360200162, 0.45171885972101188944, 0.58210585663942926438, 0.23377120838647122425, 0.19388255071418805664, 0.15466244664044254131
-------------------------------------------------------------------
| Order |          Error^2           |         Efficiency         |
-------------------------------------------------------------------
|   2   | 1.73088386313401404600e-40 | 1.43684646365021712000e+17 |
|   4   | 2.43227096651904361796e-42 | 2.29130381418974600000e+15 |
|   6   | 1.19289464748920953828e-44 | 6.18488941545235781250e+13 |
|   8   | 3.94875511875692717109e-13 | 2.03210999019166553396e-05 |
-------------------------------------------------------------------

Scheme evaluation results:
Order: 8, No. cycles: 23
-------------------------------------------------------------------
Vector a: -0.25274531448394566002, 0.74516500618603487283, 0.12006691111250644699, -0.21549162950487812940, 0.33703752921528801201, -0.32087822420988437733, -0.41741572937540638577, 0.19362776419178220899, -0.18882522926331990476, 0.20512131984636128301, 0.64634112741175808736, 0.14799646887370362935
Vector b: -0.51108141076623936350, 0.51667219256458729593, 0.97365781980748256075, -0.73352399758246966677, 0.30254073857271335246, 0.37153431985786261604, -1.01329076827763131519, 0.17845930952681829385, 0.20879621885674634618, -0.58644667738338629448, 0.99668931707610897153, 0.29599293774740725871
-------------------------------------------------------------------
| Order |          Error^2           |         Efficiency         |
-------------------------------------------------------------------
|   2   | 2.86985925493722536125e-41 | 3.52869424194390400000e+17 |
|   4   | 3.56499087439635492950e-43 | 5.98493509118108200000e+15 |
|   6   | 6.05372653988810018825e-45 | 8.68203604147420156250e+13 |
|   8   | 4.13966113054063113115e-13 | 1.98470021196974177576e-05 |
-------------------------------------------------------------------

Scheme evaluation results:
Order: 8, No. cycles: 23
-------------------------------------------------------------------
Vector a: 0.45539779810097102963, 0.13478709288931964294, -0.14241740297490557143, -0.21419959994042486739, -0.87202787310635965223, -0.10952176410609697210, 0.60245670320976463241, 0.52214225815406145603, 0.43055106030995343724, -0.75896464196770530020, -0.00043480848107300556, 0.95223117791249523023
Vector b: -0.05294904588329829576, 1.01669368796853865078, -0.74711950218989908734, 0.46228469624008772243, -0.89068389612093779029, -0.85337185009178162520, 0.63432832187958720915, 0.57058508453994261078, 0.47369943176818024577, 0.38740268885172624014, -1.90533197278713850586, 1.90446235582499245886
-------------------------------------------------------------------
| Order |          Error^2           |         Efficiency         |
-------------------------------------------------------------------
|   2   | 4.41285701997456793439e-40 | 8.99879586046595360000e+16 |
|   4   | 7.15502995884251596414e-42 | 1.33592761624308700000e+15 |
|   6   | 1.71128956418249245472e-43 | 1.63294378034657343750e+13 |
|   8   | 4.21248620062435292155e-13 | 1.96746976125353570961e-05 |
-------------------------------------------------------------------

Scheme evaluation results:
Order: 8, No. cycles: 23
-------------------------------------------------------------------
Vector a: 0.21989924590131496029, 0.50507239034619577644, 0.04346018318267481917, -0.27400840304320245311, 0.66356918876620640813, -0.00110892201717980123, -0.43337889361837667046, -0.17569461803407454559, -0.09597631279928656167, 0.32589896130577999944, 0.15446938876396301699, 0.06779779124598506179
Vector b: 0.10408560039299055711, 0.23162729101664072950, 0.77851748967576195337, -0.69159712331041367506, 0.14358031722401287666, 1.18355806030839305620, -1.18577590434275270681, 0.31901811710600114225, -0.67040735317414568151, 0.47845472757557433452, 0.17334319503597103718, 0.13559558249196632107
-------------------------------------------------------------------
| Order |          Error^2           |         Efficiency         |
-------------------------------------------------------------------
|   2   | 1.12157687007015438649e-39 | 5.64455625613299040000e+16 |
|   4   | 4.13700200229817051161e-41 | 5.55578959889851000000e+14 |
|   6   | 1.99101388991448761795e-42 | 4.78735726837097363281e+12 |
|   8   | 4.36512643117846135769e-13 | 1.93276431392936791668e-05 |
-------------------------------------------------------------------

Scheme evaluation results:
Order: 8, No. cycles: 23
-------------------------------------------------------------------
Vector a: 0.07247758280212722448, -0.29892625772377001692, -0.52409475604131627868, 0.15383772723291072593, 0.18126952832716858310, -0.45213354825303281315, 0.31681017091975954836, 0.35445235364372656983, 0.93334287154263362307, -0.12687984949412847713, -0.22020649477946785399, 0.61005067182338912346
Vector b: 0.51919780554180938736, -0.89344044547936429801, 0.29558793003182382009, -1.34377744211445526723, 1.65145289658027794033, -1.28891383992594099617, 0.38464674341987381556, 0.24897359841964492033, 0.45993110886780874669, 1.40675463421745705617, -1.66051433320571506513, 1.22010134364677980123
-------------------------------------------------------------------
| Order |          Error^2           |         Efficiency         |
-------------------------------------------------------------------
|   2   | 2.93443108817331293188e-38 | 1.10352549302377040000e+16 |
|   4   | 3.14115063763050994618e-41 | 6.37594076918859250000e+14 |
|   6   | 1.24360038577807559669e-42 | 6.05748796349530761719e+12 |
|   8   | 4.48549908908110404199e-13 | 1.90665416051214589642e-05 |
-------------------------------------------------------------------

Scheme evaluation results:
Order: 8, No. cycles: 23
-------------------------------------------------------------------
Vector a: -0.31939695935796796888, -0.29521058575738134966, 0.27592208015572394775, -0.20012073181804368449, 0.09746403735851505434, 0.72033400136608316533, 0.40004772479029343524, 0.23178512843317153336, -0.49762814889762330139, -0.60180904610456176229, 0.59283171947331936291, 0.59578078035847159555
Vector b: 0.09848090704451996358, -0.83575573280497605921, 0.24533456129021374847, 0.30650959902123375844, -0.70675106265732101640, 0.90167913737435101407, 0.53898886535781531659, 0.26110658422277160939, 0.20246367264357140181, -1.19771997043881772704, -0.00589812177030500130, 1.19156156071694274701
-------------------------------------------------------------------
| Order |          Error^2           |         Efficiency         |
-------------------------------------------------------------------
|   2   | 1.43492962746861268063e-41 | 4.99032725442491648000e+17 |
|   4   | 4.84849268656386706540e-43 | 5.13198387941970900000e+15 |
|   6   | 1.28677584202678667188e-44 | 5.95499682778241875000e+13 |
|   8   | 4.70967185101132152046e-13 | 1.86072412140663160285e-05 |
-------------------------------------------------------------------

Scheme evaluation results:
Order: 8, No. cycles: 23
-------------------------------------------------------------------
Vector a: 0.16779792502114643238, -0.21250694320077698207, 0.46878303059853249080, -0.61641141439032598459, -0.39805683190106505576, -0.00832456558150648611, 0.35229543081862896292, 0.83890700743091917158, 0.30167053252815628772, -0.11903005303776363621, -0.02933890205383773986, 0.25421478376789247156
Vector b: 0.72630237002312281192, -1.11700889000395275907, 0.69199500360239885044, 0.24557105759466618666, -1.47839388637531810033, 0.68228022257318809984, -0.69892935373620102002, 1.40352021537345894586, 0.27429379948837945280, 0.32904726556793317815, -0.56710737164346036732, 0.50842956753578494311
-------------------------------------------------------------------
| Order |          Error^2           |         Efficiency         |
-------------------------------------------------------------------
|   2   | 8.32259183931795354763e-40 | 6.55262070581188880000e+16 |
|   4   | 4.91155111745848383359e-43 | 5.09893319220922000000e+15 |
|   6   | 8.08202353202402525141e-45 | 7.51403006779316093750e+13 |
|   8   | 4.91125863606552668448e-13 | 1.82213650571566675564e-05 |
-------------------------------------------------------------------

Scheme evaluation results:
Order: 8, No. cycles: 23
-------------------------------------------------------------------
Vector a: -0.04392129991703529190, 0.12560709508698642001, -0.45350219335514663221, 0.38123006056992481128, 0.41562866331733833158, 0.20251069366968352248, 0.16468279819196210423, -0.31530893798114079107, -0.42051333359839315751, 0.37780817378109982085, 0.48656727088932527625, 0.07921100934539561378
Vector b: -0.70211618894371286004, 1.31638977805335621873, -1.06517558787938737552, 0.15817120116906890903, 0.60428891997082134768, 0.22696840666386991492, 0.17805298067534688911, 0.15131261570882362233, -0.78193049167122918863, -0.05909617552557302339, 0.81471252308778763229, 0.15842201869082783716
-------------------------------------------------------------------
| Order |          Error^2           |         Efficiency         |
-------------------------------------------------------------------
|   2   | 1.62326414107386809496e-40 | 1.48371241442869344000e+17 |
|   4   | 1.21916568171218170052e-40 | 3.23636347620247062500e+14 |
|   6   | 8.87688538154806235273e-44 | 2.26726705646637617188e+13 |
|   8   | 4.96602919159425012680e-13 | 1.81206043428379523985e-05 |
-------------------------------------------------------------------

Scheme evaluation results:
Order: 8, No. cycles: 23
-------------------------------------------------------------------
Vector a: -0.44642955476115780966, 0.57649109557996813802, -0.04598472967616885898, -0.43730189648795858570, 0.25577488415140697819, -0.21528130959899174912, 0.16561392635278418539, 0.69477422919215436892, 0.33530009041268271641, -0.11519774736592995612, -0.03098829046371915155, 0.26322930266492966522
Vector b: -0.53342734796834401223, 0.17399558641437223860, 0.97898660474556420397, -1.07095606409790189417, 0.19635227112198475052, 0.31519749718082917811, -0.74576011637881267635, 1.07698796908438110265, 0.31256048929992774621, 0.35803969152543774213, -0.58843518625729773763, 0.52645860532985933045
-------------------------------------------------------------------
| Order |          Error^2           |         Efficiency         |
-------------------------------------------------------------------
|   2   | 7.17464813734306340313e-41 | 2.23174219417280032000e+17 |
|   4   | 3.23699945259032743383e-43 | 6.28083439956999300000e+15 |
|   6   | 2.39672157083387367981e-45 | 1.37982557906126093750e+14 |
|   8   | 4.98110710587480262025e-13 | 1.80931578346567495158e-05 |
-------------------------------------------------------------------

Scheme evaluation results:
Order: 8, No. cycles: 23
-------------------------------------------------------------------
Vector a: 0.54932149214706438300, -0.01557315031479893606, -0.32090584392464116537, 0.30282903497999902331, 0.35808350751276674107, -0.17178279971848434138, -0.29033088169263027156, 0.13983989272768582168, 0.15627671579215329789, -0.21734510797261322179, 0.10409672336714102803, 0.40549041709635763597
Vector b: 0.11308342640370772081, 0.87247613148671321337, -0.90362243211631110285, 0.26181074426702871660, 0.34384732569296938554, 0.37231968933256415211, -0.71588528876953283486, 0.13522352538427229174, 0.14445626007109957367, 0.16809717151320685558, -0.60278738745843329916, 0.81098083419271527195
-------------------------------------------------------------------
| Order |          Error^2           |         Efficiency         |
-------------------------------------------------------------------
|   2   |            0.0             |          Infinity          |
|   4   | 3.16693452937408658029e-43 | 6.34993256683720700000e+15 |
|   6   | 6.83621582747353175439e-45 | 8.17005727619339687500e+13 |
|   8   | 4.99078227947797876430e-13 | 1.80756115507154759892e-05 |
-------------------------------------------------------------------

Scheme evaluation results:
Order: 8, No. cycles: 23
-------------------------------------------------------------------
Vector a: -0.78010544639781054244, -0.04992294129072339520, 0.65242227574174349591, 0.60866324000748184275, -0.06520182129821747163, -1.04478606389901895746, 0.01404124928072187674, 0.94624671316154895795, -0.99683802833298207347, -0.00018138230168631008, 1.49645027707826550056, 0.21921192825067695176
Vector b: -0.35846298785655861252, -0.84328491708250530312, 0.74343903450105885966, 0.56140551698242968648, 0.65592096303253411005, -0.78632460562896866474, -1.30324752216907224778, 1.33133002073051587288, 0.56116340559258537368, -2.55483946225855707013, 2.55447669765518448060, 0.43842385650135351494
-------------------------------------------------------------------
| Order |          Error^2           |         Efficiency         |
-------------------------------------------------------------------
|   2   | 8.41787116658186942962e-38 | 6.51543161143983300000e+15 |
|   4   | 4.86928270090520613266e-40 | 1.61940755536968875000e+14 |
|   6   | 1.87626131850965532267e-41 | 1.55950338345852978516e+12 |
|   8   | 5.07640508854511379152e-13 | 1.79225242415340425025e-05 |
-------------------------------------------------------------------

Scheme evaluation results:
Order: 8, No. cycles: 23
-------------------------------------------------------------------
Vector a: -0.43967511975191170270, 0.15661043972500984789, 0.16597788141530092632, -0.37367915624574782330, -0.16396157611428496814, -0.06125255045685155941, 0.46756389198844011679, 0.69500519962227591542, -0.21758780852658679561, -0.11250907876190761880, 0.76194464001332162795, 0.12156323709294195035
Vector b: 0.14852381804855849246, -1.17639787560094033481, 1.48961875505096008609, -1.15766299222035828898, 0.41030467972886258687, -0.73822783195743246765, 0.61572273104372932107, 0.31940505293315091251, 1.07060534631140091832, -1.50578096336457467608, 1.28076280584075941071, 0.24312647418588390069
-------------------------------------------------------------------
| Order |          Error^2           |         Efficiency         |
-------------------------------------------------------------------
|   2   | 8.96831017167882925391e-41 | 1.99613090176996640000e+17 |
|   4   | 6.09871366020366479586e-43 | 4.57582634356646000000e+15 |
|   6   | 2.20401523523622637372e-44 | 4.55014972706443828125e+13 |
|   8   | 5.41691913618889390151e-13 | 1.73500661766664533920e-05 |
-------------------------------------------------------------------

Scheme evaluation results:
Order: 8, No. cycles: 23
-------------------------------------------------------------------
Vector a: -0.05212069814435228710, 0.65893300787853625877, -0.74728268145362863883, -0.50050888141119420638, 0.28975345315145867309, 0.76668257582950671836, 0.06801240665393826212, -0.23713614245551323245, 0.57832308576543522971, -0.18963482212873622457, -0.04146187915426055581, 0.40644057546880990595
Vector b: -0.80955262636281843935, 1.51486385643693233227, -0.19699784067985981473, -1.29756752222739746294, 0.29654975940500888365, 0.28295714689790857355, 1.25040800476110502970, -1.11438319145322850545, 0.64011090654220192953, 0.51653526498866852990, -0.89580490924614097903, 0.81288115093761992291
-------------------------------------------------------------------
| Order |          Error^2           |         Efficiency         |
-------------------------------------------------------------------
|   2   | 5.30923962163386691832e-40 | 8.20404746949780320000e+16 |
|   4   | 1.86372695755200670433e-42 | 2.61756522555751950000e+15 |
|   6   | 4.35446933478808918357e-44 | 3.23716894654287226562e+13 |
|   8   | 5.81422263370800206945e-13 | 1.67467864803357371645e-05 |
-------------------------------------------------------------------

Scheme evaluation results:
Order: 8, No. cycles: 23
-------------------------------------------------------------------
Vector a: 0.12408659608043229317, -0.58086735283590562595, -0.22131406687230764652, -0.17665029481865845984, 0.18288885170251498180, 0.48044125577409085848, 0.62328438291899457280, -0.59639929143522418808, -0.83883627720292663899, 0.82178585521177471840, 1.00273993012324957874, 0.17884041135396558375
Vector b: 0.74569883349991239463, -1.24322447483895981435, 0.08148976916714910368, -0.52411790291176518775, 0.17081731327444715784, 0.19496039013058408251, 0.76592212141759752342, 0.48064664442039189973, -1.67344522729084155266, -0.00422732711501500047, 1.64779903753856782345, 0.35768082270793172261
-------------------------------------------------------------------
| Order |          Error^2           |         Efficiency         |
-------------------------------------------------------------------
|   2   | 5.29489032535918079151e-40 | 8.21515654360429440000e+16 |
|   4   | 9.06377362956095741687e-42 | 1.18695466251047675000e+15 |
|   6   | 6.95251661089982247457e-44 | 2.56189877670423125000e+13 |
|   8   | 6.30886801553305463563e-13 | 1.60768733658514239866e-05 |
-------------------------------------------------------------------

Scheme evaluation results:
Order: 8, No. cycles: 23
-------------------------------------------------------------------
Vector a: -0.11567781573535847184, 0.59010124376923922540, 0.35098904483270415566, -0.11651438073486340696, -0.17308075267195405234, -0.27580052574006719279, -0.21724089915136121642, 0.28333705409984477619, -0.23229155478050417249, 0.08881667393066784710, 0.63895933123635084705, 0.17840258094530170307
Vector b: -0.49668529254024579300, 0.76201495360977467008, 0.41818753392870378072, 0.28379055573670436408, -0.51681931720643103922, 0.17065781186252296231, -0.72225886334265732014, 0.28777706503993499831, 0.27889704315975444304, -0.74348015272076273252, 0.92111350058209839897, 0.35680516189060335064
-------------------------------------------------------------------
| Order |          Error^2           |         Efficiency         |
-------------------------------------------------------------------
|   2   | 1.79366203433576585078e-41 | 4.46348438834560064000e+17 |
|   4   | 4.78193100950843825453e-44 | 1.63413150455296880000e+16 |
|   6   | 5.03485434981453565277e-46 | 3.01050621471773250000e+14 |
|   8   | 6.42004876211710118975e-13 | 1.59370578291938465310e-05 |
-------------------------------------------------------------------

Scheme evaluation results:
Order: 8, No. cycles: 23
-------------------------------------------------------------------
Vector a: -0.41171678023606389507, 0.52099619641923267110, -0.06215533117569086580, -0.23242720287610321717, -0.17747301893062333855, -0.34627653756055565282, 0.55258222306755311326, 0.69646697509260457881, 0.33770874889333890589, -0.11385551029792863320, -0.02984497598315390479, 0.26599521358739020016
Vector b: -0.58179826872927986603, 0.34016297698643199743, 0.70182941585203351131, -0.82614007820341517352, 0.36128567245120873919, -0.71623171031245547180, 0.02367863519134405167, 1.08148581094376239342, 0.31144813924144676420, 0.36396935854523099207, -0.59168037914108828623, 0.53199042717478051134
-------------------------------------------------------------------
| Order |          Error^2           |         Efficiency         |
-------------------------------------------------------------------
|   2   | 5.73971850987445072250e-41 | 2.49516362721245824000e+17 |
|   4   | 1.47836987986268200982e-43 | 9.29388090714771200000e+15 |
|   6   | 5.63505398464041829345e-45 | 8.99878640204478437500e+13 |
|   8   | 6.66521690704013558189e-13 | 1.56412035635227698502e-05 |
-------------------------------------------------------------------

Scheme evaluation results:
Order: 8, No. cycles: 23
-------------------------------------------------------------------
Vector a: 0.25342869103308701684, 0.54437839978740643065, 0.07824386252239769191, -0.25283956364029791519, 0.16315958509541994559, 0.15917966595670104968, -0.27924183006795144646, -0.24106578498646022424, 0.57025796874746925713, -0.01284608537423216797, -0.22548821759410525578, 0.24283330852056567162
Vector b: 0.12072011947263656950, 0.26541714312090181060, 0.82333965645391016253, -0.66685193140911469545, 0.16117280412851878180, 0.16514636606232135918, 0.15321296585108054589, -0.71169662598698335554, 0.22956505601406204664, 0.91095088148087732804, -0.93664305222934163275, 0.48566661704113123221
-------------------------------------------------------------------
| Order |          Error^2           |         Efficiency         |
-------------------------------------------------------------------
|   2   | 1.32730990540846672958e-40 | 1.64080949389956064000e+17 |
|   4   | 8.72868813427928553478e-42 | 1.20952310093719425000e+15 |
|   6   | 1.06499976906805782013e-43 | 2.06994224042688671875e+13 |
|   8   | 6.73738481812097546067e-13 | 1.55572071687093118003e-05 |
-------------------------------------------------------------------

Scheme evaluation results:
Order: 8, No. cycles: 23
-------------------------------------------------------------------
Vector a: 0.42351864797317745337, 0.34381462074855800859, -0.30423027046211942315, 0.04900879184053980042, 0.19654779253662008065, -0.62133583275584247652, -0.06586388488303870914, 0.42488930756655773902, 0.39613758925892478269, -0.35354825669246003894, -0.02403673305084307391, 0.53509822791992589508
Vector b: 0.24414628274544256104, 0.35874473045546995120, 0.32888451104164567740, -0.93734505196588457920, 1.03536263564696429107, -0.64226705057372401875, -0.60040461493796071224, 0.46867684517188323845, 0.38110176996123190651, 0.41117340855661776988, -1.11826992194153795879, 1.07019645583985201220
-------------------------------------------------------------------
| Order |          Error^2           |         Efficiency         |
-------------------------------------------------------------------
|   2   | 2.09499725610417451371e-40 | 1.30602833325997056000e+17 |
|   4   | 2.40182556785273645956e-42 | 2.30578029862123150000e+15 |
|   6   | 1.81977216587806810636e-44 | 5.00754055079465156250e+13 |
|   8   | 7.12479207667773792601e-13 | 1.51283378404846846458e-05 |
-------------------------------------------------------------------

Scheme evaluation results:
Order: 8, No. cycles: 23
-------------------------------------------------------------------
Vector a: 0.50298590935302578409, 0.04151769391068777654, -0.92520462622706045597, -0.70783934211492316457, -0.01073341057644618124, 0.51989459933354997823, 1.35987356711868923043, -0.00018665815844669614, -0.83094864001785750940, 0.50313833085379044974, 0.39029140880489898713, 0.15721116772009169349
Vector b: -0.02747158308950273242, 1.06091498488506585929, -0.97787959706368909885, -0.87252965539044569088, -0.54314902883939242262, 0.52168220768649964381, 0.51810699098058954348, 2.20164014325682533268, -2.20201345957371863449, 0.54011617953797375069, 0.46616048216960870310, 0.31442233544018588498
-------------------------------------------------------------------
| Order |          Error^2           |         Efficiency         |
-------------------------------------------------------------------
|   2   | 3.82408745720385279387e-40 | 9.66674850532101920000e+16 |
|   4   | 9.95282744025183760752e-41 | 3.58191617960099000000e+14 |
|   6   | 1.77653292169406244184e-41 | 1.60267828967982446289e+12 |
|   8   | 7.82446253335056237025e-13 | 1.44361057310241983347e-05 |
-------------------------------------------------------------------

Scheme evaluation results:
Order: 8, No. cycles: 23
-------------------------------------------------------------------
Vector a: -0.05664523991246759455, 0.16232628905938414898, -0.25058037591262399824, 0.57836461304641928471, 0.43913214736723854559, -0.36198473251173685084, 0.00108922283147185116, 0.21867111302819322582, 0.14729102136165048154, 0.01032235179261223844, -0.21316450504014661238, 0.32517809489000537582
Vector b: -0.86575545860975577916, 1.61822043739457632761, -1.29356785927580753004, 0.79240710745055842334, 0.36432211864228053466, 0.51394217609219672305, -1.23791164111567186801, 1.24009008677861576331, -0.80274786072222803490, 1.09732990344552927553, -1.07668519986030486457, 0.65035618978001108470
-------------------------------------------------------------------
| Order |          Error^2           |         Efficiency         |
-------------------------------------------------------------------
|   2   | 3.90300858671462649130e-40 | 9.56851571758683680000e+16 |
|   4   | 1.38623450583332528741e-41 | 9.59776922862400875000e+14 |
|   6   | 2.75415665646583639453e-43 | 1.28717816568185195312e+13 |
|   8   | 8.02056509121478554861e-13 | 1.42585324389243823856e-05 |
-------------------------------------------------------------------

Scheme evaluation results:
Order: 8, No. cycles: 23
-------------------------------------------------------------------
Vector a: 0.16578059144859005891, 0.59032269619616317691, 0.04799198020422130312, 0.17419103960878620785, -0.00553782561158557007, -0.56571691958532055455, 0.31765980865559340085, -0.16118281439269926958, -0.11733768329454884183, 0.36248003566596043168, 0.13122326643162235404, 0.06012582467321733737
Vector b: 0.07956027566778781090, 0.17244063156160657768, 1.00820476083071874918, -0.91222080042227593477, 1.26060287963984896109, -1.27167853086302007348, 0.14024469169237605004, 0.49507492561881266679, -0.81744055440421214964, 0.58276518781511366107, 0.14219488351680831251, 0.12025164934643527148
-------------------------------------------------------------------
| Order |          Error^2           |         Efficiency         |
-------------------------------------------------------------------
|   2   | 1.64417824039422312478e-38 | 1.47424573423603700000e+16 |
|   4   | 1.94359576988750132200e-41 | 8.10560961617884375000e+14 |
|   6   | 6.07764454331621435249e-43 | 8.66493552885119140625e+12 |
|   8   | 8.17696832570481087846e-13 | 1.41215105273091983545e-05 |
-------------------------------------------------------------------

Scheme evaluation results:
Order: 8, No. cycles: 23
-------------------------------------------------------------------
Vector a: -0.03778162668152675735, 0.58223267034657544272, -0.40115056279970151554, -0.26361120618225980516, 0.35498176691075039590, 0.31601705715838629418, 0.24439446559660735203, -0.31280808722186398407, -0.45143058443444494809, 0.39981445105834828579, 0.50427368669146355185, 0.06506796955766568080
Vector b: -0.57342570769490353033, 1.07128816202744947539, 0.09317717902179480094, -0.89547830500440828150, 0.36825589265805691586, 0.34170764178160545343, 0.29032647099114600175, 0.19846246194118349893, -0.82407863726582564201, -0.07878253148478868428, 0.87841143348835082350, 0.13013593954033897404
-------------------------------------------------------------------
| Order |          Error^2           |         Efficiency         |
-------------------------------------------------------------------
|   2   | 1.51208669036861715235e-35 | 4.86133984463570500000e+14 |
|   4   | 4.20623139159258140323e-35 | 5.50987918010680175781e+11 |
|   6   | 5.25981699150175762995e-38 | 2.94542295428232688904e+10 |
|   8   | 8.90759919541602240149e-13 | 1.35299745028442564725e-05 |
-------------------------------------------------------------------

Scheme evaluation results:
Order: 8, No. cycles: 23
-------------------------------------------------------------------
Vector a: 0.46907502932949352026, 0.06210930002582387699, -0.88741567635738405340, -0.37505400449311071531, 0.15238369827047204552, 0.25562548056371026117, 0.27985201655229213769, 0.45723124671327020074, 0.47262111862075933955, -0.49297011853435906970, -0.00735186560560325067, 0.61389377491463581471
Vector b: -0.04167135837994367237, 1.02149277541887406606, -0.89727417536722631208, -0.87755717734754123960, 0.12744916836132211269, 0.17731822817961695460, 0.33393273294780612126, 0.22577130015677901453, 0.68869119326975991591, 0.25655104397175954034, -1.24249128104047867893, 1.22778754982927207351
-------------------------------------------------------------------
| Order |          Error^2           |         Efficiency         |
-------------------------------------------------------------------
|   2   | 1.05897806507183615830e-39 | 5.80899290049163600000e+16 |
|   4   | 1.84130618212280963119e-42 | 2.63345347601254300000e+15 |
|   6   | 2.44679849044216105743e-44 | 4.31850952625963515625e+13 |
|   8   | 9.08123326986381216241e-13 | 1.34000030150583064202e-05 |
-------------------------------------------------------------------

Scheme evaluation results:
Order: 8, No. cycles: 23
-------------------------------------------------------------------
Vector a: 0.48824865000411288296, 0.04558412380686086701, -0.90577480140098720618, -0.76476178891624257972, -0.00609150903891148877, 0.57855865763601810325, 0.53369060219397146394, 0.49743148291795469262, 0.37716040630472025263, -1.85327952478931168301, -0.00000352618677353306, 2.00923722746858812727
Vector b: -0.02554035624775615257, 1.02757801250375013780, -0.93640976489004146277, -0.87513983791195504303, -0.65438373992054010841, 0.64220072184271770332, 0.51491659342936135779, 0.55246461095859356050, 0.44239835487731765662, 0.31192245773209942294, -4.01848150731052466966, 4.01847445493697730257
-------------------------------------------------------------------
| Order |          Error^2           |         Efficiency         |
-------------------------------------------------------------------
|   2   | 1.92673993346334933554e-34 | 1.36186098622302843750e+14 |
|   4   | 5.85013487334477292722e-37 | 4.67203100860358886719e+12 |
|   6   | 3.79599020409195525348e-38 | 3.46713252718614730835e+10 |
|   8   | 9.64857027176303598293e-13 | 1.30000741590614728003e-05 |
-------------------------------------------------------------------

Scheme evaluation results:
Order: 8, No. cycles: 23
-------------------------------------------------------------------
Vector a: -0.42629405460026048580, -0.19626578768420210874, -0.13233639107992961614, 0.52892456446596136654, 0.56895986827000089026, -0.17264660760804412254, -0.18795556208971245238, -0.22351334795110580633, 0.07778632836503086845, 0.68136501137329619215, 0.34869943455066665372, 0.13327654398829857918
Vector b: -0.50228075316840825604, 0.15197339713629565150, -0.54450497250469986898, 0.27983219034484069221, 0.77801693858708220741, 0.35990279795291951759, -0.70519601316900781818, 0.32928488898958285791, -0.77631158489179441506, 0.93188424162185623523, 0.43084578112473614908, 0.26655308797659715836
-------------------------------------------------------------------
| Order |          Error^2           |         Efficiency         |
-------------------------------------------------------------------
|   2   | 2.65461981081693345916e-41 | 3.66896156648644416000e+17 |
|   4   | 2.01874560016793959280e-44 | 2.51505715765724000000e+16 |
|   6   | 1.21748708968235659195e-45 | 1.93597971090261343750e+14 |
|   8   | 1.03233854952975367084e-12 | 1.25680019477386662640e-05 |
-------------------------------------------------------------------

Scheme evaluation results:
Order: 8, No. cycles: 23
-------------------------------------------------------------------
Vector a: 0.49062103625901176684, 0.03899648385281141022, -0.89433193709459612997, -0.26004140555334875895, 0.29441138798856991698, 0.29544084177251495049, 0.46637396989719803742, 0.43274521240820096324, -0.51399073175505682887, -0.00955769186529159716, 0.63607678375405107829, 0.02325605033593525217
Vector b: -0.04167898188879330668, 1.06460003629557831140, -0.98660706859002889058, -0.80205680559967595933, 0.28197399449247173564, 0.30684878148782873675, 0.28403290205176867644, 0.64871503774704186718, 0.21677538706644833288, -1.24475685057362217556, 1.22564146684309749347, 0.04651210066788522696
-------------------------------------------------------------------
| Order |          Error^2           |         Efficiency         |
-------------------------------------------------------------------
|   2   | 1.22039196054727425454e-33 | 5.41121336977757421875e+13 |
|   4   | 3.18892353921160089330e-36 | 2.00108991291997485352e+12 |
|   6   | 3.72009538537661183260e-39 | 1.10753114039631286621e+11 |
|   8   | 1.04567087042991842317e-12 | 1.24876238037726081185e-05 |
-------------------------------------------------------------------

Scheme evaluation results:
Order: 8, No. cycles: 23
-------------------------------------------------------------------
Vector a: -0.74723647843192986251, -0.02395306046373384123, 0.68604889354311004990, 0.69732363169836719674, -0.06258713184361881787, -0.65021767250246720327, -0.15898287079544651257, 0.42910987215023066454, 0.30915864256002878463, 0.23316334148087253242, 0.19590744999351841771, 0.09226538261106863315
Vector b: -0.55538298995598889274, -0.38370697695061756205, 0.33580085602338888284, 1.03629693106131903768, 0.35835033233667140662, -0.48352459602426162144, -0.81691074898159499185, 0.49894500739040148485, 0.35927473691248584808, 0.25904254820273953097, 0.20728413476309123786, 0.18453076522236561141
-------------------------------------------------------------------
| Order |          Error^2           |         Efficiency         |
-------------------------------------------------------------------
|   2   | 4.66352128927299121203e-42 | 8.75361307491960448000e+17 |
|   4   | 3.85469061142383901956e-40 | 1.82009431390028531250e+14 |
|   6   | 4.29404397804761974192e-42 | 3.25986593662246289062e+12 |
|   8   | 1.05580584229754308681e-12 | 1.24275431986771395476e-05 |
-------------------------------------------------------------------

Scheme evaluation results:
Order: 8, No. cycles: 23
-------------------------------------------------------------------
Vector a: 0.24792079055880603122, 0.47313170253547753852, 0.04337223550960846163, -0.21394838989732095635, 0.19564037634942352262, 0.78430337330673216556, -0.00018276658257502214, -0.97859493359536287027, -0.09931341970687160292, 0.29792145637541628256, 0.17159441814780171387, 0.07815515699886470269
Vector b: 0.11806326855253122809, 0.25971504401365319570, 0.68654836105609640118, -0.59980389003671585879, 0.17190711024108767946, 0.21937364245897475468, 1.34923310415510622207, -1.34959863732025731053, -0.60759122987183344922, 0.40896439045749405361, 0.18687852229558205019, 0.15631031399828107520
-------------------------------------------------------------------
| Order |          Error^2           |         Efficiency         |
-------------------------------------------------------------------
|   2   | 1.09807989742035585385e-39 | 5.70462837086959680000e+16 |
|   4   | 2.05622420340784702837e-40 | 2.49203089681399187500e+14 |
|   6   | 5.45880436110299030545e-41 | 9.14290524736977416992e+11 |
|   8   | 1.12883646501321385025e-12 | 1.20188190540318161473e-05 |
-------------------------------------------------------------------

Scheme evaluation results:
Order: 8, No. cycles: 23
-------------------------------------------------------------------
Vector a: -0.04981400149668570310, 0.73764127964344738952, -0.63426194550849690490, -0.48365621476113085375, 0.57150745231400368329, 0.62334367882133601135, -0.11607156345886439353, -0.70668789075590154880, -0.04111113333229544226, 0.57037867208941772645, 0.36633064325468672751, 0.16240102319048349555
Vector b: -0.80684109645530410759, 1.51405418991723683675, -0.03877163063034194668, -1.22975226038665197414, 0.26243983086439010011, 0.88057507376361732199, 0.36611228387905470072, -0.59825541079678357104, -0.81512037071501952656, 0.73289810405042865593, 0.40785924012840651942, 0.32480204638096699110
-------------------------------------------------------------------
| Order |          Error^2           |         Efficiency         |
-------------------------------------------------------------------
|   2   | 4.59177480789956057800e-41 | 2.78967774271600032000e+17 |
|   4   | 1.03170599435914656847e-43 | 1.11252730559123280000e+16 |
|   6   | 1.62174007931909109123e-45 | 1.67742209384285406250e+14 |
|   8   | 1.13482222875703685063e-12 | 1.19870797528954842914e-05 |
-------------------------------------------------------------------

Scheme evaluation results:
Order: 8, No. cycles: 23
-------------------------------------------------------------------
Vector a: 0.70095696648980743149, 0.03250345519169010183, 0.22306261201902963243, -0.00264120650630353740, -0.58618496090710603408, 0.29162464486048517154, -0.25065164713970705668, -0.07298385330577339403, 0.56544581613736055736, -0.04941041200688534030, -0.06543346152609411104, 0.21371204669349649907
Vector b: 0.17439065014658111652, 1.05313263268645407322, -0.98812572230307371690, 1.43425094634113414749, -1.43953335935374138188, 0.26716343753952676021, 0.31608585218144397144, -0.81738914646085847338, 0.67142143984931124123, 0.45947019242541004003, -0.55829101643918033204, 0.42742409338699238752
-------------------------------------------------------------------
| Order |          Error^2           |         Efficiency         |
-------------------------------------------------------------------
|   2   | 8.61675241294901914716e-40 | 6.43980209074421600000e+16 |
|   4   | 1.46891111522848949460e-41 | 9.32375595109971250000e+14 |
|   6   | 3.69206432936638930307e-42 | 3.51559108242609667969e+12 |
|   8   | 1.13701618561762263865e-12 | 1.19755091899686720992e-05 |
-------------------------------------------------------------------

Scheme evaluation results:
Order: 8, No. cycles: 23
-------------------------------------------------------------------
Vector a: 0.37017100278167952565, 0.56545554916081874897, -0.53123794541377900025, 0.23087208871157136048, -0.00085649700278087222, -0.22804575384786032743, 0.50757085797256118465, -0.31646227085839734317, -0.30743026775990861532, -0.03760492881230691198, 0.54262756005535872639, 0.20494060501304353639
Vector b: 0.16168942126626278943, 0.41696316303083369448, 0.71394793529080347039, -1.77642382611836069373, 2.23816800354150347019, -2.23988099754706526667, 1.78378948985134444527, -0.76864777390622296416, 0.13572323218942830558, -0.75058376770924573052, 0.67537391008463154574, 0.40988121002608679522
-------------------------------------------------------------------
| Order |          Error^2           |         Efficiency         |
-------------------------------------------------------------------
|   2   | 2.97776596292286503483e-38 | 1.09546636408902580000e+16 |
|   4   | 2.12894546302552361328e-40 | 2.44909926391452437500e+14 |
|   6   | 1.50499485217271283257e-41 | 1.74126742983734790039e+12 |
|   8   | 1.15496048486954084965e-12 | 1.18821149349592591866e-05 |
-------------------------------------------------------------------

Scheme evaluation results:
Order: 8, No. cycles: 23
-------------------------------------------------------------------
Vector a: 0.81780018753381289454, -0.34686242842377562612, 0.00687678295299822516, 0.31140605269466814509, -0.75116692104559834586, -0.23195277006739614678, 0.42392285948599878198, 0.39247895286890105426, -0.44154566347203105803, -0.01830109494816085577, 0.72280076246669888729, 0.11454327995388402517
Vector b: 0.55737601584375862096, 0.52084834338010843613, -1.21457320022765991041, 1.22832676613365632257, -0.60551466074431981035, -0.89681918134687677036, 0.43291364121208447679, 0.41493207775991303166, 0.37002582797788913238, -1.25311715492195152599, 1.21651496502562972424, 0.22908655990776805034
-------------------------------------------------------------------
| Order |          Error^2           |         Efficiency         |
-------------------------------------------------------------------
|   2   | 9.90818907767077055972e-40 | 6.00547253520626480000e+16 |
|   4   | 2.33955536734430240097e-42 | 2.33626440484890850000e+15 |
|   6   | 1.53760518811598290136e-44 | 5.44766716911665468750e+13 |
|   8   | 1.31442657529357613952e-12 | 1.11380495672469971813e-05 |
-------------------------------------------------------------------

Scheme evaluation results:
Order: 8, No. cycles: 23
-------------------------------------------------------------------
Vector a: -0.77511257437285596694, 0.71874050090138841274, 0.14023611813696443273, -0.63001643837925658254, 0.04344866258020911587, -0.17091806855326716064, -0.06014779083359762801, 0.57269972627310827828, 0.53600055927112877363, 0.28510729953204855258, 0.22998642865182974959, 0.10997557679230003658
Vector b: -0.77117719313264287972, -0.00787076248042519085, 1.44535176428320122355, -1.16487952800927274666, -0.09515334874923826736, 0.18205067390965568030, -0.52388681101619116731, 0.40359122934899605006, 0.74180822319722028446, 0.33019289534503742933, 0.24002170371905950930, 0.21995115358460004540
-------------------------------------------------------------------
| Order |          Error^2           |         Efficiency         |
-------------------------------------------------------------------
|   2   | 3.80256351279182360366e-41 | 3.06553366379660480000e+17 |
|   4   | 1.77658370930180714273e-43 | 8.47804696786719800000e+15 |
|   6   | 5.47381143520997631451e-45 | 9.13036349009916093750e+13 |
|   8   | 1.32659783224291277322e-12 | 1.10868371962068862357e-05 |
-------------------------------------------------------------------

Scheme evaluation results:
Order: 8, No. cycles: 23
-------------------------------------------------------------------
Vector a: -0.27598629715598554935, 0.52850871209949046303, 0.38971067716716939477, -0.25343078694217929803, -0.28723109840464328135, 0.16579083591173782164, -0.24488996881055249966, -0.33845775417122703210, 0.48372986614243579373, 0.59204650220222032608, 0.17112543810044594794, 0.06908387386108791328
Vector b: -0.52708276592226044333, 0.50219293753254967694, 0.55482448666643136015, 0.22459686766790751267, -0.73145844155226613648, 0.15699624474297962928, 0.17458542708049587522, -0.66436536470160079126, -0.01255014364085305090, 0.98000987592572441631, 0.20408312847871612483, 0.13816774772217582656
-------------------------------------------------------------------
| Order |          Error^2           |         Efficiency         |
-------------------------------------------------------------------
|   2   | 1.83850358519415999705e-40 | 1.39415829611799264000e+17 |
|   4   | 5.72539899119213149806e-43 | 4.72265018002674000000e+15 |
|   6   | 2.68970268825122741300e-45 | 1.30250933750387031250e+14 |
|   8   | 1.47068156637673344557e-12 | 1.05297482347354164636e-05 |
-------------------------------------------------------------------

Scheme evaluation results:
Order: 8, No. cycles: 23
-------------------------------------------------------------------
Vector a: -0.23865518522107670440, 0.58854221183953236984, 0.04180367589208655588, -0.20479089960541929649, 0.26708256250675732613, 0.28246223474837212075, -0.19606791676775875422, -0.21915515044797020949, -0.17435863901154147193, 0.12315795149942596054, 0.57247264312227530425, 0.15750651144531671588
Vector b: -0.45544571895851687637, 0.43358106747487995536, 0.74350335620418561700, -0.65989600442001250524, 0.25031420520917374573, 0.28385091980434018488, 0.28107354969240488929, -0.67320938322792278630, 0.23489908233198214527, -0.58361636035506514464, 0.82993226335391723225, 0.31501302289063359829
-------------------------------------------------------------------
| Order |          Error^2           |         Efficiency         |
-------------------------------------------------------------------
|   2   | 3.58732406867153170156e-41 | 3.15616007871946368000e+17 |
|   4   | 7.61956039976619282315e-44 | 1.29456451324893880000e+16 |
|   6   | 1.24072945160131832529e-45 | 1.91776080459417187500e+14 |
|   8   | 1.49810391555929042275e-12 | 1.04329311726708743273e-05 |
-------------------------------------------------------------------

Scheme evaluation results:
Order: 8, No. cycles: 23
-------------------------------------------------------------------
Vector a: 0.59021131648984692664, -0.53708155835013715595, 0.98723700156050842036, -0.00005801358877885086, -1.17769439294999855861, 0.53605148093193843994, 0.47254355077936760487, -0.16838961908504665455, 0.15341918434549633998, 0.01743137715750582573, -0.22688704315279298318, 0.35321671586209052451
Vector b: 0.59765923414486399334, -0.01489583531001239733, -1.05926728139029036058, 3.03374128451133540096, -3.03385731168889316578, 0.67846852578888683372, 0.39363443607499964960, 0.55145266548371707493, -0.88823190365383963840, 1.19507027234485430078, -1.16020751802983901335, 0.70643343172421724230
-------------------------------------------------------------------
| Order |          Error^2           |         Efficiency         |
-------------------------------------------------------------------
|   2   | 1.29287159434922002524e-38 | 1.66251905286474980000e+16 |
|   4   | 1.07405323395104254035e-39 | 1.09037466582087140625e+14 |
|   6   | 1.39934996642488007184e-39 | 1.80580068337527374268e+11 |
|   8   | 1.51505522427888558955e-12 | 1.03744021827021630120e-05 |
-------------------------------------------------------------------

Scheme evaluation results:
Order: 8, No. cycles: 23
-------------------------------------------------------------------
Vector a: 0.72137118623668405881, -0.16332415668943287002, -0.92998166285424133104, -0.06162802979566585349, 0.65315248175155649069, -0.29095450385200816168, -0.20938365467322767044, -0.23971727311867885302, 0.07536381143965879825, 0.84182557100942978501, 0.45222155603293123782, 0.15105467451299425807
Vector b: 0.52548743586672341799, 0.39176750073992133716, -0.71841581411878707719, -1.14154751158969536284, 1.01829145199836368363, 0.28801351150474935325, -0.86992251920876562110, 0.45115520986231028022, -0.93058975609966798626, 1.08131737897898561052, 0.60233376303987384848, 0.30210934902598857166
-------------------------------------------------------------------
| Order |          Error^2           |         Efficiency         |
-------------------------------------------------------------------
|   2   | 1.79366203433576585078e-41 | 4.46348438834560064000e+17 |
|   4   | 2.69224467458405479751e-43 | 6.88702076844579000000e+15 |
|   6   | 8.03013982347171554953e-45 | 7.53826551415577187500e+13 |
|   8   | 1.53166704869522879742e-12 | 1.03179905837258093757e-05 |
-------------------------------------------------------------------

Scheme evaluation results:
Order: 8, No. cycles: 23
-------------------------------------------------------------------
Vector a: 0.25054286392587477028, -0.50559378730880277786, -0.22279462181174095048, -0.34300067649462923081, 0.36167351532715619200, -0.20052712175732184674, 0.03712578546588319456, 1.00824645945638624589, -0.44813169914770351054, -0.07720474962780569939, 1.00093951010004444946, 0.13872452187265912893
Vector b: 0.95871070771902877627, -1.41633568758630778994, 0.40514811296870206769, -0.85073735659218363558, 0.16473600360292514622, 0.55861102705138721003, -0.95966527056603068147, 1.03391684149779705670, 0.98257607741497499099, -1.87883947571038234514, 1.72442997645477102964, 0.27744904374531825786
-------------------------------------------------------------------
| Order |          Error^2           |         Efficiency         |
-------------------------------------------------------------------
|   2   | 2.58287332944350282513e-39 | 3.71957032362133360000e+16 |
|   4   | 5.79598940133249415801e-42 | 1.48431085870280450000e+15 |
|   6   | 6.48063762507817026690e-44 | 2.65353069018202460938e+13 |
|   8   | 1.53479560082409945343e-12 | 1.03074690398850003705e-05 |
-------------------------------------------------------------------

Scheme evaluation results:
Order: 8, No. cycles: 23
-------------------------------------------------------------------
Vector a: 0.25909768559045698311, 0.49853775547559775472, -0.33828221201380620498, 0.00982916962840373401, 0.72021391389327626964, -0.42225796534622045408, -0.32915333834809462621, 0.35307675208165534286, -0.75321729039825213725, -1.00446233288937691874, 1.00323543107457568979, 1.00338243125178450121
Vector b: 0.12378837959630981103, 0.27061861198829423314, 0.72645689896290188692, -1.40302132299051507403, 1.42267966224732256286, 0.01774816553923016030, -0.86226409623167044050, 0.20395741953548091052, 0.50219608462782971969, -2.00863066542433488237, -0.00029400035441878684, 2.00676486250357033470
-------------------------------------------------------------------
| Order |          Error^2           |         Efficiency         |
-------------------------------------------------------------------
|   2   | 4.02925051439180101761e-38 | 9.41742549366136800000e+15 |
|   4   | 2.33193861227837592092e-41 | 7.39997238692659250000e+14 |
|   6   | 1.64589430720486041829e-42 | 5.26540779868369726562e+12 |
|   8   | 1.56726053186121077434e-12 | 1.02001536401789489933e-05 |
-------------------------------------------------------------------

Scheme evaluation results:
Order: 8, No. cycles: 23
-------------------------------------------------------------------
Vector a: -0.12221648761903002034, 0.48959700701321168248, 0.47293714236197859080, -0.19640856203143541858, -0.52620512711197209299, 0.09404133739812828297, 0.42298871738687737754, -0.66842617321466857305, -0.00057689262059203389, 0.46641818912143651055, 0.06835038939079919607, 0.49950045992526659333
Vector b: -0.36944451642388198565, 0.49445605760970023912, 0.48473795641672645651, 0.46113632830723122469, -0.85395345237010256145, -0.19845680185385186634, 0.38653947665011023638, 0.45943795812365290088, -1.79629030455299121272, 1.79513651931180717725, -0.86230014106893548842, 0.99900091985053507404
-------------------------------------------------------------------
| Order |          Error^2           |         Efficiency         |
-------------------------------------------------------------------
|   2   | 6.84461432302528248659e-39 | 2.28491388652106480000e+16 |
|   4   | 2.14034327440972559413e-41 | 7.72408313997882375000e+14 |
|   6   | 1.83890360185173123542e-43 | 1.57526455900594355469e+13 |
|   8   | 1.57940988968499573791e-12 | 1.01608463782689783584e-05 |
-------------------------------------------------------------------

Scheme evaluation results:
Order: 8, No. cycles: 23
-------------------------------------------------------------------
Vector a: -0.69556838797725795143, 0.60463371029196522066, 0.23452173899317665939, -0.67939091993343225795, 0.67781788782688112693, -0.22843768972137695750, -0.65813250436562120704, 0.53630734720602313281, 0.47378723369215802741, 0.33379367789447872417, 0.27225355409704288245, 0.12841435199596251682
Vector b: -0.39064095546723942576, -0.60985486502003705134, 1.81912228560396882493, -1.35007880761761445143, -0.00870303224925184256, 1.36433880790301587105, -1.82121418734577078524, 0.50494917861452714991, 0.56766551579751911571, 0.37990895158679688359, 0.28767840420216067576, 0.25682870399192503363
-------------------------------------------------------------------
| Order |          Error^2           |         Efficiency         |
-------------------------------------------------------------------
|   2   | 4.97346608880621155105e-39 | 2.68049343205914440000e+16 |
|   4   | 9.34118693492026104638e-42 | 1.16919681685277050000e+15 |
|   6   | 2.39491264367808328179e-43 | 1.38034658612676699219e+13 |
|   8   | 1.59820356486456770732e-12 | 1.01009277417001386669e-05 |
-------------------------------------------------------------------

Scheme evaluation results:
Order: 8, No. cycles: 23
-------------------------------------------------------------------
Vector a: -0.41781479587212622118, -0.23909054250319272672, -0.08950075027664491922, 0.33505152277660493754, 0.33130681433083142284, 0.38001982896213709617, -0.13626668830553029244, -0.57870616767236027211, 0.17222482262769314709, 0.68939768985903060461, 0.39306496008469726799, 0.16031330598885987215
Vector b: -0.49397127482216124372, 0.15231295790006940671, -0.63049404290645416626, 0.45149254235316399475, 0.21861050320004637992, 0.44400312546161552207, 0.31603653246266011356, -0.58856990907372119803, -0.56884242627100023437, 0.91329207152638725020, 0.46550330819167423657, 0.32062661197772002186
-------------------------------------------------------------------
| Order |          Error^2           |         Efficiency         |
-------------------------------------------------------------------
|   2   | 3.58732406867153170156e-42 | 9.98065450884983296000e+17 |
|   4   | 5.50009647247490700338e-44 | 1.52371415598112760000e+16 |
|   6   | 1.26168659969315123135e-45 | 1.90176670019371875000e+14 |
|   8   | 1.65469285487065100752e-12 | 9.92701358188562972106e-06 |
-------------------------------------------------------------------

Scheme evaluation results:
Order: 8, No. cycles: 23
-------------------------------------------------------------------
Vector a: 0.18616951734300885013, 0.19750626411562371976, 0.44999406518782392173, 0.03452067503711672009, -0.22393911128143953460, 0.19411680860311489316, 0.77355160767743114114, -0.00019874688598105642, -0.96462230896632739086, -0.08319609749609606364, 0.32528777221113419627, 0.11080955445459050868
Vector b: 0.09288308434355746490, 0.18657286599906483526, 0.20843966223191986997, 0.69154846814382608944, -0.62250711806959757588, 0.17462889550673937888, 0.21360472169946226328, 1.33349849365539063761, -1.33389598742735260295, -0.59534863050526865003, 0.42895643551308232366, 0.22161910890917607686
-------------------------------------------------------------------
| Order |          Error^2           |         Efficiency         |
-------------------------------------------------------------------
|   2   | 1.51887301067552652244e-39 | 4.85046746027043200000e+16 |
|   4   | 2.07713070068403309606e-40 | 2.47945792827384250000e+14 |
|   6   | 5.49805808018318458908e-41 | 9.11020861970953857422e+11 |
|   8   | 1.82114739497027242997e-12 | 9.46247539857193056367e-06 |
-------------------------------------------------------------------

Scheme evaluation results:
Order: 8, No. cycles: 23
-------------------------------------------------------------------
Vector a: -0.05927193474623498187, 0.29996501061218550088, -0.83851585274875828357, -0.18955228015736116931, 0.34961457475988505506, 0.69998389489436729782, -0.27205929136245970978, -0.69244077917931079469, 0.57603772281978116165, 0.71484801577935386252, 0.27846783569091743127, 0.13292308363763466472
Vector b: -0.93145389117373889043, 1.74436391285500791426, -1.14443389163063691250, -0.53259781386687954363, 0.15349325355215728828, 0.54573589596761284959, 0.85423189382112174606, -1.39835047654604127665, 0.01346891818741982258, 1.13860652745214219195, 0.29108950410656553309, 0.26584616727526932944
-------------------------------------------------------------------
| Order |          Error^2           |         Efficiency         |
-------------------------------------------------------------------
|   2   | 1.79366203433576585078e-41 | 4.46348438834560064000e+17 |
|   4   | 4.20126795835384218076e-43 | 5.51313294125765100000e+15 |
|   6   | 5.88392312509123290665e-45 | 8.80642192094432812500e+13 |
|   8   | 1.82473124250084595285e-12 | 9.45317848518325151372e-06 |
-------------------------------------------------------------------

Scheme evaluation results:
Order: 8, No. cycles: 23
-------------------------------------------------------------------
Vector a: 0.06372481180468395068, -0.22167059100565186802, 0.96325372698625055801, -0.41340647296491883633, -0.00064559903877301828, 0.42498954683406120481, -0.40829168408490507103, 0.54366667785869982055, 0.27382883314778622141, -0.43176580871675845907, -0.10292864249879409011, 0.30924520167831959228
Vector b: 0.57788289263249870142, -1.02831616165562866883, 0.58497497964432298989, 1.34153247432817979146, -2.16834542025801901843, 2.16705422218047294436, -1.31707512851234898044, 0.50049176034253806122, 0.58684159537486202396, -0.03918392907928965746, -0.82434768835422711497, 0.61849040335663885148
-------------------------------------------------------------------
| Order |          Error^2           |         Efficiency         |
-------------------------------------------------------------------
|   2   | 1.21969018334832077853e-39 | 5.41276987983657280000e+16 |
|   4   | 8.48906609687974181566e-41 | 3.87845447770482812500e+14 |
|   6   | 3.32734232093027256468e-42 | 3.70326032146500195312e+12 |
|   8   | 1.83022193674927114993e-12 | 9.43898799309482589828e-06 |
-------------------------------------------------------------------

Scheme evaluation results:
Order: 8, No. cycles: 23
-------------------------------------------------------------------
Vector a: -0.26389909001839428893, -0.46186121938801733000, 0.44191264933471813281, 0.46314692217745984104, -0.26489812483940822219, -0.20059102788460819733, -0.17878984033940911735, 0.19477661358026507332, 0.68420782374896693678, 0.28273473252354625052, 0.20903845250316205329, 0.09422210860171889579
Vector b: 0.25514374077927104434, -1.03808566159533066653, 0.11436322281929599265, 0.76946207585014025909, 0.15683176850477945075, -0.68662801818359586736, 0.28544596241437947270, -0.64302564309319776292, 1.03257887025372774303, 0.33583677724420613053, 0.22963268780288634274, 0.18844421720343776383
-------------------------------------------------------------------
| Order |          Error^2           |         Efficiency         |
-------------------------------------------------------------------
|   2   | 1.95509161742598477735e-41 | 4.27524267083166976000e+17 |
|   4   | 6.00149857924113061157e-44 | 1.45867588134322060000e+16 |
|   6   | 1.66280443632494758514e-45 | 1.65657993456019031250e+14 |
|   8   | 1.92155675113333021950e-12 | 9.21193159046501291499e-06 |
-------------------------------------------------------------------

Scheme evaluation results:
Order: 8, No. cycles: 23
-------------------------------------------------------------------
Vector a: 0.34772263104855583027, 0.47869360511283631787, -0.14056589244508815861, -0.27983681906564755737, -0.51597594328879570202, -0.22737660192127226444, -0.00680990263880095186, 0.21675204660471861229, 0.81887429917364162879, -0.27127533528313219069, 0.07859179334899217551, 0.50120611935399228543
Vector b: 0.16367397039700981587, 0.36809732130309202880, 0.58928988892258049592, -0.87042167381275692417, 0.31074803568146169841, -1.34269992225905321348, 0.88794671841650896216, -0.90156652369411083292, 1.33507061690354800199, 0.30267798144373575520, -0.84522865201000019209, 1.00241223870798457085
-------------------------------------------------------------------
| Order |          Error^2           |         Efficiency         |
-------------------------------------------------------------------
|   2   | 1.14794370197489014450e-41 | 5.57935548543200064000e+17 |
|   4   | 7.90332333879196828001e-43 | 4.01960873117134500000e+15 |
|   6   | 2.46296337140879865670e-44 | 4.30431461136974609375e+13 |
|   8   | 1.97196927503253925063e-12 | 9.09341977919764148726e-06 |
-------------------------------------------------------------------

Scheme evaluation results:
Order: 8, No. cycles: 23
-------------------------------------------------------------------
Vector a: 0.42908490289479350732, -0.04229795326778743036, -0.44544256690662004106, -0.08305733644885232581, 0.87170436015747287950, -0.07231042738290417715, -0.20126468566867891652, -0.34144956398683268262, -0.18643409579743169813, 0.54476073585402950972, 0.39636462290107910000, 0.13034200765173237224
Vector b: 0.72802507516122949571, -0.59788034453287186576, 0.51328443799729706054, -1.40416957181053714265, 1.23805489891283260206, 0.50535382140211304591, -0.64997467616792148348, 0.24744530483056359493, -0.93034443280422896017, 0.55747624120936556391, 0.53204523049869334450, 0.26068401530346480000
-------------------------------------------------------------------
| Order |          Error^2           |         Efficiency         |
-------------------------------------------------------------------
|   2   | 2.86985925493722536125e-41 | 3.52869424194390400000e+17 |
|   4   | 9.62078976913007220256e-44 | 1.15208174078862360000e+16 |
|   6   | 1.36232955485167285840e-45 | 1.83017194908486437500e+14 |
|   8   | 2.03926769065954391176e-12 | 8.94211380164556858552e-06 |
-------------------------------------------------------------------

Scheme evaluation results:
Order: 8, No. cycles: 23
-------------------------------------------------------------------
Vector a: -0.23911581285547198195, -0.25547641763507428214, 0.67848307191105206027, -0.00023647699888148244, -1.25586127170365480232, 0.63933696145664609123, 0.87322532372158401248, 0.55429463586725824520, 0.28692977479474551794, -0.40748917935808082191, -0.12791859118568854603, 0.25382798198556594249
Vector b: -0.56851501063486764576, 0.65879839555879116109, -1.16975123082893950333, 2.52671737465104273568, -2.52719032864880555067, 0.01546778524149716727, 1.26320613767179512621, 0.48324450977137295427, 0.62534476196314336960, -0.05148521237365234759, -0.76349314634250931011, 0.50765596397113210703
-------------------------------------------------------------------
| Order |          Error^2           |         Efficiency         |
-------------------------------------------------------------------
|   2   | 3.76525534247763967396e-39 | 3.08068370385161040000e+16 |
|   4   | 7.03970309522858351920e-41 | 4.25903770147340437500e+14 |
|   6   | 1.04369832611732967779e-42 | 6.61219252698441699219e+12 |
|   8   | 2.12462892520044285705e-12 | 8.76063864217625974076e-06 |
-------------------------------------------------------------------

Scheme evaluation results:
Order: 8, No. cycles: 23
-------------------------------------------------------------------
Vector a: 0.79910048749017559278, -0.88767995867421023437, -1.13757855933537355142, -0.01937868509998840263, 1.16240172613948211655, 0.27418680055956690111, -0.25476953538363161789, 0.62992853777556612194, -0.82818650057817699839, -0.03176268508757580655, 1.13915666455586417349, 0.15458170763830156313
Vector b: 0.76024856577668120661, 0.07770384342698979929, -1.85306376077541146152, -0.42209335789533641847, 0.38333598769535964790, 1.94146746458360608401, -1.39309386346447205973, 0.88355479269720882396, 0.37630228285392314236, -2.03267528401027774976, 1.96914991383512583134, 0.30916341527660318178
-------------------------------------------------------------------
| Order |          Error^2           |         Efficiency         |
-------------------------------------------------------------------
|   2   | 2.04979697283891321427e-38 | 1.32034949675364640000e+16 |
|   4   | 5.49755661900831827243e-41 | 4.81952015173397437500e+14 |
|   6   | 7.70969385699110223047e-43 | 7.69333098790969433594e+12 |
|   8   | 2.16355030029974854101e-12 | 8.68148088974349274073e-06 |
-------------------------------------------------------------------

Scheme evaluation results:
Order: 8, No. cycles: 23
-------------------------------------------------------------------
Vector a: -0.24628291530935314535, -0.24756775755932000638, 0.72905046684805041579, -0.00018333671516009359, -1.29527920376640470757, 0.63452339367323296049, 0.86585162871957810360, 0.54492140281141721037, 0.27728794802523454299, -0.41007274191927856055, -0.11733666743072886096, 0.26508778262273213766
Vector b: -0.57341748582724749728, 0.65426914103578870385, -1.14940465615442843905, 2.60750558985052904859, -2.60787226328084908999, 0.01731385574804032365, 1.25173293159842557998, 0.47997032584073062722, 0.60987247978210346044, -0.05529658373163459650, -0.76484890010692241358, 0.53017556524546460839
-------------------------------------------------------------------
| Order |          Error^2           |         Efficiency         |
-------------------------------------------------------------------
|   2   | 5.72422126989778970555e-38 | 7.90107385609417200000e+15 |
|   4   | 6.71621334473919949838e-41 | 4.36040083631773125000e+14 |
|   6   | 2.00357323433980646983e-42 | 4.77232897069500878906e+12 |
|   8   | 2.17406086559541589601e-12 | 8.66047001901689672792e-06 |
-------------------------------------------------------------------

Scheme evaluation results:
Order: 8, No. cycles: 23
-------------------------------------------------------------------
Vector a: -0.71831860416263693114, -0.05705153695578631112, 0.31979217383600133662, 0.33787348629743846340, 0.31267132048359141949, 0.26612525239780288056, -0.26399135145251867440, -0.46995756087571011195, 0.39141313453225595742, 0.59664893233878346646, 0.19909014670779295875, 0.08570460685298560144
Vector b: -0.51868636011102808858, -0.39926448810321774063, 0.28516141419164520165, 0.35442293348035736056, 0.32132403911451973277, 0.30401860185266316172, 0.22823190294294215530, -0.75621460584797917104, -0.18370051590344085857, 0.96652678496795263463, 0.22677107970961449257, 0.17140921370597120288
-------------------------------------------------------------------
| Order |          Error^2           |         Efficiency         |
-------------------------------------------------------------------
|   2   | 3.04922545837080194633e-41 | 3.42333625412789568000e+17 |
|   4   | 3.44412888184833945713e-44 | 1.92552409965579880000e+16 |
|   6   | 1.05350228365936002027e-45 | 2.08120683356185562500e+14 |
|   8   | 2.20717467875665816753e-12 | 8.59525883190898149703e-06 |
-------------------------------------------------------------------

Scheme evaluation results:
Order: 8, No. cycles: 23
-------------------------------------------------------------------
Vector a: 1.04636572947993977678, -0.00311198624406874803, -1.05397938275565805633, -0.41425732537299619906, 0.32657522541843791997, -0.28480281977880639310, 0.14772023356065064337, 0.87485595746454125621, -0.05600553376010634216, -0.12850478737845505428, 0.39028563109966124545, 0.15485905826685983366
Vector b: 0.60192380608584916679, 0.88888384678818133100, -0.89510781927631888344, -1.21285094623499745126, 0.38433629548900533068, 0.26881415534786984312, -0.83841979490548224074, 1.13386026202678369401, 0.61585165290229948454, -0.72786272042251232151, 0.47085314566560215743, 0.30971811653371994488
-------------------------------------------------------------------
| Order |          Error^2           |         Efficiency         |
-------------------------------------------------------------------
|   2   | 2.12728317272221829903e-39 | 4.09856357071284800000e+16 |
|   4   | 2.31681929976063224400e-41 | 7.42407883214231500000e+14 |
|   6   | 1.73695700570586213994e-43 | 1.62083366907587890625e+13 |
|   8   | 2.20848973591209783308e-12 | 8.59269940417123773970e-06 |
-------------------------------------------------------------------

Scheme evaluation results:
Order: 8, No. cycles: 23
-------------------------------------------------------------------
Vector a: -0.39354986225242255538, 0.29277785053567279006, 0.33783320572162567341, -0.10147436693700769006, -0.63544306835632990982, -0.28985644342794286699, 0.55416479484623282215, 0.81708767014848604493, -0.04608926537039013255, -0.09479644330708050792, 0.41524935450052502528, 0.14409657389863120280
Vector b: -0.53566968182151819544, 0.28423963913819122462, 0.30131606193315457753, 0.37435034951009665827, -0.57729908338411206614, -0.69358705332854775349, 0.11387416647266207503, 0.99445542321980362477, 0.63971991707716857611, -0.73189844781794888284, 0.54230556120378781149, 0.28819314779726235010
-------------------------------------------------------------------
| Order |          Error^2           |         Efficiency         |
-------------------------------------------------------------------
|   2   | 6.09845091674160389266e-41 | 2.42066427957558912000e+17 |
|   4   | 1.19154160044619601562e-43 | 1.03522333091555380000e+16 |
|   6   | 2.19377320086715308000e-45 | 1.44223861879533093750e+14 |
|   8   | 2.21579427036829448732e-12 | 8.57852446855123499823e-06 |
-------------------------------------------------------------------

Scheme evaluation results:
Order: 8, No. cycles: 23
-------------------------------------------------------------------
Vector a: -1.32104765623137954123, -0.00001374765364236227, 1.74286012904149778535, -0.19637053983378344180, -0.03337186583689403380, 0.65559168291129288342, -0.14680274109931015780, -0.29793077285190644465, 0.28618005217636843796, -0.23261902530649825049, 0.05659566195697846719, 0.48692882272727677773
Vector b: 0.16882716001453448862, -2.97974963249177315916, 2.97972213718448841746, 0.50599812089844908858, -0.89873920056603173734, 0.83199546889224451629, 0.47918789693036012434, -0.77279337912897938523, 0.17693183342515636514, 0.39542827092759363916, -0.86066632154060285220, 0.97385764545456054986
-------------------------------------------------------------------
| Order |          Error^2           |         Efficiency         |
-------------------------------------------------------------------
|   2   | 3.51529777602074468806e-35 | 3.18833001957856250000e+14 |
|   4   | 9.16565559492907897194e-38 | 1.18033935799783652344e+13 |
|   6   | 4.05916349494948321707e-39 | 1.06026569942099014282e+11 |
|   8   | 2.27855454138324705936e-12 | 8.45955654227875386293e-06 |
-------------------------------------------------------------------

Scheme evaluation results:
Order: 8, No. cycles: 23
-------------------------------------------------------------------
Vector a: -0.32490555914573671092, -0.28693196647972035729, -0.07611841946247535629, 0.88327619088574826911, -0.03292406829825138270, -0.38196795731567373400, -0.22141672546727564352, -0.41932859425204671577, 0.54286609552267584000, 0.77383365011134486178, 0.38903018233864089526, 0.15458717156277004823
Vector b: -0.44693698902484463309, 0.24406285975821587209, -0.81792679271765666993, 0.66568995379270590185, 1.10086242797879063637, -1.16671056457529331851, 0.40277464994394579501, -0.84560810087849713756, 0.00695091237440362535, 1.07878127867094808501, 0.46888602155174174957, 0.30917434312554009646
-------------------------------------------------------------------
| Order |          Error^2           |         Efficiency         |
-------------------------------------------------------------------
|   2   | 5.16574665888700565025e-41 | 2.63013339893288608000e+17 |
|   4   | 5.41777018769582400046e-43 | 4.85487850923659400000e+15 |
|   6   | 9.24572657744519659037e-45 | 7.02526095602948281250e+13 |
|   8   | 2.29945137148708414583e-12 | 8.42102966112887209435e-06 |
-------------------------------------------------------------------

Scheme evaluation results:
Order: 8, No. cycles: 23
-------------------------------------------------------------------
Vector a: -0.12745134737859151186, 0.80176255978631238985, -0.08272707698298506496, -0.97363432209291200792, 0.13455306588193816086, 0.09454805534898903796, -0.22469673630416819865, 0.73252888990507791789, -0.52606706545804715613, -0.00527273409355826211, 1.03874465604636245786, 0.13771205534158231787
Vector b: -0.57528900839098284781, 0.89567532202478250536, 0.70784979754784216333, -0.87330395151381234875, -1.07396469267201144504, 1.34307082443588776677, -1.15397471373790971860, 0.70458124112957332130, 0.76047653868058240345, -1.81261066959667682674, 1.80206520140956016895, 0.27542411068316458023
-------------------------------------------------------------------
| Order |          Error^2           |         Efficiency         |
-------------------------------------------------------------------
|   2   | 4.66352128927299121203e-41 | 2.76813550725760992000e+17 |
|   4   | 1.08162725215071817662e-42 | 3.43597381454465300000e+15 |
|   6   | 1.53848666591737130749e-43 | 1.72221003561909433594e+13 |
|   8   | 2.47593013625921536017e-12 | 8.11536614491511179472e-06 |
-------------------------------------------------------------------

Scheme evaluation results:
Order: 8, No. cycles: 23
-------------------------------------------------------------------
Vector a: -0.25194337528621857381, 0.70954696161919861286, 0.24997739970375693064, -0.13100312141328904203, 0.23560755657125276308, -0.42738829047416976303, -0.28110412845248516911, -0.16080245781722432574, 0.08735662751492453970, 0.64116846912851888085, 0.23321815496776332477, 0.09536620393797183570
Vector b: -0.45377552996201270252, 0.40366430935158803539, 1.01542961388681018953, -0.51547481447929632825, 0.25346857165271768908, 0.21774654148978858648, -1.07252312243812841785, 0.51031486553315719146, -0.83191978116760578743, 1.00663303619745514439, 0.27570390205958261731, 0.19073240787594383794
-------------------------------------------------------------------
| Order |          Error^2           |         Efficiency         |
-------------------------------------------------------------------
|   2   | 1.55151765970043746093e-40 | 1.51763022162710688000e+17 |
|   4   | 3.54276715656370353376e-43 | 6.00367744229663600000e+15 |
|   6   | 4.20898500517364427633e-45 | 1.04122429889966203125e+14 |
|   8   | 2.50981572244072808375e-12 | 8.06039628310506777646e-06 |
-------------------------------------------------------------------

Scheme evaluation results:
Order: 8, No. cycles: 23
-------------------------------------------------------------------
Vector a: -0.43859418934558380698, 0.16873548650827940865, -0.26949772916737202433, -0.15996476947050733419, 0.44002070598761916509, 0.44583133918305412058, -0.12751910600621949032, -0.54465815693146935050, 0.26691539946798981120, 0.71032510464686615670, 0.36586653349278647207, 0.14253938163455681654
Vector b: -0.52561677114155969104, 0.17404516359195182362, 0.16342580942460699367, -0.70242126775935098681, 0.38249172881833637394, 0.49754968315690201175, 0.39411299520920622941, -0.64915120722164521005, -0.44016510664129343544, 0.97399590557727300233, 0.44665430371645931107, 0.28507876326911363307
-------------------------------------------------------------------
| Order |          Error^2           |         Efficiency         |
-------------------------------------------------------------------
|   2   | 9.32704257854598242407e-42 | 6.18973916515887872000e+17 |
|   4   | 1.17183584079162827556e-43 | 1.04389127453389080000e+16 |
|   6   | 1.03060738115271027237e-45 | 2.10419681853922000000e+14 |
|   8   | 2.52509001993691603666e-12 | 8.03598059120838134508e-06 |
-------------------------------------------------------------------

Scheme evaluation results:
Order: 8, No. cycles: 23
-------------------------------------------------------------------
Vector a: -0.36750186734341655503, 0.26138689716151308762, 0.34759385195469910679, 0.32541236374629423089, 0.25001997611517490228, -0.16641383702525242017, -0.60060902792877379763, -0.78667694098119578250, 0.00089907163098797204, 0.91171264768273674317, 0.63156380364873077049, 0.19261306133850167321
Vector b: -0.47606838384519528651, 0.21713303300355724090, 0.30564076131946871229, 0.38954694258992966782, 0.26127778490265901601, 0.23876216732769153794, -0.57158984137819701665, -0.62962821447935102270, -0.94372566748303909900, 0.94552381074501501423, 0.87790148462045747291, 0.38522612267700379052
-------------------------------------------------------------------
| Order |          Error^2           |         Efficiency         |
-------------------------------------------------------------------
|   2   | 4.87876073339328311413e-40 | 8.55834063531973920000e+16 |
|   4   | 7.61080228436416271645e-43 | 4.09612721284665700000e+15 |
|   6   | 1.88802201457968534984e-44 | 4.91619903176813671875e+13 |
|   8   | 2.64711579133192360360e-12 | 7.84857553774979462707e-06 |
-------------------------------------------------------------------

Scheme evaluation results:
Order: 8, No. cycles: 23
-------------------------------------------------------------------
Vector a: 0.82602552827038011607, -0.04765886188171327559, -0.93295918248046072474, -0.10635413611468047534, 0.57844061629034870808, -0.73378725558388069317, -0.05524694741781581431, 0.86462236560250138595, -0.89113847415077485081, 0.06854654891376867065, 1.17889289187551815630, 0.25061690667680869282
Vector b: 0.40802886477439115342, 0.83599332699197803631, -0.93131105075540465688, -0.93460731420551690363, 0.72189904197615595294, 0.43498219060454135221, -1.90255670177230262752, 1.79206280693667108217, -0.06281807573166815761, -1.71945887256988161340, 1.85655197039741892695, 0.50123381335361738564
-------------------------------------------------------------------
| Order |          Error^2           |         Efficiency         |
-------------------------------------------------------------------
|   2   | 2.43938036669664155706e-40 | 1.21033213978779456000e+17 |
|   4   | 2.23472072598200202386e-41 | 7.55922073898356625000e+14 |
|   6   | 7.42379011361548422766e-43 | 7.84007363073398046875e+12 |
|   8   | 2.66119038224716371514e-12 | 7.82779312086679281547e-06 |
-------------------------------------------------------------------

Scheme evaluation results:
Order: 8, No. cycles: 23
-------------------------------------------------------------------
Vector a: 0.10840849929058445078, 0.60102650810942581661, -0.90280595180857925453, -0.55744253926036124724, 0.40667005174040399273, 0.51651431369043721009, -0.09663163685975570405, 0.29061270019660734309, 0.10925704822752178857, -0.20829770605477890277, 0.56167770858258192490, 0.17101100414591277610
Vector b: -0.62684856165448576970, 1.47051412189014052423, -0.26846110567128916857, -1.53715079794586917394, 0.42226571942514706803, 0.39107438405566091744, 0.64195424332521333621, -0.83521751704472468880, 1.41644291743793937499, -1.19792882098289599213, 0.78133340887333813107, 0.34202200829182555220
-------------------------------------------------------------------
| Order |          Error^2           |         Efficiency         |
-------------------------------------------------------------------
|   2   | 3.80256351279182360366e-41 | 3.06553366379660480000e+17 |
|   4   | 1.17744103464892754384e-42 | 3.29320732192427150000e+15 |
|   6   | 3.63945559596776115183e-44 | 3.54090904627657890625e+13 |
|   8   | 2.71138906972801696571e-12 | 7.75499266496313314860e-06 |
-------------------------------------------------------------------

Scheme evaluation results:
Order: 8, No. cycles: 23
-------------------------------------------------------------------
Vector a: -0.75018269509666857253, -0.11089333263740915048, 0.60291058238632755373, 0.57940158445352984984, 0.21672945148815050964, -0.20328246010404910082, -0.14754680136971221049, 0.49089260513173504918, -0.05750281163066681828, -0.20557694714569579864, 0.37531157871073822507, 0.20973924581372052622
Vector b: -0.52056139102366316695, -0.45924260814601070013, 0.23745594287119239918, 0.96836522190146268052, 0.19043794700559715793, 0.24302095597070355604, -0.64958587617880159115, 0.35449227343937705914, 0.62729293682409315025, -0.74229856008542682844, 0.33114466579403528668, 0.41947849162744110796
-------------------------------------------------------------------
| Order |          Error^2           |         Efficiency         |
-------------------------------------------------------------------
|   2   | 7.82036646970393910941e-41 | 2.13762133541583488000e+17 |
|   4   | 1.25591374865111729982e-43 | 1.00834406994233600000e+16 |
|   6   | 2.16320746364253873060e-45 | 1.45239216540792625000e+14 |
|   8   | 2.76840902464388638416e-12 | 7.67471370553159918000e-06 |
-------------------------------------------------------------------

Scheme evaluation results:
Order: 8, No. cycles: 23
-------------------------------------------------------------------
Vector a: -0.66837270956449079673, -0.10174355624364453399, 0.48240189817017903318, 0.48302483352945241313, -0.48887466465395490456, -0.67555118386237400507, 0.67524989102891996851, 0.82975181113580909198, 0.30835468451272424195, -1.05081728408761931881, -0.00009529243854435005, 1.20667157247354284166
Vector b: -0.38267238574871309531, -0.57140064763582998353, 0.36791353513560726141, 0.59689026122662758311, 0.36915940584899520349, -1.34690873516910025742, -0.00419363268491722632, 1.35469341487144911973, 0.30481020737823777411, 0.31189916165471703868, -2.41353372988961778489, 2.41334314501254443286
-------------------------------------------------------------------
| Order |          Error^2           |         Efficiency         |
-------------------------------------------------------------------
|   2   | 8.74806569301792683079e-36 | 6.39128685568196750000e+14 |
|   4   | 6.58528890817856037959e-38 | 1.39251935236462949219e+13 |
|   6   | 4.65806106959470617336e-40 | 3.12989951542403869629e+11 |
|   8   | 2.85871318641741673645e-12 | 7.55252235419329428557e-06 |
-------------------------------------------------------------------

Scheme evaluation results:
Order: 8, No. cycles: 23
-------------------------------------------------------------------
Vector a: -0.18291817962306952672, 0.29088612438926381154, 0.81676429873994937925, 0.00530051348959062994, -0.49519032782630423295, 0.19439823220856383701, 0.25587497912431045322, -0.21857574421997552627, 0.88522805892431144503, -0.00004226325643003323, -0.91419123425493620250, 0.36246554230472605163
Vector b: -0.26886480982962274178, 0.17189326041356020602, 0.40987898836424602189, 1.22364960911569831126, -1.21304858213652200227, 0.22266792648475378091, 0.16612853793128798396, 0.34562142031781162288, -0.78277290875764538036, 2.55322902660531481089, -2.55331355311817453924, 0.72493108460929212011
-------------------------------------------------------------------
| Order |          Error^2           |         Efficiency         |
-------------------------------------------------------------------
|   2   | 8.78623482110859192809e-36 | 6.37738924366853875000e+14 |
|   4   | 1.23701534710677030311e-38 | 3.21292887810716562500e+13 |
|   6   | 1.70803713737764331313e-39 | 1.63449775833331878662e+11 |
|   8   | 2.91990320680352372072e-12 | 7.47296734200983889647e-06 |
-------------------------------------------------------------------

Scheme evaluation results:
Order: 8, No. cycles: 23
-------------------------------------------------------------------
Vector a: 0.43050141602383712458, -0.21654190550438695562, -0.02871267055058904921, 0.65826161680530737019, -0.18313851465179598055, 0.58722070465564824016, -0.00015551356083077773, -0.84543353062814541321, 0.29544005805834266942, -0.25421979988555154506, 0.07042139538189082226, 0.48635674385627342131
Vector b: 0.16871234140171104121, 0.52357814924425238878, -0.95666196025302496775, 0.89923661915184638360, 0.41728661445876685798, -0.78356364376235843050, 1.95800505307366234931, -1.95831608019532410481, 0.26744901893902545131, 0.32343109717766094224, -0.83187069694876480952, 0.97271348771254662058
-------------------------------------------------------------------
| Order |          Error^2           |         Efficiency         |
-------------------------------------------------------------------
|   2   | 7.28395820650436737991e-36 | 7.00423333252253625000e+14 |
|   4   | 7.41034653904249763446e-40 | 1.31271182368912078125e+14 |
|   6   | 1.00611660291084099555e-40 | 6.73455378934891967773e+11 |
|   8   | 2.98195080968869652837e-12 | 7.39481092780986879587e-06 |
-------------------------------------------------------------------

Scheme evaluation results:
Order: 8, No. cycles: 23
-------------------------------------------------------------------
Vector a: 0.23046071627849859520, 0.26811205843682223149, -0.14360608039065436703, 0.37111872805915735452, 0.01125381140600037466, -0.42665430239257029488, 0.54267323105336839895, -0.65530755258356498949, -0.00085157605437550740, 0.55102739678910395149, -0.08300463571900401627, 0.33477820511721828600
Vector b: 0.11385093314765855343, 0.23321956626167580917, 0.30300455061197678619, -0.59021671139329423550, 1.33245416751161283031, -1.30994654469961191445, 0.45663793991446627318, 0.62870852219227613134, -1.93932362735941277165, 1.93762047525066183340, -0.83556568167244837930, 0.66955641023443923654
-------------------------------------------------------------------
| Order |          Error^2           |         Efficiency         |
-------------------------------------------------------------------
|   2   | 3.50122829102341494073e-40 | 1.01026222262000864000e+17 |
|   4   | 5.70468604826633029573e-42 | 1.49614188629825175000e+15 |
|   6   | 5.91526280309960304650e-43 | 8.78306226942024414062e+12 |
|   8   | 3.02178182280552650638e-12 | 7.34591264645474040674e-06 |
-------------------------------------------------------------------

Scheme evaluation results:
Order: 8, No. cycles: 23
-------------------------------------------------------------------
Vector a: -0.34839882456698151314, -0.86151337655112170122, -0.00004600238212338249, 1.30768161026320117735, 0.36604292714644831586, -0.23504629630498391490, -0.71435850120768995541, -0.33318143373335984414, 0.54655790795045922081, 0.73335009137607209961, 0.38875686581567503453, 0.15015503219440454186
Vector b: -0.52289125448842121990, 0.34898485984287946904, -2.07201161294513402922, 2.07191960818088727336, 0.54344361234552385209, 0.18864224194737336249, -0.65873483455734138658, -0.76998216785803641482, 0.10361930039131680981, 0.98949651550960138202, 0.47720366724254220658, 0.30031006438880863962
-------------------------------------------------------------------
| Order |          Error^2           |         Efficiency         |
-------------------------------------------------------------------
|   2   | 6.34665069440484982803e-37 | 2.37285953238230600000e+15 |
|   4   | 6.79969394912827006936e-40 | 1.37038934432612453125e+14 |
|   6   | 1.29987598012599232201e-40 | 5.92491363986487792969e+11 |
|   8   | 3.03004948569359839957e-12 | 7.33588392992801519975e-06 |
-------------------------------------------------------------------

Scheme evaluation results:
Order: 8, No. cycles: 23
-------------------------------------------------------------------
Vector a: -0.83581174179185557804, 0.76427434402588656503, 0.16624911344882387088, -0.16888482751810024451, 0.62882901605438046300, 0.33531821483219492741, -0.18153994475662560415, -0.24602578231544888765, -0.41752999731423912078, -0.05890754187992178204, 0.72610194322124854693, 0.28792720399365673289
Vector b: -0.82740322227653373410, -0.01681703903064282052, 1.54536572708241526364, -1.21286750018476774393, 0.87509784514856725490, 0.38256018696019356007, 0.28807624270419635026, -0.65115613221744728101, 0.15910456758654936693, -0.99416456221502758073, 0.87634947845518396115, 0.57585440798731335477
-------------------------------------------------------------------
| Order |          Error^2           |         Efficiency         |
-------------------------------------------------------------------
|   2   | 4.16129591965897677382e-40 | 9.26680507124593600000e+16 |
|   4   | 6.59310927464826431870e-43 | 4.40092045593126700000e+15 |
|   6   | 6.82932009452149388963e-45 | 8.17418098967978281250e+13 |
|   8   | 3.09537740079484645091e-12 | 7.25805923219486452555e-06 |
-------------------------------------------------------------------

Scheme evaluation results:
Order: 8, No. cycles: 23
-------------------------------------------------------------------
Vector a: -0.19142600859462446938, 0.28935569567564795035, 0.81760770854548148190, 0.00591206494954667379, -0.48733418683976870156, 0.19500419557793882697, 0.25463566410413424057, -0.22188656697374620208, 0.87455791343228461709, -0.00004591033284856522, -0.90453752924411923164, 0.36815695970007333848
Vector b: -0.27299287719249887285, 0.16313373719591797717, 0.41557765415506509044, 1.21963776293606374068, -1.20781363303697220068, 0.23314525935763957820, 0.15686313179784613925, 0.35240819641060033840, -0.79618133035803473341, 2.54529715722254712418, -2.54538897788824458601, 0.73631391940007007157
-------------------------------------------------------------------
| Order |          Error^2           |         Efficiency         |
-------------------------------------------------------------------
|   2   | 5.84195437597233443877e-36 | 7.82105333439926000000e+14 |
|   4   | 1.73412765888415634880e-38 | 2.71361432591311250000e+13 |
|   6   | 2.32983769383417814001e-39 | 1.39949112996183227539e+11 |
|   8   | 3.13366398375392041979e-12 | 7.21358408974939974232e-06 |
-------------------------------------------------------------------

Scheme evaluation results:
Order: 8, No. cycles: 23
-------------------------------------------------------------------
Vector a: 0.26274695599804503976, -0.11692873373550161098, 0.22580067631012021301, 0.15573816224463610247, -0.87109319599479206886, -0.44134720934622800881, 0.25063297454727317959, 0.25717276054498006133, 0.15715175974229206313, 0.45942378578003417733, 0.52139584525510995761, 0.13930621865403086668
Vector b: 0.09327003171609681009, 0.33895384856389643158, -0.57281131603489965354, 1.02441266865514002404, -0.71293634416586793012, -1.02925004782371631862, 0.14655562913126021773, 0.35471031996328611369, 0.15963520112667409223, 0.15466831835791006178, 0.76417925320215829288, 0.27861243730806173335
-------------------------------------------------------------------
| Order |          Error^2           |         Efficiency         |
-------------------------------------------------------------------
|   2   | 1.21969018334832077853e-41 | 5.41276987983657280000e+17 |
|   4   | 5.85042108855611127111e-44 | 1.47738978873944260000e+16 |
|   6   | 1.27347616482936790634e-45 | 1.89294316002916000000e+14 |
|   8   | 3.16427834829246634869e-12 | 7.17860359454152456078e-06 |
-------------------------------------------------------------------

Scheme evaluation results:
Order: 8, No. cycles: 23
-------------------------------------------------------------------
Vector a: 0.26133715294883280711, -0.11600227267441433343, 0.22620575572607187764, 0.15539216935770999717, -0.87070371252590639255, -0.44134320612118721483, 0.24930400797971510873, 0.25278764460341623943, 0.15898309648126376925, 0.46440810700801615774, 0.52072375339674747963, 0.13890750381973460126
Vector b: 0.09170010801344878615, 0.33927408987076812519, -0.57127863521959687532, 1.02369014667174051958, -0.71290580795632063626, -1.02850161709549237088, 0.14581520485311783020, 0.35279281110631238727, 0.15278247810052036915, 0.16518371486200683629, 0.76363249915402553469, 0.27781500763946925803
-------------------------------------------------------------------
| Order |          Error^2           |         Efficiency         |
-------------------------------------------------------------------
|   2   | 3.73081703141839296963e-41 | 3.09486958257943936000e+17 |
|   4   | 5.78473522304088547091e-44 | 1.48575401742687340000e+16 |
|   6   | 1.07650676951912354820e-45 | 2.05884950022159406250e+14 |
|   8   | 3.19458168849237689092e-12 | 7.14447486854581770814e-06 |
-------------------------------------------------------------------

Scheme evaluation results:
Order: 8, No. cycles: 23
-------------------------------------------------------------------
Vector a: 0.79359717824841102818, -0.04816457917565528796, -0.28592906298872511339, -0.05352586355730737377, 0.20041525759986617006, 0.14987725621413067190, -0.27223922604749395404, 0.31194205420637155513, -0.39049723494396898493, -0.10672011252547072835, 0.55266509592098944648, 0.14857923704885248051
Vector b: 0.19602401557815718469, 1.19514632534050790902, -1.29147548369181852657, 0.71961735771436818876, -0.82666908482898293631, 1.22749960002871527642, -0.92774508760045404365, 0.38326663550546591352, 0.24061747290727739101, -1.02161194279521549966, 0.80817171774427387643, 0.29715847409770501653
-------------------------------------------------------------------
| Order |          Error^2           |         Efficiency         |
-------------------------------------------------------------------
|   2   | 8.39433832069138418166e-41 | 2.06324638838629280000e+17 |
|   4   | 1.04843837383472508731e-41 | 1.10361400184711250000e+15 |
|   6   | 3.56504489097114589277e-43 | 1.13135912097697812500e+13 |
|   8   | 3.30487284768108908239e-12 | 7.02424958287118703348e-06 |
-------------------------------------------------------------------

Scheme evaluation results:
Order: 8, No. cycles: 23
-------------------------------------------------------------------
Vector a: -0.10923993650249652632, 0.91216574403786276903, 0.07259734136471904242, -0.34717881206082312762, 0.39299268745504883915, -0.37196466214586121346, -0.61057762502065859866, 0.21487791648349302553, 0.31301085879584822358, -0.27526260548208431045, 0.21271033780966991378, 0.59586875526528193525
Vector b: -0.45701267219573754597, 0.69554547138648192828, 1.12878601668924360979, -0.98359133395980558046, 0.28923370983815921420, 0.49675166507193851961, -1.24068098936366100205, 0.01952573932234421758, 0.41023009364464135817, 0.21579162394705536654, -0.76631683491122415397, 1.19173751053056409255
-------------------------------------------------------------------
| Order |          Error^2           |         Efficiency         |
-------------------------------------------------------------------
|   2   | 5.62492413967696170805e-40 | 7.97050783633142880000e+16 |
|   4   | 2.14398665041697011851e-42 | 2.44049328753682550000e+15 |
|   6   | 1.26552201705213353210e-43 | 1.89888267137388984375e+13 |
|   8   | 3.31781997386867347603e-12 | 7.01053082439459797587e-06 |
-------------------------------------------------------------------

Scheme evaluation results:
Order: 8, No. cycles: 23
-------------------------------------------------------------------
Vector a: -0.10960424600187085309, 0.91544564215835722010, 0.07741619412336710193, -0.34645300644705290249, 0.38991641044173136477, -0.36672821096765401139, -0.60591529238368335708, 0.21533974790309479141, 0.31314211279080722550, -0.27982161744642292112, 0.20361135612390060534, 0.59365090970542566673
Vector b: -0.46286692981149529791, 0.70652536761924866759, 1.12436591669746599464, -0.96953352845073181854, 0.27662751555662584702, 0.50320530532683693803, -1.23666172726214518285, 0.02483114249477836113, 0.40584835331141100312, 0.22043587227020394748, -0.78007910716305017829, 1.18730181941085155550
-------------------------------------------------------------------
| Order |          Error^2           |         Efficiency         |
-------------------------------------------------------------------
|   2   | 3.88004971267512868841e-39 | 3.03476930646102240000e+16 |
|   4   | 9.86514118884671217930e-43 | 3.59779988293900050000e+15 |
|   6   | 1.12887317937807590062e-43 | 2.01052929945773632812e+13 |
|   8   | 3.35738843824298065583e-12 | 6.96909711662403715340e-06 |
-------------------------------------------------------------------

Scheme evaluation results:
Order: 8, No. cycles: 23
-------------------------------------------------------------------
Vector a: 0.82060409381985688348, -0.80634807485405746164, -0.09281049637240819383, 0.73872214632022770164, -0.51626645173929830435, -0.81440179167953397066, -0.12472574504421880814, 0.48609905917356188709, 0.53704921935153038248, 0.31865055670357445017, 0.29050162224665365684, 0.16292586207411169363
Vector b: 0.82870448452423184360, -0.01620078140874952125, -1.59649536829936566917, 1.41087437555454897620, 0.06656991708590685730, -1.09910282056450347987, -0.52970076279456468349, 0.28024927270612709496, 0.69194884564099645718, 0.38214959306206447431, 0.25515152034508409296, 0.32585172414822338727
-------------------------------------------------------------------
| Order |          Error^2           |         Efficiency         |
-------------------------------------------------------------------
|   2   | 1.64299442345156151932e-40 | 1.47477675332984096000e+17 |
|   4   | 1.03223148128326837487e-42 | 3.51722463099174450000e+15 |
|   6   | 1.15033574727658724088e-44 | 6.29826132035876171875e+13 |
|   8   | 3.66964948689859155662e-12 | 6.66599555835013248516e-06 |
-------------------------------------------------------------------

Scheme evaluation results:
Order: 8, No. cycles: 23
-------------------------------------------------------------------
Vector a: -1.10752604100099727447, -0.26653449362932468691, 0.14228443607196719634, 0.26019804077371289086, 0.90171088606901272922, 0.16650018601467542201, -0.25986720359078846476, 0.62143099122449296789, 0.42746526065497064684, -0.10644047102833940899, -0.04845258213915579204, 0.26923099057977367687
Vector b: -0.88877048786998202878, -0.43751110626203204568, -0.09555788099661775836, 0.38012675314055233144, 0.14026932840687403314, 1.66315244373115311838, -1.33015207170180316254, 0.81041766452022734324, 0.43244431792875898113, 0.42248620338118131334, -0.63536714543786099174, 0.53846198115954890806
-------------------------------------------------------------------
| Order |          Error^2           |         Efficiency         |
-------------------------------------------------------------------
|   2   | 1.90128175639591180183e-38 | 1.37094833191263880000e+16 |
|   4   | 3.00928845213754465981e-41 | 6.51413487899333125000e+14 |
|   6   | 1.99449143644032535788e-43 | 1.51257492288999101562e+13 |
|   8   | 3.83497172452878609496e-12 | 6.52073016132357815287e-06 |
-------------------------------------------------------------------

Scheme evaluation results:
Order: 8, No. cycles: 23
-------------------------------------------------------------------
Vector a: 0.18983534066557355979, 0.56063283913459194263, -0.64912649277946676829, -0.51693959574280401448, 0.17108765811015858027, 0.15388984009499420691, -0.38024073831105531518, -0.36965299561605541312, 0.57323656778670484258, 0.67962378796471800690, 0.38897856075752590410, 0.19867522793511452339
Vector b: -0.41245820754111878204, 1.20458709641338468366, -0.08332141814420085391, -1.21493156741473273819, 0.18105237592912490352, 0.16112294029119206273, 0.14665673989879662864, -0.90713821652090731451, 0.16783222528879651603, 0.97864091028461308586, 0.38060666564482287244, 0.39735045587022899127
-------------------------------------------------------------------
| Order |          Error^2           |         Efficiency         |
-------------------------------------------------------------------
|   2   | 2.65461981081693345916e-41 | 3.66896156648644416000e+17 |
|   4   | 1.43633092593293749770e-43 | 9.42890804238975400000e+15 |
|   6   | 3.96696014695419825313e-45 | 1.07251670473012968750e+14 |
|   8   | 3.86407223641424849572e-12 | 6.49612979258565807734e-06 |
-------------------------------------------------------------------

Scheme evaluation results:
Order: 8, No. cycles: 23
-------------------------------------------------------------------
Vector a: 0.76657791756949489326, -0.06285325432959754099, -0.72019759247023351634, -0.25562514635777355831, 0.80291860146415972022, 0.01313655948583218429, -0.33144770249491550818, 0.40680733707764832330, -0.46201798548547101664, -0.02438509591869051155, 0.73690636095625072777, 0.13018000050329575634
Vector b: 0.58547919907857071120, 0.36219743698184830860, -0.48790394564104339059, -0.95249123929942358657, 0.44124094658387641443, 1.16459625634444319253, -1.13832313737277868171, 0.47542773238294772087, 0.33818694177234892573, -1.26222291274329090349, 1.21345272090590983183, 0.26036000100659151268
-------------------------------------------------------------------
| Order |          Error^2           |         Efficiency         |
-------------------------------------------------------------------
|   2   | 5.68949597291304927868e-40 | 7.92514890305391040000e+16 |
|   4   | 1.89043920952819852974e-43 | 8.21877890812919800000e+15 |
|   6   | 9.02068780714956399355e-45 | 7.11235061097644062500e+13 |
|   8   | 3.86798772336004441989e-12 | 6.49284100866929452629e-06 |
-------------------------------------------------------------------

Scheme evaluation results:
Order: 8, No. cycles: 23
-------------------------------------------------------------------
Vector a: 0.26094103276685587378, -0.10626689446024568941, -0.36247007861572805298, -0.11526964545494615411, 0.84617215758774622092, -0.25582282972528386233, 0.09190133952951408391, 0.64806032191280271704, -0.46881690602638326215, -0.24653715755225438788, 0.47865755756842914836, 0.22945110246949337873
Vector b: 0.69277020562086810695, -0.86365834570802446635, 0.65112455678753311528, -1.37606471401898922124, 1.14552542310909677425, 0.54681889206639566758, -1.05846455151696328123, 1.24226723057599164335, 0.05385341324961382542, -0.99148722530238031503, 0.49841291019787153926, 0.45890220493898670195
-------------------------------------------------------------------
| Order |          Error^2           |         Efficiency         |
-------------------------------------------------------------------
|   2   | 4.85723678898125392392e-40 | 8.57728202470530400000e+16 |
|   4   | 1.40059781509265466239e-42 | 3.01947844493109850000e+15 |
|   6   | 1.05070443356083550987e-44 | 6.59011057251020625000e+13 |
|   8   | 4.00082030316237861183e-12 | 6.38414568712900208571e-06 |
-------------------------------------------------------------------

Scheme evaluation results:
Order: 8, No. cycles: 23
-------------------------------------------------------------------
Vector a: -0.38317387953462578309, -0.14078117550236352029, 0.33006301939497389997, 0.67429390894690977021, -0.67417585512297861783, -0.56442004990731520220, 1.74574700076474109700, -0.00004050455515310583, -1.19569220148359267597, 0.68520558703904543840, 0.37776768412334665870, 0.14520646583701213306
Vector b: -0.59892846371621255575, 0.43150916836316333125, -0.71307151936787083191, 1.37319755815784305675, -0.02460974026406722442, -1.32374196998184601171, 0.19490187016720558755, 3.29659213136222861706, -3.29667314047253467990, 0.90528873750537741660, 0.46512243657269702890, 0.29041293167401643904
-------------------------------------------------------------------
| Order |          Error^2           |         Efficiency         |
-------------------------------------------------------------------
|   2   | 1.21495276318323315377e-36 | 1.71500200227534700000e+15 |
|   4   | 2.32312184979870275750e-38 | 2.34451308627442109375e+13 |
|   6   | 1.40052055944879086021e-39 | 1.80504585705093383789e+11 |
|   8   | 4.14557087975191166971e-12 | 6.27169802448215238524e-06 |
-------------------------------------------------------------------

Scheme evaluation results:
Order: 8, No. cycles: 23
-------------------------------------------------------------------
Vector a: -0.17505629480649073648, -0.21533288254656821059, 0.62521551305314282398, 0.47140923985214694403, -0.51338564353887294889, -0.40586715857273669705, -0.26626335593982597416, -0.33591000875110432755, 0.55689273497477254082, 0.74434583231944395632, 0.37496878787087545293, 0.13898323608521701011
Vector b: 0.20474348322720237192, -0.75959955606738616130, 0.32893379097424979562, 0.92149723513203585235, 0.02132124457225827510, -1.04809253165000426655, 0.23635821450453081694, -0.76888492638418270975, 0.09706490888197409628, 1.01672056106757113803, 0.47197110357131694114, 0.27796647217043402023
-------------------------------------------------------------------
| Order |          Error^2           |         Efficiency         |
-------------------------------------------------------------------
|   2   | 2.09499725610417451371e-40 | 1.30602833325997056000e+17 |
|   4   | 5.83290485775205105772e-44 | 1.47960642882881160000e+16 |
|   6   | 1.01125923741635286809e-45 | 2.12423095400208906250e+14 |
|   8   | 4.25566449780861502270e-12 | 6.19004235542956221012e-06 |
-------------------------------------------------------------------

Scheme evaluation results:
Order: 8, No. cycles: 23
-------------------------------------------------------------------
Vector a: 0.62868757785621132150, -0.13735183721462052020, -0.19826891916174019248, 0.47267559985577733972, -0.53267553082196006375, 0.01350231669634589446, 1.05371901714530036287, -0.00861263783235217961, -1.26237092215231050396, -0.97677573013150564840, 0.97366007956729827555, 0.97381098619355577206
Vector b: 0.32550260486559717821, 0.60636994598122828659, -0.88107362041046921597, 0.48453578208698883101, 0.46081541762456590394, -1.52616647926848592043, 1.55317111266117779955, 0.55426692162942314823, -0.57149219729412747970, -1.95324964701049319515, -0.00030181325251628669, 1.94762197238711110003
-------------------------------------------------------------------
| Order |          Error^2           |         Efficiency         |
-------------------------------------------------------------------
|   2   | 1.93289504975107967495e-39 | 4.29972015879179840000e+16 |
|   4   | 6.60298842882175427905e-41 | 4.39762697399836937500e+14 |
|   6   | 2.15794542070083877913e-42 | 4.59846362857918554688e+12 |
|   8   | 4.34164237525417974257e-12 | 6.12844493379932540270e-06 |
-------------------------------------------------------------------

Scheme evaluation results:
Order: 8, No. cycles: 23
-------------------------------------------------------------------
Vector a: 0.51569633888116017673, -0.16724747476881918207, -0.92302423333069039124, 0.83118394528438799274, -0.00020940265283536378, -1.28984224974229855221, 0.72380875933105803810, 0.01273000983935734624, -0.22865801760260709430, 0.81728053487219121109, 0.52935325453449455502, 0.17892853535460126468
Vector b: 0.23393339832115966903, 0.56352588112000090437, -0.89802083065763926850, -0.94802763600374151398, 2.61039552657251672230, -2.61081433187818712227, 0.03112983239359119053, 1.41648768626852472607, -1.39102766658981003012, 0.93371163138459611908, 0.70084943835978641413, 0.35785707070920247386
-------------------------------------------------------------------
| Order |          Error^2           |         Efficiency         |
-------------------------------------------------------------------
|   2   | 4.80557932239238386742e-38 | 8.62325944654346400000e+15 |
|   4   | 4.13349766137293321517e-41 | 5.55814417336743187500e+14 |
|   6   | 1.60484808545046723167e-42 | 5.33231773486194042969e+12 |
|   8   | 4.52764236604830597690e-12 | 6.00124357940492667696e-06 |
-------------------------------------------------------------------

Scheme evaluation results:
Order: 8, No. cycles: 23
-------------------------------------------------------------------
Vector a: -0.04282170897780795960, 0.59858147490224578036, 0.06198728894537421097, -0.44043090071864182677, -0.27884015485329644024, 0.37695508952300255112, 0.35244735841420576916, 0.28045958204111809398, -0.35384840999420030805, -0.50057504678261621756, 0.45612977483269490087, 0.48995565266792151515
Vector b: -0.60989170326605901540, 1.13413998857650222263, 0.06302296122798893563, 0.06095161666276007612, -0.94181341810004393089, 0.38413310839345099490, 0.36977707065255416286, 0.33511764617585737547, 0.22580151790637881248, -0.93349833789477931756, -0.06765175567045314531, 0.97991130533584303031
-------------------------------------------------------------------
| Order |          Error^2           |         Efficiency         |
-------------------------------------------------------------------
|   2   | 3.73081703141839296963e-41 | 3.09486958257943936000e+17 |
|   4   | 2.85864886722262682468e-43 | 6.68356612511930500000e+15 |
|   6   | 8.41668574690408925265e-45 | 7.36312931365486250000e+13 |
|   8   | 4.59411212556938633656e-12 | 5.95767100081841295971e-06 |
-------------------------------------------------------------------

Scheme evaluation results:
Order: 8, No. cycles: 23
-------------------------------------------------------------------
Vector a: -0.23405472185764789050, -0.20205512402774164493, 0.42884726814434370734, 0.42035887155951212613, 0.28159964245583402054, 0.23445952697902144868, -1.32090559476776503445, -0.00000901738298217103, 0.95620230533817363039, -0.47775840070677522142, 0.44491468789881222223, 0.46840055636721472654
Vector b: 0.11320717442350099191, -0.69452379256229734850, 0.29041354450681411414, 0.56728099178187296747, 0.27343675133715134029, 0.28976253357451636772, 0.17915652038352697373, -2.82096770991905421155, 2.82094967515309003048, -0.90854506447674532321, -0.04697173693680499473, 0.93680111273442923103
-------------------------------------------------------------------
| Order |          Error^2           |         Efficiency         |
-------------------------------------------------------------------
|   2   | 8.62392706108636221056e-39 | 2.03559694590204760000e+16 |
|   4   | 5.21226976790258957701e-41 | 4.94965824252840750000e+14 |
|   6   | 1.15477640472042873107e-41 | 1.98785193632573364258e+12 |
|   8   | 4.89258159342997930120e-12 | 5.77308927273793837370e-06 |
-------------------------------------------------------------------

Scheme evaluation results:
Order: 8, No. cycles: 23
-------------------------------------------------------------------
Vector a: 0.16720152127716045309, 0.63179431403575214699, 0.54397394461100612162, -0.56895367204209190692, -0.43840987876247444754, 0.30406806604572766961, 0.30665208691812073649, -0.36167050336367817520, 0.03937469830883086330, 0.19544932353498281619, -0.07844826531806126102, 0.25896836475472495565
Vector b: 0.08068821406916476535, 0.17302661441599131997, 1.09056201365551275195, -0.00261412443350117572, -1.13529321965068197287, 0.25847346212573329982, 0.34966266996572187287, 0.26364150387051971114, -0.98698251059787600603, 1.06573190721553778815, -0.67483326014557198924, 0.51793672950944968925
-------------------------------------------------------------------
| Order |          Error^2           |         Efficiency         |
-------------------------------------------------------------------
|   2   | 1.06184792432677338366e-40 | 1.83448078324322208000e+17 |
|   4   | 4.36434406713964276739e-42 | 1.71052397334894225000e+15 |
|   6   | 2.54423605233916331609e-43 | 1.33922726585409238281e+13 |
|   8   | 5.12482209114281330941e-12 | 5.64076380774696696930e-06 |
-------------------------------------------------------------------

Scheme evaluation results:
Order: 8, No. cycles: 23
-------------------------------------------------------------------
Vector a: -0.26013412615085523827, -0.17885224271684416197, 0.71365828470334513600, -0.05203978678776201988, -0.47927097522638556493, 0.10527508067265448077, -0.34308030786488341590, -0.34447723138062097403, 0.56164339270418572880, 0.75253801743962356330, 0.38055394419678878482, 0.14418595041075368823
Vector b: 0.14674042472441822804, -0.81374910175054626649, 0.45604461631685727641, 0.97127195308983294009, -1.07535152666535682719, 0.11680957621259790979, 0.09374058513268390680, -0.77990120086243619468, 0.09094673810119346946, 1.03234004730717909837, 0.47273598757206880538, 0.28837190082150770953
-------------------------------------------------------------------
| Order |          Error^2           |         Efficiency         |
-------------------------------------------------------------------
|   2   | 1.43492962746861268063e-40 | 1.57808003935973184000e+17 |
|   4   | 7.77370323084192270095e-43 | 4.05298202310475600000e+15 |
|   6   | 4.05581620974121329739e-45 | 1.06070313045296890625e+14 |
|   8   | 5.14381658838360200092e-12 | 5.63033939179281475691e-06 |
-------------------------------------------------------------------

Scheme evaluation results:
Order: 8, No. cycles: 23
-------------------------------------------------------------------
Vector a: -0.38707255472913226768, 0.25070354514558707004, 0.49746670490238437123, 0.50180871269221805075, -0.29955828016325869445, -0.29788566409447569949, -0.24013248570745399091, 0.09807850985491266271, 0.61248855715200012373, -0.24191845944832285342, 0.06102770821235060233, 0.44499370618319056270
Vector b: -0.51156070066622005843, 0.24897629187417552599, 0.25243079841699883614, 0.74250261138776973979, 0.26111481399666652825, -0.86023137432318408369, 0.26446004613423268470, -0.74472501754914055550, 0.94088203725896590868, 0.28409507704503428327, -0.76793199594168004563, 0.88998741236638123642
-------------------------------------------------------------------
| Order |          Error^2           |         Efficiency         |
-------------------------------------------------------------------
|   2   | 9.18354961579912115601e-41 | 1.97260004919966464000e+17 |
|   4   | 6.08163533516970608781e-43 | 4.58224671071833500000e+15 |
|   6   | 4.82761176572156598875e-45 | 9.72225069255462500000e+13 |
|   8   | 5.24911363280439829808e-12 | 5.57358109722368766289e-06 |
-------------------------------------------------------------------

Scheme evaluation results:
Order: 8, No. cycles: 23
-------------------------------------------------------------------
Vector a: 0.80724465764910446897, -0.12715574709310248358, -0.18513913941856580125, -0.60685922363418243197, -0.67148040214321236263, 0.59190913768766084679, 0.73283948702908918715, -0.32646141060590155858, -0.22595938320054617665, 0.49019666182408100363, 0.38687135191825683389, 0.13399400998731858525
Vector b: 0.68875314366825246548, 0.23698302796170381268, -0.49129452214790880760, 0.12101624331077720509, -1.33473469057914195801, -0.00822611370728234571, 1.19204438908260357266, 0.27363458497557469062, -0.92655740618737791880, 0.47463863978628550999, 0.50575468386187649728, 0.26798801997463717051
-------------------------------------------------------------------
| Order |          Error^2           |         Efficiency         |
-------------------------------------------------------------------
|   2   | 9.82926794815999686229e-41 | 1.90670603364113824000e+17 |
|   4   | 3.30618856426636527671e-43 | 6.21476693195293400000e+15 |
|   6   | 2.00797596204509409966e-45 | 1.50748753291034281250e+14 |
|   8   | 5.50545993576424773033e-12 | 5.44227532006505193476e-06 |
-------------------------------------------------------------------

Scheme evaluation results:
Order: 8, No. cycles: 23
-------------------------------------------------------------------
Vector a: 0.91925676937790024024, -0.00123020909746564939, -0.36511109741792391326, 0.06511923532914454249, -1.03978638681560564549, -0.27569051665079502555, 0.60312216792921857778, -0.04321710558174788469, -0.11900706463574296790, 0.66678853707066410017, 0.47961428319912668972, 0.11014138729322701937
Vector b: -0.04382265672605421825, 1.92615885220790472587, -1.92861927040283598345, 1.19839707556699104352, -1.06815860490870218058, -1.01141416872250777814, 0.46003313542091783805, 0.74621120043751987261, -0.83264541160101446238, 0.59463128232952811025, 0.73894579181179875782, 0.22028277458645417752
-------------------------------------------------------------------
| Order |          Error^2           |         Efficiency         |
-------------------------------------------------------------------
|   2   | 3.17544904305107846078e-37 | 3.35460781196374450000e+15 |
|   4   | 4.58158255110044804134e-40 | 1.66947875914912375000e+14 |
|   6   | 1.23007126803416014772e-41 | 1.92605128409230273438e+12 |
|   8   | 5.70307639435859824452e-12 | 5.34715430997359277959e-06 |
-------------------------------------------------------------------

Scheme evaluation results:
Order: 8, No. cycles: 23
-------------------------------------------------------------------
Vector a: 0.49286065329612277486, -0.10197728756648390125, 0.14584678685738791670, 0.04663459383411364123, -0.34135583776311340110, 0.35205857716056820905, 0.30742282902829898283, -0.51665541182938012899, -0.64396854415554605211, 0.62920301233937259155, 0.63002365940982008041, -0.00009303061116067027
Vector b: 0.18165909334968341482, 0.62240311989288077399, -0.82635769502585498802, 1.11805126874063254228, -1.02478208107240353897, 0.34207040554617340611, 0.36204674877496134666, 0.25279890928164805430, -1.28610973294042052473, -0.00182735537069739630, 1.26023338004946805491, -0.00018606122607115589
-------------------------------------------------------------------
| Order |          Error^2           |         Efficiency         |
-------------------------------------------------------------------
|   2   | 6.04559257705401788338e-40 | 7.68820385003156160000e+16 |
|   4   | 3.94887889735415933826e-42 | 1.79825695365900200000e+15 |
|   6   | 7.19898417673599288091e-44 | 2.51766170675832890625e+13 |
|   8   | 5.76209669953486839268e-12 | 5.31969876745363225043e-06 |
-------------------------------------------------------------------

Scheme evaluation results:
Order: 8, No. cycles: 23
-------------------------------------------------------------------
Vector a: 0.48344428135554151638, -0.28488749115563194447, -0.13144641397652165327, -0.13617464050194524883, 0.15399791690529704424, 0.82203834989661017651, -0.16589472883158218330, -0.13373714900135824646, -0.62079356573843191835, -0.07661517186003888313, 0.88136175725001741910, 0.20870685565804400485
Vector b: 0.20133849392864047734, 0.56421157485380213359, -1.13398655716506602253, 0.87109372921202266049, -1.14344301021591321366, 1.45143884402650713561, 0.19263785576671299538, -0.52442731342987736198, 0.25695301542716081356, -1.49854014690402448373, 1.34530980318394677298, 0.41741371131608800971
-------------------------------------------------------------------
| Order |          Error^2           |         Efficiency         |
-------------------------------------------------------------------
|   2   | 6.09845091674160389266e-41 | 2.42066427957558912000e+17 |
|   4   | 7.91733632343521645072e-44 | 1.26998651336744140000e+16 |
|   6   | 6.02009246877629999824e-45 | 8.70625539430932031250e+13 |
|   8   | 5.81246229805295271780e-12 | 5.29660074660073036489e-06 |
-------------------------------------------------------------------

Scheme evaluation results:
Order: 8, No. cycles: 23
-------------------------------------------------------------------
Vector a: -0.38063347220239268642, -0.10408775799599559453, 1.17265972146493124839, -0.00813641055061227643, -1.46194583141412137728, -0.02575005283424273289, 0.70035409249886126926, -0.60708723828436295111, 0.02138964789086556309, 1.10362877893738575708, 0.44659291638410864023, 0.14301560610557528808
Vector b: -0.00316585075549558146, -0.75493524289379332348, 0.54675972690180274505, 1.79855971602805286835, -1.81483253712927727896, -1.10905912569895748199, 1.05755902003047252968, 0.34314916496724590100, -1.55732364153596680723, 1.60010293731769759340, 0.60715462055706959088, 0.28603121221114913286
-------------------------------------------------------------------
| Order |          Error^2           |         Efficiency         |
-------------------------------------------------------------------
|   2   | 7.82624968117656042140e-38 | 6.75721096952309900000e+15 |
|   4   | 6.22597345605286326117e-41 | 4.52881962197755500000e+14 |
|   6   | 5.29019984705683051707e-42 | 2.93695264842566845703e+12 |
|   8   | 6.08205185547352214652e-12 | 5.17788323497520932718e-06 |
-------------------------------------------------------------------

Scheme evaluation results:
Order: 8, No. cycles: 23
-------------------------------------------------------------------
Vector a: 0.21762048693982122272, 0.21515614957937598262, 0.27722447843403874579, -0.32875147593006331936, -0.03909404945413558208, 0.56098653881627713602, -0.33436114122807714111, -0.26701117704302224087, -0.09585806831192941746, -0.22188814608994683608, 0.52986857164084522065, 0.48610783264681628468
Vector b: 0.11080055604112379330, 0.21363986179739385962, 0.21667243736136004850, 0.33777651950671622183, -0.99527947136684302709, 0.91709137245857175191, 0.20488170517398293646, -0.87360398763013757950, 0.33958163354409287571, -0.53129777016795176614, 0.08752147798805791357, 0.97221566529363279141
-------------------------------------------------------------------
| Order |          Error^2           |         Efficiency         |
-------------------------------------------------------------------
|   2   | 1.29143666472175141256e-40 | 1.66344241814163872000e+17 |
|   4   | 3.72745391510401340866e-43 | 5.85305377988618400000e+15 |
|   6   | 8.61853293781025186785e-45 | 7.27639574171917968750e+13 |
|   8   | 6.08981329512103890175e-12 | 5.17458258853090365023e-06 |
-------------------------------------------------------------------

Scheme evaluation results:
Order: 8, No. cycles: 23
-------------------------------------------------------------------
Vector a: -0.21307036197134132660, 0.48498726853431922690, -0.11440388473574239492, -0.14234279061106877573, 0.31047645480987989819, -0.12340588292261689407, -0.67485814790053055834, -0.31998855865400127607, 0.55455299070955943463, 0.72205854568533978100, 0.37344388976299164318, 0.14255047729321124184
Vector b: -0.52771811865036655220, 0.62929551335805045120, 0.34067902371058816913, -0.56948679318207295896, 0.28480121195993535199, 0.33615169765982438888, -0.58296346350505812151, -0.76675283229600288415, 0.12677571498800024874, 0.98233026643111864828, 0.46178682493956085819, 0.28510095458642248367
-------------------------------------------------------------------
| Order |          Error^2           |         Efficiency         |
-------------------------------------------------------------------
|   2   | 4.37653536377926867591e-41 | 2.85745307356480640000e+17 |
|   4   | 5.31179699133125970947e-44 | 1.55048625869892800000e+16 |
|   6   | 1.07126815068734284473e-45 | 2.06387736103051062500e+14 |
|   8   | 6.12277755027554695608e-12 | 5.16063414195466907831e-06 |
-------------------------------------------------------------------

Scheme evaluation results:
Order: 8, No. cycles: 23
-------------------------------------------------------------------
Vector a: 0.84410109678867062399, 0.04635720770140380059, -0.49412477066614685084, 0.35714708436452058393, -0.11570767699897419045, 0.28546844441428820272, -0.02974435993027696457, -1.05004620410691695831, -0.02878634495918035163, 0.61842053756405057641, 0.42259212763341919006, 0.14432285819514251157
Vector b: 0.19666014373502593848, 1.29488190610728781671, -1.20216749070448059022, 0.21391794937218952533, 0.50037621935684950536, -0.73179157335479705360, 1.30272846218337212676, -1.36221718204392594487, -0.73787522616990608437, 0.68030253625154546437, 0.55653853887655480026, 0.28864571639028441252
-------------------------------------------------------------------
| Order |          Error^2           |         Efficiency         |
-------------------------------------------------------------------
|   2   | 8.73728650165638261233e-39 | 2.02234869717295680000e+16 |
|   4   | 4.57601020017590638595e-41 | 5.28256882439448750000e+14 |
|   6   | 9.37473197623956806535e-43 | 6.97675631012138867188e+12 |
|   8   | 6.21876560311739699910e-12 | 5.12065147932522064475e-06 |
-------------------------------------------------------------------

Scheme evaluation results:
Order: 8, No. cycles: 23
-------------------------------------------------------------------
Vector a: -0.38207278499731578414, -0.01559089506105256276, 0.82399784471842651978, 0.43393029188775561478, -0.26430499544191066175, -0.33435277576456073900, -0.41269766390693590763, 0.00462508787156501715, 0.72998988438318757055, -0.20569829142022888480, 0.11095567538958542309, 0.51121862234148451876
Vector b: 0.21173592029007429205, -1.18761741057478009687, 1.15643562045267511706, 0.49156006898417786699, 0.37630051479133330705, -0.90491050567515474157, 0.23620495414603312478, -1.06160028195990441269, 1.07085045770303466384, 0.38912931106334031073, -0.80052589390379813583, 1.02243724468296903751
-------------------------------------------------------------------
| Order |          Error^2           |         Efficiency         |
-------------------------------------------------------------------
|   2   | 1.14794370197489014450e-41 | 5.57935548543200064000e+17 |
|   4   | 8.77212838667335486398e-43 | 3.81536565781284050000e+15 |
|   6   | 9.38970039408373289324e-45 | 6.97119315838819062500e+13 |
|   8   | 6.22946554739101092247e-12 | 5.11625188574247720478e-06 |
-------------------------------------------------------------------

Scheme evaluation results:
Order: 8, No. cycles: 23
-------------------------------------------------------------------
Vector a: 0.61465466520616740542, -0.02929036023544885278, -1.23314635329160138255, 0.08368619699280713253, 0.18195728184419948659, -0.19579334998843314630, -0.25328880469086445526, -0.01968512707075353863, 0.74078907272371863346, 0.53093130131391130799, 0.42686915842845474245, 0.15231631876784276769
Vector b: -0.04432995955985176428, 1.31796924953204008801, -1.37654997000293777276, -1.08974273658026810097, 1.25711513056588253257, -0.89320056687748305979, 0.50161386690061660065, -1.00819147628234540015, 0.96882122214083821188, 0.51275692330660005425, 0.54910567932122278378, 0.30463263753568592396
-------------------------------------------------------------------
| Order |          Error^2           |         Efficiency         |
-------------------------------------------------------------------
|   2   | 8.39433832069138418166e-41 | 2.06324638838629280000e+17 |
|   4   | 5.24628628812407451140e-42 | 1.56013673481787775000e+15 |
|   6   | 3.29920433607477625935e-43 | 1.17605701484742480469e+13 |
|   8   | 6.27861916724935086784e-12 | 5.09618565569174360755e-06 |
-------------------------------------------------------------------

Scheme evaluation results:
Order: 8, No. cycles: 23
-------------------------------------------------------------------
Vector a: -0.37867494188495548491, -0.58853393222042726940, 0.57281156179144376850, 0.76410965183628509756, 0.36551066677086657686, -0.18975298735758899804, -0.19132204372238728607, -0.19050169018261214893, -0.32072120748993465655, 0.48023918168806678519, 0.55426516743844789215, 0.12257057333279569589
Vector b: 0.20373840580696159219, -1.16482669538383420971, -0.01224116905702070206, 1.15786429263990853222, 0.37035501103266205147, 0.36066632250907088020, -0.74017229722424882077, 0.35752820977947402659, -0.73853159014469826893, 0.09708917516482892807, 0.86338918821130483661, 0.24514114666559130851
-------------------------------------------------------------------
| Order |          Error^2           |         Efficiency         |
-------------------------------------------------------------------
|   2   | 2.50395219993272912769e-40 | 1.19462420764572976000e+17 |
|   4   | 3.64162438416411836306e-43 | 5.92162746059423900000e+15 |
|   6   | 2.78113168798641270939e-44 | 4.05062657056269296875e+13 |
|   8   | 6.61373395548596500777e-12 | 4.96539670121538579154e-06 |
-------------------------------------------------------------------

Scheme evaluation results:
Order: 8, No. cycles: 23
-------------------------------------------------------------------
Vector a: 0.32383852283299419117, -0.15507120487146508481, 0.20380989413505420926, 0.17508277462400367863, -0.36055909817959275188, -0.53889839368109515583, -0.37478707934391680690, 0.29074185216730330517, 0.26405733903923073180, 0.51425716315823433167, 0.52412571457484913307, 0.13340251554440024639
Vector b: 0.16097058611723591426, 0.32573587343151705342, -0.63587828317444738957, 1.04349807144455564156, -0.69333252219654817328, -0.02778567416263478043, -1.05001111319955819923, 0.30043695451172419686, 0.28104674982288452290, 0.24706792825557369331, 0.78144639806089699618, 0.26680503108880071483
-------------------------------------------------------------------
| Order |          Error^2           |         Efficiency         |
-------------------------------------------------------------------
|   2   | 9.32704257854598242407e-42 | 6.18973916515887872000e+17 |
|   4   | 4.84061038270203996937e-43 | 5.13616056364992900000e+15 |
|   6   | 1.19137524757063987736e-44 | 6.18883205494594453125e+13 |
|   8   | 6.76075772896967597053e-12 | 4.91110958777876508167e-06 |
-------------------------------------------------------------------

Scheme evaluation results:
Order: 8, No. cycles: 23
-------------------------------------------------------------------
Vector a: 0.92795666924813235976, -0.04769967648487644096, -0.90391370674110038674, -0.58093680915300960343, 0.61636354373692825437, 0.60619026126428277035, -0.74346705430103732226, 0.01188365711636777365, 1.00341655950621433391, -1.11389099391551305018, -0.00173618742985829320, 1.22583373715346954924
Vector b: 0.79723964803855129624, 0.26143404241916334829, -0.35683339538891678533, -1.45099401809328321100, 0.28912039978726461475, 0.94360668768658728656, 0.26877383484198369423, -1.75570794344406722054, 1.77947525767680270192, 0.22735786133563079536, -2.45513984916666672120, 2.45166747430695020071
-------------------------------------------------------------------
| Order |          Error^2           |         Efficiency         |
-------------------------------------------------------------------
|   2   | 8.20578856764200847543e-38 | 6.59909175091056200000e+15 |
|   4   | 7.96610150999372008479e-41 | 4.00373880957863875000e+14 |
|   6   | 2.85088767167534342623e-42 | 4.00076397489134472656e+12 |
|   8   | 7.99364073064534477897e-12 | 4.51653103946407783245e-06 |
-------------------------------------------------------------------

Scheme evaluation results:
Order: 8, No. cycles: 23
-------------------------------------------------------------------
Vector a: -0.31705342977984085628, -0.02011820345552036565, 1.17235422853482362804, -0.07619310238795498624, -0.84040449144802475967, -0.21966522249508818598, 0.35323023697938171761, 0.24264932778043823980, -0.75116536888460694321, 0.01742904216793993849, 1.15969170995506898336, 0.27924527303338353423
Vector b: 0.55330577071360365071, -1.74071840098688901399, 1.70048199407584821330, 0.64422646299379915380, -0.79661266776970918180, -0.88419631512634033754, 0.44486587013616396558, 0.26159460382259941413, 0.22370405173827706546, -1.72603478950749100740, 1.76089287384337089826, 0.55849054606676706847
-------------------------------------------------------------------
| Order |          Error^2           |         Efficiency         |
-------------------------------------------------------------------
|   2   | 1.14794370197489014450e-40 | 1.76434712097195200000e+17 |
|   4   | 7.70714155378649389008e-43 | 4.07044591132533500000e+15 |
|   6   | 9.08299102164769711094e-44 | 2.24139573622311406250e+13 |
|   8   | 8.07642254057844421588e-12 | 4.49332462469871853257e-06 |
-------------------------------------------------------------------

Scheme evaluation results:
Order: 8, No. cycles: 23
-------------------------------------------------------------------
Vector a: -0.08034698654950232777, 0.20890407551398684771, -0.50193908869796266536, -0.32293468120195834015, 0.38240628407685772761, 0.05654486272238135047, -0.58969611016804834858, 0.63127200090291823997, 0.88769072498375534153, -0.32964083125167370492, -0.07622687022345378538, 0.73396661989269973425
Vector b: -0.95622409315670708896, 1.75175421321440971667, -1.33394606218643652085, 0.33006788479051168972, -0.97593724719442886961, 1.74074981534814376971, -1.62766008990338106877, 0.44826786956728503775, 0.81427613223855144220, 0.96110531772895935188, -1.62038698023230631762, 1.46793323978539880237
-------------------------------------------------------------------
| Order |          Error^2           |         Efficiency         |
-------------------------------------------------------------------
|   2   | 5.73971850987445072250e-41 | 2.49516362721245824000e+17 |
|   4   | 1.23118083075578427851e-41 | 1.01842190862647275000e+15 |
|   6   | 3.85920881368330382622e-43 | 1.08738626968836679688e+13 |
|   8   | 8.08710992585243811330e-12 | 4.49035460401207476867e-06 |
-------------------------------------------------------------------

Scheme evaluation results:
Order: 8, No. cycles: 23
-------------------------------------------------------------------
Vector a: -0.64583182301043695617, -0.13617840771079753326, 0.31680000892478388241, 0.44693860960661890847, 0.49980370471595469972, 0.37563277649923676460, -0.76054867917065971383, 0.14381320357593579962, -0.00118696519511559914, -1.04657955003789160386, 0.90336595220740301126, 0.90397116959496837119
Vector b: -0.37519560305145233103, -0.54127243991790574551, 0.26891562449643691135, 0.36468439335207947227, 0.52919282586289939641, 0.47041458356749038527, 0.28085096943173276651, -1.80194832777175584226, 2.08957473492410406024, -2.09194866531433376622, -0.00121043476782124911, 1.80794233918852609300
-------------------------------------------------------------------
| Order |          Error^2           |         Efficiency         |
-------------------------------------------------------------------
|   2   | 1.03436902196074945083e-38 | 1.85868834300437640000e+16 |
|   4   | 4.41566662339553919261e-40 | 1.70055435253067031250e+14 |
|   6   | 1.84216256587088792371e-41 | 1.57387054440026953125e+12 |
|   8   | 8.08961614170447000273e-12 | 4.48965897955643196887e-06 |
-------------------------------------------------------------------

Scheme evaluation results:
Order: 8, No. cycles: 23
-------------------------------------------------------------------
Vector a: -0.42675770593269385378, 0.49297126922611800293, 0.43660160246940810103, -0.28021244632020247955, -0.57066793859893583107, 0.51695155606649478841, 0.28588828625696410812, -0.08317629496452449978, 0.49304548429292727185, -0.09613676856297199980, -0.05291043331131047717, 0.28440338937872700065
Vector b: -0.66960140964728143143, 0.48568740742917526632, 0.50025513102306073954, 0.37294807391575540700, -0.93337296655616042163, -0.20796291064171132379, 1.24186602277470070632, -0.67008945026077260110, 0.50373686033172360155, 0.48235410825413094216, -0.67462764538007491399, 0.56880677875745400129
-------------------------------------------------------------------
| Order |          Error^2           |         Efficiency         |
-------------------------------------------------------------------
|   2   | 2.89855784748659761486e-40 | 1.11033324108138960000e+17 |
|   4   | 4.56122650137727956586e-43 | 5.29112274385301500000e+15 |
|   6   | 5.28558465326644352833e-45 | 9.29151361225941250000e+13 |
|   8   | 8.12576347736318381174e-12 | 4.47966175908507381961e-06 |
-------------------------------------------------------------------

Scheme evaluation results:
Order: 8, No. cycles: 23
-------------------------------------------------------------------
Vector a: -0.58882708733019206715, -0.55879110172421975200, 0.59125248976756727970, 0.23601857498296510696, -0.23656323206483348409, 0.32967886518095113058, 0.39068089231032782083, 0.43714691592923610175, 0.35071329001080314702, -0.53461658507229592452, -0.02432369158362389372, 0.60763066959331457628
Vector b: -0.03413467777990412261, -1.10938481910057551438, -0.00819738434786394625, 1.19070236388299877106, -0.71866521391706794653, 0.24553874978740147794, 0.41381898057449889583, 0.36754280404615485844, 0.50675102781232017612, 0.19467555220928525750, -1.26390872235387830003, 1.21526133918663048483
-------------------------------------------------------------------
| Order |          Error^2           |         Efficiency         |
-------------------------------------------------------------------
|   2   | 2.18798069596414061542e-38 | 1.27797566743220960000e+16 |
|   4   | 2.26449831834890438661e-42 | 2.37466665904117450000e+15 |
|   6   | 4.30640981798297939522e-44 | 3.25518222537357304688e+13 |
|   8   | 8.41752079486785353228e-12 | 4.40134298076335472833e-06 |
-------------------------------------------------------------------

Scheme evaluation results:
Order: 8, No. cycles: 23
-------------------------------------------------------------------
Vector a: 0.28162257835665460703, 0.57074762890789898506, -0.09085679732811764719, -0.38983264313700372039, 0.33521608795449264750, -0.30124326733072237516, 0.15727906724218337908, 0.20474938623046373687, -0.03932244789414592046, -0.26443372334934822643, -0.07667037808017297673, 0.61274450842781746918
Vector b: 0.13453622050178848379, 0.29417271570973230199, 0.84732254210606583467, -1.02903613676230110130, 0.24937085048829316092, 0.42106132542069224511, -1.02354786008213682891, 1.33810599456650369810, -0.92860722210557644640, 0.84996232631728463325, -1.37882977301598086406, 1.22548901685563471631
-------------------------------------------------------------------
| Order |          Error^2           |         Efficiency         |
-------------------------------------------------------------------
|   2   | 1.83670992315982423120e-40 | 1.39483887135800016000e+17 |
|   4   | 4.45612911655291828554e-42 | 1.69281606901359400000e+15 |
|   6   | 1.03884933223392737424e-43 | 2.09583313100010156250e+13 |
|   8   | 8.48399598098277270011e-12 | 4.38406601195052569327e-06 |
-------------------------------------------------------------------

Scheme evaluation results:
Order: 8, No. cycles: 23
-------------------------------------------------------------------
Vector a: -0.48725211789958922104, 0.63214142307078624583, 0.54170997007118804056, -0.17538932513723673456, -0.87771324002981887524, 0.22785039018968022972, 1.00661266108762670335, -0.09090190723496900660, -0.90593809719445184125, -0.12445549214185684661, 0.83165536306723220061, 0.42168037215140918850
Vector b: -0.78185092179562598602, 0.58919760779207364099, 0.67508523834949873965, 0.40833470179287739699, -0.75911335206735086611, -0.99631312799228688437, 1.45201390837164745484, 0.56121141380360617390, -0.74301522827354415934, -1.06886096611535963419, 0.81994998183164591321, 0.84336074430281837699
-------------------------------------------------------------------
| Order |          Error^2           |         Efficiency         |
-------------------------------------------------------------------
|   2   | 7.17464813734306340313e-41 | 2.23174219417280032000e+17 |
|   4   | 7.87529736950547193859e-43 | 4.02675470789017650000e+15 |
|   6   | 1.83050705805968240095e-44 | 4.99283575877933593750e+13 |
|   8   | 8.61882042893770774683e-12 | 4.34964081938263250618e-06 |
-------------------------------------------------------------------

Scheme evaluation results:
Order: 8, No. cycles: 23
-------------------------------------------------------------------
Vector a: -0.81087840504776143025, 0.26217312467978010071, 0.55046587578485817183, -0.32722793994327237233, 0.14602184673648421764, 0.26927560920120896526, -0.75974044140258889524, -0.14091240625386400320, 0.61957166555191667268, 0.64241407163990849050, 0.38945658961529971975, 0.15938040943803039040
Vector b: -0.73020573752358319819, -0.16134533504835621431, 0.68569158440791644349, 0.41524016716179967812, -1.06969604704834431175, 1.36173974052131274703, -0.82318852211889492754, -0.69629236068628286294, 0.41446754817855469000, 0.82467578292527865536, 0.46015236035453838115, 0.31876081887606083631
-------------------------------------------------------------------
| Order |          Error^2           |         Efficiency         |
-------------------------------------------------------------------
|   2   | 1.14794370197489014450e-41 | 5.57935548543200064000e+17 |
|   4   | 1.83570098826551036291e-43 | 8.34041546842742100000e+15 |
|   6   | 8.77917946071034328716e-45 | 7.20951451428135937500e+13 |
|   8   | 8.81352381310238092346e-12 | 4.30132759948232053384e-06 |
-------------------------------------------------------------------

Scheme evaluation results:
Order: 8, No. cycles: 23
-------------------------------------------------------------------
Vector a: 0.13014217051509405221, -0.40226286892941687245, -0.36983016136181667832, 0.31308396875270116944, 0.88810284243017834083, -0.81397813980919997423, -0.59377693337614190217, 0.56309312189880111887, 0.90002028118735577511, -0.34538627441362362847, -0.08453375054607768779, 0.81532574365214627310
Vector b: 0.74024889769718327237, -1.22021345436417849584, 0.41568771650534508399, -1.15534803922897877371, 1.78151597673438089053, -0.00531029187402484726, -1.62264598774437462936, 0.43509212099209093605, 0.69109412280551107965, 1.10894643956920058159, -1.79971898839644772750, 1.63065148730429232415
-------------------------------------------------------------------
| Order |          Error^2           |         Efficiency         |
-------------------------------------------------------------------
|   2   | 4.66352128927299121203e-41 | 2.76813550725760992000e+17 |
|   4   | 1.06834994920124053487e-41 | 1.09328122269364912500e+15 |
|   6   | 4.06297355290307498626e-43 | 1.05976845015209453125e+13 |
|   8   | 8.97265443547703154194e-12 | 4.26301480423769651421e-06 |
-------------------------------------------------------------------

Scheme evaluation results:
Order: 8, No. cycles: 23
-------------------------------------------------------------------
Vector a: 0.45656906985728223924, 0.16770081682994203431, -1.01071725794096312079, -0.39499758917630400923, 0.50987197292723129838, 0.64084958020894222663, 0.46911904464990311636, -0.71868771320188851170, 0.16928098917756762010, -0.00986692014676185912, -0.14439807419580530379, 0.86527608101085418113
Vector b: -0.10054851104956816221, 1.11423516181370052536, -0.77883352815381634571, -1.24260098772810922974, 0.45260580937550115577, 0.56713813647896116343, 0.71456102393892328983, 0.22367706536088313718, -1.66105249176466074346, 1.99961447011979576160, -2.01934831041331941393, 1.73055216202170902839
-------------------------------------------------------------------
| Order |          Error^2           |         Efficiency         |
-------------------------------------------------------------------
|   2   | 4.87876073339328311413e-41 | 2.70638493991828640000e+17 |
|   4   | 1.65976796606952957966e-41 | 8.77132022816468500000e+14 |
|   6   | 5.87149701431166067434e-43 | 8.81573570732694335938e+12 |
|   8   | 9.24925128170585984788e-12 | 4.19878872813008405544e-06 |
-------------------------------------------------------------------

Scheme evaluation results:
Order: 8, No. cycles: 23
-------------------------------------------------------------------
Vector a: -0.90557820394306676182, -0.40074370563354816399, 0.24150705474091060942, 0.25265196735373973702, 0.47589879305126403519, 0.63617662627579629753, 0.28845011600834685739, -0.18611581196098148094, -0.19213376093955458757, 0.31138436998265911493, 0.31970472327845023131, 0.15879783178598411153
Vector b: -0.54430255560730012032, -0.72255129667153306094, -0.07893611459556307275, 0.56195022407738415282, -0.05664628936990462327, 1.00844387547243230507, 0.26390937707916006794, 0.31299085493753375786, -0.68522247885949660873, 0.30095495698038710053, 0.32181378298493173995, 0.31759566357196827857
-------------------------------------------------------------------
| Order |          Error^2           |         Efficiency         |
-------------------------------------------------------------------
|   2   | 1.47080286815532799764e-40 | 1.55871636075755616000e+17 |
|   4   | 4.04940223728264013070e-42 | 1.77579650413757000000e+15 |
|   6   | 1.59147556267730413227e-44 | 5.35467352154952500000e+13 |
|   8   | 9.70820963496093728462e-12 | 4.09833768026829482571e-06 |
-------------------------------------------------------------------

Scheme evaluation results:
Order: 8, No. cycles: 23
-------------------------------------------------------------------
Vector a: 0.72374495442007391599, -0.67458109661806608948, -0.46137380668666666539, 0.61262765666594365399, 0.97123115513456348413, 0.00740540780942019593, -0.23077514369571183739, -0.09303849346851997271, -0.12923126029390585856, -0.95395203099283776282, -0.00067293519569963309, 1.22861559292140665178
Vector b: 0.74584592736530697099, -0.04420194589046928108, -1.30496024734566073988, 0.38221263397233018466, 0.84304267935955534696, 1.09941963090957073312, -1.08460881529073049911, 0.62305852789930704638, -0.80913551483634638117, 0.55067299424853566325, -2.45857705623420574881, 2.45723118584280664223
-------------------------------------------------------------------
| Order |          Error^2           |         Efficiency         |
-------------------------------------------------------------------
|   2   | 9.67142568913844946742e-40 | 6.07853719253024560000e+16 |
|   4   | 2.33176064463649560602e-41 | 7.40025477665451625000e+14 |
|   6   | 3.52187084059667232607e-42 | 3.59953392844012792969e+12 |
|   8   | 9.92073334652935673435e-12 | 4.05420237324179498332e-06 |
-------------------------------------------------------------------

Scheme evaluation results:
Order: 8, No. cycles: 23
-------------------------------------------------------------------
Vector a: 0.51531512906354848269, -0.63136162377788895839, -0.38425029990971820704, -0.12866696665143884104, -0.21205065164291586610, 0.59932709320941757181, 0.65991728844147623523, -0.20255728362146174781, -0.17658962453637058743, 0.37476352694617498518, 0.38860835174272789772, 0.19754506073644892417
Vector b: 0.58190038631749585463, -0.13317051450789468836, -1.12955273304788317290, 0.36105213322844681434, -0.61838606653132444091, 0.19428476324549276422, 1.00436942317334243491, 0.31546515370960992453, -0.72057972095253342015, 0.36740047187979224530, 0.38212658201255789159, 0.39509012147289784833
-------------------------------------------------------------------
| Order |          Error^2           |         Efficiency         |
-------------------------------------------------------------------
|   2   | 4.66352128927299121203e-41 | 2.76813550725760992000e+17 |
|   4   | 4.34402523940693291986e-44 | 1.71451972531798520000e+16 |
|   6   | 7.01590045340360988329e-46 | 2.55030002252767781250e+14 |
|   8   | 9.99100235260683494388e-12 | 4.03992014982779025620e-06 |
-------------------------------------------------------------------

Scheme evaluation results:
Order: 8, No. cycles: 23
-------------------------------------------------------------------
Vector a: -0.15166543950419872355, 0.89987973568534485036, -0.89051495432615124237, -0.63438441014677515728, 0.66353019663820955731, 0.55975072087820421096, 0.46032181235202812575, -0.03109200892169192501, -0.19664378232096718646, -0.84282471943678405335, 0.04336411388442884540, 1.12027873521835275028
Vector b: -1.14321610655330307971, 1.98310133409820865680, -0.18334186272751820668, -1.59768804592478486093, 0.32891922563123421330, 0.99814116764518501235, 0.12136027411122453368, 0.79928335059283051045, -0.86146736843621440904, 0.46817980379427998061, -2.15382924266784847589, 2.24055747043670594465
-------------------------------------------------------------------
| Order |          Error^2           |         Efficiency         |
-------------------------------------------------------------------
|   2   | 5.65936245073620841239e-39 | 2.51281533327703200000e+16 |
|   4   | 7.24779591718081885423e-41 | 4.19745141490680312500e+14 |
|   6   | 1.33913106903819199855e-42 | 5.83742670793408105469e+12 |
|   8   | 1.00720174996078859981e-11 | 4.02363962107300698521e-06 |
-------------------------------------------------------------------

Scheme evaluation results:
Order: 8, No. cycles: 23
-------------------------------------------------------------------
Vector a: 0.20470961132671577909, 1.15880077892027566477, -0.00391494558591472253, -1.16666690445450904612, -0.62114490539686517678, 0.57926804421624156216, 0.60654361946321078136, -0.06325729232403079494, -0.92578334685488239408, 0.10362467309126978388, 0.90236462504566461451, 0.22545604255282408745
Vector b: -0.67445068400414276422, 1.75832059066171608741, 0.55928096717883635236, -0.56711085835066588068, -1.76622295055835332178, 0.52393313976462363435, 0.63460294866785948997, 0.57848429025856196173, -0.70499887490662371814, -1.14656781880314073696, 1.35381716498568049900, 0.45091208510564850798
-------------------------------------------------------------------
| Order |          Error^2           |         Efficiency         |
-------------------------------------------------------------------
|   2   | 2.37696092790175690546e-39 | 3.87733483060520320000e+16 |
|   4   | 1.12287797569427997914e-41 | 1.06640549469645875000e+15 |
|   6   | 5.65755182122173674477e-43 | 8.98087627921198632812e+12 |
|   8   | 1.05235622744490170781e-11 | 3.93637009856986838245e-06 |
-------------------------------------------------------------------

Scheme evaluation results:
Order: 8, No. cycles: 23
-------------------------------------------------------------------
Vector a: 0.42368041527236943722, 0.40183695553527742916, -0.37120309637210857634, -1.07193937677621398130, 0.03899736733087964119, 0.71133632089498388673, -0.12493001632666270173, -0.60788599784730046327, -0.14182884898173520050, 0.39588381352291462933, 0.78914519814628003580, 0.55690726560131587064
Vector b: 0.22772203813804525740, 0.39191675426864835963, 0.41175715680190649870, -1.15416334954612365138, -0.98971540400630442225, 1.06771013866806363524, 0.35496250312190397169, -0.60482253577522937515, -0.61094945991937144036, 0.32729176195590103937, 0.46447586508992821930, 1.11381453120263174128
-------------------------------------------------------------------
| Order |          Error^2           |         Efficiency         |
-------------------------------------------------------------------
|   2   | 1.06184792432677338366e-40 | 1.83448078324322208000e+17 |
|   4   | 6.41794696660766218483e-43 | 4.46057241082749650000e+15 |
|   6   | 2.52276487813828547897e-44 | 4.25299229414014453125e+13 |
|   8   | 1.06594929761018311842e-11 | 3.91119111774731154053e-06 |
-------------------------------------------------------------------

Scheme evaluation results:
Order: 8, No. cycles: 23
-------------------------------------------------------------------
Vector a: 0.68317663168393683026, 0.09482053259390083033, -0.90382018797484708905, 0.01629371400359696034, 0.69457258619715001036, -0.19602555521983019982, -0.21269828734232232303, 0.34595573570091925353, 0.37798018153784640472, -0.33670802883581529841, -0.05457740442350934862, 0.49103008207897402837
Vector b: 0.16926703935650860844, 1.02781918465485633263, -0.83817811946705467196, -0.96946225648263939512, 1.00204968448983344764, 0.38709548790446651756, -0.77914659834412702821, 0.35375002365948221561, 0.33816144774235656900, 0.41779891533333612941, -1.09121497300496672622, 0.98206016415794805674
-------------------------------------------------------------------
| Order |          Error^2           |         Efficiency         |
-------------------------------------------------------------------
|   2   | 4.70656917809704959245e-40 | 8.71348935073745280000e+16 |
|   4   | 1.10142059295930621775e-42 | 3.40496035674385400000e+15 |
|   6   | 3.92616734284288712630e-44 | 3.40916939269027890625e+13 |
|   8   | 1.06736591119354903008e-11 | 3.90859477940584647276e-06 |
-------------------------------------------------------------------

Scheme evaluation results:
Order: 8, No. cycles: 23
-------------------------------------------------------------------
Vector a: 0.74545496826881907371, -0.30828045330090980691, -0.19498316465788539942, -0.44054352733849022616, -0.29750873410592426627, -0.09422836207887318183, 0.16839758527959344803, 1.21501609618456130057, -0.01492849798357448986, -0.38026278699459276078, 0.41961073743799248703, 0.18225613928928369178
Vector b: 0.65208578847804210543, 0.18673835958155360348, -0.80329926618337244015, 0.41333293686760230745, -1.29441999154458375898, 0.69940252333273578156, -0.88785924749048217297, 1.22465441804966856942, 1.20537777431945358764, -1.23523477028660266797, 0.47470919629741764600, 0.36451227857856727255
-------------------------------------------------------------------
| Order |          Error^2           |         Efficiency         |
-------------------------------------------------------------------
|   2   | 2.48242825552069993748e-39 | 3.79407555406776720000e+16 |
|   4   | 2.43162067645044288253e-41 | 7.24670766608451625000e+14 |
|   6   | 2.78911764166369718076e-43 | 1.27908547600264628906e+13 |
|   8   | 1.09303187919102926910e-11 | 3.86243245336619727933e-06 |
-------------------------------------------------------------------

Scheme evaluation results:
Order: 8, No. cycles: 23
-------------------------------------------------------------------
Vector a: -0.48438189126336939072, -0.29119165180913880731, -0.04687719721503488118, 0.82534635224117924857, 0.70494938572543319744, -0.11565969176394867712, -1.00494763806113129867, 0.12828257609551182994, 0.86838307538300030242, -0.31697501931971105993, 0.09767505825725261714, 0.63539664172995702351
Vector b: -0.73039841434769903206, 0.49203304616865922716, -1.07441634978693678626, 0.98066195535686706553, 0.67003074912549143161, 0.73986802232537485224, -0.97118740585327223425, -1.03870787026899025207, 1.29527302246001396746, 0.44149312830598669288, -1.07544316694540897927, 1.27079328345991404703
-------------------------------------------------------------------
| Order |          Error^2           |         Efficiency         |
-------------------------------------------------------------------
|   2   | 1.67599780488333961097e-39 | 4.61750745434944640000e+16 |
|   4   | 2.34297103235109414258e-42 | 2.33456083981782300000e+15 |
|   6   | 1.33954177675460360570e-43 | 1.84567339742604218750e+13 |
|   8   | 1.15142069323990081077e-11 | 3.76322596634259537977e-06 |
-------------------------------------------------------------------

Scheme evaluation results:
Order: 8, No. cycles: 23
-------------------------------------------------------------------
Vector a: 0.05929646395098275152, -0.16873836708004513740, 0.37307928178206223313, -0.17023524514076737724, -0.30395046465614516951, -0.64421449501727878761, 0.41088031800718349817, -0.09360709573937708861, 0.14517578342355377807, 0.85908617872011783234, 0.39497541766737703783, 0.13825222408233647786
Vector b: 1.15891360035002799478, -2.19923427279809047263, 1.86175753863800053090, -1.11559897507387595361, 0.77512848479234119914, -1.38302941410463176020, 0.09460042407007418497, 0.72716021194429303343, -0.91437440342304732166, 1.20472597027015493332, 0.51344638717008095341, 0.27650444816467301123
-------------------------------------------------------------------
| Order |          Error^2           |         Efficiency         |
-------------------------------------------------------------------
|   2   | 8.64545100549839140077e-40 | 6.42910473769294960000e+16 |
|   4   | 2.90721261712688376630e-42 | 2.09580203897258975000e+15 |
|   6   | 4.29550948166581039371e-44 | 3.25930980318964531250e+13 |
|   8   | 1.15680269056090812017e-11 | 3.75446160028950384188e-06 |
-------------------------------------------------------------------

Scheme evaluation results:
Order: 8, No. cycles: 23
-------------------------------------------------------------------
Vector a: 0.36286880086658840350, 0.47850945584654130949, -0.12504021848332633193, -0.37301094752760827200, -1.08415952971880469313, 0.00134111860370925910, 0.81201895861247241903, -0.03811451271981303873, 0.61895861642250993295, -1.23883611824656725275, -0.00015585783656180688, 1.58562023418086028848
Vector b: 0.16898153972580584603, 0.38777452228156272795, 0.56924438941152277760, -0.81932482637817805049, 0.07330293132290638392, -2.24162199076044821311, 2.24430422796786688266, -0.62026631074299054536, 0.54403728530336425973, 0.69387994754171167244, -3.17155218403481287126, 3.17124046836168949071
-------------------------------------------------------------------
| Order |          Error^2           |         Efficiency         |
-------------------------------------------------------------------
|   2   | 3.20712511457744808571e-36 | 1.05556839055185187500e+15 |
|   4   | 6.12064748441650899506e-39 | 4.56762006725433906250e+13 |
|   6   | 7.36103787036963208525e-41 | 7.87342070317409179688e+11 |
|   8   | 1.20508525430620459869e-11 | 3.67848022501612852982e-06 |
-------------------------------------------------------------------

Scheme evaluation results:
Order: 8, No. cycles: 23
-------------------------------------------------------------------
Vector a: -0.30752927753124076338, 0.22603925379381495375, 0.13562864411524766517, -0.51882913023169929811, -0.24065832645806059520, -0.12644699978871529189, 0.45134816280534317823, 0.68719157193790370020, -0.31795243122338490149, -0.09690463073382388215, 0.87439912294578292506, 0.23371404036883230981
Vector b: 0.19047178930737518332, -0.99600213367723178237, 1.44808064126486168988, -1.17682335303436635954, 0.13916509257096779106, -0.62048174548708889819, 0.36758774590965836992, 0.53510857970102798653, 0.83927456417477919182, -1.47517942662154899480, 1.28137016515390111948, 0.46742808073766461963
-------------------------------------------------------------------
| Order |          Error^2           |         Efficiency         |
-------------------------------------------------------------------
|   2   | 1.79366203433576585078e-41 | 4.46348438834560064000e+17 |
|   4   | 2.77457095936313780043e-43 | 6.78407651887555800000e+15 |
|   6   | 5.33201592181016515109e-45 | 9.25096984068263750000e+13 |
|   8   | 1.24210426980529849558e-11 | 3.62324986344676925018e-06 |
-------------------------------------------------------------------

Scheme evaluation results:
Order: 8, No. cycles: 23
-------------------------------------------------------------------
Vector a: -0.02028444251488295894, -0.26987497223800188673, -0.05251261189886485825, 0.18129535953560979578, 0.20272098589584341966, -0.40006156551496724338, -0.36263978723271544924, -0.02002407080329668757, 0.81304870983335331136, 0.52259766040162014544, 0.28702978419640312602, 0.11870495033989927891
Vector b: 0.73472527655827324367, -1.51001943814631234275, 0.97026949367030868032, -1.07529471746803828580, 1.43788543653925793286, -1.03244346474757109355, 0.23232033371763663454, -0.95759990818306750526, 0.91755176657647419258, 0.70854565309023254116, 0.33664966771300769421, 0.23740990067979858558
-------------------------------------------------------------------
| Order |          Error^2           |         Efficiency         |
-------------------------------------------------------------------
|   2   | 1.20821074632857187709e-39 | 5.43842296136641840000e+16 |
|   4   | 8.89517990807187786302e-43 | 3.78888381351791100000e+15 |
|   6   | 1.86009830527099713583e-44 | 4.95296244874033828125e+13 |
|   8   | 1.27257074287203227908e-11 | 3.57961520945498078906e-06 |
-------------------------------------------------------------------

Scheme evaluation results:
Order: 8, No. cycles: 23
-------------------------------------------------------------------
Vector a: 0.39811232793046003042, 0.36996914081115600537, -0.33846266051699780419, -0.45162129383608073940, -0.31780222265085322775, -0.22510077800300931639, 0.24734602273828276697, -0.24092137563095775143, 0.07169868708761537035, 0.89604135315720834232, 0.52379752262310330657, 0.06694327629007297553
Vector b: 0.16937935442322682444, 0.45746594701446641196, 0.28247233460784559878, -0.95939765564184198432, 0.05615506796967985326, -0.69175951327138385238, 0.24155795726536333223, 0.25313408821120514380, -0.73497683947312275610, 0.87837421364835399640, 0.91370849266606135597, 0.13388655258014606209
-------------------------------------------------------------------
| Order |          Error^2           |         Efficiency         |
-------------------------------------------------------------------
|   2   | 8.40330663086306301092e-40 | 6.52107541088263600000e+16 |
|   4   | 9.44215158403928937010e-43 | 3.67750415240972500000e+15 |
|   6   | 7.80104813958881689953e-45 | 7.64815190111605625000e+13 |
|   8   | 1.48163941157124471796e-11 | 3.31746271865816796747e-06 |
-------------------------------------------------------------------

Scheme evaluation results:
Order: 8, No. cycles: 23
-------------------------------------------------------------------
Vector a: -0.05820215314044857591, -0.08500282289236474331, 0.77079675820776516471, 0.09036462202062402194, -0.33782757749872416309, 0.30275138939610346522, -0.18010579669029777583, -0.14161950989609115026, 0.48242747403261893036, -0.31083443493045781469, -0.05125173035364684326, 0.51850378174491951189
Vector b: 0.25167394911453305761, -0.61975220450996393318, 0.44974655872523477962, 1.09184695769029604939, -0.91111771364904792225, 0.23546255865159951282, 0.37004022014060750090, -0.73025181352120305256, 0.44701279372902075204, 0.51784215433621705316, -1.13951102419713268254, 1.03700756348983902377
-------------------------------------------------------------------
| Order |          Error^2           |         Efficiency         |
-------------------------------------------------------------------
|   2   | 1.46936793852785938496e-39 | 4.93150012299916160000e+16 |
|   4   | 4.07217333732791840810e-42 | 1.77082452424052875000e+15 |
|   6   | 3.67404651684577434788e-44 | 3.52420090683836796875e+13 |
|   8   | 1.50948352028693723996e-11 | 3.28672315070579542184e-06 |
-------------------------------------------------------------------

Scheme evaluation results:
Order: 8, No. cycles: 23
-------------------------------------------------------------------
Vector a: 0.16197722598115452119, 0.61962591525297994188, -0.87576080284294721690, -0.00286520694458669133, 0.23070091679656995476, -0.40217169353250969976, -0.19355344888924425062, -0.29096227903010624116, 0.51979281637193930354, 0.68783868304387074666, 0.41632361436221443363, 0.12905425943066523020
Vector b: -0.48103935644062673083, 1.28603316484356278160, -0.04678133433760271048, -1.70474027134829353436, 1.69900985745912014302, -1.23760802386597879021, 0.43326463680095961273, -0.82037153457944822499, 0.23844697651923574266, 0.80113865622464330851, 0.57453870986309807378, 0.25810851886133051591
-------------------------------------------------------------------
| Order |          Error^2           |         Efficiency         |
-------------------------------------------------------------------
|   2   | 2.65461981081693345916e-40 | 1.16022751977164640000e+17 |
|   4   | 4.27308450465048905565e-43 | 5.46660778080800800000e+15 |
|   6   | 1.72497133982286600055e-44 | 5.14330219460555781250e+13 |
|   8   | 1.56466614347086187577e-11 | 3.22824486729380320520e-06 |
-------------------------------------------------------------------

Scheme evaluation results:
Order: 8, No. cycles: 23
-------------------------------------------------------------------
Vector a: 0.39953161472828141454, 0.36674740639393943464, -0.34345703275147942968, -0.44918921323278443447, -0.30837050457294579164, -0.21271333995869151634, 0.24257310676986348907, -0.25707810965340394116, 0.06433658639425129944, 0.89582851933825213830, 0.52972168989828249952, 0.07206927664643486553
Vector b: 0.16867092093250654616, 0.46172138759154968124, 0.27177342519632913254, -0.95868749069928793638, 0.06030906423371895642, -0.67705007337961065073, 0.25162339346222772907, 0.23352282007749899928, -0.74767903938430668731, 0.87635221217280923067, 0.91530482650369526798, 0.14413855329286970330
-------------------------------------------------------------------
| Order |          Error^2           |         Efficiency         |
-------------------------------------------------------------------
|   2   | 3.12994024991591140962e-40 | 1.06850437434507024000e+17 |
|   4   | 5.06985405335017801207e-43 | 5.01869643315016800000e+15 |
|   6   | 4.45862791100803058017e-45 | 1.01165485180132828125e+14 |
|   8   | 1.58232323179909924630e-11 | 3.21018240184471820905e-06 |
-------------------------------------------------------------------

Scheme evaluation results:
Order: 8, No. cycles: 23
-------------------------------------------------------------------
Vector a: -0.29156024805919900089, -0.30806801908275405211, 0.32821987609993469315, -0.32653323345086310292, 0.04870155300431999040, 0.18043300061882025509, 0.06233856539217460385, 0.72517803261744462340, 0.45075934110496546081, -0.44983197078989839435, -0.01926746828251832758, 0.59963057082757320604
Vector b: 0.15838323851935470765, -0.89988697315710741709, 0.28375093499159942390, 0.37268881720826985138, -1.02575528410999594620, 1.12315839011863594088, -0.76229238888099548621, 0.88696951966534465228, 0.56338654556954459451, 0.33813213664038632711, -1.23779607822018311580, 1.19926114165514641208
-------------------------------------------------------------------
| Order |          Error^2           |         Efficiency         |
-------------------------------------------------------------------
|   2   | 1.14794370197489014450e-41 | 5.57935548543200064000e+17 |
|   4   | 2.14678924734561975266e-42 | 2.43889975600058800000e+15 |
|   6   | 4.76374765663273902911e-44 | 3.09498543679124531250e+13 |
|   8   | 1.63444809256598667461e-11 | 3.15857901399803491117e-06 |
-------------------------------------------------------------------

Scheme evaluation results:
Order: 8, No. cycles: 23
-------------------------------------------------------------------
Vector a: 0.29892236236673824790, 0.57905854834716230517, 0.45761794273458944460, -0.33781620652908805891, -0.20467024432570590786, -0.36877055903564853745, -0.29868933987362161764, -0.14277383048136046972, -0.33408590908581448087, 0.55407359641225262248, 0.65756487592171064538, 0.13956876354878580693
Vector b: 0.15331937547579413406, 0.29120597378188883830, 0.86691112291243421772, 0.04832476255674440779, -0.72395717561492023417, 0.31461668696350869601, -1.05215780503480571539, 0.45477912528756253563, -0.74032678625028336405, 0.07215496807865461049, 1.03599222474585039855, 0.27913752709757133630
-------------------------------------------------------------------
| Order |          Error^2           |         Efficiency         |
-------------------------------------------------------------------
|   2   | 1.96585358963199937246e-40 | 1.34824476611695424000e+17 |
|   4   | 1.84305780520321565253e-42 | 2.63220177506440700000e+15 |
|   6   | 4.07833425242374004571e-44 | 3.34496498137299921875e+13 |
|   8   | 1.64860558409979022030e-11 | 3.14498753579800303232e-06 |
-------------------------------------------------------------------

Scheme evaluation results:
Order: 8, No. cycles: 23
-------------------------------------------------------------------
Vector a: -0.16604900582286222233, 0.52157848819546437369, 0.32475296298004663331, -0.23323810172795389484, -0.33824275281930643589, 0.19461458409529944213, -0.27024784854766986664, -0.25870321348074659662, 0.03410257106280516898, 0.44478480824718941156, 0.63554979677949774430, 0.11109771103823623539
Vector b: -0.56026855273497777610, 0.78843909382423105203, 0.25471788256669763983, 0.39478804339339557128, -0.86126424684930336095, 0.18477874121069048918, 0.20445042697990836733, -0.74494612407524807285, 0.22753969711375510165, -0.15933455498814463880, 1.04890417148252312884, 0.22219542207647244303
-------------------------------------------------------------------
| Order |          Error^2           |         Efficiency         |
-------------------------------------------------------------------
|   2   | 2.58287332944350282513e-41 | 3.71957032362133376000e+17 |
|   4   | 1.65878705714450220771e-43 | 8.77391326585450700000e+15 |
|   6   | 5.14406710739648195326e-45 | 9.41845508631902656250e+13 |
|   8   | 1.67245064149811506030e-11 | 3.12248713093393711999e-06 |
-------------------------------------------------------------------

Scheme evaluation results:
Order: 8, No. cycles: 23
-------------------------------------------------------------------
Vector a: 0.27714626791191099286, 0.38251050588628199289, -0.09583474449159200270, -1.28250279022543955953, -0.18399764140714089389, 0.75502204510609094434, -0.75801757013248571848, -0.75384629517319834413, 0.94213279426917462267, 1.17281162878368561131, 0.38789483215096709490, 0.15668096732174532915
Vector b: 0.13864787660167826600, 0.27699678262047189303, 0.48802422915208432119, -0.67969371813526668902, -1.88531186231561687094, 1.51731657950133858037, -0.00727248928916402089, -1.50876265097580031238, 0.00107006062941140631, 1.88319552790892630334, 0.46242772965844752830, 0.31336193464348943705
-------------------------------------------------------------------
| Order |          Error^2           |         Efficiency         |
-------------------------------------------------------------------
|   2   | 9.23233722313305398715e-38 | 6.22140535003647100000e+15 |
|   4   | 2.69939479999827217662e-40 | 2.17498092498293937500e+14 |
|   6   | 1.14688844635758096400e-41 | 1.99467615053562890625e+12 |
|   8   | 1.84958377479766939980e-11 | 2.96920585570323305948e-06 |
-------------------------------------------------------------------

Scheme evaluation results:
Order: 8, No. cycles: 23
-------------------------------------------------------------------
Vector a: -0.12081311867261247672, -0.86832675767262257338, 0.01378649263564054282, 0.71927044443439103194, 0.74357590116079974596, 0.05635783263556148892, -0.30912829182959872254, 0.35925624353468132988, 0.33529576488597345740, -0.42017006096707437690, -0.04198014996338905042, 0.53287569981824955967
Vector b: 0.24147319643362702424, -0.72457263021247908519, -1.01208088513276606157, 1.03965387040404699803, 0.39888701846473495483, 1.08826478385686464811, -0.97554911858574167027, 0.35729253492654422519, 0.36121995214281843456, 0.30937157762912842474, -1.14971169956327723405, 1.06575139963649911934
-------------------------------------------------------------------
| Order |          Error^2           |         Efficiency         |
-------------------------------------------------------------------
|   2   | 2.29588740394978028900e-40 | 1.24758181360622912000e+17 |
|   4   | 3.29024879423467048253e-42 | 1.97003656327286275000e+15 |
|   6   | 1.99919208119125870420e-43 | 1.51079563870035820312e+13 |
|   8   | 1.94332689225984396589e-11 | 2.89670575098096202949e-06 |
-------------------------------------------------------------------

Scheme evaluation results:
Order: 8, No. cycles: 23
-------------------------------------------------------------------
Vector a: -0.77388604039395381129, -0.07102621086231777903, 1.44661968730560452912, -0.00708418119343851103, -0.88174699024971703309, 0.51044049184300366306, -0.83816407694392358607, -1.72114206356335563974, 0.00001691355230072361, 1.73058918609071943351, 1.35021748701313448748, 0.25516579740194328396
Vector b: -0.39388603943307887167, -0.76000000192175154456, 0.61794758019713325048, 2.27529179441398321515, -2.28946015680085857014, 0.52596617630150588329, 0.49491480738448262455, -2.17124296127224836184, -1.27104116585435567011, 1.27107499295895709501, 2.19010337922237230401, 0.51033159480385870133
-------------------------------------------------------------------
| Order |          Error^2           |         Efficiency         |
-------------------------------------------------------------------
|   2   | 9.63411751882426553772e-39 | 1.92592050985636280000e+16 |
|   4   | 3.17960647138697590106e-39 | 6.33726648535181640625e+13 |
|   6   | 1.05200401867049964875e-39 | 2.08268833450308990479e+11 |
|   8   | 1.99802919878492489570e-11 | 2.85677736748361183963e-06 |
-------------------------------------------------------------------

Scheme evaluation results:
Order: 8, No. cycles: 23
-------------------------------------------------------------------
Vector a: -0.05896094921735169081, 0.18363291672931578158, -0.31714060868485849376, 0.96057069469172540188, -0.06981974395340273531, -0.23392418042018855995, 0.36490646586243125071, -0.71739239652669428704, 0.08389180080962088670, -0.04802856253094173189, -0.06162076462227077112, 0.91388532786261489349
Vector b: -1.11748759961166266308, 2.11705330078862186127, -1.74978746732999090874, 1.11550624996027436531, 0.80563513942317610539, -0.94527462732998157602, 0.47742626648960462266, 0.25238666523525765673, -1.68717145828864589774, 1.85495505990788767114, -1.95101218496977124595, 1.82777065572522956494
-------------------------------------------------------------------
| Order |          Error^2           |         Efficiency         |
-------------------------------------------------------------------
|   2   | 5.63209878781430477146e-40 | 7.96542946191568800000e+16 |
|   4   | 4.35243303019288182229e-42 | 1.71286291733688900000e+15 |
|   6   | 5.13742838749896655402e-43 | 9.42453850918352734375e+12 |
|   8   | 2.04469050324819493305e-11 | 2.82399238911612208400e-06 |
-------------------------------------------------------------------

Scheme evaluation results:
Order: 8, No. cycles: 23
-------------------------------------------------------------------
Vector a: -0.09604218459684307763, -0.11040653494196267514, 1.05047816550135864055, -0.00379454287732221719, -1.59763608536182188935, 0.02641092980043142913, 0.90184234783948657999, 0.31759888392870166962, 0.36427533669060446764, -0.36245697584540753633, -0.03943882386424214792, 0.54916948372701668291
Vector b: 0.16695751241708528534, -0.52599939402785989007, 0.30518632414393526142, 1.79577000685878473973, -1.80335909261342908216, -1.39191307811021469654, 1.44473493771107763806, 0.35894975796789602152, 0.27624800988950654057, 0.45230266349170261675, -1.17721661518251741185, 1.09833896745403314377
-------------------------------------------------------------------
| Order |          Error^2           |         Efficiency         |
-------------------------------------------------------------------
|   2   | 2.88974737957394033301e-37 | 3.51653050105465000000e+15 |
|   4   | 8.09894460441171274311e-41 | 3.97076734543655562500e+14 |
|   6   | 5.39456819521504349964e-42 | 2.90840337608270410156e+12 |
|   8   | 2.36668503195401564597e-11 | 2.62486565144918969667e-06 |
-------------------------------------------------------------------

Scheme evaluation results:
Order: 8, No. cycles: 23
-------------------------------------------------------------------
Vector a: -0.17113546472585566827, -0.31668485280147368188, 0.64370717875556160426, 0.69910989023759217975, -0.12386483227292267861, -0.06989831900813398002, -0.42788047653285693483, -0.75200300873648906475, 0.76679865955814263678, -0.10829476903747575767, -0.01306020489993717747, 0.87320619946384858689
Vector b: 0.34912971976426343534, -1.04053036898023831824, 0.40716066337729084346, 0.88025369413383225403, 0.51796608634135199445, -0.76569575088719743494, 0.62589911287092947489, -1.48166006593664323354, -0.02234595153633485431, 1.55594327065262016951, -1.77253280872757157383, 1.74641239892769739583
-------------------------------------------------------------------
| Order |          Error^2           |         Efficiency         |
-------------------------------------------------------------------
|   2   | 5.16574665888700565025e-40 | 8.31721209070819360000e+16 |
|   4   | 6.33456970798033556911e-42 | 1.41980956008054150000e+15 |
|   6   | 1.94131838619186718081e-43 | 1.53314983292546933594e+13 |
|   8   | 2.43291039898921127111e-11 | 2.58889391364308535663e-06 |
-------------------------------------------------------------------

Scheme evaluation results:
Order: 8, No. cycles: 23
-------------------------------------------------------------------
Vector a: -0.09594830077346810926, -1.06188584902384675068, -0.34978917841541651290, 0.29163939509579461795, 1.01931856155169997535, 0.95763490220666935837, 0.16985431263683478664, -0.58589721814086814788, -0.33136694993670240406, 0.37162961781121700566, 0.40246472952136036483, 0.21234597746672567720
Vector b: 0.62906634916861625673, -1.45002929988416862095, -0.67374239816352454735, -0.02583595866730829804, 0.60911474885889738129, 1.42952237424450245840, 0.48574743016883642488, -0.14603880489516671282, -1.02575563138656966622, 0.36302173151316469157, 0.38023750410926937526, 0.42469195493345135439
-------------------------------------------------------------------
| Order |          Error^2           |         Efficiency         |
-------------------------------------------------------------------
|   2   | 6.72264530469045040873e-40 | 7.29078395256797280000e+16 |
|   4   | 4.10930774663252606048e-42 | 1.76280519822128525000e+15 |
|   6   | 1.82154442270203603945e-43 | 1.58275283606707500000e+13 |
|   8   | 2.63915765757321826326e-11 | 2.48567671756188767981e-06 |
-------------------------------------------------------------------

Scheme evaluation results:
Order: 8, No. cycles: 23
-------------------------------------------------------------------
Vector a: 0.69793473550712847864, -0.14595899757002081532, -0.22340243413732674416, -0.41908261322088813383, -0.23914477276858961408, -0.11632964600126774468, 0.12298608243722085331, 1.35708934887739163244, -0.00064841142880101607, -0.59313455247016089178, 0.39174726955877275936, 0.16794399121654116080
Vector b: 0.49894493833680997330, 0.39797959434063673312, -0.68989758948067803068, 0.24309272120602523626, -1.08125794764780192025, 0.60296840211062285864, -0.83562769411315829249, 1.08159985898759991585, 1.63257883876718290495, -1.63387566162478492515, 0.44760655668446353017, 0.33588798243308221059
-------------------------------------------------------------------
| Order |          Error^2           |         Efficiency         |
-------------------------------------------------------------------
|   2   | 9.60778656016021649503e-38 | 6.09863518056510500000e+15 |
|   4   | 3.13004359567765536487e-40 | 2.01982369490574656250e+14 |
|   6   | 6.20337169863774583115e-42 | 2.71218357605877099609e+12 |
|   8   | 2.65896436414104998410e-11 | 2.47640147157326857231e-06 |
-------------------------------------------------------------------

Scheme evaluation results:
Order: 8, No. cycles: 23
-------------------------------------------------------------------
Vector a: -0.53059975959808358681, 0.66799645613579183845, -0.12850345372281984924, -0.27392885521231652435, -0.11653367673257153392, 0.23696434825346290864, 1.00399781991956871252, -0.07158459937559076558, -0.07953288339299120768, -1.15509283002333074108, -0.00014078691825723176, 1.44695822066713808418
Vector b: -0.70262548089030996135, 0.34405144258445230498, 0.99194146968713181600, -1.24894837713277140345, 0.70109066670813835476, -0.93415802017328153362, 1.40808671668020735090, 0.59990892315893007414, -0.74307812191011179959, 0.58401235512412918993, -2.89419801517079378073, 2.89391644133427927699
-------------------------------------------------------------------
| Order |          Error^2           |         Efficiency         |
-------------------------------------------------------------------
|   2   | 2.98465362513471437570e-39 | 3.46016938407201240000e+16 |
|   4   | 3.11973879709562674134e-40 | 2.02315678117777625000e+14 |
|   6   | 1.60293327093248045603e-41 | 1.68723378165785766602e+12 |
|   8   | 2.84683269695407509342e-11 | 2.39329558277557924431e-06 |
-------------------------------------------------------------------

Scheme evaluation results:
Order: 8, No. cycles: 23
-------------------------------------------------------------------
Vector a: -0.51413283720864366710, -0.20599987434054334301, -0.07836979591829196234, 0.64051603955866720508, 0.56027574102058386174, -0.48289232117043517922, 0.16546545385033006870, -0.01222361239041930454, -0.83236333096704850920, 0.68766944029445442599, 0.88750053138896545235, 0.18455456588238097759
Vector b: -0.62324847566821917066, 0.21823127691915014670, -0.63023102560023647190, 0.47349143376365182556, 0.80754064535368441646, 0.31301083668748280742, -1.27879547902835244422, 1.60972638672901191548, -1.63417361150985063212, -0.03055305042425199291, 1.40589193101316678458, 0.36910913176476256581
-------------------------------------------------------------------
| Order |          Error^2           |         Efficiency         |
-------------------------------------------------------------------
|   2   | 1.96585358963199937246e-40 | 1.34824476611695424000e+17 |
|   4   | 1.55281386077993791672e-42 | 2.86766856994713950000e+15 |
|   6   | 3.40752864328039670070e-44 | 3.65942816493930546875e+13 |
|   8   | 2.94726855399161032375e-11 | 2.35216323022601414970e-06 |
-------------------------------------------------------------------

Scheme evaluation results:
Order: 8, No. cycles: 23
-------------------------------------------------------------------
Vector a: -1.11886562485352603069, -0.37337601600381686850, 0.19441750275073119147, 0.62351640533643937214, 0.49956721797931064044, 0.23797132850248711722, -0.46533065210331409078, 0.16496570835587187620, 1.07651919896663694765, -0.09611011254067038101, -0.08575699322858630624, 0.34248203683843658762
Vector b: -0.79889870097749504652, -0.63993384775206529902, -0.10681818425556982577, 0.49565318975703293036, 0.75137962091584831192, 0.24775481504277580003, 0.22818784196219663030, -1.15884914616882461758, 1.48878056288056859202, 0.66425783505270530327, -0.85647806013404637060, 0.68496407367687350831
-------------------------------------------------------------------
| Order |          Error^2           |         Efficiency         |
-------------------------------------------------------------------
|   2   | 1.39188173864455430021e-39 | 5.06690964054212080000e+16 |
|   4   | 8.61238036174032571790e-42 | 1.21766284636330000000e+15 |
|   6   | 9.32673552102088572962e-44 | 2.21191357039365585938e+13 |
|   8   | 3.13073487308182009717e-11 | 2.28220244564435597874e-06 |
-------------------------------------------------------------------

Scheme evaluation results:
Order: 8, No. cycles: 23
-------------------------------------------------------------------
Vector a: 0.40054932853650315749, -0.12488215814359610034, -0.91340231848041952833, 0.03974880291613834549, 0.77308071655372556652, 0.29918988467774992879, 0.38008739000302704802, -0.10643648083140958005, -0.01518099510966714263, -0.32695529706311649010, -0.02777243400250696548, 0.62197356094357159062
Vector b: 0.19472337500132463894, 0.41165190707035709261, -0.66141622335754934880, -1.16538841360328970786, 1.24488601943556642659, 0.30127541367188487298, 0.29710435568361487357, 0.46307042432243933350, -0.67594338598525838258, 0.64558139576592410425, -1.29949198989215708444, 1.24394712188714318124
-------------------------------------------------------------------
| Order |          Error^2           |         Efficiency         |
-------------------------------------------------------------------
|   2   | 1.14794370197489014450e-40 | 1.76434712097195200000e+17 |
|   4   | 9.69698537312773413079e-43 | 3.62886060207772150000e+15 |
|   6   | 3.94806263134796239304e-44 | 3.39970291075240351562e+13 |
|   8   | 3.45813706325425596340e-11 | 2.17148188430095865920e-06 |
-------------------------------------------------------------------

Scheme evaluation results:
Order: 8, No. cycles: 23
-------------------------------------------------------------------
Vector a: -0.94967777397280617180, -0.04165749755186815700, 0.25042431637633283392, 0.22660313998534456492, 0.47608617909650341460, 0.51159563309652245078, -0.48092837063355386995, -0.47316012980507821117, -0.07728632715663621977, 0.53769687497758134054, 0.88348145118945820009, 0.13682250439819995669
Vector b: -0.79580105020307423391, -0.30775344753930816699, 0.22443845243554230717, 0.27641018031665687271, 0.17679609965520862169, 0.77537625853677283327, 0.24781500765676178766, -1.20967174892419770948, 0.26335148931360224944, -0.41792414362669866312, 1.49331789358215205610, 0.27364500879658204546
-------------------------------------------------------------------
| Order |          Error^2           |         Efficiency         |
-------------------------------------------------------------------
|   2   | 2.79093812542645166382e-40 | 1.13153820974635936000e+17 |
|   4   | 1.23059316121230805835e-40 | 3.22130174093317875000e+14 |
|   6   | 2.57579156779121900740e-43 | 1.33099868169779003906e+13 |
|   8   | 3.65625787735569971484e-11 | 2.11182974357140826652e-06 |
-------------------------------------------------------------------

Scheme evaluation results:
Order: 8, No. cycles: 23
-------------------------------------------------------------------
Vector a: 0.45672985423599210542, 0.40467871470314276117, -0.34853826444379104599, -0.63642451337273031609, 0.53361399595814273944, -0.05968460391187407899, -0.41776247759755080757, 0.54896759864465294321, -0.24642181562929699190, -0.54073099939008117953, 0.63790999954342209044, 0.66766251125997178040
Vector b: 0.23106258413383617967, 0.45133454020431190701, 0.35802288920197350430, -1.05509941808955587383, -0.21774960865590523018, 1.28497760057219112539, -1.40434680839593917234, 0.56882185320083755720, 0.52911334408846855126, -1.02195697534706253506, -0.05950502343309960890, 1.33532502251994356079
-------------------------------------------------------------------
| Order |          Error^2           |         Efficiency         |
-------------------------------------------------------------------
|   2   | 1.75635386402158192109e-39 | 4.51064156653047760000e+16 |
|   4   | 2.97075274436861219036e-43 | 6.55624844348195400000e+15 |
|   6   | 4.60623842494935382905e-44 | 3.14745679270552070312e+13 |
|   8   | 3.70911297196159944256e-11 | 2.09672889979262895926e-06 |
-------------------------------------------------------------------

Scheme evaluation results:
Order: 8, No. cycles: 23
-------------------------------------------------------------------
Vector a: 0.17274448617450530175, 0.59961489291151792713, -0.42864408513106699861, -0.00597113209456729722, 0.40703331970361739112, -0.39418874338441745042, 0.50688483918451421317, -0.39633141712760283637, 0.02173752840656830235, 0.32231220489714107469, -0.13677537619164287230, 0.33158348265143322564
Vector b: 0.08596142429298771204, 0.17356612376303337530, 1.02566366206000481043, -1.88295183232213725333, 1.87100956813300278725, -1.05694292872576922626, 0.26856544195693504706, 0.74520423641209221355, -1.53786707066729677607, 1.58134212748043334607, -0.93671771768615230691, 0.66316696530286645128
-------------------------------------------------------------------
| Order |          Error^2           |         Efficiency         |
-------------------------------------------------------------------
|   2   | 3.32903673572718141905e-40 | 1.03606030367728464000e+17 |
|   4   | 3.12041142035850265353e-41 | 6.39709391480960875000e+14 |
|   6   | 1.08623304332190285540e-42 | 6.48143961033756152344e+12 |
|   8   | 3.76016590740056128008e-11 | 2.08244628587676278419e-06 |
-------------------------------------------------------------------

Scheme evaluation results:
Order: 8, No. cycles: 23
-------------------------------------------------------------------
Vector a: -0.98075664985243193872, -0.00366010575200901049, 1.60293805619472862212, 0.14492894419706670028, -0.44948931622950571985, 0.50541041054444313385, -0.09757626103443814425, -1.11645658561151939203, -0.21181801757852686263, 0.76674618441891617682, 0.61676304684754335028, 0.22297029385573297056
Vector b: -0.03987828330526152487, -1.88175673309434032809, 1.87443652159032225768, 1.33143959079913387633, -1.04158170240500025372, 0.14260306994598936914, 0.86821775114289623243, -1.06337027321177268746, -1.16954289801126498638, 0.74590686285421115009, 0.78758550598362087047, 0.44594058771146594111
-------------------------------------------------------------------
| Order |          Error^2           |         Efficiency         |
-------------------------------------------------------------------
|   2   | 4.24739169730709353465e-40 | 9.17240391621611040000e+16 |
|   4   | 1.13990725528198731860e-40 | 3.34698600949538375000e+14 |
|   6   | 3.15549736398847202514e-41 | 1.20253873139434228516e+12 |
|   8   | 3.76590233367015488928e-11 | 2.08085963397893742270e-06 |
-------------------------------------------------------------------

Scheme evaluation results:
Order: 8, No. cycles: 23
-------------------------------------------------------------------
Vector a: 0.03254747526841073740, -0.71596080141460871626, 0.49941210895396442870, 0.66061567746960658809, 0.33010699009911642632, -0.10868508710877673729, -0.22725435342228916813, -0.26957557318764124865, -0.20195689055607890516, 0.37604130305502414533, 0.41138294558594151740, 0.21332620525733095307
Vector b: 0.68847655185813017020, -1.31185815317943887948, -0.12006344964977871959, 1.11888766755770774353, 0.20234368738150568245, 0.45787029281672692038, -0.67524046703428042271, 0.22073176018970194767, -0.75988290656498447273, 0.35596912545282677343, 0.39611348065722123968, 0.42665241051466190614
-------------------------------------------------------------------
| Order |          Error^2           |         Efficiency         |
-------------------------------------------------------------------
|   2   | 6.32086500899923885816e-40 | 7.51893049520527680000e+16 |
|   4   | 3.47522019152554633589e-43 | 6.06174262125222100000e+15 |
|   6   | 7.31022530327896246785e-46 | 2.49843239726371625000e+14 |
|   8   | 3.77290486141609139236e-11 | 2.07892769489912546785e-06 |
-------------------------------------------------------------------

Scheme evaluation results:
Order: 8, No. cycles: 23
-------------------------------------------------------------------
Vector a: 0.07405714131212721985, -0.58353487901192457876, 0.65004747498316883814, 0.71920984013399258394, -0.10256715948236590219, -0.07152849840495600908, -0.73027570546806608309, -0.23068131065141017633, 0.76042024731696544748, -0.77779331495043579903, 0.27511328159343861888, 1.01753288262946584020
Vector b: 0.85359056051053561198, -1.55906683839681692305, 0.39199708037296748797, 0.90809786959337024381, 0.53032181067461525714, -0.73545612963934714479, 0.59239913282943479356, -2.05295054376556773690, 1.59158792246274694016, -0.07074742782881623948, -1.48483920207205510877, 2.03506576525893256857
-------------------------------------------------------------------
| Order |          Error^2           |         Efficiency         |
-------------------------------------------------------------------
|   2   | 1.72019363740937288153e-37 | 4.55780414972100200000e+15 |
|   4   | 6.02761965842768540478e-41 | 4.60273250180537375000e+14 |
|   6   | 1.01642735940614017980e-42 | 6.70030867576142480469e+12 |
|   8   | 3.84803446391718271814e-11 | 2.05853300878377838310e-06 |
-------------------------------------------------------------------

Scheme evaluation results:
Order: 8, No. cycles: 23
-------------------------------------------------------------------
Vector a: -1.07158158185255159012, 1.04010606893300106002, 0.94204955548396340781, -0.91133226541510969909, -0.79936213621655127781, 0.12252313140059929719, 0.22710949450416881290, -0.26475534758258278956, -0.04812284588165445520, 0.90047142417156866845, 0.70532279865780311834, 0.15757170379734516952
Vector b: -1.08916943060964288570, 0.03517569751418221646, 2.04503644035182041705, -0.16093732938389301856, -1.66172720144632646289, 0.06300292901322429584, 0.18204333378797343812, 0.27217565522036474279, -0.80168635038553059946, 0.70544065862222160579, 1.09550218972091584213, 0.31514340759469039455
-------------------------------------------------------------------
| Order |          Error^2           |         Efficiency         |
-------------------------------------------------------------------
|   2   | 1.24121412776034996874e-40 | 1.69676217013314144000e+17 |
|   4   | 4.97583568450938481672e-42 | 1.60197465488894625000e+15 |
|   6   | 5.80763386741812934789e-43 | 8.86407392406573242188e+12 |
|   8   | 3.86630094277156857846e-11 | 2.05366444466532712976e-06 |
-------------------------------------------------------------------

Scheme evaluation results:
Order: 8, No. cycles: 23
-------------------------------------------------------------------
Vector a: -0.20128488543468933680, 0.38537294898717716629, 0.33375200328696641439, 0.34455252028072202997, -0.54303296539639456242, -0.76012154863143188699, 0.18595365979656661160, 0.90027855257891009622, 0.02477679015487522021, -0.88893760079412220687, 0.49772169861012682812, 0.72096882656129357425
Vector b: -0.40422739796509915555, 0.40588502506082024812, 0.36486087291353397344, 0.30264313366039852227, 0.38646190690104531562, -1.47252783769383510659, -0.04771525956902743920, 0.41962257916216078035, 1.38093452599565846839, -1.33138094568590803490, -0.44649425590233560168, 1.44193765312258803668
-------------------------------------------------------------------
| Order |          Error^2           |         Efficiency         |
-------------------------------------------------------------------
|   2   | 1.00158087997309165108e-39 | 5.97312103822864880000e+16 |
|   4   | 1.84074566273707970437e-41 | 8.32897892168793625000e+14 |
|   6   | 9.33248355773949362785e-43 | 6.99253046489296289062e+12 |
|   8   | 3.95779665054933900871e-11 | 2.02978749940377901749e-06 |
-------------------------------------------------------------------

Scheme evaluation results:
Order: 8, No. cycles: 23
-------------------------------------------------------------------
Vector a: 0.37691406214369427286, -0.15020401003523037309, -0.80987120774088672270, 0.08728113958450588183, 0.75615171636378275544, 0.44445180049417826185, -0.29756016177386268584, 0.34578535398373000387, -0.00053372460697878599, -0.41666083028680667155, 0.55774999051574314368, 0.10649587135813101679
Vector b: 0.16570134980298364957, 0.42242542468142224577, -0.72283344475188326950, -0.89690897072989150818, 1.07147124989890341062, 0.44083218282866248883, 0.44807141815969414589, -1.04319174170741924002, 1.73476244967488169024, -1.73582989888883920671, 0.90250823831522342111, 0.21299174271626214461
-------------------------------------------------------------------
| Order |          Error^2           |         Efficiency         |
-------------------------------------------------------------------
|   2   | 3.22859166180437853141e-40 | 1.05205335957315440000e+17 |
|   4   | 8.32472006136064686356e-42 | 1.23852231770025025000e+15 |
|   6   | 3.22889109163485016009e-42 | 3.75929394757613525391e+12 |
|   8   | 4.25715720830799051779e-11 | 1.95712005745158342614e-06 |
-------------------------------------------------------------------

Scheme evaluation results:
Order: 8, No. cycles: 23
-------------------------------------------------------------------
Vector a: 0.03951207334580134761, -0.87048343077170120541, 0.69573060853868085029, 1.25230502682608912934, 0.52915541340796057312, -0.52193702467943692280, -0.41010183969008595639, -0.42939753366178090577, -0.31263851402982301142, 0.44583684423665648211, 0.39847699640430722656, 0.18354138007333234417
Vector b: 0.88026947595368443267, -1.68151480521576623950, -0.05945205632763661541, 1.45091327340499898213, 1.05369678024717905451, 0.00461404656874219929, -1.04848809592761638143, 0.22828441654744488498, -1.08707948387100716836, 0.46180245581136197819, 0.42987123266195004234, 0.36708276014666468834
-------------------------------------------------------------------
| Order |          Error^2           |         Efficiency         |
-------------------------------------------------------------------
|   2   | 6.21037542768415568175e-39 | 2.39875228013346560000e+16 |
|   4   | 4.89881681766393205846e-41 | 5.10555613856482125000e+14 |
|   6   | 9.93605285060502201566e-43 | 6.77682135775223925781e+12 |
|   8   | 4.51825934710107450160e-11 | 1.89972935684543710886e-06 |
-------------------------------------------------------------------

Scheme evaluation results:
Order: 8, No. cycles: 23
-------------------------------------------------------------------
Vector a: -0.59002310807166402640, 0.04600794083893743752, 0.17829644395097382636, -0.41654286418213870569, 0.36880457004359734619, -0.29339181200301012176, 0.09098375190515274602, 1.31309166017592238163, -0.05048314331165560526, -0.33244289123227810379, 0.54987627019392226746, 0.13582318169224066873
Vector b: 0.09490956942064819601, -1.36986535498462336236, 1.46188123666249758514, -1.10528834876055137570, 0.27220262039627868278, 0.46540651969091201279, -1.05219014369692875910, 1.23415764750723311316, 1.39202567284460632102, -1.49299195946791685152, 0.82810617700336397462, 0.27164636338448028274
-------------------------------------------------------------------
| Order |          Error^2           |         Efficiency         |
-------------------------------------------------------------------
|   2   | 2.43938036669664155706e-41 | 3.82740628703473472000e+17 |
|   4   | 7.30750874799186012167e-42 | 1.32191637987095550000e+15 |
|   6   | 3.35995176096281181057e-43 | 1.16537705424549433594e+13 |
|   8   | 4.93777375110677518810e-11 | 1.81723761846280146517e-06 |
-------------------------------------------------------------------

Scheme evaluation results:
Order: 8, No. cycles: 23
-------------------------------------------------------------------
Vector a: -0.34777469498307705953, -0.46560983166165798020, 0.48704378087086686033, 0.71327407401554865363, 0.38734440330523844942, -0.71354385311051149454, -0.05681079331794047782, 0.05637773726646721356, -0.71523203306166749371, 0.77993916203975910406, 0.83242884542621076172, 0.04256320321076342145
Vector b: 0.17399901647926208081, -1.04354742292467816966, 0.11232775960136229254, 0.86175980214037140037, 0.56478834589072590688, 0.20990046071975082542, -1.63698816694077353695, 1.52336658030489258131, -1.41061110577195814031, -0.01985296035137684365, 1.57973128443089483319, 0.08512640642152670412
-------------------------------------------------------------------
| Order |          Error^2           |         Efficiency         |
-------------------------------------------------------------------
|   2   | 9.24184363191503354616e-40 | 6.21820477438747840000e+16 |
|   4   | 1.94600260947642172069e-42 | 2.56163322066842050000e+15 |
|   6   | 2.38064169526955287604e-43 | 1.38447770369836445312e+13 |
|   8   | 5.05918619483561017041e-11 | 1.79529979076035296360e-06 |
-------------------------------------------------------------------

Scheme evaluation results:
Order: 8, No. cycles: 23
-------------------------------------------------------------------
Vector a: -0.19768998479922525457, -0.14885431052877137748, -0.14295881219835993026, 0.53798734419242166815, -0.47641327911669434370, -0.00169500087835673338, 0.98683681204451534352, 0.33435554240790138492, -0.36792741764588710041, -0.54904913108772568364, 0.48973107209514354921, 0.53567716551503852251
Vector b: -0.41684321924101541690, 0.43830646888358038016, -0.73601508994112319062, 0.45009746554440327460, 0.62587722284044011722, -1.57870378107382869359, 1.57531377931711524809, 0.39835984477191543895, 0.27035124004388733088, -1.00620607533566142067, -0.09189218683978990498, 1.07135433103007704503
-------------------------------------------------------------------
| Order |          Error^2           |         Efficiency         |
-------------------------------------------------------------------
|   2   | 4.27609028985646578827e-40 | 9.14157221917780160000e+16 |
|   4   | 1.89455552376715267989e-42 | 2.59618111871199650000e+15 |
|   6   | 3.98660176025572378050e-44 | 3.38323026208325664062e+13 |
|   8   | 5.16483709803089596099e-11 | 1.77684276303889139700e-06 |
-------------------------------------------------------------------

Scheme evaluation results:
Order: 8, No. cycles: 23
-------------------------------------------------------------------
Vector a: -0.35345796804368201371, -0.21892511671295863951, -0.30796818401461645287, 0.50309298392320911386, 0.56434348259693734029, 0.21231054620333542071, 0.22099290684414132913, 0.25653337413282256696, 0.56377400268855026866, 0.41870852466533320380, -0.43176244534644969697, -0.42764210693662252361
Vector b: -0.48815641055036407270, 0.26939688501336517268, -0.70724711843928245170, 0.09131075041005021209, 0.91487521743636701643, 0.21381174775747779915, 0.21080934464927436611, 0.23117646903892047350, 0.28189027922676840321, 0.84565772615032264170, -0.00824067681965589757, -0.85528421387324360392
-------------------------------------------------------------------
| Order |          Error^2           |         Efficiency         |
-------------------------------------------------------------------
|   2   | 9.01135806050288763433e-39 | 1.99135736547892200000e+16 |
|   4   | 7.44958289604359251244e-41 | 4.14021293002061750000e+14 |
|   6   | 2.53290188354531098976e-42 | 4.24447324563871093750e+12 |
|   8   | 5.49804833869223859371e-11 | 1.72215816455204024442e-06 |
-------------------------------------------------------------------

Scheme evaluation results:
Order: 8, No. cycles: 23
-------------------------------------------------------------------
Vector a: -0.37651551575248121129, -0.27571935729686536387, 1.26343815874631193452, -0.00832133775623452969, -1.67514046838543473328, -0.00742241000103785378, 0.77039354822061456574, 0.53530242401326744162, -0.85744856204009300971, 0.01035223175420348432, 1.37602463911523353879, 0.24505664938251581209
Vector b: 0.00150359980830324703, -0.75603823112156853803, 0.20459951652783697762, 2.32227680096478783511, -2.33891947647725695347, -1.01136146029361295717, 0.99651664029153730340, 0.54427045614969227216, 0.52633439187684194493, -2.24123151595702863048, 2.26193597946543523136, 0.49011329876503184622
-------------------------------------------------------------------
| Order |          Error^2           |         Efficiency         |
-------------------------------------------------------------------
|   2   | 6.66524811959170590151e-40 | 7.32210862507865920000e+16 |
|   4   | 3.59412036622350706436e-41 | 5.96063251070974750000e+14 |
|   6   | 1.03958386784619021567e-41 | 2.09509257694312377930e+12 |
|   8   | 5.51715334516694250140e-11 | 1.71917380163124826531e-06 |
-------------------------------------------------------------------

Scheme evaluation results:
Order: 8, No. cycles: 23
-------------------------------------------------------------------
Vector a: 0.71154340565698626087, -0.63074552723049992498, -0.97053139497421125892, -0.06085661426423343012, 0.62652609729136965466, 0.61045007970489495452, 1.00376412832608741255, 0.00227889753840194867, -0.49697281869269332999, -0.65137933022544780570, -0.00872367239110118445, 0.86464674926044660097
Vector b: 0.73121149043287247959, -0.03933616955177442198, -1.22215488490922297160, -0.71890790503919999033, 0.59719467651073343539, 0.65585751807200554087, 0.56504264133778459023, 1.44248561531439078998, -1.43792782023758691778, 0.44398218285219986923, -1.74674084330309575819, 1.72929349852089342399
-------------------------------------------------------------------
| Order |          Error^2           |         Efficiency         |
-------------------------------------------------------------------
|   2   | 1.14794370197489014450e-39 | 5.57935548543200080000e+16 |
|   4   | 1.67710202807322756682e-40 | 2.75936349101080250000e+14 |
|   6   | 1.52781108345377984275e-41 | 1.72821653401136938477e+12 |
|   8   | 5.64679948676285864130e-11 | 1.69932375531187569311e-06 |
-------------------------------------------------------------------

Scheme evaluation results:
Order: 8, No. cycles: 23
-------------------------------------------------------------------
Vector a: -0.73879864535398509506, -0.29677879699708126227, 0.18261555350126326691, 1.12269353301275098822, 0.81293384695660220185, -0.39204317014938977470, -0.23716559790935703989, -0.14128112572525983182, -0.22098148365038114416, 0.39807204067679391457, 0.34432881833909534386, 0.16640502729894859901
Vector b: -0.71413501623352459990, -0.04932725824092090705, -0.54423033575324153421, 0.90946144275576790150, 1.33592562326973363085, 0.28994207064347049529, -1.07402841094224998919, 0.59969721512353602044, -0.88225946657405573958, 0.44029649927329361780, 0.35584758208029371174, 0.33281005459789714251
-------------------------------------------------------------------
| Order |          Error^2           |         Efficiency         |
-------------------------------------------------------------------
|   2   | 9.62120315217704802360e-40 | 6.09438147945186800000e+16 |
|   4   | 1.22018063781083446451e-42 | 3.23501717955427300000e+15 |
|   6   | 4.36399780779868561335e-44 | 3.23363295342253281250e+13 |
|   8   | 6.27810026125527168735e-11 | 1.61162200395370048240e-06 |
-------------------------------------------------------------------

Scheme evaluation results:
Order: 8, No. cycles: 23
-------------------------------------------------------------------
Vector a: -0.10237963975805651484, 0.93146300781026136750, -0.44236749657441964967, -0.73903166863895608518, 0.69880188439030122005, 0.27801189334042636370, -0.35507920022159378259, 0.24707596956924038345, -0.40198644346164386087, -0.27030468068193602704, 0.71485734433612935224, 0.44093902989024741368
Vector b: -0.77630710257857715728, 1.34785492564104036894, 0.51507108997948325424, -1.39980608312832499607, -0.07825725414958349668, 1.47586102293018228693, -0.91983723624932745011, 0.20967883580613932981, 0.28447310333234321345, -1.08844599025563204542, 0.54783662889176087951, 0.88187805978049571554
-------------------------------------------------------------------
| Order |          Error^2           |         Efficiency         |
-------------------------------------------------------------------
|   2   | 3.02196179544889830540e-39 | 3.43874398064382120000e+16 |
|   4   | 4.40848496876587450513e-42 | 1.70193893525592125000e+15 |
|   6   | 3.52716419764971571771e-44 | 3.59683193170259218750e+13 |
|   8   | 6.32793523464270154622e-11 | 1.60526338216413577005e-06 |
-------------------------------------------------------------------

Scheme evaluation results:
Order: 8, No. cycles: 23
-------------------------------------------------------------------
Vector a: -0.81308651074480919885, -0.11558008240019741752, 1.13891811365539452616, 0.08533536124206428375, -0.59288223102067916237, 0.47990592678044058372, 0.59019714586863036843, 0.15926760283394086892, -1.05842949458832080722, -0.07635194728151575849, 1.01216864860358146672, 0.19053746705147031615
Vector b: -0.44622865645240611387, -0.73371570858480661403, 0.50255554378441158470, 1.77528068352637835581, -1.60460996104224973280, 0.41884549900089129704, 0.54096635455998998143, 0.63942793717727119951, -0.32089273150938918411, -1.79596625766725326301, 1.64326236310422157949, 0.38107493410294085434
-------------------------------------------------------------------
| Order |          Error^2           |         Efficiency         |
-------------------------------------------------------------------
|   2   | 1.34381159612435577541e-39 | 5.15673882076872240000e+16 |
|   4   | 2.62953656830551923359e-42 | 2.20368263034535250000e+15 |
|   6   | 9.89502611944437184464e-44 | 2.14745717313364804688e+13 |
|   8   | 6.78214090528036791614e-11 | 1.55057903489979547162e-06 |
-------------------------------------------------------------------

Scheme evaluation results:
Order: 8, No. cycles: 23
-------------------------------------------------------------------
Vector a: -1.05108335558111964936, -0.35730025777668861231, 0.45912857520979633019, 1.05423701136483582985, 0.65338880693505274611, -0.41692271182125306694, -0.22083014731020983445, 0.55324850555803772867, -0.13012999927699997471, -0.22857418397334472449, 0.45529085599824803410, 0.22954690067364505457
Vector b: -0.66847052805045348300, -0.76522565506132689261, 0.05062513950795077128, 0.86763201091164054990, 1.24084201181802611380, 0.06593560205208140457, -0.89978102569459172955, 0.45812073107417339290, 0.64837628004189973296, -0.90863627859589779501, 0.45148791064920917870, 0.45909380134728888789
-------------------------------------------------------------------
| Order |          Error^2           |         Efficiency         |
-------------------------------------------------------------------
|   2   | 7.06702841528291745208e-40 | 7.11092190704079760000e+16 |
|   4   | 6.51743915757472419687e-42 | 1.39974899110217450000e+15 |
|   6   | 4.41893641959551294256e-44 | 3.21346894649538906250e+13 |
|   8   | 7.10790091734634627344e-11 | 1.51463026049794371792e-06 |
-------------------------------------------------------------------

Scheme evaluation results:
Order: 8, No. cycles: 23
-------------------------------------------------------------------
Vector a: 0.35182078919703357878, 0.17351873371804213408, -0.25278523194859048306, 0.74519738858670903081, -0.01107694970345656643, -1.21328982529005102720, -0.38996123996058967842, 0.59494252501181477122, -0.27059270040467048313, 0.11255212148169235764, 0.90482293151054771219, 0.25485145780151868822
Vector b: -0.33554480261945185404, 1.37473118363297097666, -1.02769371619688665298, 0.52212325229970557583, 0.96827152487371259681, -0.99042542428062574356, -1.43615422629947642186, 0.65623174637829717604, 0.53365330364533236640, -1.07483870445467322163, 1.29994294741805793691, 0.50970291560303737644
-------------------------------------------------------------------
| Order |          Error^2           |         Efficiency         |
-------------------------------------------------------------------
|   2   | 1.66451836786359070953e-39 | 4.63340253562296800000e+16 |
|   4   | 4.08058112811386731053e-42 | 1.76899924508419625000e+15 |
|   6   | 2.66996151446425095135e-43 | 1.30731571928389609375e+13 |
|   8   | 7.39006844443804425313e-11 | 1.48543304666227030465e-06 |
-------------------------------------------------------------------

Scheme evaluation results:
Order: 8, No. cycles: 23
-------------------------------------------------------------------
Vector a: -1.05882583033562704955, -0.37041026460469261838, 0.46454187152837045360, 1.05843307870887604061, 0.65563037426150472253, -0.40673322493757008145, -0.22500895455072575380, 0.55258061090556209738, -0.12550857907764328969, -0.23589913737501777558, 0.45664131123075446528, 0.23455874424620867802
Vector b: -0.66505961388673406898, -0.78753243289778640523, 0.04671190368840101581, 0.88237183936834007181, 1.23449431804941278656, 0.07676643047359646421, -0.89023288034873615526, 0.44021497124728453665, 0.66494625056383982464, -0.91596340871912662607, 0.44416513396909107492, 0.46911748849241752257
-------------------------------------------------------------------
| Order |          Error^2           |         Efficiency         |
-------------------------------------------------------------------
|   2   | 4.85723678898125392392e-40 | 8.57728202470530400000e+16 |
|   4   | 7.33019226688311809800e-42 | 1.31986943840004400000e+15 |
|   6   | 6.26840300140270534255e-44 | 2.69807817526474882812e+13 |
|   8   | 7.74947720972039297904e-11 | 1.45057807566864072948e-06 |
-------------------------------------------------------------------

Scheme evaluation results:
Order: 8, No. cycles: 23
-------------------------------------------------------------------
Vector a: -0.17570290984988926053, 0.91663076189713710296, -0.65676645149011603220, 0.23715865609917483048, 0.10338539916096084470, -0.51538869948864696191, 0.85722906400402409943, -0.11085921342181080662, -0.12030439385625209259, -0.03519203146789964126, -0.02241373916803571925, 0.52222355758135363679
Vector b: -1.02914606239861661230, 1.70688630509745453701, 0.12637521869681977993, -1.43990812167705195534, 1.91422543387540167181, -1.70745463555347987139, 0.67667723657618605859, 1.03778089143186202925, -1.25949931827548367025, 1.01889053056297962385, -1.08927459349877908679, 1.04444711516270749563
-------------------------------------------------------------------
| Order |          Error^2           |         Efficiency         |
-------------------------------------------------------------------
|   2   | 5.73971850987445072250e-41 | 2.49516362721245824000e+17 |
|   4   | 2.52513983271332036180e-42 | 2.24877466379986200000e+15 |
|   6   | 1.45272502320111260366e-43 | 1.77231647762586953125e+13 |
|   8   | 8.19614240466447036652e-11 | 1.41049829044193163338e-06 |
-------------------------------------------------------------------

Scheme evaluation results:
Order: 8, No. cycles: 23
-------------------------------------------------------------------
Vector a: 0.56963165721143993458, -0.53171570148031588321, -0.86607634698168622922, -0.12266039540520715101, 0.34168191194762281837, 0.94387791730257086797, -0.02194104447223090004, -0.43749257135421265597, -0.21106796635612212754, 0.15235495225446302192, 0.93112514753266106826, 0.25228243980101727750
Vector b: 0.48670671776336876801, 0.16584987889614219436, -1.22928128185677376649, -0.50287141210659880297, 0.25755062129618450095, 0.42581320259906108028, 1.46194263200608065567, -1.50582472095054242800, 0.63083957824211733811, -1.05297551095436148216, 1.35768541546328758152, 0.50456487960203444398
-------------------------------------------------------------------
| Order |          Error^2           |         Efficiency         |
-------------------------------------------------------------------
|   2   | 7.00245658204682988145e-40 | 7.14363268391201600000e+16 |
|   4   | 2.50762360190926014842e-42 | 2.25661505667980300000e+15 |
|   6   | 3.97360570912937148839e-44 | 3.38875833211046523438e+13 |
|   8   | 9.21111974932680185636e-11 | 1.33051905190982326534e-06 |
-------------------------------------------------------------------

Scheme evaluation results:
Order: 8, No. cycles: 23
-------------------------------------------------------------------
Vector a: 0.52464727602994731814, -0.61053349794013822560, 0.15998027949246215740, -0.10026261262017874265, -0.02460999843601865619, 0.15626625210780134556, -0.79427192996706541539, -0.14547467551707876643, -0.09279252602493646973, 0.83064820639361758303, 0.89953411811597705494, 0.19686910836561086202
Vector b: 0.34497443842073338693, 0.35934567521842847304, -1.58041267109870520180, 1.90037323008363001620, -2.10089845532398777905, 2.05167845845195051524, -1.73914595423634743554, 0.15060209430221757620, -0.44155144533637630255, 0.25596639328650300227, 1.40533001950073210828, 0.39373821673122194609
-------------------------------------------------------------------
| Order |          Error^2           |         Efficiency         |
-------------------------------------------------------------------
|   2   | 1.01306031699284055252e-39 | 5.93918257581950560000e+16 |
|   4   | 1.36353347071126325086e-41 | 9.67733453505902750000e+14 |
|   6   | 3.45711776996526870216e-43 | 1.14888324716980859375e+13 |
|   8   | 9.30247197862441251042e-11 | 1.32396994552411654056e-06 |
-------------------------------------------------------------------

Scheme evaluation results:
Order: 8, No. cycles: 23
-------------------------------------------------------------------
Vector a: -0.12676759689496888694, 0.90234540407089192104, -0.83512108925783734570, -0.14781649673864435957, -0.16403769798996528650, 0.23266135851427396930, 0.06911731273605070669, -0.89034842890767629253, 0.11461409747611131515, 0.62508017078212763096, 0.88828071477325554195, 0.33199225143638105839
Vector b: -1.10782851831470785520, 1.96212184283947799202, -0.15743103469769423319, -1.51281114381798054147, 1.21717815034069176683, -1.54525354632062228433, 2.01057626334917038946, -1.87234163787706897608, 0.09164478006171628000, 0.13758341489050648909, 1.11257692667374885609, 0.66398450287276211679
-------------------------------------------------------------------
| Order |          Error^2           |         Efficiency         |
-------------------------------------------------------------------
|   2   | 2.52834600359969554326e-39 | 3.75946524760263840000e+16 |
|   4   | 9.21213610447134742425e-42 | 1.17735784790896525000e+15 |
|   6   | 1.82015913543470702968e-43 | 1.58335502251527558594e+13 |
|   8   | 9.86873323260320574959e-11 | 1.28542460028857215000e-06 |
-------------------------------------------------------------------

Scheme evaluation results:
Order: 8, No. cycles: 23
-------------------------------------------------------------------
Vector a: -0.03864145875853909617, -0.69842862589715903887, 0.54774269054389257416, 0.59525408002748891878, -0.46420789195137590610, -0.38563901208194573123, 0.47275500686801441574, -0.00879172134061397686, -0.55376585293036051372, 0.47419926809285717351, 0.92747410076976533055, 0.13204941665797584327
Vector b: 0.78271318908279363669, -1.64270929568266543797, 0.24585204388834747125, 0.84963333719943745503, 0.34087482285554043804, -1.26929060675829230576, 0.49801258259440067677, 0.44749743114162782165, -0.46508087382285578926, -0.64245083203786479409, 1.59084936822357914110, 0.26409883331595163103
-------------------------------------------------------------------
| Order |          Error^2           |         Efficiency         |
-------------------------------------------------------------------
|   2   | 9.24812144903520872663e-40 | 6.21609389275633760000e+16 |
|   4   | 8.80803665982167830142e-43 | 3.80758054546505400000e+15 |
|   6   | 6.20775583191894534958e-44 | 2.71122568767458164062e+13 |
|   8   | 1.00040683960023529145e-10 | 1.27670037436094156788e-06 |
-------------------------------------------------------------------

Scheme evaluation results:
Order: 8, No. cycles: 23
-------------------------------------------------------------------
Vector a: 0.56940409841831540749, 0.05174239818538093477, -1.00686134222920764536, -0.37937243232610606825, 0.43720987190112614584, 0.48678915587549392852, -0.08776489398120686236, -0.67226062350469695250, 0.23508899721508627612, 0.78487332405778365008, 0.39801601553290893998, 0.18313543085512218322
Vector b: 0.09018549371404449566, 0.95843720940854182366, -0.85495241303778002351, -1.15877027142063537823, 0.40002540676842318623, 0.47439433703382910545, 0.49918397471715886260, -0.67471376267957261508, -0.66980748432982128993, 1.13998547875999389767, 0.42976116935557351351, 0.36627086171024436645
-------------------------------------------------------------------
| Order |          Error^2           |         Efficiency         |
-------------------------------------------------------------------
|   2   | 6.09845091674160389266e-41 | 2.42066427957558912000e+17 |
|   4   | 4.62603655535230235539e-43 | 5.25392810747032500000e+15 |
|   6   | 1.16287716112575285051e-44 | 6.26420646430302421875e+13 |
|   8   | 1.08931622225492819450e-10 | 1.22348972438019434875e-06 |
-------------------------------------------------------------------

Scheme evaluation results:
Order: 8, No. cycles: 23
-------------------------------------------------------------------
Vector a: 0.82245181759413488187, -0.14956499900567427064, -0.20441963778523972173, -0.28723724036729142428, 0.18084992440741282094, -0.03344151101084811423, -0.39662700280732993141, 0.64096354813909828252, -0.31577352428622046387, -0.61989250330333722783, 0.65767161677105234752, 0.70501951165424281420
Vector b: 0.48830638778761975560, 0.66829085961303014152, -0.96742085762437868279, 0.55858158205389929485, -1.13305606278848203239, 1.49475591160330756324, -1.56163893362500383333, 0.76838492801034408153, 0.51354216826785248351, -1.14508921684029352228, -0.09469578976638091949, 1.41003902330848562841
-------------------------------------------------------------------
| Order |          Error^2           |         Efficiency         |
-------------------------------------------------------------------
|   2   | 1.49232681256735718785e-40 | 1.54743479128971968000e+17 |
|   4   | 1.08740760831605804704e-42 | 3.42682930573949550000e+15 |
|   6   | 8.03066154714312554612e-44 | 2.38373142811112539062e+13 |
|   8   | 1.08952617371831813014e-10 | 1.22337183559499110866e-06 |
-------------------------------------------------------------------

Scheme evaluation results:
Order: 8, No. cycles: 23
-------------------------------------------------------------------
Vector a: -0.46768530736004210180, -0.13627948451263305341, -0.05459817630813488393, 0.83437355471770424664, 0.84590502750296836521, -0.00767140345384018617, -0.95829631057071607003, -0.30153699263861866164, -0.19811020364336401345, 0.27822622180154615856, 0.94404669902942195403, 0.22162637543570809506
Vector b: -0.77747654269973476282, 0.61958247067938498898, -0.89214143970465098477, 0.78294508708838084221, 0.88580202234702865027, 0.80600803265890741400, -0.82135083956658772042, -1.09524178157484364249, 0.49216779629760570858, -0.88838820358433412405, 1.44484064718742710731, 0.44325275087141663422
-------------------------------------------------------------------
| Order |          Error^2           |         Efficiency         |
-------------------------------------------------------------------
|   2   | 1.77823654084047826447e-38 | 1.41758648089117180000e+16 |
|   4   | 5.06359200083772648578e-42 | 1.58803219687105450000e+15 |
|   6   | 1.43127148924732137503e-43 | 1.78554982606837226562e+13 |
|   8   | 1.10887326353105398122e-10 | 1.21265247022065696243e-06 |
-------------------------------------------------------------------

Scheme evaluation results:
Order: 8, No. cycles: 23
-------------------------------------------------------------------
Vector a: 0.19208983727651476880, -0.99871105400715476375, -0.03454387563328135263, 0.36417851861393196744, 0.59865747693795356987, -0.23669784424105549947, 0.22961477685947326299, -0.06569527895041547827, -0.22551265108664619863, 0.83304243187186977071, 0.22320541506439975366, 0.12037224729441023396
Vector b: 0.96702195883683195188, -1.54986424312063197917, -0.44755786489367915815, 0.37847011362711513449, 0.34988692360074835630, 0.84742803027516055980, -1.32082371875727377919, 1.78005327247622280318, -1.91144383037705467565, 1.46041852820375983590, 0.20566633553997942796, 0.24074449458882163366
-------------------------------------------------------------------
| Order |          Error^2           |         Efficiency         |
-------------------------------------------------------------------
|   2   | 7.46163406283678593925e-41 | 2.18840326872990112000e+17 |
|   4   | 4.59012828220397891794e-43 | 5.27443864034581200000e+15 |
|   6   | 8.09163746668622687915e-45 | 7.50956491073054687500e+13 |
|   8   | 1.16742366965561477589e-10 | 1.18185191881400473135e-06 |
-------------------------------------------------------------------

Scheme evaluation results:
Order: 8, No. cycles: 23
-------------------------------------------------------------------
Vector a: 0.79967829167096149412, -0.75825182218805320389, 0.10483930066653149304, -0.05224697472814122251, -0.73147283472425017603, 0.24101888152427583534, 0.26233847342828570115, -0.36887517669527830622, -0.42583686880737992020, 0.68931299775665733076, 0.92137906371440037034, 0.31811666838199054164
Vector b: 0.86185085189709731424, -0.12434512045227140431, -1.39215852392383521163, 1.60183712525689836426, -1.70633107471318079540, 0.24338540526467977720, 0.23865235778387275389, 0.28602458907269845412, -1.02377494246325517757, 0.17210120484849530942, 1.20652479066481954639, 0.63623333676398119430
-------------------------------------------------------------------
| Order |          Error^2           |         Efficiency         |
-------------------------------------------------------------------
|   2   | 1.14794370197489014450e-40 | 1.76434712097195200000e+17 |
|   4   | 3.30986697273521792152e-42 | 1.96418950524546825000e+15 |
|   6   | 3.73900779584809415384e-44 | 3.49345214587677656250e+13 |
|   8   | 1.28716429182881926364e-10 | 1.12553840999055034986e-06 |
-------------------------------------------------------------------

Scheme evaluation results:
Order: 8, No. cycles: 23
-------------------------------------------------------------------
Vector a: -0.11231507398808067422, 0.36175900178043540745, 0.27441549111486868151, 0.36541468477226585199, 0.56901034903307867729, -0.18092845342479049742, 0.02894775145501665009, 0.54187095886456737581, -0.42889361273663950680, 0.34598396459529912050, -0.00253145024295603656, -0.76273361122306504445
Vector b: -0.34273309072935681519, 0.46083603348255569587, 0.26268197007827376321, 0.28614901215152965808, 0.44468035739296740694, 0.69334034067318517369, -1.05519724752276689017, 1.11309275043279964912, -0.02935083270366727060, -0.82843639276960834295, 1.52040432196020014466, -1.52546722244611232533
-------------------------------------------------------------------
| Order |          Error^2           |         Efficiency         |
-------------------------------------------------------------------
|   2   | 1.82614884110165524187e-37 | 4.42360399860195050000e+15 |
|   4   | 1.93438603131712128031e-39 | 8.12488237279776562500e+13 |
|   6   | 4.04328830639692543860e-40 | 3.35943025389949951172e+11 |
|   8   | 1.47629906184893887893e-10 | 1.05096956617636359614e-06 |
-------------------------------------------------------------------

Scheme evaluation results:
Order: 8, No. cycles: 23
-------------------------------------------------------------------
Vector a: -0.57547892702019076694, -0.90897912284029014351, 0.00632371857068712157, 0.72972204630929149438, 0.23771892204080394273, 0.35122816242059767822, 0.47143727500354037918, 0.37470658785428506699, 0.22091237073445504913, 0.81645855265677236279, -0.00238886913435219783, -0.72166071659559993812
Vector b: -0.28295101960899088356, -0.58505581482239277236, -1.23290243085817685653, 1.24554986799955536014, 0.21389422461852994339, 0.26154361946428822394, 0.44091270537588145295, 0.50196184463152493382, 0.24745133107721828392, 0.19437341039126848630, 1.43854369492247413653, -1.44332143319118011426
-------------------------------------------------------------------
| Order |          Error^2           |         Efficiency         |
-------------------------------------------------------------------
|   2   | 2.29588740394978028900e-40 | 1.24758181360622912000e+17 |
|   4   | 1.28830896654937842086e-39 | 9.95585679742063593750e+13 |
|   6   | 2.25593586471877775877e-40 | 4.49748381934102661133e+11 |
|   8   | 1.49532941936137473880e-10 | 1.04426055337105533181e-06 |
-------------------------------------------------------------------

Scheme evaluation results:
Order: 8, No. cycles: 23
-------------------------------------------------------------------
Vector a: 0.27712900605508478113, 0.30735770185307209612, 0.42705862587723808499, -0.20718530682346633642, -0.27509099650400820058, -0.18435474267313758934, -0.32551025130721655820, 0.64701561064969947967, 0.55469075673596957010, -0.64258256737815488968, -0.09109182587451436497, 0.51256398938943381616
Vector b: 0.13437062996511789370, 0.28551675217993693900, 0.32919865152620075843, 0.52491860022828196186, -0.93928921387521824293, 0.38910722086719773394, -0.75781670621347607675, 0.10679620359903828353, 1.18723501770036943270, -0.07785350422841966211, -1.20731163052790213541, 1.02512797877887318343
-------------------------------------------------------------------
| Order |          Error^2           |         Efficiency         |
-------------------------------------------------------------------
|   2   | 4.24739169730709353465e-40 | 9.17240391621611040000e+16 |
|   4   | 2.72692681157609402002e-42 | 2.16397338454649275000e+15 |
|   6   | 1.30490445668122320913e-43 | 1.87000869850535742188e+13 |
|   8   | 1.54628280254289669093e-10 | 1.02691110177482741066e-06 |
-------------------------------------------------------------------

Scheme evaluation results:
Order: 8, No. cycles: 23
-------------------------------------------------------------------
Vector a: -0.57158952042478339273, -0.97365535573089556642, 0.00320442414622978912, 0.81908857365559684105, 0.31693714475086970372, 0.44984905097192612322, 0.41313838247410938909, 0.27083320370690461276, 0.19134585869192477503, 0.91390542146797859591, -0.00107729582095199652, -0.83197988788890886447
Vector b: -0.29608201236517128763, -0.55101501611920811197, -1.39629569534263842101, 1.40270454363509866624, 0.23547260367611289045, 0.39840168582567730970, 0.50129641611813358093, 0.32498034883007881346, 0.21668605858376194240, 0.16600565880005879738, 1.66180518413596289840, -1.66395977577786724488
-------------------------------------------------------------------
| Order |          Error^2           |         Efficiency         |
-------------------------------------------------------------------
|   2   | 1.58342762475608446972e-36 | 1.50226039988822650000e+15 |
|   4   | 2.92421842496531366507e-39 | 6.60820871437892265625e+13 |
|   6   | 2.60574101508019911580e-40 | 4.18472920021892395020e+11 |
|   8   | 1.61079846559709385979e-10 | 1.00613604566124302836e-06 |
-------------------------------------------------------------------

Scheme evaluation results:
Order: 8, No. cycles: 23
-------------------------------------------------------------------
Vector a: 0.42574759711057841294, 0.44012096452292709392, -0.36599857731819884776, -0.94633956473221048089, -0.22562722559381123699, 0.49665760977443940138, -0.05519369855801758984, -0.23058051450936423166, -0.21835688241750172978, 0.11131305872256330725, 1.02809284314216431433, 0.54016438985643155934
Vector b: 0.17732811273042553557, 0.49683896876030575473, 0.38340296028554843311, -1.11540011492194635068, -0.77727901454247427804, 0.32602456335485147099, 0.66729065619402772036, -0.77767805331006290004, 0.31651702429133449224, -0.75323078912633822934, 0.97585690657146495486, 1.08032877971286334073
-------------------------------------------------------------------
| Order |          Error^2           |         Efficiency         |
-------------------------------------------------------------------
|   2   | 3.73081703141839296963e-41 | 3.09486958257943936000e+17 |
|   4   | 6.55807681304014389192e-43 | 4.41265939504453900000e+15 |
|   6   | 3.09628459141810074696e-44 | 3.83895081679409140625e+13 |
|   8   | 1.76370666850116176435e-10 | 9.61532866001694305874e-07 |
-------------------------------------------------------------------

Scheme evaluation results:
Order: 8, No. cycles: 23
-------------------------------------------------------------------
Vector a: -0.60069852559776237833, -0.43951564533900744358, -0.00474941575042903390, 0.80509948727903446475, -0.28023488479861696776, 0.30067058694800352647, 0.60783445221430920657, -0.71864963336763965085, -0.15355629490172806317, 0.73716504602222454601, 0.52990942998269008335, 0.21672539730892173560
Vector b: -0.80299047770307419025, 0.40458390421062379039, -1.28361519488863873306, 1.27411636338778055944, 0.33608261117028820353, -0.89655238076752208354, 1.49789355466352924751, -0.28222465023491066782, -1.15507461650036868939, 0.84796202669691256304, 0.62636806534753652898, 0.43345079461784347119
-------------------------------------------------------------------
| Order |          Error^2           |         Efficiency         |
-------------------------------------------------------------------
|   2   | 6.76425826388704017647e-39 | 2.29844564374028800000e+16 |
|   4   | 2.40527626532113632160e-41 | 7.28628531121387500000e+14 |
|   6   | 1.77974043686348515243e-42 | 5.06354471970915039062e+12 |
|   8   | 1.83083646411978261136e-10 | 9.43740374365241333775e-07 |
-------------------------------------------------------------------

Scheme evaluation results:
Order: 8, No. cycles: 23
-------------------------------------------------------------------
Vector a: -0.66006656195526991482, -0.14889163994517279344, 0.53248773142282668225, 1.11676188839148249343, 0.04282258062199967991, -1.22366569309498385287, -0.09217599070092910574, -0.47446868346097997859, -0.02595708820260306943, 1.14061248816987559351, 0.55466871386398008958, 0.23787225488977431498
Vector b: -0.29644122989999160955, -0.72725066411055661053, 0.42946738422021091264, 0.63550807862544234084, 1.59801569815752220194, -1.51237053691352274498, -0.93496084927644462770, 0.75060886787458647174, -1.69954623479654620688, 1.64763205839133997088, 0.63359291794841099410, 0.47574450977954874098
-------------------------------------------------------------------
| Order |          Error^2           |         Efficiency         |
-------------------------------------------------------------------
|   2   | 2.79093812542645166382e-40 | 1.13153820974635936000e+17 |
|   4   | 3.80809864172590663109e-41 | 5.79074660468565750000e+14 |
|   6   | 2.64360806511380074264e-42 | 4.15465006134015820312e+12 |
|   8   | 2.17966659054420020193e-10 | 8.64932623499348093121e-07 |
-------------------------------------------------------------------

Scheme evaluation results:
Order: 8, No. cycles: 23
-------------------------------------------------------------------
Vector a: -0.31124373685909823006, 0.96810998023011751723, 0.06004885004746813443, -0.43460239715847420738, -0.36184946690958363913, 0.02796610142441183222, 0.89756305877611353150, -0.49122505427058255068, -0.32848659006117975068, -0.03249453784303155124, 0.26351365236932949854, 0.74270014025450936668
Vector b: -0.56090846527390092469, 0.49932945682960544476, 1.43689050363062986726, -1.31679280353569350126, 0.44758800921874491996, -1.17128694303791180964, 1.22721914588673541857, 0.56790697166549120034, -1.55035708020665619067, 0.89338390008429635625, -0.95837297577035951424, 1.48540028050901873335
-------------------------------------------------------------------
| Order |          Error^2           |         Efficiency         |
-------------------------------------------------------------------
|   2   | 1.49232681256735718785e-40 | 1.54743479128971968000e+17 |
|   4   | 2.86145146415127645883e-42 | 2.11249390222926800000e+15 |
|   6   | 3.21743053848891641419e-43 | 1.19090849744091347656e+13 |
|   8   | 2.28427230408510380357e-10 | 8.44896234926093148826e-07 |
-------------------------------------------------------------------

Scheme evaluation results:
Order: 8, No. cycles: 23
-------------------------------------------------------------------
Vector a: -0.15716291867211781841, 0.37692511256370664352, 0.34930649525675427913, 0.37091299368729996333, -0.25951193426503871287, -0.75088276928267683186, -0.08522042231009598068, 0.90006877825645092983, 0.68191011074682739146, -0.69383607222172005713, -0.21061326803793270490, 0.47810389427854282918
Vector b: -0.36258387456320462228, 0.41084191178217271956, 0.34300831334523940175, 0.35560467716827187656, 0.38622131020632688436, -0.90524517873640453214, -0.59652035982894879851, 0.42607951520875692042, 1.37405804130414388453, -0.01023781981048917794, -1.37743432463295079060, 0.95620778855708610244
-------------------------------------------------------------------
| Order |          Error^2           |         Efficiency         |
-------------------------------------------------------------------
|   2   | 3.51270772804316384217e-39 | 3.18950523919561240000e+16 |
|   4   | 3.92083310318083816444e-41 | 5.70688968714384875000e+14 |
|   6   | 5.33716174225121145353e-43 | 9.24650910744659765625e+12 |
|   8   | 2.38099741731194169939e-10 | 8.27556872581755425626e-07 |
-------------------------------------------------------------------

Scheme evaluation results:
Order: 8, No. cycles: 23
-------------------------------------------------------------------
Vector a: -0.10670936502328312590, 0.41556671081126661527, 0.28455742086399599122, 0.36666958166250745998, 0.50689651452667006115, -0.28247744705090760409, 0.01735472278895576828, 0.55905396470321178093, -0.39458083193334791972, 0.47177154689462535986, -0.00148596942792921416, -0.83661684881576514616
Vector b: -0.38793501640988925505, 0.56245130277321175871, 0.26868211884932691191, 0.30043272287865502301, 0.43290644044636628074, 0.58088658860697128805, -1.14584148270878638520, 1.18055092828669794258, -0.06244299888027473461, -0.72671866498642034848, 1.67026175877566895878, -1.67323369763152718370
-------------------------------------------------------------------
| Order |          Error^2           |         Efficiency         |
-------------------------------------------------------------------
|   2   | 4.95406584024283590761e-37 | 2.68573674426425950000e+15 |
|   4   | 2.35535851077572552549e-39 | 7.36309062052999843750e+13 |
|   6   | 4.98446111446307416729e-40 | 3.02568615328061462402e+11 |
|   8   | 2.38177641957837383643e-10 | 8.27421527929912858577e-07 |
-------------------------------------------------------------------

Scheme evaluation results:
Order: 8, No. cycles: 23
-------------------------------------------------------------------
Vector a: -0.03940968297850131613, -0.44827338455002024853, 0.77651889815250585425, -0.12615347561793185949, -0.98850265298225592492, -0.05064885744794817013, 0.37227455596121089565, 0.36434188649655807613, -0.23746671023475973694, 0.28184999141945693557, 0.91066120097901936958, 0.18480823080266614578
Vector b: 0.58815121779443835237, -1.25512180154587915659, 0.35857503244583860402, 1.19446276385917293794, -1.44676971509503671243, -0.53023559086947513741, 0.42893787597357879715, 0.31561123594884310517, 0.41307253704427304708, -0.88800595751379252096, 1.45170594035270639210, 0.36961646160533229155
-------------------------------------------------------------------
| Order |          Error^2           |         Efficiency         |
-------------------------------------------------------------------
|   2   | 8.68132424618510671779e-41 | 2.02885654015709120000e+17 |
|   4   | 2.33351226771690162736e-42 | 2.33928756226600350000e+15 |
|   6   | 6.30205691779247796711e-44 | 2.69086446347004062500e+13 |
|   8   | 2.38389956731448974981e-10 | 8.27052986929156195981e-07 |
-------------------------------------------------------------------

Scheme evaluation results:
Order: 8, No. cycles: 23
-------------------------------------------------------------------
Vector a: -0.08036417539019384548, -0.37202017106967522064, 0.63289130986397135192, 0.64586774711031358365, -0.35941140577791524935, -0.64857224563502136050, 0.53394933775617048344, -0.22967413591349455926, 0.03766245637056823969, -0.18006225123179961378, -0.00836429276812663061, 1.02809782668520277582
Vector b: 0.51272646010894873392, -1.18618127099828507554, 0.44214092885893457874, 0.82364169086900818062, 0.46809380335161898667, -1.18691661490744948537, -0.11022787636259311073, 1.17812655187493398046, -1.63747482370192321000, 1.71279973644305960612, -2.07292423890665888919, 2.05619565337040555164
-------------------------------------------------------------------
| Order |          Error^2           |         Efficiency         |
-------------------------------------------------------------------
|   2   | 5.47066920472408584489e-41 | 2.55578372600264576000e+17 |
|   4   | 2.02141682536555877534e-42 | 2.51339483227106700000e+15 |
|   6   | 5.18002156591899578384e-43 | 9.38571148548223828125e+12 |
|   8   | 3.03501756076522573335e-10 | 7.32987735038924436557e-07 |
-------------------------------------------------------------------

Scheme evaluation results:
Order: 8, No. cycles: 23
-------------------------------------------------------------------
Vector a: 0.55333660056593747534, -0.69288964327463864468, -0.31998950121919927936, 0.56454505845728120139, -0.37130135818364501388, -0.66671626168060216244, 0.18103060916831326121, 0.34755794132873685243, -0.20346307069150049163, 0.25310446284648308035, 1.02253177872872003107, 0.33225338395411363468
Vector b: 0.72429011673725196552, -0.34190703234262898036, -1.04387225420664830899, 0.40389325176824986130, 0.72519686514631265251, -1.46779958151360268026, 0.13436705815239846640, 0.22769416018422802828, 0.46742172247324570433, -0.87434786385624674310, 1.38055678954921279278, 0.66450676790822726936
-------------------------------------------------------------------
| Order |          Error^2           |         Efficiency         |
-------------------------------------------------------------------
|   2   | 2.12369584865354676733e-40 | 1.29717380178769136000e+17 |
|   4   | 1.30951341491154155278e-42 | 3.12272456773103750000e+15 |
|   6   | 2.83145465229104351171e-44 | 4.01446964738556953125e+13 |
|   8   | 3.07720330493790398754e-10 | 7.27946088486924566546e-07 |
-------------------------------------------------------------------

Scheme evaluation results:
Order: 8, No. cycles: 23
-------------------------------------------------------------------
Vector a: 0.32959888074860127505, 0.34101322024407343392, -0.35315734625619382703, 0.17925080483757535599, -0.00481620725532306507, -0.32340346308588474589, 0.65694794629846064993, -0.17288926913241253747, -0.75202127958004794106, -0.16514044368435748522, 0.70366648955784238950, 0.56095066730766662833
Vector b: 0.16043696702667897824, 0.33832382744384470463, 0.34370261304430183014, -1.05001730555668970624, 1.40851891523184047372, -1.41815132974248658826, 0.77134440357071709649, 0.54255148902620453644, -0.88833002729102972239, -0.61571253186906660382, 0.28543164450035157786, 1.12190133461533347869
-------------------------------------------------------------------
| Order |          Error^2           |         Efficiency         |
-------------------------------------------------------------------
|   2   | 3.48113927623885436320e-39 | 3.20393449551458200000e+16 |
|   4   | 2.69329564843229841032e-42 | 2.17744222859715850000e+15 |
|   6   | 5.79383545232580737864e-44 | 2.80640215682490703125e+13 |
|   8   | 3.92136829882931397528e-10 | 6.44849689513092316151e-07 |
-------------------------------------------------------------------

Scheme evaluation results:
Order: 8, No. cycles: 23
-------------------------------------------------------------------
Vector a: -0.42583046901338206247, -0.16696886882547559705, 0.23383589498344289903, 0.72995462805436439613, 0.50906266632001040406, -0.17001489456052729099, -0.45194088976371926680, 0.59112537534950349016, 0.08222835343079781811, -0.29990240671058315813, 0.24110875112971111300, 0.12734185960585717168
Vector b: -0.62307138582627785706, 0.39448183362579170019, -0.72841957127674306083, 1.19609136124362880338, 0.26381789486510037746, 0.75430743777492037516, -1.09433722689597501265, 0.19045544736853620149, 0.99179530333047105639, -0.82733859646887542016, 0.22753378304770843776, 0.25468371921171423233
-------------------------------------------------------------------
| Order |          Error^2           |         Efficiency         |
-------------------------------------------------------------------
|   2   | 5.62492413967696170805e-40 | 7.97050783633142880000e+16 |
|   4   | 2.60838571960961652592e-42 | 2.21259918964225875000e+15 |
|   6   | 8.74351141565416293626e-44 | 2.28449411275267734375e+13 |
|   8   | 4.39942073462434787712e-10 | 6.08806896171208784359e-07 |
-------------------------------------------------------------------

Scheme evaluation results:
Order: 8, No. cycles: 23
-------------------------------------------------------------------
Vector a: 0.52628274007798625522, -0.41026890245957492453, -0.70999338394706767996, -0.25707230669110814336, 0.36736197395687059108, 0.35467117950504467583, 0.36176196913316577275, 0.41365471327922187506, -0.42388178956291727717, -0.51997594998573937186, 0.71512006066048505737, 0.58233969603363300305
Vector b: 0.67330314063704543859, -0.29404080111811842224, -0.52649700380103137132, -0.89348976409310398861, 0.37934515071088781291, 0.35537879720285336926, 0.35396356180723603790, 0.36956037645909545208, 0.45774905009934829803, -1.30551262922518263032, 0.26556072925370416415, 1.16467939206726578405
-------------------------------------------------------------------
| Order |          Error^2           |         Efficiency         |
-------------------------------------------------------------------
|   2   | 8.75307072755853735182e-40 | 6.38945931500661440000e+16 |
|   4   | 1.26957640867828426626e-42 | 3.17145996950141500000e+15 |
|   6   | 2.10511224990397476603e-44 | 4.65581113505791953125e+13 |
|   8   | 5.57059854215055036013e-10 | 5.41036271184579442881e-07 |
-------------------------------------------------------------------

Scheme evaluation results:
Order: 8, No. cycles: 23
-------------------------------------------------------------------
Vector a: -1.00739668720595032525, 1.68779818887199617450, -0.00033031272658945086, -1.52291544089701047504, 0.20736902671838108869, 0.65590096697530864134, 0.67883635408203191197, -0.72016412719491862404, -0.76181812478033539282, -0.08596403474920213950, 0.84753888611981031964, 1.02114530478647824729
Vector b: -1.07160171558530725733, 0.12841005675871008940, 3.24718632098529980112, -3.24784694643847871021, 0.20201606464444610278, 0.21272198879230486135, 1.09907994515831441973, 0.25859276300575451124, -1.69892101739559842066, 0.17528476783493771030, -0.34721283733334551425, 2.04229060957296226775
-------------------------------------------------------------------
| Order |          Error^2           |         Efficiency         |
-------------------------------------------------------------------
|   2   | 5.42582765386569169862e-40 | 8.11542616062836480000e+16 |
|   4   | 5.10909391359743370210e-40 | 1.58094482395920000000e+14 |
|   6   | 1.05024563329224697619e-40 | 6.59154986169541259766e+11 |
|   8   | 5.59572502235963114758e-10 | 5.39820197116826700643e-07 |
-------------------------------------------------------------------

Scheme evaluation results:
Order: 8, No. cycles: 23
-------------------------------------------------------------------
Vector a: -0.28987187984611867408, 0.41969206177186457740, -0.15178916582089874154, -0.23207712901283547580, -0.46505868058991656211, -0.62905961390132858480, 0.56337081439851055542, 1.10583661181210213265, 0.75002738075032970855, -0.16351710213946279993, -0.15269935864305445028, 0.24514606122080831452
Vector b: -0.49204177950229632810, 0.40433979931235547456, 0.43504432423137368025, -0.73862265587317110782, 0.27446839784749993418, -1.20458575902733322494, -0.05353346877532401404, 1.18027509757234505550, 1.03139812605185943184, 0.46865663544879992974, -0.79569083972772558511, 0.49029212244161662904
-------------------------------------------------------------------
| Order |          Error^2           |         Efficiency         |
-------------------------------------------------------------------
|   2   | 1.35242117388916745149e-39 | 5.14029859140106880000e+16 |
|   4   | 4.21370448222472493227e-42 | 1.74083102814756225000e+15 |
|   6   | 1.56828938227254853688e-43 | 1.70576768565002558594e+13 |
|   8   | 5.70309935245991611312e-10 | 5.34714354734906451233e-07 |
-------------------------------------------------------------------

Scheme evaluation results:
Order: 8, No. cycles: 23
-------------------------------------------------------------------
Vector a: -1.10256344438786824114, 0.01464489491425722059, 0.84895205732442835522, -0.32209419025628860389, 0.39867745714189029016, 0.98672455010370563322, -0.99587274165502948087, -0.94288778798389849545, 0.66567452948752259267, 0.79224958205236117870, 0.41595182520401063897, 0.24054326805490891528
Vector b: -0.53836063377009180098, -1.12840562123555288032, 1.15769541106406737008, 0.54020870358478911832, -1.18439708409736632611, 1.98175199838114690642, -0.00830289817373567295, -1.98344258513632332175, 0.09766700916852638636, 1.23368204980651885450, 0.35081711429820350290, 0.48108653610981783055
-------------------------------------------------------------------
| Order |          Error^2           |         Efficiency         |
-------------------------------------------------------------------
|   2   | 3.10662264346954645356e-40 | 1.07250685395950784000e+17 |
|   4   | 5.95986249861987948435e-41 | 4.62882259068247062500e+14 |
|   6   | 1.58844665741512157174e-42 | 5.35977632889010839844e+12 |
|   8   | 6.40603349939050306372e-10 | 5.04525021002570873807e-07 |
-------------------------------------------------------------------

Scheme evaluation results:
Order: 8, No. cycles: 23
-------------------------------------------------------------------
Vector a: -0.35666109545820962046, 0.21441621689858403332, 0.70921926345964836358, -0.02663922632238879470, -0.76626136788731358251, -0.84814974199474257865, 0.48271377526464637198, 0.55669103789090446099, -0.57309327404264032157, 0.11167843031920178520, 1.14431942721262847051, 0.35176655465968137415
Vector b: 0.28047345709751969611, -1.27426910511145852212, 1.70310153890862636672, -0.28466301198932908445, 0.23138455934455159912, -1.76390729511917943029, 0.06760781112969435624, 0.89781973939959858200, 0.21556233638221009019, -1.36174888446749053905, 1.58510574510589408170, 0.70353310931936274830
-------------------------------------------------------------------
| Order |          Error^2           |         Efficiency         |
-------------------------------------------------------------------
|   2   | 5.64616109816349717573e-38 | 7.95550394167370600000e+15 |
|   4   | 8.07217980374310873706e-42 | 1.25774686186772775000e+15 |
|   6   | 8.27265360135195004713e-44 | 2.34860815258907539062e+13 |
|   8   | 9.19527810475181857067e-10 | 4.21109343431971810493e-07 |
-------------------------------------------------------------------

Scheme evaluation results:
Order: 8, No. cycles: 23
-------------------------------------------------------------------
Vector a: 0.16952366685150596637, -0.12873731238110494579, -0.48805876357874600213, 0.73013026512603873552, 0.58016589997464529382, -0.21546229167362787593, -0.96756318845733890743, 0.20050136972554399861, 0.25862612951982799636, -0.16710469357495291720, 0.69516123919515460106, 0.33281767927305400123
Vector b: -0.50429003298990204840, 1.34762739968281608505, -1.60510202444502581010, 0.62898449728753391685, 0.83127603296454344317, 0.32905576698474703345, -0.75998035033200272981, -1.17514602658267497404, 1.57614876603376297126, -1.05889650699410697854, 0.72468711984420131067, 0.66563535854610800246
-------------------------------------------------------------------
| Order |          Error^2           |         Efficiency         |
-------------------------------------------------------------------
|   2   | 3.12814658788157564376e-39 | 3.37987609744239600000e+16 |
|   4   | 6.00946846425697800866e-42 | 1.45770829692486550000e+15 |
|   6   | 3.36684229872844443363e-44 | 3.68147280363072109375e+13 |
|   8   | 9.43258954035946747818e-10 | 4.15778323363918692393e-07 |
-------------------------------------------------------------------

Scheme evaluation results:
Order: 8, No. cycles: 23
-------------------------------------------------------------------
Vector a: 0.10905779239253891866, 0.02987460155606879580, 0.62115159504589767536, -0.52001740316961253541, -0.44545007778207490468, -0.56668802783667493461, -0.01301268386281637449, 0.15391305050195022708, 0.08049091121391988013, 0.94016476483437039224, 0.44887550781880652950, 0.16163996928762625060
Vector b: 0.60222608965254376123, -0.98633659452000954637, 1.04608579763214692981, 0.19621739245964819887, -1.23625219879887326968, 0.34535204323472351584, -1.47872809890807355160, 1.45270273118244075405, -1.14487663017854024439, 1.30585845260637989362, 0.57447107706236089086, 0.32327993857525244570
-------------------------------------------------------------------
| Order |          Error^2           |         Efficiency         |
-------------------------------------------------------------------
|   2   | 4.50711395987891242985e-39 | 2.81575626065300560000e+16 |
|   4   | 2.32337037008135076380e-41 | 7.41360482521711375000e+14 |
|   6   | 3.88817637124951854725e-43 | 1.08332809318515253906e+13 |
|   8   | 9.63344144978698716347e-10 | 4.11421118728542030865e-07 |
-------------------------------------------------------------------

Scheme evaluation results:
Order: 8, No. cycles: 23
-------------------------------------------------------------------
Vector a: 0.33652841044198023024, -0.83462889103203841135, -0.16652940056936896274, 0.87764987880211831062, -0.09587363954229984053, -0.39094021687914720653, 0.52247971955847494208, -0.32758849803307071857, -0.36552243725790944939, 0.69639215951649735548, 0.64033937783658390064, 0.10769353715817985007
Vector b: 0.74284406093492161283, -0.81263130098588265415, -0.85662648107819416854, 0.52356767993945629858, 1.23173207766478021163, -1.42347935674937997597, 0.64159892299108556291, 0.40336051612586421022, -1.05853751219200553635, 0.32749263767618669307, 1.06529168135680807339, 0.21538707431635972789
-------------------------------------------------------------------
| Order |          Error^2           |         Efficiency         |
-------------------------------------------------------------------
|   2   | 1.29861131285909447597e-40 | 1.65884090886144928000e+17 |
|   4   | 4.07865434272542068706e-43 | 5.59538797608574100000e+15 |
|   6   | 6.38599128482321149000e-45 | 8.45315481931121093750e+13 |
|   8   | 9.79473489906372218238e-10 | 4.08019546534996032581e-07 |
-------------------------------------------------------------------

Scheme evaluation results:
Order: 8, No. cycles: 23
-------------------------------------------------------------------
Vector a: 0.74971221593142090001, -0.26842894670318295791, -0.15451013448200459632, -0.50646330026254082757, -0.18600631227792899236, 0.71172766688521249545, 0.45441691957810892433, -0.30683416656134027134, -0.24382255557109458466, -0.14061069866444161902, 0.21573634142132594449, 0.67508297070646550164
Vector b: 0.67105294919965496891, 0.15731853346353169565, -0.69417642686989755596, 0.38515615790588836331, -1.39808275843096985191, 1.02607013387511192271, 0.39738519989531323473, 0.51144863926090455841, -1.12511697238358521211, 0.63747186124139598729, -0.91869325857027916982, 1.35016594141293100328
-------------------------------------------------------------------
| Order |          Error^2           |         Efficiency         |
-------------------------------------------------------------------
|   2   | 6.24481373874340238608e-39 | 2.39212892939670920000e+16 |
|   4   | 4.62989012612919560233e-42 | 1.66074637658789600000e+15 |
|   6   | 3.40842929816858001832e-44 | 3.65894464315641328125e+13 |
|   8   | 9.95553888771090333516e-10 | 4.04710922349923006981e-07 |
-------------------------------------------------------------------

Scheme evaluation results:
Order: 8, No. cycles: 23
-------------------------------------------------------------------
Vector a: -0.20399478336336773765, -0.00893243042044951710, 0.64937615849357033238, -0.14797877326189662339, -0.49739686707175584379, -0.59263849457622674866, 0.58387599791843591834, -0.42749219995304948982, -0.86821424431150229228, 0.88570388504967478838, 1.25576844805178078346, 0.37192330344478641280
Vector b: 0.83882941943432220988, -2.08564840559538033915, 2.06778354475448100658, -0.76903122776734034183, 0.47307368124354709504, -1.46786741538705878263, 0.28259042623460528532, 0.88516156960226666239, -1.74014596950836564204, 0.00371748088536089311, 1.76769028921398896337, 0.74384660688957282559
-------------------------------------------------------------------
| Order |          Error^2           |         Efficiency         |
-------------------------------------------------------------------
|   2   | 4.52748996058896672991e-38 | 8.88414381014861900000e+15 |
|   4   | 7.79878647335333692652e-41 | 4.04645896936529687500e+14 |
|   6   | 3.43637673360959972076e-42 | 3.64403549776129248047e+12 |
|   8   | 1.01010146297684285080e-09 | 4.01786010975974422187e-07 |
-------------------------------------------------------------------

Scheme evaluation results:
Order: 8, No. cycles: 23
-------------------------------------------------------------------
Vector a: -0.51564187093221547364, 0.47832862612967014249, 0.06404117460469950507, -0.62119635334441802854, -0.22317814137410002528, -0.02514031881236468771, 0.59872169965744748144, 0.55667190281552580977, -0.54430059971855848655, -0.05555609006826314755, 1.07841612160134658893, 0.20883384944123037363
Vector b: -0.08388323232276093111, -0.86351727721890914058, 1.82017452947824942555, -1.69209218026885044317, 0.44969947358001433058, -0.89605575632821443666, 0.84577511870348509593, 0.35166828061140992245, 0.76167552501964175260, -1.85027672445675861468, 1.73916454432023237509, 0.41766769888246074727
-------------------------------------------------------------------
| Order |          Error^2           |         Efficiency         |
-------------------------------------------------------------------
|   2   | 7.84533424522189297005e-38 | 6.74898716776398600000e+15 |
|   4   | 1.60329563795723945170e-41 | 8.92445800841173875000e+14 |
|   6   | 8.53965216747424291618e-44 | 2.31160110338821171875e+13 |
|   8   | 1.02758404911655138863e-09 | 3.98353497657904409843e-07 |
-------------------------------------------------------------------

Scheme evaluation results:
Order: 8, No. cycles: 23
-------------------------------------------------------------------
Vector a: 1.06065884333358573244, 0.40433889795348965102, -0.69808730031152244067, -0.43275005986114900569, 0.31746957973465322889, -0.32599197445568967035, -0.32231232307625268252, 0.73184964940935171018, 0.71368094506838042346, -0.31623785302486973059, -0.29725157557868753244, 0.16463317080871017750
Vector b: 0.54831633834031312524, 1.02468500998654477030, -0.21600721407956571807, -1.18016738654347874693, 0.31466726682118162373, 0.32027189264812372382, -0.97225584155950239840, 0.32763119540699725540, 1.13606810341170594292, 0.29129378672505479297, -0.92376949277479403211, 0.32926634161741991091
-------------------------------------------------------------------
| Order |          Error^2           |         Efficiency         |
-------------------------------------------------------------------
|   2   | 5.25485578875280649772e-38 | 8.24639107741941300000e+15 |
|   4   | 3.53409224325799271308e-41 | 6.01104135029473375000e+14 |
|   6   | 6.67412168843307197531e-43 | 8.26867502180971875000e+12 |
|   8   | 1.04411383511677003502e-09 | 3.95187670592741108600e-07 |
-------------------------------------------------------------------

Scheme evaluation results:
Order: 8, No. cycles: 23
-------------------------------------------------------------------
Vector a: -0.86709952800731771028, 0.58534733068560185210, 0.20110430685228955494, -0.34402355735306477946, 0.32139656794178894650, -0.31688997573166771682, -0.13697640337401753574, -0.14611846183332977134, -0.13688311820017398657, 0.85094970210449005776, 0.74165682066201721323, 0.24753631625338382016
Vector b: -0.75360270825082598112, -0.22699363951298318076, 1.39768830088418671842, -0.99547968717960755303, 0.30743257247347782757, 0.33536056341010045401, -0.96914051487343588764, 0.69518770812540087167, -0.98742463179206063639, 0.71365839539171271877, 0.98824100881726706369, 0.49507263250676758481
-------------------------------------------------------------------
| Order |          Error^2           |         Efficiency         |
-------------------------------------------------------------------
|   2   | 5.73971850987445072250e-40 | 7.89040019679865920000e+16 |
|   4   | 7.29375850681067285416e-43 | 4.18420511432450400000e+15 |
|   6   | 3.28868195541526139523e-44 | 3.72496371127750000000e+13 |
|   8   | 1.06202883455254945126e-09 | 3.91840351859652569733e-07 |
-------------------------------------------------------------------

Scheme evaluation results:
Order: 8, No. cycles: 23
-------------------------------------------------------------------
Vector a: -0.36635658012390981408, -0.21463676886663349275, -0.30999449331112821637, 0.18310654163115300253, 0.16335005541682348640, -0.36263385311435131220, 0.66210720540401934997, 1.13414085212728821261, -0.08115582899678702722, -0.76235375708838970521, 0.48924696595657962694, 0.46517966096533586162
Vector b: 0.11439464869119841950, -0.96150245763021768841, 0.53222891989695053638, -1.15221790651920907855, 1.51843098978151491707, -1.19173087894786577934, 0.46646317271916337699, 0.85775123808887610011, 1.41053046616570498806, -1.57284212415927893147, 0.04813460998249195766, 0.93035932193067116813
-------------------------------------------------------------------
| Order |          Error^2           |         Efficiency         |
-------------------------------------------------------------------
|   2   | 3.97475506808805712533e-39 | 2.99839705107658120000e+16 |
|   4   | 5.71953981198817335668e-41 | 4.72506853636778000000e+14 |
|   6   | 2.59236867460462354618e-42 | 4.19550846262314404297e+12 |
|   8   | 1.07309314065784039523e-09 | 3.89815050074140022552e-07 |
-------------------------------------------------------------------

Scheme evaluation results:
Order: 8, No. cycles: 23
-------------------------------------------------------------------
Vector a: 0.27382071126551771334, 0.71620653890448116030, 0.19579837869015900842, -0.74396010221914465887, -0.10058567393290196446, 0.47387846682978501667, 0.53301255509146194811, -0.27136611129088861194, -0.40446750380238405409, 0.67485054663308241540, 0.07105483968630586789, -0.41824264585547377138
Vector b: 0.13726661399631756577, 0.27310819453840051718, 1.15930488327056213649, -0.76770812589024384209, -0.72021207854804669690, 0.51904073068224265697, 0.42871620297732809801, 0.63730890720559663087, -1.18004112978737429884, 0.37110612218260541351, 0.97859497108356052752, -0.83648529171094865298
-------------------------------------------------------------------
| Order |          Error^2           |         Efficiency         |
-------------------------------------------------------------------
|   2   | 4.71713026015521858178e-36 | 8.70372966250748375000e+14 |
|   4   | 8.93916316362087305884e-41 | 3.77955112005620437500e+14 |
|   6   | 6.36660319929102646794e-42 | 2.67718937236339013672e+12 |
|   8   | 1.08809820256584089032e-09 | 3.87117910899176749165e-07 |
-------------------------------------------------------------------

Scheme evaluation results:
Order: 8, No. cycles: 23
-------------------------------------------------------------------
Vector a: 0.15083825324850791416, -0.04356930033341366304, -0.65954695782730032860, 0.40814936705426435593, -0.53889309092170745163, -0.17055542390819680709, 0.89261159475390039475, 0.67466249322120064313, -0.72105582030417914030, -0.92299397590758702759, 0.93248214456348776924, 0.99787071636102331329
Vector b: -0.88712775297458279500, 2.07593201244618130730, -2.16307061311300863338, 0.84397669745840797617, -0.02767796334987758858, -1.05010821849353908064, 0.70899737067714529992, 1.07622581883065571162, 0.27309916761174540811, -1.71521080822010363320, -0.13077714359507086606, 1.99574143272204684862
-------------------------------------------------------------------
| Order |          Error^2           |         Efficiency         |
-------------------------------------------------------------------
|   2   | 2.84766268726232025885e-39 | 3.54242003605399680000e+16 |
|   4   | 2.00793616992409024705e-41 | 7.97468806680575375000e+14 |
|   6   | 1.69864893935362370396e-42 | 5.18299950968019628906e+12 |
|   8   | 1.12962242072324733253e-09 | 3.79936187132247715575e-07 |
-------------------------------------------------------------------

Scheme evaluation results:
Order: 8, No. cycles: 23
-------------------------------------------------------------------
Vector a: 0.19861372236172061823, -0.00083301164872843299, -0.79738386886230860906, 0.40859140638458668615, 0.49225215545638612014, 0.52987175024161592418, -0.23447223834832855993, -0.91963761873652982715, -0.49524620493992077552, 0.15710343557322414831, 0.96983895252979923640, 0.69130151998848343720
Vector b: -0.73279496360530427257, 1.86281737193404950403, -1.86448339523150630193, 0.26971565750688925034, 0.54746715526228439952, 0.43703715565048778524, 0.62270634483274411863, -1.09165082152940118299, -0.74762441594365824926, -0.24286799393618310750, 0.55707486508263137637, 1.38260303997696687439
-------------------------------------------------------------------
| Order |          Error^2           |         Efficiency         |
-------------------------------------------------------------------
|   2   | 7.17464813734306340313e-41 | 2.23174219417280032000e+17 |
|   4   | 4.94658357906660426036e-42 | 1.60670438960329250000e+15 |
|   6   | 1.54519327403852304849e-43 | 1.71846851405398476562e+13 |
|   8   | 1.14238225161571806871e-09 | 3.77808381473799177994e-07 |
-------------------------------------------------------------------

Scheme evaluation results:
Order: 8, No. cycles: 23
-------------------------------------------------------------------
Vector a: -0.75536471290780671239, 0.17062904977818035834, 1.04715167394975172677, 0.08631500322215016063, -0.33763439483022028575, 0.62548569788488617149, -0.62951661431683547665, -0.50878037917458218686, 0.40119229385009336220, -0.40291385916151578606, 0.43939871069289732075, 0.86403753101300140305
Vector b: -0.66954608712424046324, -0.17163725156713277586, 0.51289535112349371460, 1.58140799677600973894, -1.40877799033170947318, 0.73350920067126890167, 0.51746219509850366336, -1.77649542373217461666, 0.75893466538301013191, 0.04344992231717646758, -0.84927764064020794255, 1.72807506202600258405
-------------------------------------------------------------------
| Order |          Error^2           |         Efficiency         |
-------------------------------------------------------------------
|   2   | 1.67169301600093377293e-40 | 1.46206292339054784000e+17 |
|   4   | 9.97724506599269754498e-42 | 1.13131445463930050000e+15 |
|   6   | 4.51708183649833601831e-43 | 1.00508780705442871094e+13 |
|   8   | 1.14335194856348794339e-09 | 3.77648134514500310092e-07 |
-------------------------------------------------------------------

Scheme evaluation results:
Order: 8, No. cycles: 23
-------------------------------------------------------------------
Vector a: -0.48677021079028659489, 0.17404104477920359639, 0.85626912480910899461, -0.84145933087405122563, -0.71768621731024895283, 0.32915569638973579680, 0.62269165823917738134, -0.14717158850016093252, -0.74607768195953394486, 0.57494687187935111794, 1.06131426718737187365, 0.32074636615033297327
Vector b: 0.17948188035117745853, -1.33250418228292799583, 1.68058627184133513310, 0.03195197777688275204, -1.71487063952498530739, 0.27949820490448729071, 0.37881318787498430289, 0.86657012860337057081, -1.16091330560369243585, -0.33124205831537556488, 1.48113580207407791178, 0.64149273230066594653
-------------------------------------------------------------------
| Order |          Error^2           |         Efficiency         |
-------------------------------------------------------------------
|   2   | 5.75406780614913684931e-39 | 2.49205050856136920000e+16 |
|   4   | 1.00599216753878617522e-41 | 1.12665605799351525000e+15 |
|   6   | 1.13248761255082777863e-43 | 2.00731834543005585938e+13 |
|   8   | 1.15082509246235692580e-09 | 3.76419965487223896630e-07 |
-------------------------------------------------------------------

Scheme evaluation results:
Order: 8, No. cycles: 23
-------------------------------------------------------------------
Vector a: 0.89723212136859942234, -0.74660948148849604067, -0.65808381046915986889, 0.13463512688756906766, -0.30065200155379478986, -0.22080954328404142628, 1.05185022194831434561, -0.03990187456678196548, -0.84461628084511020109, 0.55807538654847244075, 0.81360470470082013605, 0.35527543075360895619
Vector b: 0.91866991029933886548, -0.04287557786147897648, -1.45034338511551319506, 0.13417576417719412341, 0.13509448959794304046, -0.73639849270553214833, 0.29477940613744924025, 1.80892103775917911790, -1.88872478689274303498, 0.19949222520252274382, 0.91665854789442224870, 0.71055086150721791238
-------------------------------------------------------------------
| Order |          Error^2           |         Efficiency         |
-------------------------------------------------------------------
|   2   | 3.58732406867153170156e-40 | 9.98065450884983200000e+16 |
|   4   | 3.01279169829835670249e-42 | 2.05875232642602475000e+15 |
|   6   | 1.51683558959433510848e-43 | 1.73445776461224550781e+13 |
|   8   | 1.17612736004701340682e-09 | 3.72348951591841695276e-07 |
-------------------------------------------------------------------

Scheme evaluation results:
Order: 8, No. cycles: 23
-------------------------------------------------------------------
Vector a: -0.50189233008441636041, -0.35076214463731020254, 0.83663499621640469162, -0.04943270655085250237, -0.41625645566714830625, 0.46845294280598437364, -0.21049139385124887580, -0.29298979216512321955, -0.17781910866950384476, 0.33294852579548533944, 1.00278736813109436987, 0.35882009867663450242
Vector b: 0.06592615215036325138, -1.13563696446955919583, 0.43411267519493873523, 1.23915731723787048146, -1.33802273033957552784, 0.50550981900527891533, 0.43139606660668988747, -0.85237885430918758356, 0.26639926997894131100, -0.62203748731794916704, 1.28793453890891984592, 0.71764019735326911587
-------------------------------------------------------------------
| Order |          Error^2           |         Efficiency         |
-------------------------------------------------------------------
|   2   | 3.90300858671462649130e-40 | 9.56851571758683680000e+16 |
|   4   | 1.78315229585332972275e-42 | 2.67605131710126050000e+15 |
|   6   | 1.70524479942267729367e-44 | 5.17296591753544609375e+13 |
|   8   | 1.18208517772579846174e-09 | 3.71409429849520691437e-07 |
-------------------------------------------------------------------

Scheme evaluation results:
Order: 8, No. cycles: 23
-------------------------------------------------------------------
Vector a: -0.57972369296781800507, 0.39008631773721491598, 0.44037051003379468206, 0.56412403712746927997, -0.20611072994092261013, -0.89184924140688592864, -0.39471777395027085600, 0.10333539800018874677, -0.28755624925504674749, 0.01102482911887793689, 1.15602567329793970430, 0.69499092220545888310
Vector b: -0.74342452556464844182, 0.32740166519366148412, 0.45277097028076757068, 0.42797004978682201548, 0.70027802446811693304, -1.11249948434996226432, -0.67119899846381059216, -0.11823654943673619910, 0.32490734543711613513, -0.90001984394720702110, 0.92206950218496275262, 1.38998184441091754415
-------------------------------------------------------------------
| Order |          Error^2           |         Efficiency         |
-------------------------------------------------------------------
|   2   | 2.86985925493722536125e-40 | 1.11587109708640016000e+17 |
|   4   | 4.39727458105127596856e-42 | 1.70410701121170050000e+15 |
|   6   | 4.72960811225896620306e-43 | 9.82246308365452539062e+12 |
|   8   | 1.19259171912587081235e-09 | 3.69769781905541861966e-07 |
-------------------------------------------------------------------

Scheme evaluation results:
Order: 8, No. cycles: 23
-------------------------------------------------------------------
Vector a: 0.70828795298111513201, -0.38791706126338576510, -0.35670528779966848010, -0.46121828625972799420, -0.84657784760311061145, -0.01943863024101891504, 0.17082397823680761650, 0.74331358179588702395, 1.08904917014795965535, -0.60186138724390836341, -0.00369130106809136471, 0.96593511831714218285
Vector b: 0.52237332979002382150, 0.37182924638218256552, -1.14766336890895415124, 0.43425279330961719104, -1.35668936582907329047, -0.33646632937714787692, 0.29758906889511005378, 0.04405888757850492249, 1.44256827601326920174, 0.73553006428265033101, -1.93925283877046727987, 1.93187023663428436571
-------------------------------------------------------------------
| Order |          Error^2           |         Efficiency         |
-------------------------------------------------------------------
|   2   | 5.79711569497319522973e-39 | 2.48278060473564920000e+16 |
|   4   | 2.09480545337687005438e-41 | 7.80758656389935375000e+14 |
|   6   | 5.27473590130817930620e-43 | 9.30106381070760156250e+12 |
|   8   | 1.24794494834031799789e-09 | 3.61476108478699871137e-07 |
-------------------------------------------------------------------

Scheme evaluation results:
Order: 8, No. cycles: 23
-------------------------------------------------------------------
Vector a: -0.05022117179196746578, 0.58163148966870725776, -0.72483783987825900486, -0.38512561493994829087, -0.14467263623852846810, -0.16174984298240299707, 0.43437235450422306826, 0.54921127691585858166, 0.56746407319561431581, -0.24292774377987352841, 0.03359291734196676732, 0.54326273798460988917
Vector b: -0.76860460573390187999, 1.43676686788386875904, -0.27350388854645429904, -1.17617179121006376619, 0.40592056133016729547, -0.69526583380722439820, 0.37176614784241840406, 0.49697856116602767695, 0.60144399266568948637, 0.53348415372553914526, -1.01933964128528620208, 1.08652547596921977835
-------------------------------------------------------------------
| Order |          Error^2           |         Efficiency         |
-------------------------------------------------------------------
|   2   | 6.01809485760336158255e-39 | 2.43677153898424640000e+16 |
|   4   | 9.86514118884671217930e-43 | 3.59779988293900050000e+15 |
|   6   | 1.23874305286877780548e-44 | 6.06935259051993437500e+13 |
|   8   | 1.29830782298181596223e-09 | 3.54395725357026982153e-07 |
-------------------------------------------------------------------

Scheme evaluation results:
Order: 8, No. cycles: 23
-------------------------------------------------------------------
Vector a: -0.56142974307393000988, 0.56660050785843185661, -0.23330921575996158013, -0.12200555613782625153, -0.10740710587373719642, -0.02263016530616093411, 0.87397366549849830886, 0.52267321054617543741, -0.50205968493143759979, -0.81673554761873301544, 0.59647758497006619915, 0.80585204982861469158
Vector b: -0.86750899834100403396, 0.61215851053414804817, 0.52104250518271588710, -0.98766093670263876980, 0.74364982442698612797, -0.95846403617446196410, 0.91320370556214014446, 0.83474362543485758348, 0.21060279565749343011, -1.21472216552036860193, -0.41874892971709715139, 1.61170409965722960521
-------------------------------------------------------------------
| Order |          Error^2           |         Efficiency         |
-------------------------------------------------------------------
|   2   | 1.47862323462503193675e-38 | 1.55458890848687840000e+16 |
|   4   | 1.04144501868620404711e-41 | 1.10731321362248150000e+15 |
|   6   | 2.11103595178624630109e-43 | 1.47022962366866367188e+13 |
|   8   | 1.32723105705933460650e-09 | 3.50512930703434043109e-07 |
-------------------------------------------------------------------

Scheme evaluation results:
Order: 8, No. cycles: 23
-------------------------------------------------------------------
Vector a: -0.82438048954832177095, 0.63038344059692597021, 0.89047670461673222864, 0.52025734597033201911, -0.22514870154405181024, -0.00201811830081667426, 0.22216783956811722578, -0.88511711236622925281, -0.27378187755337113352, 0.44456510759087591866, 0.33441595598167295211, 0.16817990498813426004
Vector b: -0.75250113695844433881, -0.14375870517975575247, 1.40452558637360835903, 0.37642782285985698643, 0.66408686908080349909, -1.11438427216890723059, 1.11034803556727390550, -0.66601235643103917639, -1.10422186830141599856, 0.55665811319467417562, 0.33247210198707694007, 0.33635980997626874212
-------------------------------------------------------------------
| Order |          Error^2           |         Efficiency         |
-------------------------------------------------------------------
|   2   | 1.92584775161817445092e-37 | 4.30758000642698800000e+15 |
|   4   | 7.69437222153033399452e-41 | 4.07382210160212500000e+14 |
|   6   | 5.81277573884931648910e-43 | 8.86015256064780859375e+12 |
|   8   | 1.35761544852965989744e-09 | 3.46568371982293500466e-07 |
-------------------------------------------------------------------

Scheme evaluation results:
Order: 8, No. cycles: 23
-------------------------------------------------------------------
Vector a: 0.50695045103847546919, -0.30962339309910130725, 0.11637059088971885012, -0.34784835613595943560, -0.49296254517831356035, 0.79334546291132457263, 0.50923843787136591210, -0.19898977466197609321, -1.00978332782439661486, 0.37353693889584849153, 1.01999095159940811328, 0.03977456369360559546
Vector b: 0.29960911679251656103, 0.41468266849191787182, -1.03392945469012054183, 1.26667063646955813105, -1.96236734874147678021, 0.97644225838484965951, 0.61024866743779926370, 0.40822820830493228295, -0.80620775762888452487, -1.21335889801990837178, 1.96043277581160513279, 0.07954912738721107990
-------------------------------------------------------------------
| Order |          Error^2           |         Efficiency         |
-------------------------------------------------------------------
|   2   | 4.60787516673526699622e-37 | 2.78479977685000950000e+15 |
|   4   | 1.07163150556593869047e-41 | 1.09160601312260675000e+15 |
|   6   | 6.13899371528631903255e-43 | 8.62153090861516308594e+12 |
|   8   | 1.41927137545120037330e-09 | 3.38956986538918873982e-07 |
-------------------------------------------------------------------

Scheme evaluation results:
Order: 8, No. cycles: 23
-------------------------------------------------------------------
Vector a: -0.35781473530295665464, -0.06587325441272777471, 0.21623734047702869443, 0.78894343673319700105, -0.09284941601208714090, -0.53291552066222058759, -0.11350264221412038890, 0.94829237388792764207, -0.40423215896656011781, -0.63988112255506179871, 0.67726501429035679269, 0.57633068473722426361
Vector b: -1.14979319545667757474, 1.58395692030744172918, -1.71570342913289741738, 2.14817811008695480623, -0.57029123662056069310, 0.38459240459638649456, -1.45042344592082783628, 1.22341816149258697521, 0.67316658628326819791, -1.48163090421638843353, 0.20186865910626503040, 1.15266136947444852723
-------------------------------------------------------------------
| Order |          Error^2           |         Efficiency         |
-------------------------------------------------------------------
|   2   | 9.19502905281887005745e-39 | 1.97136832878659200000e+16 |
|   4   | 8.73569462660090962014e-42 | 1.20903795266813325000e+15 |
|   6   | 1.23397056420243718094e-43 | 1.92300575488019648438e+13 |
|   8   | 1.43977359327714043520e-09 | 3.36534978211254002577e-07 |
-------------------------------------------------------------------

Scheme evaluation results:
Order: 8, No. cycles: 23
-------------------------------------------------------------------
Vector a: -0.53119559109434666411, -0.40811168235918521274, 0.42791590055273964754, 0.62269555507377349901, 0.60555784316860394867, -0.23788337456659677804, -0.28171828292678058325, -0.24940418419532525696, -0.79568190170178343390, 0.15234425388919289879, 1.11016170703584138302, 0.58531975712386652422
Vector b: 0.07007935006854870696, -1.20254988232579074214, 0.38632651760742037217, 0.46950528349805892292, 0.77588582664948801959, 0.43522985968771987775, -0.91099660882091337832, 0.34756004296735232284, -0.84636841135800278124, -0.74499539204556408656, 1.04968389982394993964, 1.17063951424773304844
-------------------------------------------------------------------
| Order |          Error^2           |         Efficiency         |
-------------------------------------------------------------------
|   2   | 3.41226265412036095453e-39 | 3.23610870337466320000e+16 |
|   4   | 9.55405292976660278956e-42 | 1.15609849133739700000e+15 |
|   6   | 8.83038695979099966354e-44 | 2.27322862533736953125e+13 |
|   8   | 1.44123850023696058562e-09 | 3.36363903899974199612e-07 |
-------------------------------------------------------------------

Scheme evaluation results:
Order: 8, No. cycles: 23
-------------------------------------------------------------------
Vector a: 0.33946869356967440678, -0.25030760532876245028, 0.41713063345868844900, -0.43960407368787096649, -0.64929514858490045004, 0.33447384164582127930, 0.47275282956537123535, 0.57175695898748035706, -0.19285079179047098785, -0.76972901291858897288, 0.47005584341949535609, 0.69614783166406268844
Vector b: 0.71452411927571923833, -0.75011085141208888594, 0.24949564075456298617, 0.58476562616281579920, -1.46397377353855762117, 0.16538347636875777580, 0.50356420692288283991, 0.44194145220785918671, 0.70157246576710141639, -1.08727404934804305903, -0.45218397648913433162, 1.39229566332812471074
-------------------------------------------------------------------
| Order |          Error^2           |         Efficiency         |
-------------------------------------------------------------------
|   2   | 4.45402156366257376066e-39 | 2.83248859802530160000e+16 |
|   4   | 2.83903068872207938569e-42 | 2.12081903361145825000e+15 |
|   6   | 1.50795759902457942300e-43 | 1.73955601862627226562e+13 |
|   8   | 1.47107898546759008150e-09 | 3.32934895000200666783e-07 |
-------------------------------------------------------------------

Scheme evaluation results:
Order: 8, No. cycles: 23
-------------------------------------------------------------------
Vector a: -0.76977118837371627524, 0.73125717138034795894, 0.13109583311228042990, -0.34208277283197968677, -0.41318237059019691237, 0.02976531126936261817, 0.94034473352568181959, 0.52903012235033453070, 0.68160577803287647480, 0.38379644462718670583, -0.46234455955520864512, -0.43951450294696892129
Vector b: -0.78450354769656638343, 0.02946471864570021290, 1.43304962411499570152, -1.17085795789043478621, 0.48669241222647524614, -1.31305715340686890436, 1.37258777594559422397, 0.50810169110576930418, 0.54995855359489997927, 0.81325300247085285932, -0.04566011321647945459, -0.87902900589393784259
-------------------------------------------------------------------
| Order |          Error^2           |         Efficiency         |
-------------------------------------------------------------------
|   2   | 1.28397503065891462662e-37 | 5.27552929358848300000e+15 |
|   4   | 3.80816870664912287194e-41 | 5.79069333366306125000e+14 |
|   6   | 3.48551781940058954728e-42 | 3.61825632706421093750e+12 |
|   8   | 1.47485840291577848831e-09 | 3.32508038055322243876e-07 |
-------------------------------------------------------------------

Scheme evaluation results:
Order: 8, No. cycles: 23
-------------------------------------------------------------------
Vector a: 0.46648599202586837897, -0.40230341126445401390, -0.36208664130407397508, 0.37226635179252526298, -0.30946816904818985616, 0.18843979779500236171, 0.86298932485434209916, -0.25959887321929275839, -0.84714074521573323739, -0.13759394646042999444, 0.80002118693528112559, 0.62798913310915460695
Vector b: 0.22160189649498915343, 0.48976819106175845109, -1.29437501359066642337, 0.57020173098251858423, 0.17433097260253188621, -0.79326731069891165404, 1.17014690628891626645, 0.55583174341976782085, -1.07502948985835344864, -0.61925200057311302615, 0.34406410765225298176, 1.25597826621830921390
-------------------------------------------------------------------
| Order |          Error^2           |         Efficiency         |
-------------------------------------------------------------------
|   2   | 2.29588740394978028900e-40 | 1.24758181360622912000e+17 |
|   4   | 1.62550621861678780227e-42 | 2.80281438827854400000e+15 |
|   6   | 4.05721406568459151571e-44 | 3.35365993603288125000e+13 |
|   8   | 1.51099335388453735383e-09 | 3.28508064007033748144e-07 |
-------------------------------------------------------------------

Scheme evaluation results:
Order: 8, No. cycles: 23
-------------------------------------------------------------------
Vector a: 0.44534014690577267137, 0.93575510904099445941, -0.08684544458732033900, -0.82706589814331632482, -0.52144439521683105809, -0.00935317740836699718, 1.28878379666474107701, 0.12468129125210986041, -0.33425076070065862233, -0.16779246906290548602, -0.17398448714781211688, 0.32617628840359280673
Vector b: 0.23519771183577781182, 0.42028487013999221711, 1.45122534794202806552, -1.62491623711667010355, -0.02921555916998780367, -1.01367323126369934805, 0.99496687644696513164, 1.58260071688256553912, -1.33323813437834370887, 0.66473661297700903372, -1.00032155110282250376, 0.65235257680718572448
-------------------------------------------------------------------
| Order |          Error^2           |         Efficiency         |
-------------------------------------------------------------------
|   2   | 2.61007299450402136593e-35 | 3.70013867814540125000e+14 |
|   4   | 1.00453832038204917751e-39 | 1.12747105601113109375e+14 |
|   6   | 6.04161904003494156126e-41 | 8.69073115595410156250e+11 |
|   8   | 1.51949613628355024303e-09 | 3.27587643390146826783e-07 |
-------------------------------------------------------------------

Scheme evaluation results:
Order: 8, No. cycles: 23
-------------------------------------------------------------------
Vector a: -0.05096286764496267552, 0.11534733701876642709, -0.67637651314288294024, 0.36246342120214558591, 0.60146011468513038700, 0.47878996007929536249, -0.35876515425483934685, -0.90703947309729859860, -0.07394359587427180858, 0.23586122570861561831, 0.62818962328066774159, 0.64497592203963427515
Vector b: -0.86079678590231756274, 1.61966783651470991323, -1.38897316247717705906, 0.03622013619141165736, 0.68870670621287910507, 0.51421352315738166894, 0.44336639700120905605, -1.16089670551088786077, -0.65318224068370955848, 0.50529504893516596908, -0.03357259751793386510, 1.28995184407926855030
-------------------------------------------------------------------
| Order |          Error^2           |         Efficiency         |
-------------------------------------------------------------------
|   2   | 1.52102540511672944146e-40 | 1.53276683189830240000e+17 |
|   4   | 2.16640742584616719165e-42 | 2.42783175834058400000e+15 |
|   6   | 1.29174675674520454103e-43 | 1.87950849936982539062e+13 |
|   8   | 1.53640407451249536235e-09 | 3.25780125855523314049e-07 |
-------------------------------------------------------------------

Scheme evaluation results:
Order: 8, No. cycles: 23
-------------------------------------------------------------------
Vector a: 0.57691154562227597857, -0.12188628130974632491, -0.72158285920195130991, -0.57758590178985114161, 0.59059330956235112087, -0.46601010413199916993, 0.09641996316838348513, 0.93695356932209650225, -1.07617236502137969545, -0.02993595351388527934, 1.41150235398274648269, 0.38079272331095914694
Vector b: 0.75534389622485376137, -0.35686470120515578763, 0.11309213858566220801, -1.55625785698956353720, 0.40108605340986130949, 0.78010056571484087673, -1.71212077397883910557, 1.90496070031560593705, -0.03105356167141350848, -2.12129116837134512608, 2.06141926134357467149, 0.76158544662191829389
-------------------------------------------------------------------
| Order |          Error^2           |         Efficiency         |
-------------------------------------------------------------------
|   2   | 1.48673058702022959840e-37 | 4.90261951673906100000e+15 |
|   4   | 8.42068273182069074259e-41 | 3.89417086873643812500e+14 |
|   6   | 1.04127805882578224692e-41 | 2.09338749352586132812e+12 |
|   8   | 1.54567301244436468769e-09 | 3.24801854148350566778e-07 |
-------------------------------------------------------------------

Scheme evaluation results:
Order: 8, No. cycles: 23
-------------------------------------------------------------------
Vector a: -0.54067321833946535570, 0.71230023651255736095, 0.34012586068146150042, 0.27965803333538918896, -0.19221300691367615432, -0.35017173642341847817, 0.31013638817193323050, -0.43088800957123901680, -0.47981751045686316104, -0.06760015672587327273, 0.64540796511554243686, 0.77373515461365161006
Vector b: -0.83406704348213500655, 0.58678765028533919068, 0.83781282273977553121, -0.15756110137685269690, 0.71687716804763135237, -1.10130318187498366100, 0.40095970902814670467, 0.21931306731571981183, -1.08108908645819790095, 0.12145406554447178704, -0.25665437899621845741, 1.54747030922730322011
-------------------------------------------------------------------
| Order |          Error^2           |         Efficiency         |
-------------------------------------------------------------------
|   2   | 1.27192162178817828011e-38 | 1.67615490743553600000e+16 |
|   4   | 1.39289067353886816850e-42 | 3.02782060898677650000e+15 |
|   6   | 1.24160141436033880319e-43 | 1.91708727535976953125e+13 |
|   8   | 1.61611153966505115079e-09 | 3.17644723998151365017e-07 |
-------------------------------------------------------------------

Scheme evaluation results:
Order: 8, No. cycles: 23
-------------------------------------------------------------------
Vector a: -0.54194862336163029948, 0.79041153419407461644, 0.57717131910369012804, -0.54269983487836570557, -0.64634734350073752562, 0.83954785960248179411, 0.79538505376158297189, -0.77015379719552023996, -0.59951464586377767318, -0.20604801556779694938, 0.46167792477314356647, 0.84251856893285537176
Vector b: -0.90715263017545755275, 0.73040801362765450655, 0.85041505476049461532, 0.30392758344688569627, -1.38932725320361716292, 0.09663256620214218107, 1.58246315300282125449, 0.00830695452034463204, -1.54861454891138516921, 0.34958525718382971181, -0.76168128831942361057, 1.68503713786571074351
-------------------------------------------------------------------
| Order |          Error^2           |         Efficiency         |
-------------------------------------------------------------------
|   2   | 3.72220745365358129354e-39 | 3.09844677843648640000e+16 |
|   4   | 2.97138332867755835804e-41 | 6.55555272598229375000e+14 |
|   6   | 7.56836818889967817412e-43 | 7.76482832247081250000e+12 |
|   8   | 1.73758815466674541800e-09 | 3.06340127105304790002e-07 |
-------------------------------------------------------------------

Scheme evaluation results:
Order: 8, No. cycles: 23
-------------------------------------------------------------------
Vector a: -0.97401559967171080778, -0.06957685887204521913, 0.84090049715108750039, 0.29717725866176958327, -0.15360627649894703639, -0.35166205588859628106, -0.45784067695353691807, 0.57779590296133032101, -0.25876175266143597309, 0.09600176382602261527, 1.07663372305528981521, 0.37695407489077242813
Vector b: -0.85338017115784059463, -0.24127085702669018308, 0.10211713928269953999, 1.57968385501842378815, -0.98532933769481745312, 0.67811678469689151694, -1.38144089647426593359, 0.46575954256761065153, 0.68983226335456881984, -1.20735576867752825159, 1.39935929632952360535, 0.75390814978142439706
-------------------------------------------------------------------
| Order |          Error^2           |         Efficiency         |
-------------------------------------------------------------------
|   2   | 5.17513890466782380644e-34 | 8.30966130056047968750e+13 |
|   4   | 3.91307700025870816145e-36 | 1.80646461479349951172e+12 |
|   6   | 1.53012503893372882305e-39 | 1.72690927837685058594e+11 |
|   8   | 1.73910243370331468323e-09 | 3.06206729139086389865e-07 |
-------------------------------------------------------------------

Scheme evaluation results:
Order: 8, No. cycles: 23
-------------------------------------------------------------------
Vector a: -0.56010480224536196570, 0.57378078126566545158, 0.48265676128312556825, 0.29480410571970366851, -0.37925083107401175164, -0.30393392511945338530, 0.21198171682199454247, 0.60938960051455492994, -0.01058256059070387771, -1.01084662428921467914, 0.37247034602207951259, 0.71963543169162191848
Vector b: -0.76565873956575625225, 0.41110787464078857312, 0.73645368789054233005, 0.22885983467570863992, 0.36074837676369880812, -1.11925003891172236692, 0.51138218867281537428, -0.08741875502882656690, 1.30619795605793687088, -1.32736307723934454650, -0.69433017133908481178, 1.43927086338324383696
-------------------------------------------------------------------
| Order |          Error^2           |         Efficiency         |
-------------------------------------------------------------------
|   2   | 7.53051068495527934792e-39 | 2.17837233768436320000e+16 |
|   4   | 4.21314396283899500544e-41 | 5.50535725203851687500e+14 |
|   6   | 2.11398753931089531458e-42 | 4.64602746022146484375e+12 |
|   8   | 1.79678208327456716435e-09 | 3.01251770281874872467e-07 |
-------------------------------------------------------------------

Scheme evaluation results:
Order: 8, No. cycles: 23
-------------------------------------------------------------------
Vector a: -0.82921822863621574839, 0.88127619386413025282, 1.02874430912896697166, -0.04484968949291433943, -0.86626590570714578909, -0.28590806616514102823, 0.61472960001601839597, 0.32115749605263932409, -0.80517487297561285420, -0.10737199897244563418, 0.96089999452562879778, 0.13198116836209178304
Vector b: -0.79257020729672511550, -0.07329604267898122416, 1.83584843040724154939, 0.22164018785069403150, -0.31133956683652252995, -1.42119224457777093562, 0.84937611224748865713, 0.38008308778454752419, 0.26223190432073462119, -1.87258165027196321617, 1.65783765232707192006, 0.26396233672418473182
-------------------------------------------------------------------
| Order |          Error^2           |         Efficiency         |
-------------------------------------------------------------------
|   2   | 7.07942620726424626564e-37 | 2.24670110212960200000e+15 |
|   4   | 6.52822477669232427326e-41 | 4.42273691439159687500e+14 |
|   6   | 2.50467966918274083897e-43 | 1.34976104081813964844e+13 |
|   8   | 1.85499602123892998465e-09 | 2.96487112599943731264e-07 |
-------------------------------------------------------------------

Scheme evaluation results:
Order: 8, No. cycles: 23
-------------------------------------------------------------------
Vector a: -0.51219095456417063073, 0.80296213881646649746, 0.29896332916555290460, -0.13325691297166619709, 0.37911512244944056693, -0.36431764338091049416, -0.30282982498984289954, -0.29179710345020792861, -0.60357433308064112332, 0.52121333829077132194, 0.89727562478585087824, 0.30843721892935721529
Vector b: -0.68648207246762060763, 0.34858223580690017585, 1.25734204182603259703, -0.65941538349492689886, 0.39290155755159450468, 0.36532868734728657367, -1.09396397410910761749, 0.48830432412942187392, -1.07189853102983767563, -0.13525013513144459876, 1.17767681171298721488, 0.61687443785871443058
-------------------------------------------------------------------
| Order |          Error^2           |         Efficiency         |
-------------------------------------------------------------------
|   2   | 2.55417473689413057151e-40 | 1.18282099727195520000e+17 |
|   4   | 3.22999296026870334848e-43 | 6.28764289414310000000e+15 |
|   6   | 1.09208551318483792896e-44 | 6.46404931168916562500e+13 |
|   8   | 1.89355550838723425479e-09 | 2.93452822827171444248e-07 |
-------------------------------------------------------------------

Scheme evaluation results:
Order: 8, No. cycles: 23
-------------------------------------------------------------------
Vector a: -0.38022558366799930063, 0.39347359868538828165, 0.32329347254253609778, 0.32828766370379253159, 0.62828414321330161574, 0.14556441684137763626, -0.30196727371936965545, 0.23872019202038660679, -0.28003733742441211385, -0.87767717578871906614, 0.20586448790806843867, 0.57641939568564903862
Vector b: -0.60957618229575161184, 0.45870119725550473344, 0.32824600011527171883, 0.31834094496980103184, 0.33823438243778330969, 0.91833390398882031036, -0.62720507030606498233, 0.02327052286732314915, 0.45416986117345253815, -1.01424453602227715443, -0.74110981555516119990, 1.15283879137129807724
-------------------------------------------------------------------
| Order |          Error^2           |         Efficiency         |
-------------------------------------------------------------------
|   2   | 1.29143666472175141256e-40 | 1.66344241814163872000e+17 |
|   4   | 1.59215531516585715598e-41 | 8.95562583319038000000e+14 |
|   6   | 1.08514845929038203885e-42 | 6.48467783558561035156e+12 |
|   8   | 1.91821648348419853365e-09 | 2.91560376617898185813e-07 |
-------------------------------------------------------------------

Scheme evaluation results:
Order: 8, No. cycles: 23
-------------------------------------------------------------------
Vector a: -0.73955895507098790009, -0.47608591482164136499, 0.43298809482852407271, 0.66294022929011098277, 0.37132319120828938264, 0.35490811125945043170, 0.44276507656350266862, -0.13527433732724905568, -1.55133144022878299850, -0.00007825812759648167, 1.38884175118677699601, 0.24856245123960346577
Vector b: -0.30994456302535583481, -0.85922878409126413057, -0.09294304555201839124, 0.95891923520906641176, 0.36696122337115566481, 0.37568515904542298944, 0.33413106347347765190, 0.55139908965352779635, -0.82194776430802574119, -2.28071511614953559288, 2.28055859989434273061, 0.49712490247920670949
-------------------------------------------------------------------
| Order |          Error^2           |         Efficiency         |
-------------------------------------------------------------------
|   2   | 2.71402589739413402414e-38 | 1.14745941641145220000e+16 |
|   4   | 6.34353801815201439836e-41 | 4.48665713378103000000e+14 |
|   6   | 1.20861784820742204002e-41 | 1.94307015954869653320e+12 |
|   8   | 1.96402065888622079575e-09 | 2.88140487108005863683e-07 |
-------------------------------------------------------------------

Scheme evaluation results:
Order: 8, No. cycles: 23
-------------------------------------------------------------------
Vector a: -0.99226914403823562871, -0.10091344325543337435, 0.95401957877021825727, 0.09999812442713230942, -0.23633080785286922354, -0.42846014145205751911, -0.48112113416518825781, -0.02293636656758051007, 0.43916517371533569936, 0.96620564912336981411, 0.52296709233095162173, 0.27967541896435693660
Vector b: -0.58713848247957545201, -0.81026132311732035340, 0.60843443660645357696, 1.29960472093398293758, -1.09960847207971834649, 0.62694685637397995492, -1.48386713927809488212, 0.52162487094771814444, -0.56749760408287919233, 1.44582795151355081309, 0.48658334673318903718, 0.55935083792871387320
-------------------------------------------------------------------
| Order |          Error^2           |         Efficiency         |
-------------------------------------------------------------------
|   2   | 1.52934799695604739501e-38 | 1.52859054395397280000e+16 |
|   4   | 1.29900367642910542475e-41 | 9.91478876149938625000e+14 |
|   6   | 5.13250710602121509695e-43 | 9.42905576489925195312e+12 |
|   8   | 1.98083429281674267342e-09 | 2.86914990060264768362e-07 |
-------------------------------------------------------------------

Scheme evaluation results:
Order: 8, No. cycles: 23
-------------------------------------------------------------------
Vector a: 0.02790063341775615019, -0.85065718831361636365, 0.29785449283172338308, 0.47404431837020305496, 0.54485195762674265563, 0.27343781252529852921, 0.10078229844839756146, -0.41367442227515727193, -0.46336859052188633656, -0.19664849273818910125, 0.43652437918939429595, 0.76895280143933353312
Vector b: 0.88909034198425518358, -1.72237941713299824720, 0.02106504050576559969, 0.57464394515768102423, 0.37344469158272514120, 0.71625922367076011454, -0.16938359862016322266, 0.37094819551695840110, -1.19829704006727277843, 0.27155985902350021632, -0.66485684449987836331, 1.53790560287866706624
-------------------------------------------------------------------
| Order |          Error^2           |         Efficiency         |
-------------------------------------------------------------------
|   2   | 4.08165732533446877004e-39 | 2.95887117871423080000e+16 |
|   4   | 1.09021020524470768118e-42 | 3.42242180641621000000e+15 |
|   6   | 9.08086563915023179696e-44 | 2.24165802094053984375e+13 |
|   8   | 2.02381756941473567582e-09 | 2.83851785857090411864e-07 |
-------------------------------------------------------------------

Scheme evaluation results:
Order: 8, No. cycles: 23
-------------------------------------------------------------------
Vector a: -0.21592820194662210032, -0.35561965462966049767, -0.32381434870750130939, -0.07567716617075945229, 0.86434003489994548630, -0.29823823525806780754, -0.77247947223344748391, 0.86821810301449342528, -0.01547917464840344731, -0.11219741450224945956, 1.11587851043665153838, 0.32099701974562111495
Vector b: 0.30503469560124529814, -1.04192579509573479690, 0.33068648583641385708, -0.97831518325141642034, 0.82696085090989757127, 0.90171921888999340133, -1.49819568940612901642, -0.04676325506076577099, 1.78319946108975280197, -1.81415781038655965496, 1.58976298138206062482, 0.64199403949124222990
-------------------------------------------------------------------
| Order |          Error^2           |         Efficiency         |
-------------------------------------------------------------------
|   2   | 2.31454148910687225385e-38 | 1.24254418980737340000e+16 |
|   4   | 1.08362410246238104095e-41 | 1.08554874053043862500e+15 |
|   6   | 3.27782396237301202933e-43 | 1.17988633410904960938e+13 |
|   8   | 2.18243005619662410048e-09 | 2.73342489078601177204e-07 |
-------------------------------------------------------------------

Scheme evaluation results:
Order: 8, No. cycles: 23
-------------------------------------------------------------------
Vector a: -0.58442582613930482704, 0.72685182584467922240, -0.13638860474661329558, -0.40596370158378186632, 0.50414498144077712904, 0.68530306739746316147, -0.18671250852225318440, -0.47143547400577101580, -0.21876163240082649453, -0.40413262404667116279, 0.69111390740006228839, 0.80040658936224007292
Vector b: -0.86205936593627741082, 0.55526707959395438241, 0.89843657209539673492, -1.17121378158861855212, 0.35928637842103816613, 0.64900358446053341144, 0.72160255033438580607, -1.09502756737889317407, 0.15215661936730809356, -0.58967988416893402093, -0.21858536392437363793, 1.60081317872448014583
-------------------------------------------------------------------
| Order |          Error^2           |         Efficiency         |
-------------------------------------------------------------------
|   2   | 3.49618881817174517299e-36 | 1.01099006599397800000e+15 |
|   4   | 1.32173273752045395764e-40 | 3.10825637046840000000e+14 |
|   6   | 5.96948356208011586999e-43 | 8.74308304661525976562e+12 |
|   8   | 2.26013563650661447161e-09 | 2.68602506070896546358e-07 |
-------------------------------------------------------------------

Scheme evaluation results:
Order: 8, No. cycles: 23
-------------------------------------------------------------------
Vector a: -0.77388659178079544088, 0.46459288522081404471, 0.49350766812821966756, -0.81572231405363893053, 0.34102743172654653714, -0.05302838068534388577, -0.07476393548743379136, 0.10934440346655156795, -0.49498461961717454827, 0.75801727796993800812, 0.68757895260497248202, 0.35831722250734426849
Vector b: -0.64304218885132635730, -0.26168880585893788959, 1.19087457630056570146, -0.20385924004412406263, -1.42758538806315593561, 2.10964025151624934296, -2.21569701288693732266, 2.06616914191206957341, -1.84748033497896635424, 0.85751109574461681362, 0.65852346019525775933, 0.71663444501468853698
-------------------------------------------------------------------
| Order |          Error^2           |         Efficiency         |
-------------------------------------------------------------------
|   2   | 1.79366203433576585078e-39 | 4.46348438834560000000e+16 |
|   4   | 4.67837505299483427299e-41 | 5.22445675115670125000e+14 |
|   6   | 3.01383803824078419295e-42 | 3.89110570523782812500e+12 |
|   8   | 2.31407681590728676168e-09 | 2.65453481868898003506e-07 |
-------------------------------------------------------------------

Scheme evaluation results:
Order: 8, No. cycles: 23
-------------------------------------------------------------------
Vector a: -0.51881204645019207700, -0.58907245039209066295, 0.28901569400549032007, 0.32476284630652740848, 0.31669397104197816173, -0.27752284052615927568, 0.36215448789589393952, -0.01590080290455240727, -0.96239700440488185063, 0.58779117477474329689, 1.11797145707250833446, 0.36531551358073488522
Vector b: 0.20925311832156948122, -1.45613032954352261683, 0.27798542875933812679, 0.30004595925165261638, 0.34947973336141624490, 0.28390820872251637530, -0.83895388977481999415, 1.56326286556657589877, -1.59506447137568185823, -0.32972953743406102634, 1.50531188698354778666, 0.73063102716146899329
-------------------------------------------------------------------
| Order |          Error^2           |         Efficiency         |
-------------------------------------------------------------------
|   2   | 2.38162330124732792178e-35 | 3.87353774846373937500e+14 |
|   4   | 4.76769970256444827732e-38 | 1.63656858113150253906e+13 |
|   6   | 3.18025352772031813130e-41 | 1.19784910406296777344e+12 |
|   8   | 2.37994163007988494293e-09 | 2.61754501388193340286e-07 |
-------------------------------------------------------------------

Scheme evaluation results:
Order: 8, No. cycles: 23
-------------------------------------------------------------------
Vector a: -0.52168057451058647001, -0.61113016522349372650, 0.79731682876914156122, 0.23808978601231911565, -0.16204910185497514719, 0.84272952053132754724, -0.35194924026945784146, -0.49598255384893430442, -0.15938191757373210145, 0.23472739202359726995, 0.94756602975677195477, 0.24174399618802194789
Vector b: 0.09964404863432463344, -1.24264924628982198485, 0.02038891584283451797, 1.57424474169544881264, -1.09806516967081058134, 0.77396696596086023145, 0.91149207510179452996, -1.61539055564071021287, 0.62342544794284149301, -0.94218928309030558488, 1.41164406713750012479, 0.48348799237604389578
-------------------------------------------------------------------
| Order |          Error^2           |         Efficiency         |
-------------------------------------------------------------------
|   2   | 1.94289471559250156957e-39 | 4.28864101235265200000e+16 |
|   4   | 3.03941636912052822683e-42 | 2.04971536603796875000e+15 |
|   6   | 1.04349053469770827013e-43 | 2.09116704839005156250e+13 |
|   8   | 2.42315207703887953666e-09 | 2.59410156798095885002e-07 |
-------------------------------------------------------------------

Scheme evaluation results:
Order: 8, No. cycles: 23
-------------------------------------------------------------------
Vector a: -0.21160716377047919523, 0.87146612223925457030, -0.64596470072157163855, 0.11495366105282478486, 0.24820539020554338583, -0.31873741980084158154, 0.64778460648129709831, -0.55095418129397444318, -1.30477951061746533234, -0.00770266977431157632, 1.29256776920006610787, 0.86476809679965782607
Vector b: -0.94758721844521887068, 1.47196010934947896232, 0.27097213512903062238, -1.56290153657217456562, 1.79280885867782435739, -1.29639807826673703062, 0.65892323866505309038, 0.63664597429754177238, -1.73855433688549099180, -0.87100468434943911777, 0.85559934480081600849, 1.72953619359931587418
-------------------------------------------------------------------
| Order |          Error^2           |         Efficiency         |
-------------------------------------------------------------------
|   2   | 5.69839253660335467730e-38 | 7.91895995305917800000e+15 |
|   4   | 4.79916698061963350450e-41 | 5.15828965413272250000e+14 |
|   6   | 1.14041131219248478258e-42 | 6.32560727979357324219e+12 |
|   8   | 2.42990427308342890311e-09 | 2.59049482764133416362e-07 |
-------------------------------------------------------------------

Scheme evaluation results:
Order: 8, No. cycles: 23
-------------------------------------------------------------------
Vector a: 0.35344645309514316489, 0.42994478149173676051, -0.80695842749241308844, -0.25636473528078329576, 0.03745982449275100240, -0.24200137070220140156, 0.21989443150202911403, 0.03684576652497801447, -0.27676416218132221525, -0.59780189371482450600, 1.05619156640924094503, 1.04610776585566545016
Vector b: 0.16653937165085719307, 0.37381416288857227670, 0.48607540009490074473, -2.09999225507972697713, 1.58726278451815860926, -1.51234313553265709018, 1.02834039412825384296, -0.58855153112420210970, 0.66224306417415945702, -1.21577138853679778130, 0.02016760110715054913, 2.09221553171133090032
-------------------------------------------------------------------
| Order |          Error^2           |         Efficiency         |
-------------------------------------------------------------------
|   2   | 3.29906464313343077169e-38 | 1.04075598081256900000e+16 |
|   4   | 3.57975705696417768938e-41 | 5.97257867066737125000e+14 |
|   6   | 3.59957794649318559279e-42 | 3.56046886776305224609e+12 |
|   8   | 2.43450833766709895175e-09 | 2.58804413779515880079e-07 |
-------------------------------------------------------------------

Scheme evaluation results:
Order: 8, No. cycles: 23
-------------------------------------------------------------------
Vector a: 0.35374828479509362600, 0.29901837321085461552, 0.33326795482694521189, -0.29119931095403289723, -0.32983106357098446182, 0.28126914260047414240, -0.18593728407971241157, -0.88876380105227359429, -0.63600845569523800638, 0.43987943782299465667, 1.06519182038257254064, 0.55936490171330655041
Vector b: 0.20086251331735238690, 0.30577154295548253371, 0.29226520346622669733, 0.37427070618766333787, -0.95666932809572902130, 0.29700720095376004215, 0.26553108424718852021, -0.63740565240661350987, -1.14012194969793334565, -0.13189496169254236180, 1.01165383733853153636, 1.11872980342661332287
-------------------------------------------------------------------
| Order |          Error^2           |         Efficiency         |
-------------------------------------------------------------------
|   2   | 2.43364064818676710634e-39 | 3.83191707974575600000e+16 |
|   4   | 1.95621265619744463101e-42 | 2.55493951817285950000e+15 |
|   6   | 4.04624931573790929229e-44 | 3.35820082831431328125e+13 |
|   8   | 2.56514928564906256797e-09 | 2.52127948047063310649e-07 |
-------------------------------------------------------------------

Scheme evaluation results:
Order: 8, No. cycles: 23
-------------------------------------------------------------------
Vector a: -0.98743130469429973850, 0.09206875843191454634, 0.53192562449859970286, 0.60108899899294521152, 0.64109113257322147827, -0.25303131205269818738, -0.38139316673929968271, -0.27117230337737291412, 0.34452559571395408033, 0.01822868593831540249, -0.04776776443025005509, 0.71186705514497006231
Vector b: -0.79809976615614852680, -0.37866307707630225687, 0.56280059394013137730, 0.50105065505706780637, 0.70112734292882272769, 0.58105492221762022886, -1.08711754632301649259, 0.32433121284441718268, -0.86667581959916295542, 1.55572701102707111609, -1.51926963915044033193, 1.42373411028994034666
-------------------------------------------------------------------
| Order |          Error^2           |         Efficiency         |
-------------------------------------------------------------------
|   2   | 1.27306956549015317025e-38 | 1.67539903145236940000e+16 |
|   4   | 8.92627121774908474178e-42 | 1.19606179087555375000e+15 |
|   6   | 2.23787809500721045568e-43 | 1.42795582122954003906e+13 |
|   8   | 2.57285826209766907934e-09 | 2.51749943057241711757e-07 |
-------------------------------------------------------------------

Scheme evaluation results:
Order: 8, No. cycles: 23
-------------------------------------------------------------------
Vector a: -0.62450596607791453163, -0.65452157438645264254, 0.33527134438350081336, -0.22183094388074894865, 0.40545952865669315779, 0.87351252856562844329, 0.52038951167844837986, -0.30188893576524294948, -0.30898414351238612241, -0.10330325802027086335, 0.27660758220416042930, 0.80379432615458490385
Vector b: 0.20847571466500380843, -1.66596336148583668013, 0.35692021271293145057, 0.31362247605407012063, -0.75728436381556807344, 1.56820342112895438902, 0.17882163600230274736, 0.86195738735459370705, -1.46573525888507960602, 0.84776697186030725018, -1.05437348790084906014, 1.60758865230916980771
-------------------------------------------------------------------
| Order |          Error^2           |         Efficiency         |
-------------------------------------------------------------------
|   2   | 2.64493403583152032356e-38 | 1.16234996085825260000e+16 |
|   4   | 3.78574793121992579881e-41 | 5.80781546841119250000e+14 |
|   6   | 5.19175778267159901861e-43 | 9.37509705865109960938e+12 |
|   8   | 2.58854360678684998725e-09 | 2.50986041542399597327e-07 |
-------------------------------------------------------------------

Scheme evaluation results:
Order: 8, No. cycles: 23
-------------------------------------------------------------------
Vector a: 0.27166312917213486511, -0.47228850701922264754, -0.05621319320944155595, 0.08944673695835606009, 0.98105833379518025961, 0.77472529225743602677, -0.42568147505964981647, -0.10582732486837867492, -0.46941785447702011336, -0.44862415844072645044, 0.61591729641891534985, 0.24524172447241673889
Vector b: 0.83465247328024017026, -1.12597868821621083235, 0.18140167417776223435, -0.29382806059664173803, 0.47272153451335530150, 1.48939513307700277522, 0.06005545143786866075, -0.91141840155716780103, 0.69976375182041061773, -1.63859946077445051138, 0.74135114389299794357, 0.49048344894483331124
-------------------------------------------------------------------
| Order |          Error^2           |         Efficiency         |
-------------------------------------------------------------------
|   2   | 2.20433889371728279998e-38 | 1.27322496699405640000e+16 |
|   4   | 4.03132548709284999049e-41 | 5.62813782048377187500e+14 |
|   6   | 4.33577698060100000041e-43 | 1.02588697580749316406e+13 |
|   8   | 2.69449600724782530500e-09 | 2.46001944334293374851e-07 |
-------------------------------------------------------------------

Scheme evaluation results:
Order: 8, No. cycles: 23
-------------------------------------------------------------------
Vector a: 0.43203951766226139641, 0.41701696292346429606, -0.30262101319620948736, -0.37082082733664051277, -0.32850390511470523025, 0.13561398370001373492, 0.71721262157313669938, -0.50143926388930737392, -0.82651102061088732587, 0.12224716830408680068, 0.91205125378023388372, 0.59371452220455323001
Vector b: 0.20733490818765956676, 0.44940921894920360380, 0.38462470689772504384, -0.98986673329014396305, 0.24822507861686313180, -0.90523288884627362005, 1.17646085624630103439, 0.25796438689997225335, -1.26084291467858689018, -0.39217912654318765053, 0.63667346315136119639, 1.18742904440910623798
-------------------------------------------------------------------
| Order |          Error^2           |         Efficiency         |
-------------------------------------------------------------------
|   2   | 6.65807347145436283810e-40 | 7.32605266448401760000e+16 |
|   4   | 2.38220738935218902057e-43 | 7.32147986261047700000e+15 |
|   6   | 4.03229106931592380975e-44 | 3.36400820909110859375e+13 |
|   8   | 2.69970015199857769240e-09 | 2.45764724047357435491e-07 |
-------------------------------------------------------------------

Scheme evaluation results:
Order: 8, No. cycles: 23
-------------------------------------------------------------------
Vector a: 0.55033751637622729813, 0.37031967413064120764, -0.38404889366631372871, -0.49721386115926968774, -0.37656723112806228526, -0.32721369571941244514, 0.17773733668571406463, -0.30573695385137050762, 0.09916324480566728050, 0.53543064564187048404, 0.60967226053013845455, 0.54811995735416985109
Vector b: 0.35258846721026493309, 0.39549809833203281029, 0.34514124992909117617, -1.11323903726166717476, 0.11881131494299830564, -0.87194577719893950896, 0.21751838575934445696, 0.13795628761450365318, -0.74943019531897081542, 0.94775668493034836981, 0.12310460635265747797, 1.09623991470833637152
-------------------------------------------------------------------
| Order |          Error^2           |         Efficiency         |
-------------------------------------------------------------------
|   2   | 2.86863325106351617858e-35 | 3.52944821261478750000e+14 |
|   4   | 2.17609244413040959184e-37 | 7.66037420924521484375e+12 |
|   6   | 2.87443736065335675650e-39 | 1.25995942447459304810e+11 |
|   8   | 2.72624432481873124805e-09 | 2.44565349069507035931e-07 |
-------------------------------------------------------------------

Scheme evaluation results:
Order: 8, No. cycles: 23
-------------------------------------------------------------------
Vector a: 0.21868949071927965000, -0.23514455562300848324, -0.49132331243979771029, -0.50904387573238352172, 0.87793966692643887750, -0.04398468645105729075, -0.54747484333567675296, 0.12423547264785478328, -0.35763192255028319888, 0.36670500521505705604, 1.20941085207341791907, 0.38762270855015845683
Vector b: 0.81921986278675773541, -1.20106074413495611530, 0.73077163288893920434, -1.71341825776853462493, 0.69533050630376769252, 1.06054882754910995146, -1.14851820045122465785, 0.05356851377987108254, 0.19490243151583863668, -0.91016627661640503444, 1.64357628704651914653, 0.77524541710031691366
-------------------------------------------------------------------
| Order |          Error^2           |         Efficiency         |
-------------------------------------------------------------------
|   2   | 1.43492962746861268063e-39 | 4.99032725442491600000e+16 |
|   4   | 1.05741982117950696172e-41 | 1.09891710270474562500e+15 |
|   6   | 4.00703218660613881756e-43 | 1.06714041624520156250e+13 |
|   8   | 2.81235996955818470524e-09 | 2.40791891366772100128e-07 |
-------------------------------------------------------------------

Scheme evaluation results:
Order: 8, No. cycles: 23
-------------------------------------------------------------------
Vector a: -0.48889976260549694587, 0.74336950714783367467, 0.68298713891956563948, -0.47521629414757998733, -0.39962716652864560540, 0.28453003812534827244, -0.33261904675802583808, -0.84579872006689582609, 0.06383020014599748160, 0.94793118173934742821, 0.66039780365210387636, 0.15911512037644784390
Vector b: -0.62786166634900275607, 0.27792380748701167592, 1.20881520680865572892, 0.15715907103047599414, -1.10759165932563630186, 0.30833732626834486901, 0.26072274998235178689, -0.92596084349840346306, -0.76563659663538874423, 0.89329699692738373518, 1.00256536655131167635, 0.31823024075289585433
-------------------------------------------------------------------
| Order |          Error^2           |         Efficiency         |
-------------------------------------------------------------------
|   2   | 4.27609028985646578827e-40 | 9.14157221917780160000e+16 |
|   4   | 3.48450379385169824899e-42 | 1.91433608173605600000e+15 |
|   6   | 3.43400364729709719236e-44 | 3.64529439527157421875e+13 |
|   8   | 2.90925966072647186611e-09 | 2.36747863950139014912e-07 |
-------------------------------------------------------------------

Scheme evaluation results:
Order: 8, No. cycles: 23
-------------------------------------------------------------------
Vector a: -1.08584142347665113526, -0.00281657703686254667, 0.50211192080108757452, -0.03557831475625664736, 0.49019073918037231463, 0.99985672933099312143, -0.12514525447757554599, -0.96229424426485510313, -0.35781565877969634393, 0.57235359576231747969, 0.66388859082929496669, 0.34108989688783175609
Vector b: -0.82522217184633606113, -0.52123850326062926008, 0.51560534918690426043, 0.48861849241527022247, -0.55977512192778355882, 1.54015660028852829910, 0.45955685837345788824, -0.70984736732860898023, -1.21474112120110122603, 0.49910980364170848267, 0.64559738788292642120, 0.68217979377566351218
-------------------------------------------------------------------
| Order |          Error^2           |         Efficiency         |
-------------------------------------------------------------------
|   2   | 2.43938036669664155706e-40 | 1.21033213978779456000e+17 |
|   4   | 5.57716788801277194228e-43 | 4.78499839961636900000e+15 |
|   6   | 5.71881844735948714308e-44 | 2.82474877634871015625e+13 |
|   8   | 2.92402275790677592062e-09 | 2.36149449569173073227e-07 |
-------------------------------------------------------------------

Scheme evaluation results:
Order: 8, No. cycles: 23
-------------------------------------------------------------------
Vector a: -0.12384956090127097195, 0.00656726181920088813, -0.53421961047071386819, 0.92205151794474993210, -0.17968954981680687610, -0.41721184446393883016, -0.18613442092116114224, 0.42502738388186911411, 0.26431294791281251255, -0.03084456158848347326, 0.75215090323040589837, 0.10183953337333680189
Vector b: -1.01485858193346922818, 1.78201804206439784473, -1.76888351842599589325, 0.70044429748456649154, 1.14365873840493348368, -1.50303783803854718037, 0.66861414911066963107, -1.04088299095299197106, 1.89093775871673019928, -1.36231186289110528520, 1.30062273971413833173, 0.20367906674667365929
-------------------------------------------------------------------
| Order |          Error^2           |         Efficiency         |
-------------------------------------------------------------------
|   2   | 7.73498815686955665491e-38 | 6.79695667127572300000e+15 |
|   4   | 4.03718466629680813186e-42 | 1.77848148538732450000e+15 |
|   6   | 9.08052192160851394060e-44 | 2.24170044635946796875e+13 |
|   8   | 2.92500740061260790672e-09 | 2.36109698831321919734e-07 |
-------------------------------------------------------------------

Scheme evaluation results:
Order: 8, No. cycles: 23
-------------------------------------------------------------------
Vector a: -0.52731213966802392701, 0.51979696242432227304, 0.56163244919616650552, -0.19019697351588257805, -0.79286682337223501893, -0.05300813809795681258, 0.56627417590589890217, 0.72638794065921052923, -0.10951139746658809793, -0.83269621197190279993, 0.41749350516307259795, 0.71400665074391844733
Vector b: -0.76858046048341799317, 0.48253664163078824334, 0.55705728321785619173, 0.56620761517447681932, -0.94660156220624203094, -0.63913208453822800692, 0.53311580834231431236, 0.59943254346948349198, 0.85334333784893767749, -1.07236613278211390110, -0.59302629116169169876, 1.42801330148783689467
-------------------------------------------------------------------
| Order |          Error^2           |         Efficiency         |
-------------------------------------------------------------------
|   2   | 4.59177480789956057800e-40 | 8.82173560485976000000e+16 |
|   4   | 1.34104263035884993687e-41 | 9.75814717580864125000e+14 |
|   6   | 2.56115347693757447397e-43 | 1.33479687658360625000e+13 |
|   8   | 2.94160008020297998978e-09 | 2.35442845292216115956e-07 |
-------------------------------------------------------------------

Scheme evaluation results:
Order: 8, No. cycles: 23
-------------------------------------------------------------------
Vector a: -0.72733923962556423781, 0.10921840323626622049, 0.23115496820835165770, -0.57125769387818214895, 0.35379912933366192140, 0.35829107383334901638, -0.64178467895839741431, 0.04715154780066952572, 1.64950134645943080614, -0.10966327883669133025, -0.32059455471261255610, 0.62152297713971838000
Vector b: 0.08947394140974061771, -1.63362636207060973881, 1.85206316854314212428, -1.38975323212643875337, 0.24723784437007481629, 0.46036041429724888774, 0.25622173336944920052, -1.53979109128624380709, 1.63409418688758290017, 1.66490850603127893415, -1.88423506370466142812, 1.24304595427943653796
-------------------------------------------------------------------
| Order |          Error^2           |         Efficiency         |
-------------------------------------------------------------------
|   2   | 7.25445892322286764043e-37 | 2.21943185457032000000e+15 |
|   4   | 5.91347951945072803930e-41 | 4.64694045357385625000e+14 |
|   6   | 6.20191778680010284921e-42 | 2.71250146520732031250e+12 |
|   8   | 2.94541798480291674111e-09 | 2.35290203153179906252e-07 |
-------------------------------------------------------------------

Scheme evaluation results:
Order: 8, No. cycles: 23
-------------------------------------------------------------------
Vector a: -0.89985402831449379235, 0.76044582711180064294, 0.19487784181963233032, -0.41320183039664487579, 0.91554716452707141094, 0.71255235513359749255, -0.72467115145623217654, -1.25430832231342925809, -0.21394442799654533882, 0.71678145741605925334, 0.79554683978140361411, 0.41022827468778066962
Vector b: -0.86499552327832851528, -0.06971701007233083169, 1.59060866429593228411, -1.20085298065666723488, 0.37444931986337709473, 1.45664500919076567165, -0.03154029892357029102, -1.41780200398889455471, -1.09081464063796373942, 0.66292578464487295076, 0.77063713018724566695, 0.82045654937556145025
-------------------------------------------------------------------
| Order |          Error^2           |         Efficiency         |
-------------------------------------------------------------------
|   2   | 4.51428860801625549325e-39 | 2.81351780234494480000e+16 |
|   4   | 8.54511803545273449849e-42 | 1.22244582849376525000e+15 |
|   6   | 2.88122325178524231649e-43 | 1.25847481413569257812e+13 |
|   8   | 2.96617227675707369560e-09 | 2.34465596015859759071e-07 |
-------------------------------------------------------------------

Scheme evaluation results:
Order: 8, No. cycles: 23
-------------------------------------------------------------------
Vector a: -0.43743678325128015905, -0.00327335022592240184, 0.34381018885063097112, 0.26548306694694007168, -1.10377638801991984074, 0.56119185700525842098, 0.43662190370077841317, -0.67792662290624428056, -0.25921017058833933921, 0.72559402352393476132, 0.81906171179173370422, 0.32986056317242956615
Vector b: -1.40185907503279261199, 1.92884458356302523896, -1.93539128401486992814, 2.62301166171613164835, -2.09204552782225183805, -0.11550724821758816263, 1.23789096222810535153, -0.36464715482654841416, -0.99120609098594014696, 0.47278574980926141302, 0.97840229723860827615, 0.65972112634485913230
-------------------------------------------------------------------
| Order |          Error^2           |         Efficiency         |
-------------------------------------------------------------------
|   2   | 1.56407329394078782188e-39 | 4.77986661614368480000e+16 |
|   4   | 1.86155494493230323787e-41 | 8.28229559343704500000e+14 |
|   6   | 5.15731873496632503635e-43 | 9.40634703727412304688e+12 |
|   8   | 2.99237314240491141754e-09 | 2.33436862671181896356e-07 |
-------------------------------------------------------------------

Scheme evaluation results:
Order: 8, No. cycles: 23
-------------------------------------------------------------------
Vector a: -0.55679445358578427694, 0.42558939670359186014, 0.42143722986199178004, 0.51109626453040546412, -0.39071971083545647963, -0.30979219347434133747, -0.09735933969321725057, 0.27092829035883375655, 0.25868439223116529435, -0.64808531335361907466, 0.47466894512307039600, 0.64034649213335992357
Vector b: -0.78016587379646096245, 0.44674284042135320449, 0.40443595298583046027, 0.43843850673815321084, 0.58375402232265760638, -1.36519344399357067665, 0.74560905704488800172, -0.94032773643132250285, 1.48218431714898990492, -0.96481553268665942724, -0.33135509402057894413, 1.28069298426671984714
-------------------------------------------------------------------
| Order |          Error^2           |         Efficiency         |
-------------------------------------------------------------------
|   2   | 3.90300858671462649130e-39 | 3.02583034946948640000e+16 |
|   4   | 1.24239121847038281508e-41 | 1.01381676674832162500e+15 |
|   6   | 8.66998686579717874467e-44 | 2.29416032114921406250e+13 |
|   8   | 3.21446064080815095009e-09 | 2.25228453923796723250e-07 |
-------------------------------------------------------------------

Scheme evaluation results:
Order: 8, No. cycles: 23
-------------------------------------------------------------------
Vector a: 0.20205823412669607353, -0.73751699722434804762, 0.38940128061870482590, 0.30466351190995466514, 0.40505438872582089083, 0.35725538919085997325, -0.45381852160158175913, -0.73382496080710979403, 0.60294117763439647462, -0.38438367096283476698, -0.05835569328238058434, 1.10652586167182209742
Vector b: 1.17456173244331263383, -1.94500699663323306510, 0.46997300218453702536, 0.30882955905287251541, 0.30049746476703664833, 0.50961131268460557742, 0.20489946569711414703, -1.11253650890027744325, -0.35511341271394247787, 1.56099576798273553813, -2.32976310990840529414, 2.21305172334364419484
-------------------------------------------------------------------
| Order |          Error^2           |         Efficiency         |
-------------------------------------------------------------------
|   2   | 2.38772290010777150056e-38 | 1.22335461776569980000e+16 |
|   4   | 2.27907182237788248415e-41 | 7.48530756913822750000e+14 |
|   6   | 9.13173284182799923500e-43 | 7.06897401541250781250e+12 |
|   8   | 3.36357004838411943710e-09 | 2.20179597553391212392e-07 |
-------------------------------------------------------------------

Scheme evaluation results:
Order: 8, No. cycles: 23
-------------------------------------------------------------------
Vector a: -0.23985941553286591055, 0.67220855975216975420, -0.77781349207084415909, 0.04985598677233610970, 1.08044165677327841379, 0.16294438480500950117, -1.01931280855023431720, -0.83393576596574148230, 0.01707306804413932441, -0.27406516039765127513, 1.07383893978866939989, 1.08862404658173450578
Vector b: -0.73126410309571543422, 0.98280937512569876979, 0.36160774437864090514, -1.91723472852032950087, 2.01694670206500159537, 0.14393661148155412199, 0.18195215812846651793, -2.22057777522893529110, 0.55270624329745199343, -0.51856010720917333767, -0.02957021358612933748, 2.17724809316346901156
-------------------------------------------------------------------
| Order |          Error^2           |         Efficiency         |
-------------------------------------------------------------------
|   2   | 8.95575453743847889296e-38 | 6.31674342652390300000e+15 |
|   4   | 1.37259987177544481731e-40 | 3.05011826479475187500e+14 |
|   6   | 3.15949560510448725842e-42 | 3.80035446734122119141e+12 |
|   8   | 3.48164500101470196693e-09 | 2.16413858536242247907e-07 |
-------------------------------------------------------------------

Scheme evaluation results:
Order: 8, No. cycles: 23
-------------------------------------------------------------------
Vector a: 0.38763726491012950870, -0.63463008002503606964, -0.12724184325977327958, 0.81006893454220985085, 0.40984370634653283227, -0.36901213508954056053, -0.65785046652425271940, 0.17930372479354847459, -0.14621650241830086436, -0.35431080122682434563, 0.78061170517799172153, 0.72179649277331558999
Vector b: 0.29356772846465434279, 0.18813907289095041508, -1.45739923294102258211, 1.20291554642147602294, 0.41722232266294351222, 0.40246509003012220784, -1.14048936020920321788, -0.17521157283930233195, 0.53381902242639933664, -0.82625202726300106537, 0.11763042480935230472, 1.44359298554663117997
-------------------------------------------------------------------
| Order |          Error^2           |         Efficiency         |
-------------------------------------------------------------------
|   2   | 9.67142568913844946742e-40 | 6.07853719253024560000e+16 |
|   4   | 4.19548760218850231035e-42 | 1.74460629379868925000e+15 |
|   6   | 1.35140457564387680686e-43 | 1.83755476525678710938e+13 |
|   8   | 3.49061788355532293501e-09 | 2.16135525913751133214e-07 |
-------------------------------------------------------------------

Scheme evaluation results:
Order: 8, No. cycles: 23
-------------------------------------------------------------------
Vector a: -0.20297516288636718862, -0.62171023819880288919, 0.92254123916656338711, -0.03782606145944848730, -0.32831972629873007463, 1.03460537430675292292, -0.11574012975844796824, -0.27890460726634236366, 0.36231054384566679927, -0.68129546607357016619, 0.08749452104056552881, 0.85981971358216036094
Vector b: 0.45062257021850193883, -1.30719546620973803286, 0.06377498981213231000, 1.78130748852099429769, -1.85695961143989141107, 1.20032015884243103976, 0.86889058977107480608, -1.10037084928797068706, 0.54256163475528573770, 0.18205945293604877677, -1.54465038508318985855, 1.71963942716432094393
-------------------------------------------------------------------
| Order |          Error^2           |         Efficiency         |
-------------------------------------------------------------------
|   2   | 1.64105726845447889220e-38 | 1.47564693276372080000e+16 |
|   4   | 1.15354889583218941278e-41 | 1.05213302330657937500e+15 |
|   6   | 1.18524841557040133544e-43 | 1.96213232316714062500e+13 |
|   8   | 3.52394142629279579432e-09 | 2.15111174397480899868e-07 |
-------------------------------------------------------------------

Scheme evaluation results:
Order: 8, No. cycles: 23
-------------------------------------------------------------------
Vector a: 0.19010838087901096860, 0.90116648329649584603, 0.13118478460227600557, 0.04997799335527375320, -0.10070414288544039805, -0.63099039854577643194, -0.62976247256227457783, 0.52105560059153344099, -0.63195330599567101082, -0.17812900851540380831, 1.12056771842144153872, 0.25747836735853474321
Vector b: -0.84111807508131508637, 2.06245291192065227648, -0.26011994532766125054, 0.52248951453221381680, -0.42253352782166642143, 0.22112524205078498696, -1.48310603914233696266, 0.22358109401778772374, 0.81853010716527918600, -2.08243671915662087457, 1.72617870212581348000, 0.51495673471706948643
-------------------------------------------------------------------
| Order |          Error^2           |         Efficiency         |
-------------------------------------------------------------------
|   2   | 1.14163001161402824871e-38 | 1.76921918204320240000e+16 |
|   4   | 7.60919079113018917682e-41 | 4.09656093385717187500e+14 |
|   6   | 5.32429141797682189830e-43 | 9.25767808097840234375e+12 |
|   8   | 3.54627968023858256836e-09 | 2.14432604250268025270e-07 |
-------------------------------------------------------------------

Scheme evaluation results:
Order: 8, No. cycles: 23
-------------------------------------------------------------------
Vector a: -0.53840262920671544400, 0.57482589814061202382, 0.43761945775396382530, 0.31410844680353994240, 0.15578154369355481923, -0.55447860408176030678, -0.73856652127731403645, 0.49901529076698003529, 0.54904478156377489739, -0.72521713305814294870, 0.18280477999954861112, 0.84346468890195847035
Vector b: -0.90343717494637443277, 0.73006909147931808857, 0.41958270480190607010, 0.45565621070602152498, 0.17256068290105822105, 0.13900240448605158394, -1.24795961264957222525, -0.22917342990505573663, 1.22720401143901569618, -0.12911444831146598466, -1.32131981780481977395, 1.68692937780391694069
-------------------------------------------------------------------
| Order |          Error^2           |         Efficiency         |
-------------------------------------------------------------------
|   2   | 1.24264905738781858142e-39 | 5.36253426979753920000e+16 |
|   4   | 2.85304367336532755640e-41 | 6.69012829275315125000e+14 |
|   6   | 2.75847963288132193839e-43 | 1.28616916373248574219e+13 |
|   8   | 3.62656649429024637995e-09 | 2.12045709509914596806e-07 |
-------------------------------------------------------------------

Scheme evaluation results:
Order: 8, No. cycles: 23
-------------------------------------------------------------------
Vector a: -0.33235457490650976986, -0.24369193415905474054, -0.34644392445952271187, 0.26622913927067026751, 0.95697655086462840579, -0.03227773792173201789, -0.42800327383935266035, 0.76105559775281939050, -0.33023882641578539143, -0.75234761614645240257, 0.71727711980307862216, 0.76381948015721312650
Vector b: -0.52557385790692645600, 0.38643856600083320574, -0.87382243431894246477, 0.18093458539989701328, 0.35152369314144354950, 1.56242940858781320657, -1.62698488443127731173, 0.77097833675257176900, 0.75113285875306690098, -1.41161051158463757282, -0.09308472070826818989, 1.52763896031442625301
-------------------------------------------------------------------
| Order |          Error^2           |         Efficiency         |
-------------------------------------------------------------------
|   2   | 1.33807187761448132468e-39 | 5.16778701515985680000e+16 |
|   4   | 4.09459411275711548124e-42 | 1.76596961579262350000e+15 |
|   6   | 7.91078484257783846075e-44 | 2.40172455083798359375e+13 |
|   8   | 3.63829950765446757017e-09 | 2.11703524350222522252e-07 |
-------------------------------------------------------------------

Scheme evaluation results:
Order: 8, No. cycles: 23
-------------------------------------------------------------------
Vector a: 0.14145943378696443360, -0.42414824754484098390, 0.31119495830823268312, -0.52154356474627883156, -0.17195579912171096715, 0.99597427701274132694, -0.43544693604614320703, -0.39458124248004838863, -0.02376025716712502206, 0.36492810756182059162, 1.08399022690058766116, 0.07388904353580080797
Vector b: 0.81096325332161167676, -1.33900763906929398672, 0.49071114397961157483, 0.13167877263685376366, -1.17476590212941123248, 0.83085430388598935370, 1.16109425013949318917, -2.03198812223177949221, 1.24282563727168260392, -1.29034615160593268968, 2.02020236672957409496, 0.14777808707160150492
-------------------------------------------------------------------
| Order |          Error^2           |         Efficiency         |
-------------------------------------------------------------------
|   2   | 4.31375719257751687113e-40 | 9.10157348234305120000e+16 |
|   4   | 1.66452581226168243512e-41 | 8.75877537700268750000e+14 |
|   6   | 5.38895886659073771873e-43 | 9.20196441683057226562e+12 |
|   8   | 3.69839228835210045263e-09 | 2.09976563835643296706e-07 |
-------------------------------------------------------------------

Scheme evaluation results:
Order: 8, No. cycles: 23
-------------------------------------------------------------------
Vector a: -0.88172252508707971153, 0.70124975973362158044, 0.77610329659959020887, -0.55671882203079381402, -1.11869186024549316372, 0.24199424133867339370, 0.00326682176482519801, -0.24317586239256033798, 0.59183086620929781230, -0.10503636442144777263, 0.60288741553635327719, 0.98801303299501341826
Vector b: -1.05265197044501324086, 0.34185889071586689214, 1.06064062875137632425, 0.49156596444780409350, -1.60500360850939172153, -0.63238011198158872173, 1.11636859465892679388, -1.10983495112927643689, 0.62348322634416442067, 0.56017850607442443156, -0.77025123491731972702, 1.97602606599002705856
-------------------------------------------------------------------
| Order |          Error^2           |         Efficiency         |
-------------------------------------------------------------------
|   2   | 7.24147608352748935844e-36 | 7.02474845765466750000e+14 |
|   4   | 3.06072322174702959577e-40 | 2.04256848410650625000e+14 |
|   6   | 3.03058536475208919587e-42 | 3.88033948560152294922e+12 |
|   8   | 3.72354727899424713083e-09 | 2.09266097560973136237e-07 |
-------------------------------------------------------------------

Scheme evaluation results:
Order: 8, No. cycles: 23
-------------------------------------------------------------------
Vector a: 0.13450368128968057113, -0.68950787862677820339, 0.14755763822405371100, -0.07614364218562669206, -0.36315005212211348695, 0.78851226847401600928, -0.18209299261359182531, -0.19747511681001003736, -0.34031863682064711352, 0.17453680555995007562, 1.20520872575672832738, 0.39836919987433860868
Vector b: 0.20341672742821928499, -0.13782609227707878774, -1.24118966497647642555, 1.53630494142458373652, -1.68859222579583723167, 0.96229212155161025777, 0.61473241539642153874, -0.97891840062360513386, 0.58396816700358511465, -1.26460544064487945271, 1.61367905176477943741, 0.79673839974867721736
-------------------------------------------------------------------
| Order |          Error^2           |         Efficiency         |
-------------------------------------------------------------------
|   2   | 1.40049131640936597629e-39 | 5.05131111310004320000e+16 |
|   4   | 8.58995958631112864476e-42 | 1.21925093030698875000e+15 |
|   6   | 5.88840524459946911506e-43 | 8.80306965934730859375e+12 |
|   8   | 3.76230935500576475499e-09 | 2.08185299994351915548e-07 |
-------------------------------------------------------------------

Scheme evaluation results:
Order: 8, No. cycles: 23
-------------------------------------------------------------------
Vector a: 0.88093285515350905346, -0.27994675848484240621, -1.15105836184479382034, -0.61139745550885238323, 0.29358527212832791209, -0.17425311093615186708, 0.34375313812189217666, 0.99751900656341541129, -0.22636869164191084081, -0.22363505025779478741, 0.73450897560453043411, 0.41636018110267097869
Vector b: 0.75070637504311010790, 0.26045296022079805764, -0.82034647719048281456, -1.48177024649910471510, 0.25897533548139989312, 0.32819520877525587554, -0.67670143064755960971, 1.36420770689134407405, 0.63083030623548685956, -1.08356768951930848566, 0.63629758900371891084, 0.83272036220534206841
-------------------------------------------------------------------
| Order |          Error^2           |         Efficiency         |
-------------------------------------------------------------------
|   2   | 3.29029363578552887668e-38 | 1.04214224051519580000e+16 |
|   4   | 5.28569780743320999152e-42 | 1.55430946214907500000e+15 |
|   6   | 1.74948187514147227888e-43 | 1.61502132108796992188e+13 |
|   8   | 3.93702092628082507458e-09 | 2.03513606360467210835e-07 |
-------------------------------------------------------------------

Scheme evaluation results:
Order: 8, No. cycles: 23
-------------------------------------------------------------------
Vector a: -0.55726717012320459155, 0.69031675860157681868, -0.27539359822369713360, -0.16535805269152231700, 0.63469190776512673935, 0.47187890396012954763, -0.19031888977552774422, -0.89360463593831596096, 0.59000284262864033380, -0.00935302037982275146, -0.12760014870188393643, 0.83200510287850093505
Vector b: -0.85177011286109249877, 0.58900588547577581444, 0.79162763172737782291, -1.34241482817477209011, 1.01169872279172756713, 0.25768509273852618913, 0.68607271518173273961, -1.06671049473278833908, -0.72049877714384358285, 1.90050446240112425045, -1.91921050316076957643, 1.66401020575700187010
-------------------------------------------------------------------
| Order |          Error^2           |         Efficiency         |
-------------------------------------------------------------------
|   2   | 1.32730990540846672958e-40 | 1.64080949389956064000e+17 |
|   4   | 1.33915087743201143383e-41 | 9.76503717192713250000e+14 |
|   6   | 4.32631742482845329789e-43 | 1.02700792177389863281e+13 |
|   8   | 4.13102902388294350785e-09 | 1.98677272264633534239e-07 |
-------------------------------------------------------------------

Scheme evaluation results:
Order: 8, No. cycles: 23
-------------------------------------------------------------------
Vector a: -0.53194867825907066194, 0.26756875775189703504, -0.53106321479223328463, -0.06357473823034154314, 0.44862686635732101914, 0.16239052160963493576, 0.40354438988465535232, 0.53775580786511634201, -0.41418081988903088231, -0.78658285759611401566, 0.68185312264734465604, 0.82561084265082107514
Vector b: -0.88633666810202837993, 0.70877597968591554700, -0.17363846418212156020, -0.88848796540234498131, 0.76133848894166189503, 0.13591524377297981019, 0.18886579944629078298, 0.61822298032301958859, 0.45728863540721320646, -1.28565027518527497108, -0.28751544000695300474, 1.65122168530164215028
-------------------------------------------------------------------
| Order |          Error^2           |         Efficiency         |
-------------------------------------------------------------------
|   2   | 1.95150429335731324565e-40 | 1.35319246995914320000e+17 |
|   4   | 2.92871379043886767823e-42 | 2.08809469417666025000e+15 |
|   6   | 9.46086008172522751012e-43 | 6.94492682322451562500e+12 |
|   8   | 4.18032448221360355734e-09 | 1.97502371637969664636e-07 |
-------------------------------------------------------------------

Scheme evaluation results:
Order: 8, No. cycles: 23
-------------------------------------------------------------------
Vector a: 1.29983594219365783395, 0.00073468487760956042, -0.62474008937944236486, 0.25382223070396053854, -0.62500261022827874324, -0.52123507701610194420, -0.30099260811577532859, 0.05388360789333822981, 0.80881940232815918712, -0.28145980471837767078, 0.20723708301006976695, 0.72909723845118101782
Vector b: 0.53031423961678059165, 1.53904340515375515075, -1.53757403539853609864, 0.28809385663965042523, 0.21955060476827090166, -1.46955582522482863794, 0.42708567119262441647, -1.02907088742417496263, 1.13683810321085143613, 0.48080070144546704913, -1.04372031088222261275, 1.45819447690236225768
-------------------------------------------------------------------
| Order |          Error^2           |         Efficiency         |
-------------------------------------------------------------------
|   2   | 2.18877277711850328962e-36 | 1.27774440723718175000e+15 |
|   4   | 7.11974526351081707029e-40 | 1.33923388205612250000e+14 |
|   6   | 2.43240240667285064792e-41 | 1.36966788128499194336e+12 |
|   8   | 4.22264212870153859569e-09 | 1.96510234416301929274e-07 |
-------------------------------------------------------------------

Scheme evaluation results:
Order: 8, No. cycles: 23
-------------------------------------------------------------------
Vector a: -1.17930094000281848743, 0.05206610551033009904, 1.28575601701106534414, 1.00945554252338443035, -0.12749188294257821075, -0.97951359553461514462, -0.24089991935479238006, -0.41821988121769482216, -0.07590263792400660237, 0.91695257089542703266, 0.51558991747650895210, 0.24150870355978978909
Vector b: -0.64449889147324390670, -1.06960409705915027168, 1.17373630807981066404, 1.39777572594232135650, 0.62113535910444850341, -0.87611912498960498041, -1.08290806607962597496, 0.60110822737004121485, -1.43754798980543152531, 1.28574271395741823731, 0.54816242783343716027, 0.48301740711957985575
-------------------------------------------------------------------
| Order |          Error^2           |         Efficiency         |
-------------------------------------------------------------------
|   2   | 1.14112778624441423427e-38 | 1.76960846754854400000e+16 |
|   4   | 6.79279430581455075130e-42 | 1.37108514030406775000e+15 |
|   6   | 1.85788520263574659599e-42 | 4.95591154158006933594e+12 |
|   8   | 4.65964861166624485782e-09 | 1.87068527688065136124e-07 |
-------------------------------------------------------------------

Scheme evaluation results:
Order: 8, No. cycles: 23
-------------------------------------------------------------------
Vector a: -1.12756191923374693431, -0.00472585255554146526, 1.04068175979472199444, 0.23485144649021716390, -0.73219117649007958715, 0.89204165478149211044, 0.69040316167496285082, -0.66953046069619204239, -0.51931342467502195070, -0.06439138648437257861, 0.48060924028780777073, 0.77912695710575263774
Vector b: -1.33474471728271071314, 0.41436559609792328329, -0.42381730120900612535, 2.50518082079845427756, -2.03547792781801994977, 0.57109557483786133059, 1.21298773472512255722, 0.16781858862480339423, -1.50687951001718745125, 0.46825266066714488211, -0.59703543363589040016, 1.55825391421150505344
-------------------------------------------------------------------
| Order |          Error^2           |         Efficiency         |
-------------------------------------------------------------------
|   2   | 3.72055728458199238896e-38 | 9.80032166153722200000e+15 |
|   4   | 3.71203963199644042088e-41 | 5.86519362352719250000e+14 |
|   6   | 1.08454907576755560342e-42 | 6.48646948903067285156e+12 |
|   8   | 4.73091639896017454327e-09 | 1.85654155741589318704e-07 |
-------------------------------------------------------------------

Scheme evaluation results:
Order: 8, No. cycles: 23
-------------------------------------------------------------------
Vector a: 1.06415672213177159300, -0.03069756147882503339, -1.58097665538600273827, -0.65036043789089337253, -0.17276307189567144396, 0.05411235317434698322, 0.43425069947077188370, 0.30120963371950970622, -0.36755399678300720856, 0.24774828111555360910, 1.24642540521297084943, 0.45444862860947515815
Vector b: 0.24707820550166326168, 1.63415703326021688468, -1.69555215621786681268, -1.46640115455413866385, 0.16568027877235269596, -0.51120642256369641654, 0.61943112891239027196, 0.24907027002915221869, 0.35334899740986908112, -1.08845699097588410886, 1.58395355320699149360, 0.90889725721895031629
-------------------------------------------------------------------
| Order |          Error^2           |         Efficiency         |
-------------------------------------------------------------------
|   2   | 7.71992139578113622177e-40 | 6.80358615614730000000e+16 |
|   4   | 1.45409939046057617816e-40 | 2.96340909699982375000e+14 |
|   6   | 1.19064924769975518637e-41 | 1.95767711021658105469e+12 |
|   8   | 4.80679354816432491836e-09 | 1.84183014642689107557e-07 |
-------------------------------------------------------------------

Scheme evaluation results:
Order: 8, No. cycles: 23
-------------------------------------------------------------------
Vector a: 0.73403130905272973017, 0.03219345089801724930, -0.20019865088217267401, -0.39609024465564529605, -0.83147435531060209790, 0.28886195577008078050, 0.53313348981659380854, 0.71585063989457242695, -0.12042201821325800026, -1.05424504872781410469, 0.36206657840923744951, 0.93629289394826087367
Vector b: -0.04572729425494332506, 1.55951720661534620760, -1.49513030481931163962, 1.09473300305496623608, -1.88691349236625671715, 0.22396478174505263237, 0.35375912979510865108, 0.71250784983807913253, 0.71919342995106561034, -0.96003746637758158311, -1.14845263107804673730, 1.87258578789652174734
-------------------------------------------------------------------
| Order |          Error^2           |         Efficiency         |
-------------------------------------------------------------------
|   2   | 2.81621082349024260465e-38 | 1.12644955120885840000e+16 |
|   4   | 7.71572450688048339464e-42 | 1.28647188561654750000e+15 |
|   6   | 1.12059509251797835226e-42 | 6.38129211663209667969e+12 |
|   8   | 4.94886642989476206270e-09 | 1.81519984456095023446e-07 |
-------------------------------------------------------------------

Scheme evaluation results:
Order: 8, No. cycles: 23
-------------------------------------------------------------------
Vector a: -0.30376802297676480658, -0.28557337704081364738, 0.93581446664214840148, -0.11625995811004431746, -0.35596368452207566291, 0.51079521521839488241, 0.42822447636997479359, -0.17237514516829732791, -0.41497915038811006294, -0.31921847412768361574, 0.34963180334821680750, 0.74367185075505448655
Vector b: 0.27791977694677799660, -1.16337559984708538430, 0.59222884576545808955, 1.27940008751883871341, -1.51192000373892709852, 0.79999263469477577271, 0.22159779574201440844, 0.63485115699793481792, -0.97960144733452947374, 0.14964314655830857070, -0.78808009481367513605, 1.48734370151010875105
-------------------------------------------------------------------
| Order |          Error^2           |         Efficiency         |
-------------------------------------------------------------------
|   2   | 3.12814658788157564376e-40 | 1.06881066770791744000e+17 |
|   4   | 3.73586170588996231108e-42 | 1.84881416693035825000e+15 |
|   6   | 1.38273023333086456933e-43 | 1.81662068299257031250e+13 |
|   8   | 5.01697999208536527083e-09 | 1.80283560822733947912e-07 |
-------------------------------------------------------------------

Scheme evaluation results:
Order: 8, No. cycles: 23
-------------------------------------------------------------------
Vector a: -0.88899491768197735908, 1.08998609009744740206, 0.75594127313659487122, -0.38986392821107279660, -0.95133202335852529163, -0.62886262655687885648, 0.44712452033626814973, -0.12724148430176493441, 0.02449418967202319705, 0.68464287483572205950, 0.60139586198911298975, 0.38271017004305057929
Vector b: -1.02274219181300662918, 0.26749454826205892877, 1.91247763193283581984, -0.40059508565964629945, -0.37913277076249918274, -1.52353127595455117849, 0.26580602284079357656, 0.62844301783174261189, -0.88292598643527231417, 0.93191436577931874297, 0.43737138389212487644, 0.76542034008610115858
-------------------------------------------------------------------
| Order |          Error^2           |         Efficiency         |
-------------------------------------------------------------------
|   2   | 5.97217710952436597676e-39 | 2.44612129626169960000e+16 |
|   4   | 2.54447775152100283738e-41 | 7.08417575052633250000e+14 |
|   6   | 5.82829361698067029534e-43 | 8.84834958568593750000e+12 |
|   8   | 5.47243797937747656054e-09 | 1.72618320862798520402e-07 |
-------------------------------------------------------------------

Scheme evaluation results:
Order: 8, No. cycles: 23
-------------------------------------------------------------------
Vector a: 0.41228028855912668416, 0.48665589150242150041, -0.29116482421016143256, -0.99690793532655908038, 0.15477604665886729451, 1.05387771419810860607, 0.06857026727091290741, -0.24335012069199160600, -0.48820839005767713292, -0.50065395034331638957, 0.73815721452017590831, 0.60596779792009269894
Vector b: 0.18882120548248831904, 0.44691816615327673023, 0.52639361685156627058, -1.10872326527188924672, -0.88509260538122891404, 1.19464469869896339205, 0.91311072969725382009, -0.77597019515542797752, 0.28926995377144487653, -1.26568673388679919789, 0.26437883320016647426, 1.21193559584018539788
-------------------------------------------------------------------
| Order |          Error^2           |         Efficiency         |
-------------------------------------------------------------------
|   2   | 1.86540851570919648481e-40 | 1.38406775362880496000e+17 |
|   4   | 2.21405157363321097206e-42 | 2.40156745417219750000e+15 |
|   6   | 4.38733685698103493187e-44 | 3.22502060417312187500e+13 |
|   8   | 5.60370792127468792612e-09 | 1.70584499854104028890e-07 |
-------------------------------------------------------------------

Scheme evaluation results:
Order: 8, No. cycles: 23
-------------------------------------------------------------------
Vector a: -0.46141597307371151615, 0.23383428684948995291, -0.58635650042787734737, -0.05730334159408415756, 0.71534188574252866033, 0.63747139768718652508, 0.33873059377820829985, -0.53045331224596625752, -0.27389371730612382949, -0.18617926805660156564, 0.29971173942338191765, 0.87051220922356919996
Vector b: -0.93576394372718751935, 0.94869594130695211742, -0.48102736760797221161, -0.69168563324778231660, 0.57707895005961407087, 0.85360482142544324979, 0.42133797394892996691, 0.25612321360748663279, -1.31702983809941920335, 0.76924240348717154436, -1.14160093960037456462, 1.74102441844713839991
-------------------------------------------------------------------
| Order |          Error^2           |         Efficiency         |
-------------------------------------------------------------------
|   2   | 3.16401982856829096078e-40 | 1.06273437817752384000e+17 |
|   4   | 1.28471043209299229062e-41 | 9.96979045903985500000e+14 |
|   6   | 2.37469627905329952868e-43 | 1.38620974636516816406e+13 |
|   8   | 6.21206098155443488438e-09 | 1.62016578594608015407e-07 |
-------------------------------------------------------------------

Scheme evaluation results:
Order: 8, No. cycles: 23
-------------------------------------------------------------------
Vector a: -1.25417610682867697314, -0.03908448397627396070, 1.15839093442782803400, 0.46314337166812152846, -0.13993317544072705894, -0.43727619778804938111, -0.31523598875564790012, 0.70223232843270777526, 0.60472257935221596092, 0.67075363771702656290, 0.01471742360230923231, -0.42825432241083377649
Vector b: -0.86302866728539628927, -0.78229487908656025752, 0.70412591113401234999, 1.61265595772164238575, -0.68636921438539943985, 0.40650286350394565504, -1.28105525908004436175, 0.65058328156874878356, 0.75388137529666587877, 0.45556378340776693125, 0.88594349202628397411, -0.85650864482166555458
-------------------------------------------------------------------
| Order |          Error^2           |         Efficiency         |
-------------------------------------------------------------------
|   2   | 4.77544580021554300112e-39 | 2.73550408591237640000e+16 |
|   4   | 8.89656369030539861988e-41 | 3.78858913828263812500e+14 |
|   6   | 1.36656654976281709137e-42 | 5.77853290804052246094e+12 |
|   8   | 6.33961306171396597157e-09 | 1.60378422021230434845e-07 |
-------------------------------------------------------------------

Scheme evaluation results:
Order: 8, No. cycles: 23
-------------------------------------------------------------------
Vector a: -0.64382449272499719939, 0.43936553172267389655, 1.04786738763831777099, -0.00773313302032702706, -0.67674980454404465302, 0.59818089275122754422, -0.21393502811825357290, -0.84510246666211508160, 0.62210449555078473072, 0.34037938491530189689, -0.07319950148662736356, 0.41264673397805889943
Vector b: -0.87547388736963993594, 0.46329878928928552861, 0.41543227415606209796, 1.68030250112057388812, -1.69576876716122804112, 0.34226915807313884610, 0.85409262742931613133, -1.28196268366582333265, -0.40824224965840694157, 1.65245124075997651403, -0.97169247092937272026, 0.82529346795611790988
-------------------------------------------------------------------
| Order |          Error^2           |         Efficiency         |
-------------------------------------------------------------------
|   2   | 3.25556833880078844980e-38 | 1.04768546756981740000e+16 |
|   4   | 2.05469591227019277475e-40 | 2.49295751587508750000e+14 |
|   6   | 4.57881065247815264212e-42 | 3.15686959026531250000e+12 |
|   8   | 6.56632557885659626946e-09 | 1.57585446131165931612e-07 |
-------------------------------------------------------------------

Scheme evaluation results:
Order: 8, No. cycles: 23
-------------------------------------------------------------------
Vector a: 0.92921092262954496643, -0.17852554656346408812, 0.24661168685906323383, 0.05542867153042602135, -0.56987767894529939294, -0.10863929972789453104, -1.03964040321102313413, 0.02003981208231808697, 1.98141861933077878533, -0.00411966417790843049, -0.90274361768773825343, 0.57083649788119672497
Vector b: 0.28995905795065174404, 1.27850372935784584172, -1.63555482248477801477, 2.12877819620296460101, -2.01792085314211044889, 0.87816549525143761112, -1.09544409470720260913, -0.98383671171503783714, 1.02391633587968011732, 2.93892090278220541322, -2.94716023113802272348, 1.14167299576236613845
-------------------------------------------------------------------
| Order |          Error^2           |         Efficiency         |
-------------------------------------------------------------------
|   2   | 1.00964757220236536211e-33 | 5.94921172654694765625e+13 |
|   4   | 1.01624387092200153143e-37 | 1.12095889174029609375e+13 |
|   6   | 2.76091660329519332523e-39 | 1.28560140877943069458e+11 |
|   8   | 7.07399692250642312541e-09 | 1.51825555427369070168e-07 |
-------------------------------------------------------------------

Scheme evaluation results:
Order: 8, No. cycles: 23
-------------------------------------------------------------------
Vector a: 0.03632069646448478351, -0.98752576002065695082, 0.49719479358700469085, -0.04361418171015366690, 0.17258123303056777109, 1.05726025499216014225, -0.19708895799333034371, -0.33748402342170891188, 0.37402445167981906993, -0.63117064469294392737, 0.14563500327874831508, 0.91386713480600900716
Vector b: 1.05733444009458832369, -2.04202748726020733017, 0.06697596721889342852, 0.92741361995511584215, -1.01464198337542299555, 1.35980444943655887080, 0.75471606054776141370, -1.14889397653442215663, 0.47392592969100438838, 0.27412297366863358494, -1.53646426305452155070, 1.82773426961201801433
-------------------------------------------------------------------
| Order |          Error^2           |         Efficiency         |
-------------------------------------------------------------------
|   2   | 2.11957042597457450587e-39 | 4.10601377802160960000e+16 |
|   4   | 2.73540466728525916330e-41 | 6.83247205558333875000e+14 |
|   6   | 2.34365842467029449383e-43 | 1.39535857598235546875e+13 |
|   8   | 7.15845791574093093224e-09 | 1.50927220404431910873e-07 |
-------------------------------------------------------------------

Scheme evaluation results:
Order: 8, No. cycles: 23
-------------------------------------------------------------------
Vector a: -0.06773390468932720399, 0.33649465457185412376, 0.20763820810849778487, 0.07636518930926959603, -0.89217975267113913684, 0.18505419096787192879, 0.51579627458626597925, -0.63331590336013288134, -0.62139003395055281143, 0.54063334255014716678, 0.87559212719210943732, 0.47704560738513596130
Vector b: -0.96455416284829198492, 1.79364051631792942310, -1.12065120717422139762, 1.53592762339121691184, -1.38319724477267769203, -0.40116226056960052615, 0.77127064250534438372, 0.26032190666718740824, -1.52695371338745289336, 0.28417364548634743704, 0.79709303961394695204, 0.95409121477027192260
-------------------------------------------------------------------
| Order |          Error^2           |         Efficiency         |
-------------------------------------------------------------------
|   2   | 9.18354961579912115601e-41 | 1.97260004919966464000e+17 |
|   4   | 1.77684645276386804593e-42 | 2.68079562533765600000e+15 |
|   6   | 9.19275398454999532798e-44 | 2.22797423918964218750e+13 |
|   8   | 7.48049421324596593409e-09 | 1.47642763740064128758e-07 |
-------------------------------------------------------------------

Scheme evaluation results:
Order: 8, No. cycles: 23
-------------------------------------------------------------------
Vector a: -0.43342049916536229404, -0.39431617677271740829, 1.10053200503624548645, 0.10862259462398492216, -0.45629871962877854852, 0.82150958913925442584, 0.49331865349395181974, -0.24705713711651350328, -1.26126743871214985759, -0.08975792522149113328, 1.11502528845442072658, 0.24310976586915547526
Vector b: 0.11577857895665449872, -1.09839815624403347449, 0.30976580269859876893, 1.89129820737389220398, -1.67405301812592233190, 0.76145557886836512385, 0.88156359941014361681, 0.10507370757775995329, -0.59918798181078691822, -1.92334689561351290799, 1.74383104517053055815, 0.48621953173831095052
-------------------------------------------------------------------
| Order |          Error^2           |         Efficiency         |
-------------------------------------------------------------------
|   2   | 5.44197061217471359127e-39 | 2.56251391204834200000e+16 |
|   4   | 7.21878903896929514086e-42 | 1.33001482181860375000e+15 |
|   6   | 2.90391406197862942433e-43 | 1.25354839165880136719e+13 |
|   8   | 8.03438142358723068710e-09 | 1.42462673136515031104e-07 |
-------------------------------------------------------------------

Scheme evaluation results:
Order: 8, No. cycles: 23
-------------------------------------------------------------------
Vector a: -0.97673425606776231866, 0.63270393889275888810, 0.23207987236243018958, -0.34270997771633021634, 0.44364607792100019257, 0.49830172461995381195, 0.32239979862892487184, -0.34613793719522883974, -0.18014683264913136651, -0.37761417955273723912, 0.16387013806909839220, 0.93034163268702352312
Vector b: -0.98977040347088007799, 0.02607229480623560885, 1.23933558297928225755, -0.77517583825442182288, 0.08975588282176145960, 0.79753627302023888390, 0.19906717621966876774, 0.44573242103818094817, -1.13800829542863857213, 0.77771463013037589462, -1.53294298923585037286, 1.86068326537404726828
-------------------------------------------------------------------
| Order |          Error^2           |         Efficiency         |
-------------------------------------------------------------------
|   2   | 7.37553828518866917842e-40 | 6.96061266063507040000e+16 |
|   4   | 1.00669281677094858375e-41 | 1.12626391846056450000e+15 |
|   6   | 3.72655800437319050468e-43 | 1.10657038013983750000e+13 |
|   8   | 8.39697830834229883572e-09 | 1.39352831076013225955e-07 |
-------------------------------------------------------------------

Scheme evaluation results:
Order: 8, No. cycles: 23
-------------------------------------------------------------------
Vector a: -0.18333589353718562909, -0.56290808954724391722, 0.39834475804878649585, -0.18694527183119150071, -0.42276890091304197838, 1.28678580860437286049, -0.03355689059948029768, -0.59888687600764090035, 0.94899949037565300980, -0.93499522978075111368, 0.03601932534532700791, 1.25324776984239605326
Vector b: 0.48740377744011542660, -1.34147934195460227791, 0.21566316286011572023, 0.58102635323745599472, -0.95491689689983860756, 0.10937909507375417895, 2.46419252213499140325, -2.53130630333395201248, 1.33353255131867043382, 0.56446642943263569681, -2.43445688899413736905, 2.50649553968479166244
-------------------------------------------------------------------
| Order |          Error^2           |         Efficiency         |
-------------------------------------------------------------------
|   2   | 1.75635386402158192109e-39 | 4.51064156653047760000e+16 |
|   4   | 1.84590244108579503119e-40 | 2.63017281015307843750e+14 |
|   6   | 3.10443716524741236581e-42 | 3.83390676165196093750e+12 |
|   8   | 8.74999659761411284122e-09 | 1.36512798512196384246e-07 |
-------------------------------------------------------------------

Scheme evaluation results:
Order: 8, No. cycles: 23
-------------------------------------------------------------------
Vector a: -0.49798598894193346620, 0.59503981073883405184, 0.39545587806743404125, -0.43629137619659874581, -0.64883306343188817955, -0.06566223462498176067, 0.77727678613400774665, 1.27975019390804911623, 0.18544775868810570163, -0.62100080752477926360, -0.23458280920378771217, 0.27138585238753826223
Vector b: -1.04644287737612384781, 1.09691377686838054117, 0.09316584460928763189, 0.69774591152558029794, -1.57032866391877767853, 0.27266253705500137494, -0.40398700630496486852, 1.95854057857298058387, 0.60095980924311787064, -0.23006429186690643962, -1.01193732318265205983, 0.54277170477507652446
-------------------------------------------------------------------
| Order |          Error^2           |         Efficiency         |
-------------------------------------------------------------------
|   2   | 1.33907632835370935356e-38 | 1.63358471636186940000e+16 |
|   4   | 2.63149838615557397749e-41 | 6.96605825366081375000e+14 |
|   6   | 1.78360525463427846733e-42 | 5.05805575564601269531e+12 |
|   8   | 8.82725880800701403823e-09 | 1.35914058767332474540e-07 |
-------------------------------------------------------------------

Scheme evaluation results:
Order: 8, No. cycles: 23
-------------------------------------------------------------------
Vector a: 0.82062708968965103473, -0.45714092065312089685, -1.08284557862470043332, 0.15248011715044310077, 0.19010054908891863001, -0.26968209991475911025, -0.34639129495406140169, -0.01652900602500063237, 0.67459007092985801002, 0.37590365857585783527, 0.56329810116975198575, 0.39558931356716209304
Vector b: 0.63875787459883526243, 0.36373843018163154461, -1.27802027148787322730, -0.88767088576152775037, 1.19263112006241400742, -0.81243002188457669188, 0.27306582205505847138, -0.96584841196318127476, 0.93279039991318002389, 0.41638974194653594063, 0.33541757520517978541, 0.79117862713432418609
-------------------------------------------------------------------
| Order |          Error^2           |         Efficiency         |
-------------------------------------------------------------------
|   2   | 4.34496691197495919694e-38 | 9.06882645642481800000e+15 |
|   4   | 1.58234622591558343649e-41 | 8.98334126300692125000e+14 |
|   6   | 1.29613308436623104515e-43 | 1.87632552115063007812e+13 |
|   8   | 9.03019135027689481660e-09 | 1.34378204915411521056e-07 |
-------------------------------------------------------------------

Scheme evaluation results:
Order: 8, No. cycles: 23
-------------------------------------------------------------------
Vector a: -0.42646237690930416386, 0.74080715057372426013, 0.50726222775015494815, -0.42409656909497789323, -1.11115906911639572563, -0.03818909173907319987, 0.67704292192931903038, 0.41380424894228745591, -0.17991379515104913289, -0.55159573847761356191, 0.61686776857660019502, 0.77563232271632787107
Vector b: -0.83272464584134964216, 0.81252453786409095660, 0.66908976328335745265, 0.34543469221695244364, -1.19362783040690811909, -1.02869030782588333217, 0.95231212434773693243, 0.40177371951090118385, 0.42583477837367378349, -0.78566236867577199376, -0.31752910827945518557, 1.55126464543265574214
-------------------------------------------------------------------
| Order |          Error^2           |         Efficiency         |
-------------------------------------------------------------------
|   2   | 2.96808018793745189924e-38 | 1.09725233310488040000e+16 |
|   4   | 3.72465131817536377452e-42 | 1.85159434018046900000e+15 |
|   6   | 1.45503942361887563772e-43 | 1.77090638442181054688e+13 |
|   8   | 9.09181254777144333384e-09 | 1.33922045910384160177e-07 |
-------------------------------------------------------------------

Scheme evaluation results:
Order: 8, No. cycles: 23
-------------------------------------------------------------------
Vector a: 0.83798099394501446291, -0.04305370070673685684, -0.68684836689541206578, -0.40888307320098882247, 0.50745591466657014035, -0.62221446081888664992, -0.31432981424553368965, 0.98610952713197252972, 0.73208362286925432461, -1.12243757282625211680, -0.02696383257090680455, 1.16110076265190564904
Vector b: 1.09875703553796788547, -0.52155208318590706718, 0.43544468177243328411, -1.80914141556325724913, 0.99137526916127971521, 0.02353656017185583316, -1.26796548180962442842, 0.63930585331855716014, 1.33291320094538789931, 0.13125404479312063888, -2.37612919044562431736, 2.32220152530381085398
-------------------------------------------------------------------
| Order |          Error^2           |         Efficiency         |
-------------------------------------------------------------------
|   2   | 2.56227491464119089010e-37 | 3.73449141662391450000e+15 |
|   4   | 7.02695127920322768385e-41 | 4.26290039000457437500e+14 |
|   6   | 2.20317029947395434810e-42 | 4.55102215524020312500e+12 |
|   8   | 9.17432937706379609260e-09 | 1.33318416850573071827e-07 |
-------------------------------------------------------------------

Scheme evaluation results:
Order: 8, No. cycles: 23
-------------------------------------------------------------------
Vector a: 0.82834359006309732365, -0.54167521354448211479, -0.40995042298967881989, 0.07323254247565601227, -0.91868842654302851347, -0.00771104108185555193, 0.22979728957677619805, 0.11972451983723648994, 0.78175935948105435003, 0.32401091614744964575, 0.33941157021083767642, 0.18174531636693735948
Vector b: 0.70134591959811531936, 0.25399534092996428614, -1.33734576801892868225, 0.51744492203957159759, -0.37097983708825937876, -1.46639701599779881391, 1.45097493383408782108, -0.99138035468053520294, 1.23082939435500837710, 0.33268932460710015642, 0.31533250768779996775, 0.36349063273387482997
-------------------------------------------------------------------
| Order |          Error^2           |         Efficiency         |
-------------------------------------------------------------------
|   2   | 3.65189590190761927219e-40 | 9.89202335997282400000e+16 |
|   4   | 2.70131808214055798805e-41 | 6.87544469599410125000e+14 |
|   6   | 3.04982658720898407196e-42 | 3.86807967235821972656e+12 |
|   8   | 9.43203332948141720423e-09 | 1.31484527032414436062e-07 |
-------------------------------------------------------------------

Scheme evaluation results:
Order: 8, No. cycles: 23
-------------------------------------------------------------------
Vector a: 1.00435545410586746229, 0.07457916830731159408, 0.01874841252380992501, -1.20471749739938793766, -0.54244799239820673531, -0.02744168794777542691, 0.43784689339481974724, 1.19321197874494067115, -0.59313576568669290623, -0.56319163876698619120, 0.71471465846326975857, 0.48747801665903028878
Vector b: 1.08016332080573218555, -0.15161573339973152819, 0.30077407001435207956, -0.26327724496673160504, -2.14615774983204055104, 1.06126176503562708042, -1.11614514093117778160, 1.99183892772081749811, 0.39458502976906384418, -1.58085656114245010073, 0.45447328360847838447, 0.97495603331806068859
-------------------------------------------------------------------
| Order |          Error^2           |         Efficiency         |
-------------------------------------------------------------------
|   2   | 6.11351767783002432581e-37 | 2.41767957657210200000e+15 |
|   4   | 4.42249795340912267584e-41 | 5.37347008744074812500e+14 |
|   6   | 5.75496447295164094417e-43 | 8.90454351178303906250e+12 |
|   8   | 1.01039820602224178695e-08 | 1.27037233825648302923e-07 |
-------------------------------------------------------------------

Scheme evaluation results:
Order: 8, No. cycles: 23
-------------------------------------------------------------------
Vector a: 1.10132080340439908461, -1.11229321210629295003, -0.14645536660317268196, 1.10804692105823243686, -0.45139249296789729637, -0.34765591034245379998, -0.37454898115546231274, -0.42272806874104118524, -0.02067784252158151592, 0.22777238423666981704, 0.95738291763564942194, 0.48122884810295107894
Vector b: 1.13125807558386903828, -0.05987454435894024041, -2.16471187985364554862, 1.87180114664730012919, 0.34429269546916468903, -1.24707768140495911524, 0.55176586072005140426, -1.30086382303097614077, 0.45540768554889582420, -0.49676337059205899482, 0.95230813906539668601, 0.96245769620590215787
-------------------------------------------------------------------
| Order |          Error^2           |         Efficiency         |
-------------------------------------------------------------------
|   2   | 1.13554590999356133094e-37 | 5.60973026339079700000e+15 |
|   4   | 1.40522210002492655872e-41 | 9.53270536747536250000e+14 |
|   6   | 2.89970424373905740881e-43 | 1.25445801837463730469e+13 |
|   8   | 1.02843001752701578051e-08 | 1.25918615459628886708e-07 |
-------------------------------------------------------------------

Scheme evaluation results:
Order: 8, No. cycles: 23
-------------------------------------------------------------------
Vector a: 0.55453765490066708743, -0.70256842188549506467, -0.26720698512438884054, 0.77925292384376976251, -0.96403720116726066003, 0.00192655665191643170, 1.41580367894984116006, -0.20955041829601164793, -0.40148596340202230559, -0.43199870371814963477, 0.34390925122147703030, 0.88141762802565659651
Vector b: 0.36304087075662710982, 0.38299356828808017728, -1.78813041205907041764, 1.25371644181029262555, 0.30478940587724667743, -2.23286380821176777545, 2.23671692151560064232, 0.59489043638408145576, -1.01399127297610491816, 0.21101934617206005718, -1.07501675360835924344, 1.76283525605131319303
-------------------------------------------------------------------
| Order |          Error^2           |         Efficiency         |
-------------------------------------------------------------------
|   2   | 7.33306436821559824307e-38 | 6.98074187288401200000e+15 |
|   4   | 2.15912067383167814288e-41 | 7.69042246595422625000e+14 |
|   6   | 3.12011213913374890598e-42 | 3.82426415031527734375e+12 |
|   8   | 1.03601638041549868423e-08 | 1.25456740761999937867e-07 |
-------------------------------------------------------------------

Scheme evaluation results:
Order: 8, No. cycles: 23
-------------------------------------------------------------------
Vector a: -0.49376426529296818524, 0.67936420772747396768, -0.37088948056161935574, 0.03804905501485836283, 1.05999348555829953078, -0.48088427717008236373, -1.27708623764622242192, 0.01965682308440836953, 1.24494295563023693596, -0.55467351443490897633, -0.00537045445603029185, 1.14066170254655441241
Vector b: -0.68434799353660813459, 0.38116745648727967666, 0.97756095896766848075, -1.71933992009090763631, 1.79543803012062430646, 0.32454894099597481061, -1.28631749533613959358, -1.26785497995630502821, 1.30716862612512185748, 1.18271728513535179239, -2.29206431400516974506, 2.28132340509310926890
-------------------------------------------------------------------
| Order |          Error^2           |         Efficiency         |
-------------------------------------------------------------------
|   2   | 1.84137703177316589394e-36 | 1.39307008784179225000e+15 |
|   4   | 1.56160700864357614384e-41 | 9.04279699230498375000e+14 |
|   6   | 2.47908189594430441693e-42 | 4.29029886999264941406e+12 |
|   8   | 1.08641121009866228570e-08 | 1.22512440915007883994e-07 |
-------------------------------------------------------------------

Scheme evaluation results:
Order: 8, No. cycles: 23
-------------------------------------------------------------------
Vector a: -0.69195761556845258866, 0.62553696726819907337, 0.76140310810701095079, -0.72511200470716663524, -0.10969436910665048002, 0.12643238614588134250, -0.45033011025944558181, -0.25100451818819430327, -0.07742518748061172351, 0.17192825642368925187, 0.66132001851977229023, 0.95890306884596843151
Vector b: -0.81336831157675593129, 0.24282139201660546401, 1.00825254251979412601, 0.51455367369422733148, -1.96477768310856037992, 1.74538894489525953091, -1.49252417260349679040, 0.59186395208460551576, -1.09387298846099390026, 0.93902261349977045324, -0.59516610065239239358, 1.91780613769193708507
-------------------------------------------------------------------
| Order |          Error^2           |         Efficiency         |
-------------------------------------------------------------------
|   2   | 1.83850358519415999705e-40 | 1.39415829611799264000e+17 |
|   4   | 2.33598205626027411744e-41 | 7.39356516025819625000e+14 |
|   6   | 1.16093875455634674617e-42 | 6.26943392120356250000e+12 |
|   8   | 1.08897635169948087913e-08 | 1.22368063563898041027e-07 |
-------------------------------------------------------------------

Scheme evaluation results:
Order: 8, No. cycles: 23
-------------------------------------------------------------------
Vector a: 0.43432866033463113364, 0.07728398763299074159, -0.69395640568493488498, 0.40565296100961956149, -0.71055791704907411699, -0.47976957036544054525, 0.00671750163789086932, 0.46962988727816773471, 1.23728842595946009197, -0.65942011350467810704, -0.05085663503539286645, 0.96365921778676044696
Vector b: -0.55407273967483949839, 1.97680280001894126407, -1.82223482475295983640, 0.43432201338308995542, 0.37698390863614905655, -1.79809974273429706848, 0.83856060200341608901, -0.82512559872763435731, 1.76438537328396960469, 0.71019147863495046824, -2.02903170564430679335, 1.92731843557352111596
-------------------------------------------------------------------
| Order |          Error^2           |         Efficiency         |
-------------------------------------------------------------------
|   2   | 6.85046614541230292267e-38 | 7.22244537331642700000e+15 |
|   4   | 9.33383887609795778686e-41 | 3.69878004634142437500e+14 |
|   6   | 4.28018849942873730430e-43 | 1.03252728288046679688e+13 |
|   8   | 1.09693862580748961382e-08 | 1.21923142325994352557e-07 |
-------------------------------------------------------------------

Scheme evaluation results:
Order: 8, No. cycles: 23
-------------------------------------------------------------------
Vector a: -0.93876729672142289473, -0.16851340191870783913, -0.02775572749141525311, 0.89558519233557820627, 0.86808703017049582140, -0.08379630645622124230, -0.54974908697161972704, 0.30115229414896699245, -0.47583721327831368653, -0.96019845840850392982, 1.03031988682810071722, 1.10947308776306274858
Vector b: -1.18740481492834937249, 0.49727503641385323307, -0.83430184025126885583, 0.77879038526843835655, 1.01237999940271805599, 0.72379406093827369784, -0.89138667385071590488, -0.20811150009252291082, 0.81041608839045631285, -1.76209051494708401897, -0.15830640186992395169, 2.21894617552612549716
-------------------------------------------------------------------
| Order |          Error^2           |         Efficiency         |
-------------------------------------------------------------------
|   2   | 1.14588888274835509114e-36 | 1.76592833474163925000e+15 |
|   4   | 2.22271159814273834156e-40 | 2.39688445114970031250e+14 |
|   6   | 1.14067145558903570810e-41 | 2.00010454621447534180e+12 |
|   8   | 1.14885226514769594843e-08 | 1.19136604848647586775e-07 |
-------------------------------------------------------------------

Scheme evaluation results:
Order: 8, No. cycles: 23
-------------------------------------------------------------------
Vector a: -0.41826739107013771735, 0.58480609390658011559, -0.13450220769420917488, 0.28540228492873237487, 0.34578792532097840651, -0.98308184727901781752, -0.33920819618445469112, 0.74169305234622573408, 0.74398449907943331461, -0.51351191364358816926, -0.04237962950137594276, 0.72927732979083359499
Vector b: -0.68917000009953155448, 0.54180521805878778530, 0.62780696975437233487, -0.89681138514279068463, 1.46761595500025543437, -0.77604010435829873238, -1.19012359019973712471, 0.51170719783082774246, 0.97167890686162383673, 0.51629009129724279248, -1.54331391858441913101, 1.45855465958166718998
-------------------------------------------------------------------
| Order |          Error^2           |         Efficiency         |
-------------------------------------------------------------------
|   2   | 3.32903673572718141905e-40 | 1.03606030367728464000e+17 |
|   4   | 1.49378416297025499760e-42 | 2.92378026625966550000e+15 |
|   6   | 8.79932301922442412887e-44 | 2.27723763976514804688e+13 |
|   8   | 1.16284188200453799205e-08 | 1.18417797496221864424e-07 |
-------------------------------------------------------------------

Scheme evaluation results:
Order: 8, No. cycles: 23
-------------------------------------------------------------------
Vector a: 1.42609748098426880603, -0.02693422293415971905, -1.19407855955918962287, -0.80665206207375539371, 0.58600262340428710406, 0.33857578924666259512, -0.55086445474578915604, 0.12641638474380037516, 0.89321974114667646027, -0.94528338866462147116, -0.05164591006445876792, 1.20514657851627893237
Vector b: 1.21746184233158905030, 0.41727127730535990002, -0.47113972317367930343, -1.91701739594470010886, 0.30371327179718976552, 0.86829197501138410953, -0.19114039651805830866, -0.91058851297351994791, 1.16342128246112053169, 0.62301819983223205579, -2.51358497716147510914, 2.41029315703255786474
-------------------------------------------------------------------
| Order |          Error^2           |         Efficiency         |
-------------------------------------------------------------------
|   2   | 2.40723794304134463302e-38 | 1.21838576949212320000e+16 |
|   4   | 3.42995825112785474450e-40 | 1.92949758338317156250e+14 |
|   6   | 1.32307049859444810942e-41 | 1.85712651649698632812e+12 |
|   8   | 1.19268728837573200698e-08 | 1.16926787157603681974e-07 |
-------------------------------------------------------------------

Scheme evaluation results:
Order: 8, No. cycles: 23
-------------------------------------------------------------------
Vector a: 0.67343504620166372288, -0.43901084601203399504, -0.62368570868583939060, -0.37150155509364918283, 0.33697501546552754981, 0.05468207394200627625, 0.21033091588875418854, 0.98748957357179178995, -1.04225843293448461324, -0.63705247338946635605, 1.11649533900625907989, 0.73410105203947095820
Vector b: 0.34258434988376107455, 0.66170139263580529665, -1.53972308465987328674, 0.29235166728819433901, -1.03535477747549276017, 1.70930480840654763774, -1.59994066052253525179, 2.02060249230004362886, -0.04562334515646009753, -2.03889352071250895548, 0.76478857393357635441, 1.46820210407894191640
-------------------------------------------------------------------
| Order |          Error^2           |         Efficiency         |
-------------------------------------------------------------------
|   2   | 7.35831912965904582625e-39 | 2.20371292248916440000e+16 |
|   4   | 3.47101629613257188468e-41 | 6.06541232754410875000e+14 |
|   6   | 5.28142412080812561290e-43 | 9.29517266640639453125e+12 |
|   8   | 1.20467860924127469612e-08 | 1.16343389555252218908e-07 |
-------------------------------------------------------------------

Scheme evaluation results:
Order: 8, No. cycles: 23
-------------------------------------------------------------------
Vector a: -0.64988072584411893384, 0.68623625398204568526, 0.86142667547707041376, -0.06771820301861032620, -0.82705726896567666184, -0.04135453144474018211, 0.74375559480731334716, -1.67512840779449700968, 0.21300026536382971054, -0.00157977903798495385, -0.21156601765159901984, 1.96986614412696803278
Vector b: -0.74064295362634791076, 0.18152445556446877850, 1.19094805239961165633, 0.53190529855453327901, -0.66734170459175468082, -0.98677283333961240963, 0.90406377045013142091, 0.58344741916450859609, -3.93370423475348074405, 4.35970476548113694548, -4.36286432355710651620, 3.93973228825391208474
-------------------------------------------------------------------
| Order |          Error^2           |         Efficiency         |
-------------------------------------------------------------------
|   2   | 1.96255026683519642858e-34 | 1.34937895748884406250e+14 |
|   4   | 2.01806239710165802824e-38 | 2.51548285048007773438e+13 |
|   6   | 5.02123308079364082203e-39 | 9.53296049318169555664e+10 |
|   8   | 1.24742749324305271482e-08 | 1.14332488451856665145e-07 |
-------------------------------------------------------------------

Scheme evaluation results:
Order: 8, No. cycles: 23
-------------------------------------------------------------------
Vector a: 0.22288337978365305170, -1.08091822884394872517, 0.09663369514761661894, 0.98772653153231082523, -0.30796515243044275678, -0.28439341669580092686, 0.67753521853019826882, 0.61921729855612284155, -0.50083114173767973032, -0.82707772887324249034, 0.67078287736870267910, 0.72640666766251038577
Vector b: 0.71807775332409617963, -0.99038874708088608934, -1.17144771060701113896, 1.36471510090224423806, 0.61073796216237719037, -1.22666826702326292597, 0.65788143363166096123, 0.69718900342873568743, 0.54124559368350999566, -1.54290787715886956732, -0.11124758058761548274, 1.45281333532502077155
-------------------------------------------------------------------
| Order |          Error^2           |         Efficiency         |
-------------------------------------------------------------------
|   2   | 1.14840287945568010056e-37 | 5.57823994898469500000e+15 |
|   4   | 1.43633092593293749770e-41 | 9.42890804238975375000e+14 |
|   6   | 2.61487390939865953270e-43 | 1.32101457105213144531e+13 |
|   8   | 1.26325993961472998028e-08 | 1.13613764437027196727e-07 |
-------------------------------------------------------------------

Scheme evaluation results:
Order: 8, No. cycles: 23
-------------------------------------------------------------------
Vector a: 0.51934765438505714474, -0.44038473469087147105, 0.47406009896163647799, 0.53506683661368803495, -0.06028725869896571499, -0.24507993487677923183, -1.01905826397952314899, -0.18445856825947543056, 1.54962734906290711123, 0.00862871576112852860, -0.38538766758857057049, 0.24792577330976842132
Vector b: 1.15660382428508246022, -1.27451233980005040891, 0.39374287041830724476, 0.55437732750496593326, 0.51575634572241002562, -0.63633086312034148335, 0.14617099336678313071, -2.18428752132582992829, 1.81537038480687895614, 1.28388431331893571041, -1.26662688179667859423, 0.49585154661953689814
-------------------------------------------------------------------
| Order |          Error^2           |         Efficiency         |
-------------------------------------------------------------------
|   2   | 4.93974524256069915305e-39 | 2.68962697730621000000e+16 |
|   4   | 1.48199924288528328604e-40 | 2.93538225865055000000e+14 |
|   6   | 2.69971545820899841836e-42 | 4.11125095400021728516e+12 |
|   8   | 1.28279017041531936728e-08 | 1.12745573522275904998e-07 |
-------------------------------------------------------------------

Scheme evaluation results:
Order: 8, No. cycles: 23
-------------------------------------------------------------------
Vector a: -0.27602447504025617864, -0.61764214461900812658, 0.39080748029766787521, 1.03134652382702207696, -0.12103106119360138027, -0.76598860453898098832, -0.34990479364766602366, 0.41350052820917165830, 0.07556505515973470366, -0.57318448382912534633, 1.00720483032301388882, 0.78535114505202763269
Vector b: 0.45323407179778602005, -1.45851709367608450840, 0.22323280443806825524, 0.55838215615726749519, 1.50431089149677665873, -1.74637301388397947477, 0.21439580480601747037, -0.91420539210134954544, 1.74120644851969275102, -1.59007633820022342697, 0.44370737054197267879, 1.57070229010405526537
-------------------------------------------------------------------
| Order |          Error^2           |         Efficiency         |
-------------------------------------------------------------------
|   2   | 1.30987551043472308551e-38 | 1.65169295606202320000e+16 |
|   4   | 1.08628656954459819338e-41 | 1.08421759503827750000e+15 |
|   6   | 8.26922268939182179021e-43 | 7.42849165979607421875e+12 |
|   8   | 1.30882692759687729496e-08 | 1.11618504934864734186e-07 |
-------------------------------------------------------------------

Scheme evaluation results:
Order: 8, No. cycles: 23
-------------------------------------------------------------------
Vector a: -1.11287836869752987390, 0.10736268430236196869, 0.54082906620637849482, 0.82987011057483506260, 0.15671467328749374981, -0.36912282296042142615, 0.41258890670910580711, 0.44286912090572128076, 0.62920393892710979600, 0.34888957312629037544, -0.51677401888190566126, -0.46955286349943947677
Vector b: -0.78063160489869509728, -0.66449352759766955323, 0.87921889620239346286, 0.20243923621036347127, 1.45730098493930682046, -1.14387163836431926534, 0.40562599244347630201, 0.41955182097473553426, 0.46618642083670674969, 0.79222145701751323088, -0.09444231076493234123, -0.93910572699887917558
-------------------------------------------------------------------
| Order |          Error^2           |         Efficiency         |
-------------------------------------------------------------------
|   2   | 1.09020213376555317023e-37 | 5.72520199728157200000e+15 |
|   4   | 3.75772196193342945739e-41 | 5.82943325873137750000e+14 |
|   6   | 6.72268165771164649151e-42 | 2.60532382317782958984e+12 |
|   8   | 1.47570779945851940905e-08 | 1.05118008771310800355e-07 |
-------------------------------------------------------------------

Scheme evaluation results:
Order: 8, No. cycles: 23
-------------------------------------------------------------------
Vector a: 0.14202504140377916753, -0.46157487355439918986, 0.71494716765937726954, 0.47768001918111674398, -0.84820378058575052194, -0.51479723993123294168, 0.33940527078433890829, -0.39480315502321655652, -0.33089275772626197680, 0.82467893475183773333, 0.82260680905808059027, 0.22892856398233074611
Vector b: 0.67977550118712659621, -1.07550091956669491289, 0.15235117245789636664, 1.27754316286085822796, -0.32218312449862474001, -1.37422443667287641489, 0.34462995681041058704, 0.33418058475826695197, -1.12378689480469984296, 0.46200137935217588936, 1.18735649015149968832, 0.45785712796466149221
-------------------------------------------------------------------
| Order |          Error^2           |         Efficiency         |
-------------------------------------------------------------------
|   2   | 4.11250831232504394267e-39 | 2.94775193810046720000e+16 |
|   4   | 1.57365817543676957065e-42 | 2.84861301870452050000e+15 |
|   6   | 3.54295275334517233583e-44 | 3.58880865367064609375e+13 |
|   8   | 1.55973637711683525371e-08 | 1.02247267670056706975e-07 |
-------------------------------------------------------------------

Scheme evaluation results:
Order: 8, No. cycles: 23
-------------------------------------------------------------------
Vector a: 0.65561645774140353549, -0.94414166403046551057, -0.54677887334993613422, 0.63738395284298143828, 0.71363240510022118990, -0.64626202806459720485, -0.37741778252296748208, -0.06055268428212211285, 0.22735079814629116646, 0.17264580773580170958, 0.22547010673986142559, 0.94305350394352793764
Vector b: 0.79574622370974745778, -0.28025953193668801111, -1.60802379612424273247, 0.51446604942437079711, 0.76030185626159207946, 0.66696295393885030034, -1.95948701006804437696, 1.20465144502210952382, -1.32575681358635377727, 1.78045840987893622120, -1.43516679440733274653, 1.88610700788705565323
-------------------------------------------------------------------
| Order |          Error^2           |         Efficiency         |
-------------------------------------------------------------------
|   2   | 2.25875859983902993589e-39 | 3.97749294893432640000e+16 |
|   4   | 1.44069246740314849083e-41 | 9.41462472147440625000e+14 |
|   6   | 1.01246568064225312373e-42 | 6.71340470227419921875e+12 |
|   8   | 1.63162876710610426416e-08 | 9.99692962881618147709e-08 |
-------------------------------------------------------------------

Scheme evaluation results:
Order: 8, No. cycles: 23
-------------------------------------------------------------------
Vector a: -0.64402067064969659160, 0.12114567395840841746, 0.28148470308512280047, 0.27077647845942692806, -0.06861517258244471951, -0.23129638562979298877, 0.37558438517083153618, -0.15191521565482576928, -0.52706322166930463791, -0.17628373520344012282, 1.28749190742059504977, 0.46271125329512025059
Vector b: 0.40972386155020668053, -2.10748906439980610017, 2.34978041231662304611, -1.78681100614637511370, 2.32836396306522974697, -2.46559430823011904721, 2.00300153697053273660, -1.25183276662887132957, 0.94800233531921951347, -2.00212877865783012155, 1.64956130825094948733, 0.92542250659024027915
-------------------------------------------------------------------
| Order |          Error^2           |         Efficiency         |
-------------------------------------------------------------------
|   2   | 1.48673058702022959840e-37 | 4.90261951673906100000e+15 |
|   4   | 2.39008268672169449251e-40 | 2.31143770279793062500e+14 |
|   6   | 5.32922906212012853980e-42 | 2.92617833209043408203e+12 |
|   8   | 1.69759337954746153216e-08 | 9.80077627236371048854e-08 |
-------------------------------------------------------------------

Scheme evaluation results:
Order: 8, No. cycles: 23
-------------------------------------------------------------------
Vector a: -0.53977300335763112038, 0.69183316352295254337, -0.09941548693982324436, -0.81061809488086233877, 0.15688235460761285056, 0.78314837980410811902, 0.64760733118461966118, -0.25008185044491759719, -1.00731205999242368065, -0.26771419921015132681, 0.93037396104541225661, 0.76506950466110379416
Vector b: -0.82327380690446638756, 0.56700160709367031231, 0.81666471995223466340, -1.01549569383188176275, -0.60574049592984235968, 0.91950520514506806080, 0.64679155446314784417, 0.64842310790609214433, -1.14858680879592744972, -0.86603731118891968954, 0.33060891276861698040, 1.53013900932220758833
-------------------------------------------------------------------
| Order |          Error^2           |         Efficiency         |
-------------------------------------------------------------------
|   2   | 4.25456634544443659806e-40 | 9.16466675421819360000e+16 |
|   4   | 5.78736265766149450292e-42 | 1.48541671657480025000e+15 |
|   6   | 2.81174505387816090173e-43 | 1.27392838361809238281e+13 |
|   8   | 1.70032225611832907259e-08 | 9.79290839667389384640e-08 |
-------------------------------------------------------------------

Scheme evaluation results:
Order: 8, No. cycles: 23
-------------------------------------------------------------------
Vector a: -0.25896334537987442115, 0.99309186879127242520, -0.59251939787634966272, -1.07283404584184305364, -0.10235853871827381434, 0.22815131180432149383, 0.23041255572663713047, 0.23753771707218424014, 0.29823798766412235040, -0.34845626576553856424, 0.43635377169497047145, 0.95134638082837130746
Vector b: -0.97767393377753175621, 1.43742117679531467012, 0.54876256078723029130, -1.73380135653992950573, -0.41186673514375632399, 0.20714965770720894511, 0.24915296590143284905, 0.21167214555184399316, 0.26340328859252182259, 0.33307268673572409945, -1.02998521826680144997, 1.90269276165674261492
-------------------------------------------------------------------
| Order |          Error^2           |         Efficiency         |
-------------------------------------------------------------------
|   2   | 4.19255048060727749376e-39 | 2.91947780374280360000e+16 |
|   4   | 5.37201779283561872309e-41 | 4.87550868840270625000e+14 |
|   6   | 1.05636436563939746632e-42 | 6.57243216725272070312e+12 |
|   8   | 1.73402681233581672013e-08 | 9.69726821011818595555e-08 |
-------------------------------------------------------------------

Scheme evaluation results:
Order: 8, No. cycles: 23
-------------------------------------------------------------------
Vector a: -0.20765385341380507289, 0.02003802865249905418, 0.77214621449741882575, 0.40687268833839318471, -0.62461425602877540530, 0.64105976627565974812, -0.42260944018287804891, -0.59411436799406613929, -0.71940888672349689870, -0.04533600312399724969, 1.43299398168401226350, 0.34062612801903568993
Vector b: -0.53829248033504839555, 0.66127725384248325913, -0.62120119653748573363, 2.16549362553232738193, -1.35174824885554056841, 0.10251973679798963290, 1.17959979575332996049, -2.02481867611908672444, 0.83658994013095411280, -2.27540771357794735508, 2.18473570732995314714, 0.68125225603807149088
-------------------------------------------------------------------
| Order |          Error^2           |         Efficiency         |
-------------------------------------------------------------------
|   2   | 4.37415338059767077886e-37 | 2.85823099310737300000e+15 |
|   4   | 3.04743880282878780456e-40 | 2.04701563307198437500e+14 |
|   6   | 1.41878241518477248831e-41 | 1.79339141051643872070e+12 |
|   8   | 1.84779232706055269301e-08 | 9.39400381400291690570e-08 |
-------------------------------------------------------------------

Scheme evaluation results:
Order: 8, No. cycles: 23
-------------------------------------------------------------------
Vector a: -0.12916421063462102392, 0.24387543184330021107, 0.68724253442499805278, -0.58715230749815772171, 0.16716541475949345252, 0.16209124355630774583, -0.32661627501570800192, -0.50362642310666705381, -0.54585377629715936543, 0.48418642907195025282, 0.79937532966222646369, 0.54847660923403684929
Vector b: 0.30429803379844666544, -0.86692448886613482362, 1.35467535255273463513, 0.01980971629724932737, -1.19411433129355293303, 1.52844516081254022666, -1.20426267369992445744, 0.55103012366850878667, -1.55828296988184300531, 0.46657541728752366383, 0.50179744085637834061, 1.09695321846807369859
-------------------------------------------------------------------
| Order |          Error^2           |         Efficiency         |
-------------------------------------------------------------------
|   2   | 2.18733784749103467694e-36 | 1.27816344920406500000e+15 |
|   4   | 5.76886551793240691758e-41 | 4.70482472218139500000e+14 |
|   6   | 6.77720759731000029580e-44 | 2.59482210742451914062e+13 |
|   8   | 1.85426321003638795932e-08 | 9.37759820750791273571e-08 |
-------------------------------------------------------------------

Scheme evaluation results:
Order: 8, No. cycles: 23
-------------------------------------------------------------------
Vector a: -0.84364835710994834361, 0.42340559171302971642, 0.80326357362250655481, -0.18541313919613211514, 0.38124834660611217618, 0.00612714504573252852, -0.80555350318446228286, 0.69951555615865124160, -0.15419943382003048482, -0.88533535237580962551, 0.58685184656518574187, 0.97373772597516472516
Vector b: -1.06407505464127360995, 0.44085339506265064369, 0.40595778836340912221, 1.20056935888160376535, -1.57139563727386777359, 2.33389233048609234800, -2.32163804039462728923, 0.71053103402570250147, 0.68850007829160020378, -0.99689894593166128445, -0.77377175881995774454, 1.94747545195032945031
-------------------------------------------------------------------
| Order |          Error^2           |         Efficiency         |
-------------------------------------------------------------------
|   2   | 1.72909020109967828015e-38 | 1.43759152279473900000e+16 |
|   4   | 2.20699078099609430004e-40 | 2.40540603588507812500e+14 |
|   6   | 7.07111694987458078798e-42 | 2.54032319597235205078e+12 |
|   8   | 1.91266521519206246458e-08 | 9.23331882742902496427e-08 |
-------------------------------------------------------------------

Scheme evaluation results:
Order: 8, No. cycles: 23
-------------------------------------------------------------------
Vector a: -0.15652223084301897238, 0.15412491360597974088, 0.07860346862698328052, -0.41075216475684267481, -0.30847467392130439867, -0.22818456753682997418, 1.11300771705253342958, 0.81798588002773398031, -0.87160210343724797699, -0.42400270821160046530, 0.83077002921102505173, 0.40504644018258895155
Vector b: 0.37156441337794082758, -1.05617328844191971093, 1.36442311565387930372, -1.20721617839991268717, 0.38571184888622728204, -1.00266119672883591285, 0.54629206165517596450, 1.67972337244989100569, -0.04375161239442296179, -1.69945259448007313097, 0.85144717805687220036, 0.81009288036517790310
-------------------------------------------------------------------
| Order |          Error^2           |         Efficiency         |
-------------------------------------------------------------------
|   2   | 6.65807347145436283810e-40 | 7.32605266448401760000e+16 |
|   4   | 3.41076046216660475063e-42 | 1.93492014387501400000e+15 |
|   6   | 1.49158402858937782510e-43 | 1.74907777624405234375e+13 |
|   8   | 1.92413348663727846405e-08 | 9.20576136799010005084e-08 |
-------------------------------------------------------------------

Scheme evaluation results:
Order: 8, No. cycles: 23
-------------------------------------------------------------------
Vector a: -0.52249267534761889564, -0.23011929405735628840, 1.07656870372466495489, 0.47858292809129521217, -0.87488652102373465347, -0.47874025535674447074, 0.58600465309412197445, 0.60938709656377565427, 0.28184563457313038803, -0.74883765399723600797, -0.01352135514709069952, 0.83620873888279279029
Vector b: 0.06703687974694631790, -1.17905911018913034383, 0.71882052207441782254, 1.43431688537491197621, -0.47715102919232166290, -1.27262201285514775506, 0.31514150214165881358, 0.85686780404658524635, 0.36190638908096600668, 0.20178488006529490817, -1.69946018805976684085, 1.67241747776558535854
-------------------------------------------------------------------
| Order |          Error^2           |         Efficiency         |
-------------------------------------------------------------------
|   2   | 5.00072975172811519198e-40 | 8.45332634371415840000e+16 |
|   4   | 2.60529410487269989826e-41 | 7.00100322229365750000e+14 |
|   6   | 2.31164982214458397352e-43 | 1.40498588392979042969e+13 |
|   8   | 2.00732720882490419726e-08 | 9.01297623961077553279e-08 |
-------------------------------------------------------------------

Scheme evaluation results:
Order: 8, No. cycles: 23
-------------------------------------------------------------------
Vector a: 1.20560164587359786026, 0.69253988238078167949, -0.17711199469997829237, -0.95634432500511690201, -1.00254446916346040553, -0.14646575881332940527, 0.42558503671345343511, 0.39179101952481404370, 0.42927400680513816411, -0.06475825554966828379, -0.05067008118621109392, 0.25310329311997925572
Vector b: 0.66026828868506659553, 1.09066671437706341763, 0.29441305038450044096, -0.64863703978445708120, -1.26405161022577727792, -0.74103732810114353313, 0.44810581047448710956, 0.40306426295241026825, 0.38051777609722814422, 0.47803023751304418720, -0.60754674861237989436, 0.50620658623995784531
-------------------------------------------------------------------
| Order |          Error^2           |         Efficiency         |
-------------------------------------------------------------------
|   2   | 1.51249044369254613324e-36 | 1.53708543840367975000e+15 |
|   4   | 2.89533486101865053560e-40 | 2.10009652447111750000e+14 |
|   6   | 2.89326652643879978306e-42 | 3.97135547728998876953e+12 |
|   8   | 2.04341198944042386719e-08 | 8.93304132860063747268e-08 |
-------------------------------------------------------------------

Scheme evaluation results:
Order: 8, No. cycles: 23
-------------------------------------------------------------------
Vector a: 0.60626430974050471434, 0.25112875957716213060, -0.53047117748816408067, -0.02142002238265892228, 0.14258795875152627253, -1.00142503021163919996, 0.18442843451249113507, 0.85008167545852608704, -0.36196860550204107421, -0.31450034828948753018, 0.72600379848316953790, 0.46929024735061075635
Vector b: 0.53368943699497317645, 0.14514974549106307578, 0.35710777366326124094, -1.41805012863958923575, 1.37521008387427134956, -1.09003416637121897104, -0.91281589405205942889, 1.28167276307704169902, 0.41849058784001053057, -1.14242779884409273450, 0.51342710226511767413, 0.93858049470122151270
-------------------------------------------------------------------
| Order |          Error^2           |         Efficiency         |
-------------------------------------------------------------------
|   2   | 1.86540851570919648481e-40 | 1.38406775362880496000e+17 |
|   4   | 1.63111141247408707056e-42 | 2.79799441155923100000e+15 |
|   6   | 5.35572869031810311087e-44 | 2.91893013126335781250e+13 |
|   8   | 2.26173115821011780775e-08 | 8.49096051563291092703e-08 |
-------------------------------------------------------------------

Scheme evaluation results:
Order: 8, No. cycles: 23
-------------------------------------------------------------------
Vector a: -0.56323525230984394785, 0.10808768661891356155, 1.09941587423329378836, -0.52160269012768722963, -0.28514116814940360101, -0.43723560683951934180, -0.17983473011030939870, 1.24607654220352026542, -0.41437052088546327822, -1.09120583593841113945, 1.01264495918084085346, 1.02640074212406950949
Vector b: 0.33895832391822838803, -1.80438715245614478278, 2.02056252569397187813, 0.17826922277261569860, -1.22147460302798993581, 0.65119226672918273380, -1.52566348040822141741, 1.16599402018760245348, 1.32615906421943807736, -2.15490010599036452277, -0.02751156588645739531, 2.05280148424813901897
-------------------------------------------------------------------
| Order |          Error^2           |         Efficiency         |
-------------------------------------------------------------------
|   2   | 1.11103910561843176212e-37 | 5.67126127058603600000e+15 |
|   4   | 7.35653667801242465894e-41 | 4.16631357385575812500e+14 |
|   6   | 1.32598677248264150079e-41 | 1.85508318138157958984e+12 |
|   8   | 2.28644038520786446453e-08 | 8.44495560139157149417e-08 |
-------------------------------------------------------------------

Scheme evaluation results:
Order: 8, No. cycles: 23
-------------------------------------------------------------------
Vector a: -0.10113265040011849838, -0.00744426058747799449, -0.80322647735549956849, 0.84041452388073711877, 0.66630924749923214900, -0.75435470111475588784, -0.54957984160619333114, 1.04133821226940281868, -0.04284120087545718186, -1.13388855088849016539, 0.74660463254970987901, 1.09780106662891085989
Vector b: -1.16773258037665406128, 2.13319985995306904414, -2.14808838112802469311, 0.54163542641702733249, 1.13919362134444712709, 0.19342487365401678234, -1.70213427588352828046, 0.60297459267114150716, 1.47970183186766446326, -1.56538423361857881311, -0.70239286815840173972, 2.19560213325782171978
-------------------------------------------------------------------
| Order |          Error^2           |         Efficiency         |
-------------------------------------------------------------------
|   2   | 8.14415834014223156079e-38 | 6.62401372460717900000e+15 |
|   4   | 1.11964447948785046375e-40 | 3.37713626436385562500e+14 |
|   6   | 7.58147422963938018027e-42 | 2.45333103266670214844e+12 |
|   8   | 2.32076346658315208491e-08 | 8.38227437257208915663e-08 |
-------------------------------------------------------------------

Scheme evaluation results:
Order: 8, No. cycles: 23
-------------------------------------------------------------------
Vector a: -0.38278638345271170929, 0.23610006110620379571, 0.52526540135167443246, -0.19065206844995077895, -0.24522818329461640308, 0.26006121945124349715, -0.21514076376999230478, -1.04810353035734338256, 0.14032822610270268004, 0.51347527312305385472, 0.87927073500706731668, 0.52741001318266889086
Vector b: 0.40341806388824807961, -1.57240889468191968881, 2.04460901689432716921, -0.99407821419097830429, 0.61277407729107680190, -1.10323044388030955254, 1.62335288278279654683, -2.05363441032278126741, -0.04257265039190542832, 0.32322910259731069127, 0.70372144364879696266, 1.05482002636533778173
-------------------------------------------------------------------
| Order |          Error^2           |         Efficiency         |
-------------------------------------------------------------------
|   2   | 1.49232681256735718785e-40 | 1.54743479128971968000e+17 |
|   4   | 1.27350004437839375406e-41 | 1.00135754323689387500e+15 |
|   6   | 2.00825125681023359581e-43 | 1.50738420479135156250e+13 |
|   8   | 2.44903688690178770959e-08 | 8.15980252694605284718e-08 |
-------------------------------------------------------------------

Scheme evaluation results:
Order: 8, No. cycles: 23
-------------------------------------------------------------------
Vector a: 0.18648203077349792545, -0.35858274205505730192, 0.70390038272712140976, 0.29293178218878940244, -0.93659574194377437362, -0.49049001617802739927, 0.33499030935314028090, -0.35474177275048046631, -0.25324273568161104198, 0.83784977605226973463, 0.80599635385830925571, 0.23150237365582260196
Vector b: 0.68306119817336685696, -0.99315833479973780751, 0.27599285068962309264, 1.13180791476461961587, -0.54594435038704092200, -1.32724713350050782523, 0.34626710114445302668, 0.32371351756182736858, -1.03319706306278824570, 0.52671159169956616175, 1.14898796040497330750, 0.46300474731164520392
-------------------------------------------------------------------
| Order |          Error^2           |         Efficiency         |
-------------------------------------------------------------------
|   2   | 2.29588740394978028900e-40 | 1.24758181360622912000e+17 |
|   4   | 4.70135634780976127295e-43 | 5.21167194421709200000e+15 |
|   6   | 4.64365392357299245746e-44 | 3.13475108258868398438e+13 |
|   8   | 2.48068418340629345732e-08 | 8.10758616720048412267e-08 |
-------------------------------------------------------------------

Scheme evaluation results:
Order: 8, No. cycles: 23
-------------------------------------------------------------------
Vector a: -0.87948709803674085528, 0.30183534498609770891, 0.37177767039829495710, 0.75958883840402191545, -0.11954492925058483876, -1.09169691940722901613, 0.53915983046390070221, 0.86727204327621221225, -0.93287988659442722117, -0.52236414092742844417, 1.00371445069828091334, 0.70262479598960203564
Vector b: -1.03451992464255293491, 0.31006565321162421478, 0.29360503676057125855, 0.44995030403601854463, 1.06922737277202517525, -1.30831723127319499156, -0.87507660754126315172, 1.95339626846906466717, -0.21885218191664002063, -1.64690759127221442171, 0.60217930941735764439, 1.40524959197920407128
-------------------------------------------------------------------
| Order |          Error^2           |         Efficiency         |
-------------------------------------------------------------------
|   2   | 2.78376347728910860041e-40 | 1.13299543921012064000e+17 |
|   4   | 2.50720321236996270330e-41 | 7.13664161610310625000e+14 |
|   6   | 3.95101165301848971802e-43 | 1.07467916349364628906e+13 |
|   8   | 2.49151304056118516575e-08 | 8.08994798997840474073e-08 |
-------------------------------------------------------------------

Scheme evaluation results:
Order: 8, No. cycles: 23
-------------------------------------------------------------------
Vector a: 0.40537206842818129804, -0.39553026394605778071, 0.08006039609130628787, 0.38244750278565603496, -0.47933131383232097100, -0.41218545808559087229, -0.44239272775444010710, 0.42586908720220267854, 0.90795015762446551477, -0.43506929238601960153, -0.06364402093708612651, 1.02645386480970346454
Vector b: -0.18397088075978795807, 1.17868589837593829017, -1.96974642626805351853, 2.12986721845066595549, -1.36497221287935421863, 0.40630958521471255418, -1.23068050138589457632, 0.34589504587701425109, 0.50584312852739099498, 1.31005718672154003457, -2.18019577149357912660, 2.05290772961940692909
-------------------------------------------------------------------
| Order |          Error^2           |         Efficiency         |
-------------------------------------------------------------------
|   2   | 1.95150429335731324565e-38 | 1.35319246995914320000e+16 |
|   4   | 7.45228039558741778531e-42 | 1.30901330979505475000e+15 |
|   6   | 9.15709299559264962048e-43 | 7.05917862726555371094e+12 |
|   8   | 2.50376088788247338427e-08 | 8.07013660934357478226e-08 |
-------------------------------------------------------------------

Scheme evaluation results:
Order: 8, No. cycles: 23
-------------------------------------------------------------------
Vector a: -0.96243596845203660539, 0.75226890691028225344, 0.40705501160084667234, -0.17576449895999315953, -0.42692167248546614156, -0.54125764652216834527, 0.55950215264409397520, -0.06170099263506615556, -0.36029100258576673976, 0.44295231160028686324, 0.84058398978177262251, 0.52600940910321480892
Vector b: -0.88501497899311121209, -0.15484197891785075885, 1.65937979273841529348, -0.84526976953672217086, 0.49374077161673568526, -1.34758411658766741326, 0.26506882354333072271, 0.85393548174485778279, -0.97733746701499069065, 0.25675546184345704459, 0.62914916135711629330, 1.05201881820642939580
-------------------------------------------------------------------
| Order |          Error^2           |         Efficiency         |
-------------------------------------------------------------------
|   2   | 7.17464813734306340313e-41 | 2.23174219417280032000e+17 |
|   4   | 2.44386452178248097169e-42 | 2.28586244518953500000e+15 |
|   6   | 5.84775260026955522297e-44 | 2.79343447415827851562e+13 |
|   8   | 2.61168076574040347000e-08 | 7.90164049637740264267e-08 |
-------------------------------------------------------------------

Scheme evaluation results:
Order: 8, No. cycles: 23
-------------------------------------------------------------------
Vector a: -0.25368046910769159741, 1.02142778112726761996, -0.57061879107786783738, -0.13103408107829817020, 0.11223282111337777589, -0.87645135361571424593, -0.12385757619934187335, 0.53298892309088929942, 0.67114684475922403717, -0.53359472288018749975, 0.12476535275309029449, 1.02667527111525225259
Vector b: -1.08002363551841829015, 1.65268633282145360752, 0.39016922943308163241, -1.53140681158881730717, 1.26933864943222096677, -1.04487300720546549826, -0.70802970002596299359, 0.46031454762727924690, 0.60566329855449929642, 0.73663039096394888894, -1.80381983672432388843, 2.05335054223050450517
-------------------------------------------------------------------
| Order |          Error^2           |         Efficiency         |
-------------------------------------------------------------------
|   2   | 3.36065002908234929217e-39 | 3.26086398216844200000e+16 |
|   4   | 4.77720162719134199691e-42 | 1.63494019146035600000e+15 |
|   6   | 4.86470589111646313156e-43 | 9.68511293862639257812e+12 |
|   8   | 2.76497826009469956892e-08 | 7.67947359344642161463e-08 |
-------------------------------------------------------------------

Scheme evaluation results:
Order: 8, No. cycles: 23
-------------------------------------------------------------------
Vector a: -0.23303631985854003639, 0.91946021705993130624, -0.77775970916279435485, -1.12373028206443081878, 0.99417235110765189710, 0.18582592003547909743, -0.22454954507447599799, -0.17165971264187299128, -0.85805826888305725131, 0.05826822725902680578, 1.18493217872731415596, 1.04613494349576807707
Vector b: -0.82859862628780289739, 1.19112461285852555548, 0.64779582126133705700, -2.20331523958692576670, -0.04414532454193605820, 2.03249002675724010913, -1.66083818668628180326, 1.21173909653732980729, -1.55505852182107573434, -0.16105801594503821317, 0.27759447046309165819, 2.09226988699153615414
-------------------------------------------------------------------
| Order |          Error^2           |         Efficiency         |
-------------------------------------------------------------------
|   2   | 8.63892207569340921307e-38 | 6.43153370078616800000e+15 |
|   4   | 4.87792696080700984797e-40 | 1.61797202884464000000e+14 |
|   6   | 9.87588497598928166072e-42 | 2.14953723422069482422e+12 |
|   8   | 2.77702691972903809426e-08 | 7.66279605549304227778e-08 |
-------------------------------------------------------------------

Scheme evaluation results:
Order: 8, No. cycles: 23
-------------------------------------------------------------------
Vector a: 0.07264126241812818296, -0.92677769620380079374, 0.33315315389313432393, -0.19721178677598144580, 0.69629931809323253322, 0.11359419187064648260, -0.82975549241505219822, 0.88655460317242229529, -0.49808807934228532810, -0.06579812768564465009, 1.27123827011033663226, 0.14415038286486403507
Vector b: 1.09097686551498651575, -2.03667120619371733170, 0.18311581378611732629, 0.48319049400015023910, -0.87761406755211235353, 2.27021270373857664282, -2.04302431999728373313, 0.38351333516718022487, 1.38959587117766369957, -2.38577202986223380066, 2.25417577449094430619, 0.28830076572972795912
-------------------------------------------------------------------
| Order |          Error^2           |         Efficiency         |
-------------------------------------------------------------------
|   2   | 8.39549343904149641487e-37 | 2.06310444463009350000e+15 |
|   4   | 4.21836379961860494903e-41 | 5.50195001133958812500e+14 |
|   6   | 1.11696654982032189754e-42 | 6.39164874567125878906e+12 |
|   8   | 2.86355343069972841581e-08 | 7.54613666684602775304e-08 |
-------------------------------------------------------------------

Scheme evaluation results:
Order: 8, No. cycles: 23
-------------------------------------------------------------------
Vector a: 0.61107823111327164156, -0.52586948905445118907, 0.62677259027830356519, -0.82910748149237267768, -0.14297048517172963877, 0.95309667688660892892, -1.04949935069000188648, -1.02599072543086577980, 0.02377769982671406115, 0.87607633829068631837, 1.09018194525514355853, 0.39245405018869328195
Vector b: 1.31868126122340245665, -1.41520606022026163018, 0.36346708211135930755, 0.89007809844524776732, -2.54829306142999323370, 2.26235209108653378962, -0.35615873731331615382, -1.74283996406668761914, -0.30914148679504399597, 0.35669688644847213910, 1.39545579013290033110, 0.78490810037738656391
-------------------------------------------------------------------
| Order |          Error^2           |         Efficiency         |
-------------------------------------------------------------------
|   2   | 2.68618826262124293813e-38 | 1.15338979469067080000e+16 |
|   4   | 1.12692422501001788844e-41 | 1.06448929545101425000e+15 |
|   6   | 1.05429569119078617846e-42 | 6.57887701935612597656e+12 |
|   8   | 2.87800322094918584538e-08 | 7.52716912327434298422e-08 |
-------------------------------------------------------------------

Scheme evaluation results:
Order: 8, No. cycles: 23
-------------------------------------------------------------------
Vector a: 0.26083208500909438321, 0.37542063210976073240, -1.01573690613517286785, -0.22576140482369472240, 0.62302569371129046250, 0.47489101733485705736, -0.68625737802474462423, -0.27679002236329786069, -0.06924222076519499780, -0.24744447484692341788, 1.09393320971960439358, 0.69312976907442136465
Vector b: -0.58689103297024625139, 1.69544623595868126920, -0.94460497173915991542, -1.08686884053118593130, 0.63534603088379648650, 0.61070535653878443849, 0.33907667813092945419, -1.71159143418041859164, 1.15801138945382287027, -1.29649583098421294913, 0.80160688129036605787, 1.38625953814884272930
-------------------------------------------------------------------
| Order |          Error^2           |         Efficiency         |
-------------------------------------------------------------------
|   2   | 8.31111240229820464619e-39 | 2.07355113607681160000e+16 |
|   4   | 2.15799963506021828922e-42 | 2.43255670298212400000e+15 |
|   6   | 3.51805284966359982644e-43 | 1.13889006445373085938e+13 |
|   8   | 2.93261766312546562130e-08 | 7.45675010258922482195e-08 |
-------------------------------------------------------------------

Scheme evaluation results:
Order: 8, No. cycles: 23
-------------------------------------------------------------------
Vector a: -0.19362316664544951261, -0.46558251183442478371, 0.48305984483034408727, 0.89887076212300265343, -0.34298182591788345386, -1.27140770564440752644, 0.44233984386712582593, 0.99210322752294533011, -0.81471432807182331270, -0.73786412112214683212, 1.10152631498348951844, 0.90827366590922820055
Vector b: 0.35121336609160608289, -1.08967306547411113549, 0.15850804180526170684, 0.80761164785542649547, 0.99012987639057881140, -1.67609352822634583013, -0.86672188306246955580, 1.75140157079672120766, 0.23280488424916953583, -1.86223354039281607797, 0.38650529814852252475, 1.81654733181845640111
-------------------------------------------------------------------
| Order |          Error^2           |         Efficiency         |
-------------------------------------------------------------------
|   2   | 1.02224386660863967368e-37 | 5.91244442055802400000e+15 |
|   4   | 1.93743525677549208226e-41 | 8.11848619681666250000e+14 |
|   6   | 1.57957439357785284755e-42 | 5.37480783406183886719e+12 |
|   8   | 2.94429153004634780390e-08 | 7.44195272866386149718e-08 |
-------------------------------------------------------------------

Scheme evaluation results:
Order: 8, No. cycles: 23
-------------------------------------------------------------------
Vector a: -0.77840295316665097936, 0.74221961874757036437, 0.50398196642256753996, -0.51723564103582087004, 0.26455140240428337561, 0.49187545628734125058, 0.02413917183714327577, -0.59962233967778522103, -0.55982311671984785750, -0.14794931069991443251, 0.48779431361314928850, 1.08847143198796447727
Vector b: -1.11551843121871208098, 0.67423095610412198120, 0.81020828139101941368, 0.19775565145411494461, -1.23222693352575607406, 1.76132973833432249222, -0.77757882575963976901, 0.82585716943392617484, -2.02510184878949717202, 0.90545561534980112395, -1.20135423674963015550, 2.17694286397592895455
-------------------------------------------------------------------
| Order |          Error^2           |         Efficiency         |
-------------------------------------------------------------------
|   2   | 1.00481879867747457559e-36 | 1.88582093317236650000e+15 |
|   4   | 1.61129705218853415717e-40 | 2.81514552262172562500e+14 |
|   6   | 2.49138345588838635292e-42 | 4.27969378250972900391e+12 |
|   8   | 3.39043438563588632535e-08 | 6.93505069128316360085e-08 |
-------------------------------------------------------------------

Scheme evaluation results:
Order: 8, No. cycles: 23
-------------------------------------------------------------------
Vector a: -0.43564191709553656828, 0.45727631579912686455, -0.39230614414778830490, 0.22780592069880539752, 0.47154313494417066099, -0.91943388572177953133, -0.21108642388522441680, 1.02654457181209401995, -0.16070541187314285603, -0.52756232121390411738, 0.89626637653960117280, 0.56729978414357784544
Vector b: -0.66386077103584073544, 0.45643770788060827881, 0.45811492371764550580, -1.24272721201322222662, 1.69833905341083291063, -0.75525278352249158864, -1.08361498792106769606, 0.66144214015061875145, 1.39164700347356928845, -1.71305782721985488948, 0.65793318479204665472, 1.13459956828715569088
-------------------------------------------------------------------
| Order |          Error^2           |         Efficiency         |
-------------------------------------------------------------------
|   2   | 2.43938036669664155706e-40 | 1.21033213978779456000e+17 |
|   4   | 3.23980204951897706798e-42 | 1.98531497313270350000e+15 |
|   6   | 7.20575655271441487194e-44 | 2.51647830847870976562e+13 |
|   8   | 3.66192834135488937367e-08 | 6.67301945602300579118e-08 |
-------------------------------------------------------------------

Scheme evaluation results:
Order: 8, No. cycles: 23
-------------------------------------------------------------------
Vector a: -0.45313043620692011748, -0.70378614719843501923, 0.65700627683354728692, 0.20683380511936377832, -0.05549447666573639054, 0.73622712490590802581, 0.59253346991943001143, -0.26783993617618045979, -0.14073603644367319032, -0.49773133762041954498, -0.00712979514063672576, 0.93324748867375240113
Vector b: 0.18609800459202160972, -1.27845688159788339888, -0.12911541279898644530, 1.44312796646608099138, -1.02946035622735343473, 0.91847140289588069528, 0.55398284691593546736, 0.63108409292292455550, -1.16676396527528547509, 0.88529189238793903893, -1.88075456762877823991, 1.86649497734750480227
-------------------------------------------------------------------
| Order |          Error^2           |         Efficiency         |
-------------------------------------------------------------------
|   2   | 6.04464105571153091714e-41 | 2.43141487701209824000e+17 |
|   4   | 1.62277368661135440898e-41 | 8.87073646868508750000e+14 |
|   6   | 2.52059972490193399312e-43 | 1.34549175755817500000e+13 |
|   8   | 3.99756614609358361201e-08 | 6.38674361620411536774e-08 |
-------------------------------------------------------------------

Scheme evaluation results:
Order: 8, No. cycles: 23
-------------------------------------------------------------------
Vector a: -0.05985888898883399284, -0.83608369660114467692, 0.56209326336487275277, 0.14675884004525899251, -0.62295636189121972315, 0.59415086755991619594, 0.46761274646028194724, -0.23862079112425696459, -0.47432814151684149495, -0.23508549675426745895, 1.15153937658957405965, 0.54477828285666030084
Vector b: 1.04820398803566439128, -2.21612575404899869724, 0.54395836084671322919, 0.58022816588304149121, -0.28671048579250796307, -0.95920223798995596365, 2.14750397310978513588, -1.21227848018922146345, 0.73503689794069382302, -1.68369318097436315718, 1.21352218746582973807, 1.08955656571331949145
-------------------------------------------------------------------
| Order |          Error^2           |         Efficiency         |
-------------------------------------------------------------------
|   2   | 1.09206754228126236672e-37 | 5.72031017295676300000e+15 |
|   4   | 1.69192776582578413143e-41 | 8.68755860184697125000e+14 |
|   6   | 4.09113636774272804810e-43 | 1.05611450152500214844e+13 |
|   8   | 4.18920243738628694407e-08 | 6.23895190994378368600e-08 |
-------------------------------------------------------------------

Scheme evaluation results:
Order: 8, No. cycles: 23
-------------------------------------------------------------------
Vector a: 0.63048665617322363630, -0.56453587450053455132, 0.07490933273548851246, -0.00329227375408659836, -1.00650262921584787712, 0.28197801065980465651, 0.22100366094352791313, 0.16357328038683691118, -0.42736889126941007833, -0.51250960176359816600, 1.07281816896470671985, 1.06944016063988911469
Vector b: 0.13069259666336338621, 0.99958811901972044467, -2.12865986802078932527, 2.27847853349176521220, -2.28506308099993837857, 0.27205782256824323495, 0.29189819875136874261, 0.15010912313567939536, 0.17703743763800253164, -1.03177522017682510302, 0.00675601664963192561, 2.13888032127977822938
-------------------------------------------------------------------
| Order |          Error^2           |         Efficiency         |
-------------------------------------------------------------------
|   2   | 4.66710861334166274374e-39 | 2.76707145359259720000e+16 |
|   4   | 3.57096390910053946226e-40 | 1.89101914386810875000e+14 |
|   6   | 2.55381620325542937848e-42 | 4.22705759077873632812e+12 |
|   8   | 4.21289587422784299530e-08 | 6.22138315878497587418e-08 |
-------------------------------------------------------------------

Scheme evaluation results:
Order: 8, No. cycles: 23
-------------------------------------------------------------------
Vector a: -0.83682959900289821675, 0.98969277298287661182, 0.56700020364103964621, -1.06051528325136135145, -0.83290814037633775779, 0.49734229792730183517, 0.82500671570468164795, 0.46106367337803666473, 0.46682536665687829336, -0.25720400346057337160, -0.15914567593214409835, 0.33967167173250001344
Vector b: -0.94010225861756047117, 0.20654531922932475863, 1.77284022673642827073, -0.63883981945434908933, -1.48219074704837350254, -0.18362553370430176325, 1.17831012955890512828, 0.47170330185045800109, 0.45042404490561516184, 0.48322668840814142488, -0.99763469532928805705, 0.67934334346500002688
-------------------------------------------------------------------
| Order |          Error^2           |         Efficiency         |
-------------------------------------------------------------------
|   2   | 1.47969943184563339626e-38 | 1.55402347318908440000e+16 |
|   4   | 3.10471687755806470234e-41 | 6.41324239250572875000e+14 |
|   6   | 3.22495356639507651561e-43 | 1.18951863729158476562e+13 |
|   8   | 4.63780788061313393944e-08 | 5.92953906683172948014e-08 |
-------------------------------------------------------------------

Scheme evaluation results:
Order: 8, No. cycles: 23
-------------------------------------------------------------------
Vector a: 0.91259134388476403910, -0.12295886440803556472, -0.10615851235887133197, -0.47631064207987827697, -0.69701762002224376680, -0.32179291647272489918, 0.12094563524412893507, 0.78878781626583327480, -0.36697010717305889038, -0.48885876736163974554, 0.91899916935121683803, 0.83874346513050945795
Vector b: 0.56477981785187170161, 0.69562305206578434191, -0.94154078088185555462, 0.72922375616411294619, -1.68184504032386916705, 0.28780980027938168897, -0.93139563322483143182, 1.17328690371308930196, 0.40428872881857719213, -1.13822894316469502840, 0.16051140844141520425, 1.67748693026101891590
-------------------------------------------------------------------
| Order |          Error^2           |         Efficiency         |
-------------------------------------------------------------------
|   2   | 9.72372887405968039963e-38 | 6.06216715904643500000e+15 |
|   4   | 7.83634127219724202402e-41 | 4.03675122103420250000e+14 |
|   6   | 6.57538093323681118866e-43 | 8.33052793206157910156e+12 |
|   8   | 4.93242829546142340059e-08 | 5.74972298812529712795e-08 |
-------------------------------------------------------------------

Scheme evaluation results:
Order: 8, No. cycles: 23
-------------------------------------------------------------------
Vector a: 0.27744259233308260493, -0.99169025555533185656, 0.39980939209046473248, 0.69213300560790025351, 0.50621495197194654736, -0.60198873481670256425, -0.60185107058868048124, -0.11267746506573536602, 0.71272229506491591167, -0.35626558310390821216, -0.11587183926886716889, 1.19202271133091564081
Vector b: 1.35693264320572426485, -2.15898010174528343086, 0.17559959063461955120, 0.62401919354630996928, 0.76024681766949042672, 0.25218308627440266800, -1.45616055590780768547, 0.25245841473044677850, -0.47781334486191756605, 1.90325793499174933388, -2.61578910119956598024, 2.38404542266183128163
-------------------------------------------------------------------
| Order |          Error^2           |         Efficiency         |
-------------------------------------------------------------------
|   2   | 2.07226797080507168885e-37 | 4.15261215359878600000e+15 |
|   4   | 1.33560559231726964664e-40 | 3.09207159739770437500e+14 |
|   6   | 4.44442676907472133907e-42 | 3.20424050850616845703e+12 |
|   8   | 4.94340368843017047909e-08 | 5.74333664593908068171e-08 |
-------------------------------------------------------------------

Scheme evaluation results:
Order: 8, No. cycles: 23
-------------------------------------------------------------------
Vector a: -0.98024930376546381972, 0.48888313213835027371, 1.01713846953201092482, -1.02137525351745250823, -1.03737080896864886093, 0.60272751319636796996, 0.86820979050514734965, 0.50932737736581190635, 0.67810220116109620747, -0.13576327369255292155, -0.27103858961961746488, 0.28140874566495116538
Vector b: -0.45041648231095171573, -1.05966564290902409695, 2.03743190718572497744, -0.00315496812170316119, -2.03959553891320188868, -0.03514607902409600665, 1.24060110541683199514, 0.49581847559346275967, 0.52283627913816110855, 0.83336812318403141742, -1.10489467056913737153, 0.56281749132990233075
-------------------------------------------------------------------
| Order |          Error^2           |         Efficiency         |
-------------------------------------------------------------------
|   2   | 8.26519465421920904041e-40 | 6.57533349733221520000e+16 |
|   4   | 7.35499524970166736016e-41 | 4.16675013003518562500e+14 |
|   6   | 3.13978557971744221121e-42 | 3.81226418129659863281e+12 |
|   8   | 5.65504252757733473335e-08 | 5.36981562437554413292e-08 |
-------------------------------------------------------------------

Scheme evaluation results:
Order: 8, No. cycles: 23
-------------------------------------------------------------------
Vector a: 0.94466575752469639227, 0.34795979139425825544, -0.52265378094742409587, -0.33354545008418989838, 0.95039155792493457131, 0.15431798533216234404, -1.16944955144457862772, -0.09052699414489999430, 0.67209011374517313442, 0.83119955690340818766, -0.04317266136827680595, -0.74127632483526351148
Vector b: 0.66374287086904903976, 0.56184577331129714750, 0.13407380947722069564, -1.17938137137206910943, 0.51229047120368820245, 1.38849264464618271653, -1.07985667398185825050, -1.25904242890730411197, 1.07798844061750398460, 0.26619178687284339446, 1.39620732693397808788, -1.48255264967053168590
-------------------------------------------------------------------
| Order |          Error^2           |         Efficiency         |
-------------------------------------------------------------------
|   2   | 6.06297945635057978719e-37 | 2.42773500084476850000e+15 |
|   4   | 1.80016405921023300199e-39 | 8.42233695940343437500e+13 |
|   6   | 3.92728093721625525437e-40 | 3.40868601741418701172e+11 |
|   8   | 5.66159620774449205085e-08 | 5.36670676222245250256e-08 |
-------------------------------------------------------------------

Scheme evaluation results:
Order: 8, No. cycles: 23
-------------------------------------------------------------------
Vector a: -0.62582083665893417646, 0.48632982745236541522, 0.62608640222980016521, -0.15895296917667431358, -1.06079325430196491631, 0.44174109224650520700, 0.49823018253463380312, -0.12212221954994981199, -0.51548053433951945834, -0.39028725238982886481, 1.10829506998682458807, 0.71277449196674225185
Vector b: -0.93896594109831987840, 0.62629020887877129287, 0.34636944602595959308, 0.90580335843364079285, -1.22370929678698936449, -0.89787721181694035710, 1.78135939630995077110, -0.78489903124068316487, 0.54065459214078348538, -1.57161566081982240206, 0.79104115604016467245, 1.42554898393348450369
-------------------------------------------------------------------
| Order |          Error^2           |         Efficiency         |
-------------------------------------------------------------------
|   2   | 1.60023352055299686143e-38 | 1.49435109530579120000e+16 |
|   4   | 1.87549786465233516772e-41 | 8.25145183405464250000e+14 |
|   6   | 4.06272723090739288951e-43 | 1.05980057639490214844e+13 |
|   8   | 5.97283700976801002381e-08 | 5.22500824439037040280e-08 |
-------------------------------------------------------------------

Scheme evaluation results:
Order: 8, No. cycles: 23
-------------------------------------------------------------------
Vector a: 0.08316270575568361634, 0.39273561600297718366, -0.22711182952793584899, 0.45474698457032125543, -0.83674462103139157776, -0.76354228048443761878, 0.25497894517567293304, 0.20894526585338180080, 0.83739287517418603546, -0.27603071474776935679, -0.08623935853434148979, 0.95770641179365312290
Vector b: -0.94912256597625288546, 2.06457054346387280930, -1.27909931145791855300, 0.82487565240204685502, 0.08461831673859573910, -1.75810755880137881135, 0.23102299783250376808, 0.27893489251884190372, 0.13895563918792172564, 1.53583011116045042854, -2.08789154065598925314, 1.91541282358730624580
-------------------------------------------------------------------
| Order |          Error^2           |         Efficiency         |
-------------------------------------------------------------------
|   2   | 1.86344669785914174091e-37 | 4.37910986023414400000e+15 |
|   4   | 1.19728692414992776561e-41 | 1.03273652287860737500e+15 |
|   6   | 5.74084928178587884790e-43 | 8.91548371971972070312e+12 |
|   8   | 6.74456108116219361589e-08 | 4.91700291530029648258e-08 |
-------------------------------------------------------------------

Scheme evaluation results:
Order: 8, No. cycles: 23
-------------------------------------------------------------------
Vector a: 1.11263594813908550663, 0.05929048232152095421, -0.47134711601106549228, 0.06215129398957492529, -0.81515264169232271030, -0.14549614683137182536, 0.18742470212636247462, -0.38998240416613400017, 0.76078620026033427770, -0.76570006825602432432, 0.19488858059663444200, 1.21050116952340580667
Vector b: 0.93847134683805699673, 0.34832920260205690877, -0.22974823795901500034, -0.71294599406311609524, 0.83724858204226593195, -2.46755386542691113050, 2.17656157176416753529, -1.80171216751144269708, 1.02174735917917458572, 0.49982504134149402519, -2.03122517785354261832, 2.42100233904681161334
-------------------------------------------------------------------
| Order |          Error^2           |         Efficiency         |
-------------------------------------------------------------------
|   2   | 2.81246206983848085403e-39 | 3.56451946744636880000e+16 |
|   4   | 5.89806523634315505152e-41 | 4.65300875852634125000e+14 |
|   6   | 1.88027500606748312076e-42 | 4.92631635142268945312e+12 |
|   8   | 6.87680204427265494188e-08 | 4.86949641462630242447e-08 |
-------------------------------------------------------------------

Scheme evaluation results:
Order: 8, No. cycles: 23
-------------------------------------------------------------------
Vector a: 0.08233367346542791454, -0.86863702785738050594, 0.46151058376335807321, -0.30646734205067804879, 0.43474466874711736875, 0.93711601766073970854, -1.01060582096935647201, -0.48423384327345492251, 1.11702488297006397033, -0.54451368216606776951, -0.02149169861979040655, 1.20321958833002118361
Vector b: 1.12703257871364037612, -2.08939781049642547828, 0.35212375478166435538, 0.57089741274505201307, -1.18383209684640799964, 2.05332143434064251508, -0.17908939901916301474, -1.84212224291955006805, 0.87365455637264033406, 1.36039520956748738456, -2.44942257389962270153, 2.40643917666004192313
-------------------------------------------------------------------
| Order |          Error^2           |         Efficiency         |
-------------------------------------------------------------------
|   2   | 7.17464813734306340313e-41 | 2.23174219417280032000e+17 |
|   4   | 1.08628656954459819338e-41 | 1.08421759503827750000e+15 |
|   6   | 3.00987962492718169201e-42 | 3.89366353905988134766e+12 |
|   8   | 7.59430877515120277621e-08 | 4.63375626629943008129e-08 |
-------------------------------------------------------------------

Scheme evaluation results:
Order: 8, No. cycles: 23
-------------------------------------------------------------------
Vector a: 0.15219277730019656336, 0.13163371248705796335, 0.09324332918261558911, -0.68133364470494472975, -0.34732849947112393041, 0.04484179273341014349, 0.07547280001846742858, -0.24577174739091606215, 1.20208266201511704274, -0.52076715138513141046, -0.07995151128744956703, 1.17568548050270083039
Vector b: 1.19142311551564628047, -2.07846067643089948973, 2.34172810140501530540, -2.15524144303978415493, 0.79257415362989480645, -1.48723115257214288931, 1.57691473803896320405, -1.42596913800202829137, 0.93442564322019605605, 1.46973968081003802943, -2.51127398358030085035, 2.35137096100540166077
-------------------------------------------------------------------
| Order |          Error^2           |         Efficiency         |
-------------------------------------------------------------------
|   2   | 2.38772290010777150056e-39 | 3.86858697822429920000e+16 |
|   4   | 5.08615290611335604062e-41 | 5.01064863815875312500e+14 |
|   6   | 2.85209191254312256590e-42 | 3.99991926295696972656e+12 |
|   8   | 7.99995993077868413865e-08 | 4.51474687415848337898e-08 |
-------------------------------------------------------------------

Scheme evaluation results:
Order: 8, No. cycles: 23
-------------------------------------------------------------------
Vector a: -0.20151735846153534526, 0.61265492801561138858, 0.41269790358471847291, -0.77281949935549099084, 0.08514358853270830030, 0.54275716756137004637, -1.17685026500157619012, -0.22829461223136260362, 1.18027177002325522892, -0.31043714841209435473, -0.09055721302141923890, 0.94695073876581536965
Vector b: -0.58162314868769748877, 0.76021158045232439804, 0.46509827557889826810, 0.36029753159053867773, -1.90593653030152010430, 2.07622370736693673265, -0.99070937224419708400, -1.36299115775895574032, 0.90640193329623053309, 1.45414160675028059089, -2.07501590357446863422, 1.89390147753163029520
-------------------------------------------------------------------
| Order |          Error^2           |         Efficiency         |
-------------------------------------------------------------------
|   2   | 1.50340626295344921351e-37 | 4.87535394450230900000e+15 |
|   4   | 3.41356305909525438477e-41 | 6.11624242533227375000e+14 |
|   6   | 8.42122944691124598525e-43 | 7.36114264621244921875e+12 |
|   8   | 8.29186468034378183360e-08 | 4.43456687760693530182e-08 |
-------------------------------------------------------------------

Scheme evaluation results:
Order: 8, No. cycles: 23
-------------------------------------------------------------------
Vector a: 0.43866239102426157759, 0.36641693840512601366, -1.10902886904506625676, -0.49910373543329006329, 0.77395402433249138596, -0.28186353312044154507, -0.54845087871900433107, 0.58680145161275454324, 0.57130795429599112722, -0.33319047939407053782, 0.20860077731135490131, 0.82589395872989312952
Vector b: -0.32990920159994291394, 1.53714318524840898306, -0.80430930843815695575, -1.41374842965197533573, 0.41554095878539520914, 1.13236708987958767381, -1.69609415612047076394, 0.59919239868246210179, 0.57441050454304687367, 0.56820540404893526976, -1.23458636283707634540, 1.65178791745978625904
-------------------------------------------------------------------
| Order |          Error^2           |         Efficiency         |
-------------------------------------------------------------------
|   2   | 4.85006214084391086052e-40 | 8.58362382374153920000e+16 |
|   4   | 1.99769109074145921631e-41 | 7.99511085097555750000e+14 |
|   6   | 2.91476238629454003171e-43 | 1.25121345409257402344e+13 |
|   8   | 8.82448184938650963141e-08 | 4.29865612560371575055e-08 |
-------------------------------------------------------------------

Scheme evaluation results:
Order: 8, No. cycles: 23
-------------------------------------------------------------------
Vector a: -0.98686260193188823919, 0.71694484715849216006, 1.02801519643711247731, -0.39639756720287827596, -0.86736648278691375058, -0.15975890835713305038, 0.26079665823954129023, -0.41230759066467553842, -0.09494702174892226398, 0.80389150397661457426, 0.71882805160759621899, 0.38916391527305455034
Vector b: -0.88307240036694356622, -0.20758040312988995657, 1.64147009744687477628, 0.41456029542735095550, -1.20735542983310772946, -0.52737753574071655205, 0.20785971902644961862, 0.31373359745263429410, -1.13834877878199014489, 0.94845473528414558917, 0.65932827266908355934, 0.77832783054610921170
-------------------------------------------------------------------
| Order |          Error^2           |         Efficiency         |
-------------------------------------------------------------------
|   2   | 3.76095055359523383592e-38 | 9.74755100016339600000e+15 |
|   4   | 1.17709071003284633958e-41 | 1.04155855368654050000e+15 |
|   6   | 1.28896718835729706124e-43 | 1.88153392293027929688e+13 |
|   8   | 9.00872847023709322829e-08 | 4.25447095674314986819e-08 |
-------------------------------------------------------------------

Scheme evaluation results:
Order: 8, No. cycles: 23
-------------------------------------------------------------------
Vector a: -0.45101474832431937001, -0.63787646944053044695, 0.98767238947204594179, 0.50310032194505927006, -0.23275174202237416954, -0.39379807904770813831, -0.39466729775151898618, 0.89109721196864666304, -0.30033577658888882533, -0.61092226806459348776, 0.99665220138570953523, 0.64284425646847198621
Vector b: 0.21111005234130850172, -1.32424960133125568795, 0.04849666245019473160, 1.92684811649389731159, -0.92064747260377899352, 0.45514398855903065444, -1.24274014665444698657, 0.45340555115140884768, 1.32878887278588453391, -1.92946042596366207356, 0.70761588983447498702, 1.28568851293694397242
-------------------------------------------------------------------
| Order |          Error^2           |         Efficiency         |
-------------------------------------------------------------------
|   2   | 2.22701078183128688033e-39 | 4.00574379059453520000e+16 |
|   4   | 5.44264323543758950347e-42 | 1.53173530409246950000e+15 |
|   6   | 4.63769579648125493492e-43 | 9.91931894512498828125e+12 |
|   8   | 9.85321655345201428075e-08 | 4.06806888217860237486e-08 |
-------------------------------------------------------------------

Scheme evaluation results:
Order: 8, No. cycles: 23
-------------------------------------------------------------------
Vector a: -0.33958062205329281324, 0.30093151755374120127, 0.72177710431071684383, -0.08510709880046525566, -0.81641131968259261775, -0.73576966649163755285, 0.52563744508583443160, 0.37467171371587809636, 0.76936266202169711903, 0.07943652186085314870, -0.22691683500863726874, 0.43196857748790462583
Vector b: 0.26773686934745116739, -1.21463498280148796127, 1.81649801790897025278, -0.37294380928753656512, 0.20272961168660610931, -1.83555225105179142808, 0.36401291806851643340, 0.68726197210315242980, 0.06208145532860400578, 1.47664386871479003105, -1.31777082499308373364, 0.86393715497580925167
-------------------------------------------------------------------
| Order |          Error^2           |         Efficiency         |
-------------------------------------------------------------------
|   2   | 5.09801798047048713173e-38 | 8.37227811473609500000e+15 |
|   4   | 1.06414605380826608366e-41 | 1.09543859088267725000e+15 |
|   6   | 5.48423992164522563980e-43 | 9.12167849633659570312e+12 |
|   8   | 1.21834707284968433957e-07 | 3.65840515011328471085e-08 |
-------------------------------------------------------------------

Scheme evaluation results:
Order: 8, No. cycles: 23
-------------------------------------------------------------------
Vector a: -0.22268437576633060004, -0.14217640510719115055, -0.47884352238783123301, -0.44726503572552883670, 0.40755153847220593200, 0.37876213627008747942, 0.45146154638814883775, -0.33090316311094120083, -0.87297332875507238636, 0.37228128548911937346, 1.26826024083416477595, 0.61652908339916900893
Vector b: 0.10554419757057070806, -0.65645714667380250518, 0.37210433645942020409, -1.32979138123508278113, 0.43526130978402499672, 0.37984176716038681176, 0.37768250537978825809, 0.52524058739650925087, -1.18704691361839165253, -0.55889974389175312020, 1.30346231486999197813, 1.23305816679833801786
-------------------------------------------------------------------
| Order |          Error^2           |         Efficiency         |
-------------------------------------------------------------------
|   2   | 1.11637525017058066553e-39 | 5.65769104873179680000e+16 |
|   4   | 3.69186093411016305506e-41 | 5.88120054969482875000e+14 |
|   6   | 7.96148269888357445727e-43 | 7.57069946103947558594e+12 |
|   8   | 1.28683390574158848247e-07 | 3.55972184911160764753e-08 |
-------------------------------------------------------------------

Scheme evaluation results:
Order: 8, No. cycles: 23
-------------------------------------------------------------------
Vector a: 0.73698910802482198168, 0.15123759120861826610, 0.51297193087635295505, -0.41156702444831416710, -1.48730012058523319851, -0.99785116841137611043, 0.74544388148810214467, 1.14859789001918088935, -0.24021116115540341873, -0.21243600316241628700, 0.70297882204243289372, 0.35114625410323413446
Vector b: 0.94174492138214660475, -0.40951162671464913512, 0.71198680913188561181, 0.31395705262082024278, -1.13709110151744852146, -1.83750913965301809760, -0.15819319716973415102, 1.64908096014593863465, 0.64811481989242325508, -1.12853714220323020356, 0.70366513587839751853, 0.70229250820646826892
-------------------------------------------------------------------
| Order |          Error^2           |         Efficiency         |
-------------------------------------------------------------------
|   2   | 2.59624687357151029531e-37 | 3.70997800348431650000e+15 |
|   4   | 5.24702196981784504037e-41 | 4.93323966371482312500e+14 |
|   6   | 1.37850526469158119058e-42 | 5.75345564517573730469e+12 |
|   8   | 1.37260206392621481951e-07 | 3.44671193551707169522e-08 |
-------------------------------------------------------------------

Scheme evaluation results:
Order: 8, No. cycles: 23
-------------------------------------------------------------------
Vector a: 0.65565025094487539015, 0.53433686131817559328, -0.41484782038265033410, -0.36303897945538621261, 0.24993355845426556971, -0.71853010518390325601, -1.11260657815147645522, 0.11774424612850332983, 1.40887012484572826665, -0.00753539333248634709, -0.15559155117830933412, 0.80561538599266369065
Vector b: 0.26281596906486592857, 0.78566856376001903417, 0.28300515887633215240, -1.11270079964163293162, 0.38662284073086050640, 0.11324427617767017507, -1.55030448654547625686, -0.67490866975747665357, 0.91039716201448339650, 1.90734308767697324782, -1.92241387434194588302, 1.61123077198532738130
-------------------------------------------------------------------
| Order |          Error^2           |         Efficiency         |
-------------------------------------------------------------------
|   2   | 1.48757002085229873681e-37 | 4.90123605062436100000e+15 |
|   4   | 5.30699754409094721100e-41 | 4.90528463161759187500e+14 |
|   6   | 2.24186286645819270832e-42 | 4.51157791603241992188e+12 |
|   8   | 1.43333849548999414946e-07 | 3.37289583714192327565e-08 |
-------------------------------------------------------------------

Scheme evaluation results:
Order: 8, No. cycles: 23
-------------------------------------------------------------------
Vector a: 0.34575743810003695122, 0.18404269578637758031, -0.44664667629314075414, -0.63444992742425898591, -0.53159777888790216149, 0.48274593944216948049, 0.53253866297073348957, 0.43648754620109725400, 0.76017042515416022308, 0.58929848944801599409, -0.32959658437267003173, -0.38875023012461901173
Vector b: -0.33874902665756295717, 1.36901292951519981678, -1.00092753794244471166, 0.10763418535616466054, -1.37653404020468417279, 0.31333848242887990532, 0.65215339645545866709, 0.41292392948600881164, 0.46005116291618552982, 1.06028968739213436123, 0.11830729150389740489, -0.77750046024923735732
-------------------------------------------------------------------
| Order |          Error^2           |         Efficiency         |
-------------------------------------------------------------------
|   2   | 1.24448576731097840565e-37 | 5.35857558381385100000e+15 |
|   4   | 1.26164505937020580164e-40 | 3.18141306516334375000e+14 |
|   6   | 9.72378657471347782448e-43 | 6.85038965030756640625e+12 |
|   8   | 1.69748032927649098885e-07 | 3.09938078831392560736e-08 |
-------------------------------------------------------------------

Scheme evaluation results:
Order: 8, No. cycles: 23
-------------------------------------------------------------------
Vector a: 0.35229833486195644143, -0.98827009214318828345, -0.34495785381773363953, 0.42872728367318568843, 0.44717108542862177289, 0.79286208593274321021, 0.19072514367593304541, -1.15587522158479183432, -0.46407639517133508766, 0.40655626560405239145, 0.72186184238445727512, 0.61297752115609915879
Vector b: 0.80604431472379900470, -0.90749195972368512653, -1.06904822456269155140, 0.37913251692722405028, 0.47832205041914749311, 0.41602012043809583064, 1.16970405142739064530, -0.78825376407552449898, -1.52349667909405916966, 0.59534388875138899433, 0.21776864245671601061, 1.22595504231219831759
-------------------------------------------------------------------
| Order |          Error^2           |         Efficiency         |
-------------------------------------------------------------------
|   2   | 3.93170717926399874491e-40 | 9.53353016820569120000e+16 |
|   4   | 1.54983610154324768044e-42 | 2.87042212847297550000e+15 |
|   6   | 6.98817212319522940878e-44 | 2.55535467421360000000e+13 |
|   8   | 1.77230309658492957575e-07 | 3.03325075043662674441e-08 |
-------------------------------------------------------------------

Scheme evaluation results:
Order: 8, No. cycles: 23
-------------------------------------------------------------------
Vector a: 0.62932151696470040037, -0.13738088844887599849, -0.59529454505546808285, -0.63216527380087239596, 0.14105909093541860178, 0.15967566194361021426, -0.10222030910686646932, -0.22207489995681675699, 1.04376769429559912439, -0.64522374859211217846, -0.01407997456242149684, 1.37461567538410500688
Vector b: 1.20510694694192421750, -1.15157085995444763427, 0.87680908305669569280, -2.06739817316763208055, 0.80306762556588695556, -0.52094944369504947446, 0.84030076758226979194, -1.04474138579600284160, 0.60059158588236949416, 1.48694380270882864359, -2.77739129989305277846, 2.74923135076821001377
-------------------------------------------------------------------
| Order |          Error^2           |         Efficiency         |
-------------------------------------------------------------------
|   2   | 2.29588740394978028900e-38 | 1.24758181360622900000e+16 |
|   4   | 1.76193663710345199230e-40 | 2.69211441087553625000e+14 |
|   6   | 1.41125650995970188059e-41 | 1.79816692352791162109e+12 |
|   8   | 2.07270701525433334947e-07 | 2.80484168504391622224e-08 |
-------------------------------------------------------------------

Scheme evaluation results:
Order: 8, No. cycles: 23
-------------------------------------------------------------------
Vector a: -0.20101966708163720998, 0.82797739174097795267, -0.56788170628370970849, -0.92914567769532874220, 0.60093717211860386840, 1.13719543305135362132, -0.43382216424169894875, -0.40843073143749686338, 0.75867130579709352034, -0.10247545871084209890, -0.12055656756693763909, 0.43855067030962224806
Vector b: -0.92734325451657217965, 1.45264717486986993933, 0.20330760861208591050, -1.33907102117950538300, -0.51922033421115210139, 1.72109467844835983819, 0.55329618765434729344, -1.42094051613774530196, 0.60407905326275146418, 0.91326355833143557650, -1.11821447575311982980, 0.87710134061924449611
-------------------------------------------------------------------
| Order |          Error^2           |         Efficiency         |
-------------------------------------------------------------------
|   2   | 5.62492413967696170805e-40 | 7.97050783633142880000e+16 |
|   4   | 3.44439162531040036033e-42 | 1.92545065729330125000e+15 |
|   6   | 7.04563442625044354142e-44 | 2.54491294726371445312e+13 |
|   8   | 2.18972766170481933801e-07 | 2.72886630933901855264e-08 |
-------------------------------------------------------------------

Scheme evaluation results:
Order: 8, No. cycles: 23
-------------------------------------------------------------------
Vector a: 0.95089235362381752115, -0.96653832489656565929, -0.36887128919023826068, 0.73021051633009770310, -0.71584593085821668357, -0.65131069441658073771, 1.22715903861657649188, -0.23002290529730307078, -0.99443028571538449878, -0.06116358482900656479, 0.91656977987797250140, 1.16335132675483121645
Vector b: 1.03094733270905436484, -0.16010995817047343759, -1.77296669162265763120, 1.03522411324218110984, 0.42519691941801429635, -1.85688878113444766349, 0.55426739230128618807, 1.90005068493186701772, -2.36009649552647315929, 0.37123592409570410622, -0.49356309375371720805, 2.32670265350966198881
-------------------------------------------------------------------
| Order |          Error^2           |         Efficiency         |
-------------------------------------------------------------------
|   2   | 4.12456172119578028919e-38 | 9.30797963700833200000e+15 |
|   4   | 2.26001416326306497199e-40 | 2.37702131173572437500e+14 |
|   6   | 8.08628738287497649075e-42 | 2.37551839602697900391e+12 |
|   8   | 2.38995076791957741447e-07 | 2.61205811063822542049e-08 |
-------------------------------------------------------------------

Scheme evaluation results:
Order: 8, No. cycles: 23
-------------------------------------------------------------------
Vector a: 0.75840059794587355579, -0.11593042190578906059, -0.72884658207785069095, -0.76735115819026777917, -0.37441867179274118671, 0.00036483174974455000, 1.43408469036847763256, -0.37458158888497106176, 0.09758369290729286549, -0.20802941536032049097, -0.04212813366923082864, 1.32085215890978258102
Vector b: 1.28935118736364251468, -1.06190117883553836187, 0.83004033502396001865, -2.28773349917966140055, 0.75303118279912573119, -1.50186852638460921483, 1.50259818988409832308, 1.36557119085285805227, -2.11473436862279973170, 2.30990175443738543493, -2.72596058515802663891, 2.64170431781956516204
-------------------------------------------------------------------
| Order |          Error^2           |         Efficiency         |
-------------------------------------------------------------------
|   2   | 5.36043791074194701876e-37 | 2.58192839036178050000e+15 |
|   4   | 8.23481450351264700631e-40 | 1.24526489611507640625e+14 |
|   6   | 1.25134645989173517754e-41 | 1.90960788491269775391e+12 |
|   8   | 3.06295009679260744603e-07 | 2.30731745368956023401e-08 |
-------------------------------------------------------------------

Scheme evaluation results:
Order: 8, No. cycles: 23
-------------------------------------------------------------------
Vector a: -0.06564538773631117818, 0.17296721648180590769, -0.01036111129159671997, 1.43236559725560996803, 0.73793419275167870808, -0.34492063420856278189, -1.24516295873229743130, -0.50973123331017666793, 0.67651113305182408730, -0.20184225217032583655, -0.12010462954054104689, 0.47799006744889305232
Vector b: -1.05365752299448622864, 1.97602427051634976785, -1.63008983755272240934, 1.60936761496952995820, 1.25536357954167554496, 0.22050480596168259284, -0.91034607437880854519, -1.57997984308578787171, 0.56051737646543309257, 0.79250488963821641430, -1.19618939397886747678, 0.95598013489778521645
-------------------------------------------------------------------
| Order |          Error^2           |         Efficiency         |
-------------------------------------------------------------------
|   2   | 2.99061030500426208066e-35 | 3.45672169401489750000e+14 |
|   4   | 1.01659439171986774117e-39 | 1.12076562228902328125e+14 |
|   6   | 6.32235022115675937619e-41 | 8.49559320966025024414e+11 |
|   8   | 4.86524901707032412375e-07 | 1.83073200961032423432e-08 |
-------------------------------------------------------------------

Scheme evaluation results:
Order: 8, No. cycles: 23
-------------------------------------------------------------------
Vector a: -0.31866897975171082358, -0.03811430484879486241, -0.48464634926697480743, 0.79610100896400648463, 0.53221962119886867537, -0.16976354362688053645, -1.13283462179960525695, 0.15397554490896103729, 0.96400865269649338440, -0.85055667667972434387, 0.25558457499376890931, 1.29269507321159204949
Vector b: -1.36867420385831883856, 2.10001044821321602996, -2.17623905791080574090, 1.20694635937685657012, 0.38525565855115589953, 0.67918358384658172877, -1.01871067110034285719, -1.24695857249886721263, 1.55490966231678862108, 0.37310764307619764812, -2.07422099643564594729, 2.58539014642318409898
-------------------------------------------------------------------
| Order |          Error^2           |         Efficiency         |
-------------------------------------------------------------------
|   2   | 2.47186717346253094815e-37 | 3.80217203179874950000e+15 |
|   4   | 2.78421189279769254188e-40 | 2.14159583625472562500e+14 |
|   6   | 5.82725587331774163890e-41 | 8.84913742735094116211e+11 |
|   8   | 4.91774212816490998804e-07 | 1.82093496813041019463e-08 |
-------------------------------------------------------------------

Scheme evaluation results:
Order: 8, No. cycles: 23
-------------------------------------------------------------------
Vector a: -1.45633198259650398221, 0.56854776331209999629, -0.26648926751661616841, -0.05281639671802795810, 0.26137833152961420513, 0.71729874111078273380, 0.28978065579440925870, -0.50275276082092124064, -0.22801957891091129138, -0.29005986515436738005, 1.20277116690200025495, 0.75669319306844162742
Vector b: -1.39382134959601544644, -0.12502126600097723808, 1.26211679262517728617, -1.79509532765840962298, 1.68946253422235370678, -1.16670587116312529652, 2.60130335338469054207, -2.02174204179587224672, 1.01623652015402976545, -1.47227567797585212617, 0.89215594766711747710, 1.51338638613688325485
-------------------------------------------------------------------
| Order |          Error^2           |         Efficiency         |
-------------------------------------------------------------------
|   2   | 1.92424063043540960472e-38 | 1.36274512688701140000e+16 |
|   4   | 1.68920924680499398632e-40 | 2.74945699324532562500e+14 |
|   6   | 2.28915521853945884972e-41 | 1.41187212257633789062e+12 |
|   8   | 1.06758613737939109517e-06 | 1.23587870448737789082e-08 |
-------------------------------------------------------------------

Scheme evaluation results:
Order: 8, No. cycles: 23
-------------------------------------------------------------------
Vector a: -0.10043903509020407627, 0.92193050120719011176, -1.20705090139900050872, -0.63712242899352800052, 0.67013869868375186556, 1.41460584178599946270, 0.88348054898853733974, -0.34892817405850856671, 0.22993049482778313286, -0.64168170923394018956, -0.60454049090354378126, 0.41967665418546340472
Vector b: -1.25696136978535100148, 2.31304466939029396144, -0.46918366697591595837, -1.94491813582208283862, 0.67067327783502794780, 0.66960411953247500616, 2.15960756403952069959, -0.39264646606244862914, -0.30520988205456750508, 0.76507087171013299365, -2.04843429017801126335, 0.83935330837092680945
-------------------------------------------------------------------
| Order |          Error^2           |         Efficiency         |
-------------------------------------------------------------------
|   2   | 1.20130471701749093798e-35 | 5.45403269154671937500e+14 |
|   4   | 1.59102306600668270379e-39 | 8.95881189524342812500e+13 |
|   6   | 1.43159591413189825550e-40 | 5.64576450243698364258e+11 |
|   8   | 1.17205984223068199560e-06 | 1.17951214979503487700e-08 |
-------------------------------------------------------------------

Scheme evaluation results:
Order: 8, No. cycles: 23
-------------------------------------------------------------------
Vector a: -0.07306218740176535775, 1.26890064705361726993, -0.80293227071773520809, -1.56415682934258604142, -0.21074178422636344332, 0.92505009857292230802, 0.57610410327725591895, -0.65499477390289573275, -0.91734245086844323769, 0.61427860151539737110, 1.32595160213208984601, 0.51294524390850637641
Vector b: -1.20404597560992265848, 2.26196757641631451818, 0.27583371769091991066, -1.88169825912639021581, -1.24661539955878186703, 0.82513183110605492487, 1.02496836603978969116, 0.12723984051472245205, -1.43722938832051427838, -0.39745551341637208598, 1.62601271644716671716, 1.02589048781701275281
-------------------------------------------------------------------
| Order |          Error^2           |         Efficiency         |
-------------------------------------------------------------------
|   2   | 2.86985925493722536125e-39 | 3.52869424194390360000e+16 |
|   4   | 1.52713506642118564389e-41 | 9.14428874481741500000e+14 |
|   6   | 3.57639117808019377712e-42 | 3.57199199076776123047e+12 |
|   8   | 1.21316490082977171838e-06 | 1.15935754691652211934e-08 |
-------------------------------------------------------------------

Scheme evaluation results:
Order: 8, No. cycles: 23
-------------------------------------------------------------------
Vector a: 0.71951076579821204859, -0.26952832521550240674, 0.65201571453730278183, -0.78796769851059877965, -0.68500244196269599595, 1.04032385954586414911, -0.58254736814198848638, -1.41052375287988818187, 1.18342967634979623348, -0.25910965133983471231, -0.03483660966761668171, 1.43423583148694988587
Vector b: 1.50513947382601953606, -1.57125741605561475289, 1.03220076562461016145, 0.27183066344999540220, -1.84776606047119296150, 0.47776117654580096961, 1.60288654254592755066, -2.76798127882990430138, -0.05306622692987152806, 2.41992557962946364114, -2.93814488230913317679, 2.86847166297389977174
-------------------------------------------------------------------
| Order |          Error^2           |         Efficiency         |
-------------------------------------------------------------------
|   2   | 6.53179966423712492221e-39 | 2.33898749491620160000e+16 |
|   4   | 5.19769626387361147947e-40 | 1.56741214424497218750e+14 |
|   6   | 4.93855409781235711153e-41 | 9.61242747620625122070e+11 |
|   8   | 3.13552000867244085950e-06 | 7.21144878624839195702e-09 |
-------------------------------------------------------------------

