Scheme evaluation results:
Order: 8, No. cycles: 15
---------------------------------------------------------------------------------------------------
Vector a: -0.529019864338218327443889941287323454, 0.562567360694978724518776183313971465, 0.969187098726038853493113772421489129, -0.004601618523032967566281647339444595, -1.432814130653146043937853271186879459, 0.177217262129346716992965687011721707, 1.046560941189978276945665273100071181, 0.210902950774054766997503943966394193
Vector b: -0.892171910150694481885928333905079133, 0.726304091624952308884076785235587529, 0.398830629765005140153475581392228819, 1.539543567687072566832751963450623145, -1.548746804733138501965315258129509537, -1.316881456573153585910391284244040996, 1.671315980831847019896322658267467221, 0.421805901548109533995007887932722904
---------------------------------------------------------------------------------------------------
| Order |                  Error^2                   |                 Efficiency                 |
---------------------------------------------------------------------------------------------------
|   2   | 1.686620228431475178448573467927851219e-69 | 1.082203239249493973013122737825650000e+32 |
|   4   | 7.717003863438632695017231661338827444e-71 | 2.248591708678829941142395842247374268e+30 |
|   6   | 1.599757551320942351427702937086890040e-71 | 2.194953687404870300279044780966703415e+28 |
|   8   | 1.323213285963869652330215747873039318e-09 | 1.072642501597207976390796211580615955e-05 |
---------------------------------------------------------------------------------------------------

Scheme evaluation results:
Order: 8, No. cycles: 15
---------------------------------------------------------------------------------------------------
Vector a: -0.647347222993233811482709665779330382, 0.503065155325123458760672186412886228, 1.164592691135937120004803938801071471, -0.004411189648572534683155041731349671, -1.483227549273935743257262633908741019, 0.164767202498621043601922597280349219, 1.047029309348626004706728122808455826, 0.255531603607434462349000496116658308
Vector b: -0.837905543565212860056880476157212334, 0.381116641143958097148341620755706127, 0.625013669506288820373002752070167151, 1.704171712765585419636605125532159621, -1.712994092062730489002915208994860414, -1.253461006485140997511610058822872766, 1.582995411482383084715455253383567304, 0.511063207214868924698000992233345312
---------------------------------------------------------------------------------------------------
| Order |                  Error^2                   |                 Efficiency                 |
---------------------------------------------------------------------------------------------------
|   2   | 4.527839539413356183754559645443895890e-69 | 6.604987013713057376691383222220424219e+31 |
|   4   | 6.024546966850882487113037081368021203e-70 | 8.047718309117101478120508750277025146e+29 |
|   6   | 6.524343051987711606654463947760730284e-71 | 1.086886142144780963457649251389353180e+28 |
|   8   | 1.556265479044755666990949615945636300e-09 | 9.890724055674275496886039550815553240e-06 |
---------------------------------------------------------------------------------------------------

Scheme evaluation results:
Order: 8, No. cycles: 15
---------------------------------------------------------------------------------------------------
Vector a: -0.481594846956149757387732176362730435, 0.649918010642064780417014643693244138, 0.633689099548954107629421520570734217, -0.274798289812426342811924185946965161, -0.383107760819843886702511470185193541, -0.218346115503793214043423839443170821, 0.332569538550581359450927705890257832, 0.741670364350612953448227801783823698
Vector b: -0.796887939352916354019788840173753787, 0.630586184793533193264113327622064615, 0.669249836490596367569915959764371565, 0.598128362607311847688927081377137120, -1.147724942232164533312775453271067442, 0.381509420592476759907752512900759661, -0.818201651600063187994600191787150991, 1.483340728701225906896455603567639307
---------------------------------------------------------------------------------------------------
| Order |                  Error^2                   |                 Efficiency                 |
---------------------------------------------------------------------------------------------------
|   2   | 9.055679078826712367509119290887791781e-70 | 1.476919995316573192115341178089271719e+32 |
|   4   | 1.896917150789384573076861413960382165e-71 | 4.535349731800567807911756058730171387e+30 |
|   6   | 1.440988444020818251371628826714552095e-72 | 7.313448317212022167795274873587549591e+28 |
|   8   | 2.198205689915696320035055525510863917e-09 | 8.322154299739173098968803375819967172e-06 |
---------------------------------------------------------------------------------------------------

Scheme evaluation results:
Order: 8, No. cycles: 15
---------------------------------------------------------------------------------------------------
Vector a: -0.484433606563909641797158757471953736, 0.776667722990854548089875016101966587, 0.571784340928052680781518041090506669, -0.455861856729295301664320348209572337, -0.358130306276415869526326776402893621, -0.190464849462523978621772219271824054, 0.342952455389730484052902845433328293, 0.797486099723507078685282198730442223
Vector b: -0.855654233045084692978129294701768255, 0.742441252962350102361941074459673816, 0.810894193019358993817808957744150928, 0.332674488836746367745227124436986248, -1.244398202295336971073867820856159330, 0.528137589742505232021214268050539451, -0.909067288667553189264758706594267726, 1.594972199447014157370564397460844964
---------------------------------------------------------------------------------------------------
| Order |                  Error^2                   |                 Efficiency                 |
---------------------------------------------------------------------------------------------------
|   2   | 3.423273083773467942727634819937857488e-68 | 2.402131117708192601640849324887180078e+31 |
|   4   | 9.473973630026422811828632320632901694e-71 | 2.029405710027187264578605589146978760e+30 |
|   6   | 3.408899218417356706491478746163084945e-72 | 4.754943542676397789360762929581605530e+28 |
|   8   | 2.391055455540617879512721360553242768e-09 | 7.979489418661249980189703316505675551e-06 |
---------------------------------------------------------------------------------------------------

Scheme evaluation results:
Order: 8, No. cycles: 15
---------------------------------------------------------------------------------------------------
Vector a: -0.862333433627631439886390917882564889, 0.769075565699262792191167261454234905, 0.717082081770707178329565978632253666, -0.649869109409350863156074685917391147, -0.607487264701708810846860380838749834, -0.100001410903336535279013487730848087, 0.703902393583233762566278986107364154, 1.029631177588823916081327246175701195
Vector b: -1.097672445950798619674812667963464101, 0.470678024646334359576843500161761544, 1.067473106752191224805491022746741488, 0.366691056789223131853640934517744804, -1.666429275607924858165790306352526568, 0.451454746204507236472069544674956651, -0.651457568011180307030096520136635178, 2.059262355177647832162654492351421264
---------------------------------------------------------------------------------------------------
| Order |                  Error^2                   |                 Efficiency                 |
---------------------------------------------------------------------------------------------------
|   2   | 1.109320687156272265019867113133754493e-70 | 4.219771415190209120329546223112205000e+32 |
|   4   | 2.876231029197718291372872478875986515e-71 | 3.683181157446203135667600704905542480e+30 |
|   6   | 4.757231863027204160023378981598062793e-72 | 4.025087132604430773556326299496136475e+28 |
|   8   | 2.886916580759879664942775383389225170e-09 | 7.261942571516019585075449257936143233e-06 |
---------------------------------------------------------------------------------------------------

Scheme evaluation results:
Order: 8, No. cycles: 15
---------------------------------------------------------------------------------------------------
Vector a: -0.358382242841040483034669893870317450, 0.612949897443076070626723276806280585, -0.631216505542784343539190498435985061, 0.109916022049325081179355236135630868, 1.104503661423966513273232939646579684, -0.797196930424774426621164099086065709, -0.023493133023326289935902656073806881, 0.982919230915557878051615694877683891
Vector b: -0.817176439966369206473060217467125691, 0.917588394250657446876780647193590386, 0.308311400635494694376665906419013057, -1.570744411721063381455046903291012838, 1.790576455819713543813757375562284854, 0.418430867028219482732708503730865655, -2.012824727877768335975036701902994569, 1.965838461831115756103231389755379145
---------------------------------------------------------------------------------------------------
| Order |                  Error^2                   |                 Efficiency                 |
---------------------------------------------------------------------------------------------------
|   2   | 1.681101923992815150599622598359966471e-69 | 1.083977978213998673112177011441667344e+32 |
|   4   | 1.505208180869676867092137729789717002e-71 | 5.091393675477966173445487774545913086e+30 |
|   6   | 1.400740120230335285597804820504962258e-72 | 7.417775098198128914408942795501428986e+28 |
|   8   | 2.900467519802607272774451553659788095e-09 | 7.244958870144440620259236704264843536e-06 |
---------------------------------------------------------------------------------------------------

Scheme evaluation results:
Order: 8, No. cycles: 15
---------------------------------------------------------------------------------------------------
Vector a: -0.070719440061903181528569165319740339, 0.590026316347351240914115396499469784, -0.121239100960156972036339354604950000, -0.508414324382541357563307799452255699, -0.560103736172727837261387363054675227, 0.898732715281523955184990751894084204, 0.680819935728791942008523228312771414, 0.090897634219662210281974305725295875
Vector b: -1.142484682931992097635545309333183511, 2.143530485740177832213952288026887356, -0.963477853045475350385721495027947788, 0.720999651125161406313042785818049064, -1.737828299890244121439658384722561619, 0.617620827544788446916883658613211069, 1.179844603018259463453097845174955701, 0.181795268439324420563948611450589728
---------------------------------------------------------------------------------------------------
| Order |                  Error^2                   |                 Efficiency                 |
---------------------------------------------------------------------------------------------------
|   2   | 2.031302013369316917936889320937267794e-69 | 9.861210566642489066011281595418037500e+31 |
|   4   | 9.532948297855451755286470640233593063e-72 | 6.397662783266199001541683380221917969e+30 |
|   6   | 1.561122431768269280489110499385606202e-72 | 7.026417697250564584520324555596982574e+28 |
|   8   | 3.160229810002783627485970384471578390e-09 | 6.940817012962172511136220017301168826e-06 |
---------------------------------------------------------------------------------------------------

Scheme evaluation results:
Order: 8, No. cycles: 15
---------------------------------------------------------------------------------------------------
Vector a: -0.283372286075706969109334572943036908, 0.607990037777810405900619440337459725, -0.700144203083165578247418868862492012, 0.073559467705689006223197848827162451, 1.135703343956066880351265756820740535, -0.805360822051835929195012582526847518, -0.025084724878296134924347143547167005, 0.996709186649438319001030121894180744
Vector b: -0.745795740162203603859669657063909191, 0.924846908172993269500670168241733589, 0.291133167382627542300568712433183838, -1.691421573548958698795406450158156018, 1.838540508960336711241802147812484026, 0.432866178951797049460729365828997477, -2.043587823055468907850754530882686109, 1.993418373298876638002060243788352437
---------------------------------------------------------------------------------------------------
| Order |                  Error^2                   |                 Efficiency                 |
---------------------------------------------------------------------------------------------------
|   2   | 7.006212646680139524569433357622903358e-70 | 1.679097150563914372642278078273323750e+32 |
|   4   | 1.341119466993385277681987601784933420e-71 | 5.393879381694788353047485864674336914e+30 |
|   6   | 1.483677308246664866894462137731587747e-72 | 7.207467925941034935051189692079032898e+28 |
|   8   | 3.272162201744461112295386721945528148e-09 | 6.821070146577692008082610883408981350e-06 |
---------------------------------------------------------------------------------------------------

Scheme evaluation results:
Order: 8, No. cycles: 15
---------------------------------------------------------------------------------------------------
Vector a: -0.093073272292426566888090168004152110, 0.424153864712065651227948571135499768, -0.121864477150554056603628952104500082, -0.252454354235841585907959047814290202, -0.996560645631026333981861250378487890, 0.772210851144947138658893502993665595, 1.008250321968828453448760070897759679, 0.259337711484007300045937273274505228
Vector b: -1.406496146210357008049640599178760588, 2.626845747835860882323100862349215223, -1.778538018411729579867203720078210101, 1.534809064110621466659945815869208806, -2.039717772582304638475863911497793061, 0.046596481320251970512141410740817287, 1.497825220969642306805645595246512946, 0.518675422968014600091874546549009494
---------------------------------------------------------------------------------------------------
| Order |                  Error^2                   |                 Efficiency                 |
---------------------------------------------------------------------------------------------------
|   2   | 5.795634610449095915205836346168186740e-70 | 1.846149994145716490144176472611589688e+32 |
|   4   | 1.830149204456238402789074450438699716e-71 | 4.617338510182336487644521998906413574e+30 |
|   6   | 1.058189867995855973299286965410680816e-72 | 8.534353863066686572913127795761714172e+28 |
|   8   | 3.918642184720773817945309681433587900e-09 | 6.233071702464948039874126369901165103e-06 |
---------------------------------------------------------------------------------------------------

Scheme evaluation results:
Order: 8, No. cycles: 15
---------------------------------------------------------------------------------------------------
Vector a: -0.540890269593393511038561045363841602, 1.445893961092712752906475562571173034, -0.003721595646297775749999598476677499, -0.813024015537848703591823347532314669, -0.545152592558934317570576786702874302, 0.183499012143787590032162669146560160, 1.099641957774139387997733820349528366, 0.173753542325834577014588726008446543
Vector b: -0.980245000048972432722807220387529648, 0.878709460911157843368492350047519767, 2.013078461274267662444458775094420701, -2.020521652566863213944457972047776149, 0.394473621491165806760811276983449279, -1.484778806609034441901964850389080883, 1.851776830896609621966290188682144388, 0.347507084651669154029177452016852641
---------------------------------------------------------------------------------------------------
| Order |                  Error^2                   |                 Efficiency                 |
---------------------------------------------------------------------------------------------------
|   2   | 1.978213094769695316682367109094438114e-68 | 3.159955347174384995218365525701229688e+31 |
|   4   | 7.213685196473790832027434951142224061e-70 | 7.354554503988641179141878248072169189e+29 |
|   6   | 5.645317256318575868092709478797067293e-71 | 1.168444985026835651505371069396939659e+28 |
|   8   | 4.319521580041285666335309312459362841e-09 | 5.936795693237687597992132022511902931e-06 |
---------------------------------------------------------------------------------------------------

Scheme evaluation results:
Order: 8, No. cycles: 15
---------------------------------------------------------------------------------------------------
Vector a: -0.661693585090018960593943702436607259, 0.970203132374447888987841096109020591, -0.169650217178317019452852146130256701, -0.399155333255384696290544872610383989, -0.231559745327917825027331464977964521, 0.368750844132094807588218185812218500, 1.045155244170687584901795697327685822, 0.077949660174408219886817206906287533
Vector b: -1.035496606851132440344663232434236831, 0.747606043522226959501439059995274649, 1.192800221226668818474243132222739666, -1.532100655583302857379947424483252201, 0.733789989072533464798857679262498090, -1.196909479728369114853520609218419669, 1.934411167992558730029956980842844728, 0.155899320348816439773634413812551569
---------------------------------------------------------------------------------------------------
| Order |                  Error^2                   |                 Efficiency                 |
---------------------------------------------------------------------------------------------------
|   2   | 1.372501360384673593200600892525180942e-69 | 1.199668042763076150900252867695787969e+32 |
|   4   | 1.772836135457209630477160464936411144e-71 | 4.691380584055274844526653965655081055e+30 |
|   6   | 1.013929276439521370814880266184629260e-72 | 8.718637358834597275157784765445550537e+28 |
|   8   | 6.369590324301901187135160212851910511e-09 | 4.888934032745404934525107962978779488e-06 |
---------------------------------------------------------------------------------------------------

Scheme evaluation results:
Order: 8, No. cycles: 15
---------------------------------------------------------------------------------------------------
Vector a: -0.221152535952048367552077821806702728, 1.314075730900707141520066892749410380, -1.357284284821969325251348362245438253, 0.083296902262170102752666748527553612, 0.380734305664989875297214893731189355, -0.408366734264026695776381494757668756, 0.939115842329502912731436515446196020, 0.269580773880674356278422628355460322
Vector b: -1.517173345559049809549549549749516364, 2.592041619214002883994943455885630883, 0.036109842587411399045190329613189317, -2.750678412231350049547887054104061374, 2.917272216755690255053220551159167395, -2.155803605425710504458790763696798219, 1.339070136897657112906027774181478714, 0.539161547761348712556845256710909667
---------------------------------------------------------------------------------------------------
| Order |                  Error^2                   |                 Efficiency                 |
---------------------------------------------------------------------------------------------------
|   2   | 7.941830552131026746305497618108593392e-69 | 4.987204462731502508391172146317872656e+31 |
|   4   | 1.966006499230140130079952228862785362e-70 | 1.408777767331814640565937801599787842e+30 |
|   6   | 1.673693787435084257455955115978192533e-71 | 2.145924527163242275983157407504877472e+28 |
|   8   | 9.774241879066391677748774082598330721e-09 | 3.946647935691278302567002029641303743e-06 |
---------------------------------------------------------------------------------------------------

Scheme evaluation results:
Order: 8, No. cycles: 15
---------------------------------------------------------------------------------------------------
Vector a: -0.694325933733955157481162422446529657, 0.674067200937704037750194034127018017, 0.663025350140596555774509022510964126, -0.460958646681585601356039963714422165, -0.993433616350521839727500991682074199, -0.130564900886697778702115529659137158, 1.044991507891991266977036250773345253, 0.897199038682468516765079600090835808
Vector b: -0.959485384103778348914236281688578363, 0.530318900739646382866147718484108004, 0.817815501135761692634240349769920519, 0.508235199145431418914777695252007252, -1.430152492508602621626857622680851870, -0.556714740192441057828144360683282951, 0.295584938419045500423913301365007045, 1.794398077364937033530159200181670268
---------------------------------------------------------------------------------------------------
| Order |                  Error^2                   |                 Efficiency                 |
---------------------------------------------------------------------------------------------------
|   2   | 2.413904454449745515464149610977276997e-69 | 9.046017921546422133021549039372250000e+31 |
|   4   | 2.043054940611270727249799105641945406e-71 | 4.370135883554586091550276125984920898e+30 |
|   6   | 3.380526705911197988883139147058828507e-72 | 4.774855795522772163388580870817676544e+28 |
|   8   | 9.983020174671847483906019930134781609e-09 | 3.905161087308564422442422281443616661e-06 |
---------------------------------------------------------------------------------------------------

Scheme evaluation results:
Order: 8, No. cycles: 15
---------------------------------------------------------------------------------------------------
Vector a: 0.479895423420783776857268483456158320, -0.187280753447810000812593727097000471, -0.387269788508521131539470170759120732, -0.227926030565390010449550411064128975, 1.124744391109971751797903429255612215, -1.099629152176270600196289386870789220, -0.049605976662795767086138670248360132, 1.347071886830031981428870453327628984
Vector b: 1.335528098718877260059126143408595157, -1.711265350596186966403715319904864623, 1.336703843700566964778527865710851596, -2.111243420717609227857468207229096816, 1.655391359586829206958367385100836122, 0.594097422633114296637439473410399960, -2.793355726985655497030018247152008156, 2.694143773660063962857740906655286857
---------------------------------------------------------------------------------------------------
| Order |                  Error^2                   |                 Efficiency                 |
---------------------------------------------------------------------------------------------------
|   2   | 9.055679078826712367509119290887791781e-70 | 1.476919995316573192115341178089271719e+32 |
|   4   | 2.101554273723027272475456160436108241e-70 | 1.362588309688601725374839097029369141e+30 |
|   6   | 3.558799463022376694146023819363075466e-71 | 1.471636963146170787673444713390301895e+28 |
|   8   | 1.311897422262150189192153753567367597e-08 | 3.406590948919282713144476486187532620e-06 |
---------------------------------------------------------------------------------------------------

Scheme evaluation results:
Order: 8, No. cycles: 15
---------------------------------------------------------------------------------------------------
Vector a: -0.217142126430382892978508833972921874, 1.076947725981472914138287927100612747, -0.798881210099642608649870614551549150, -0.495086783220226403995243608327886915, 0.656304458335325779105404144750816360, -0.590345491075695452695235702778155563, 0.299345839574996140692113798174122627, 1.068857586934152524383052889604961817
Vector b: -1.120746077239407163661723011199046548, 1.807207901618048541366428354452243282, 0.346687550344897286910147499748982404, -1.944449970544182504209888728852077237, 0.954276404103729696219401512196293297, 0.358332512566921861991406777305353000, -1.539023494718312767381878182861677705, 2.137715173868305048766105779209929411
---------------------------------------------------------------------------------------------------
| Order |                  Error^2                   |                 Efficiency                 |
---------------------------------------------------------------------------------------------------
|   2   | 2.014888595038943501770779042222533671e-70 | 3.131064127949141384733426912221943125e+32 |
|   4   | 2.939779411893525252704315410423216975e-71 | 3.643154520204738899289844269379962402e+30 |
|   6   | 4.076926962233829327519006540351126434e-72 | 4.347964405394578342582012859449245453e+28 |
|   8   | 1.467553223020834991535994038684648563e-08 | 3.220868524150333008988125161617433019e-06 |
---------------------------------------------------------------------------------------------------

Scheme evaluation results:
Order: 8, No. cycles: 15
---------------------------------------------------------------------------------------------------
Vector a: -0.958680885911338740523153344273099931, 0.768048526354212688277277603466542440, 0.929383598267608404696480831043827130, -1.245005172850978941955463849394914187, 0.180696624214915375400627308639091486, -0.021369849681399648194463317634391555, -0.155481011166127291675150520875952306, 1.502408170773108153973845289028896959
Vector b: -1.008163349189884504202391450932309035, 0.098964926557091527358476213318340918, 1.437132126151333849196078993614789547, 0.421635070383882960196882668472897357, -2.911645416085840844107810367262953666, 3.273038664515671594909064984541131342, -3.315778363878470891297991619809930123, 3.004816341546216307947690578058033890
---------------------------------------------------------------------------------------------------
| Order |                  Error^2                   |                 Efficiency                 |
---------------------------------------------------------------------------------------------------
|   2   | 9.099146338405080586873163063484053181e-68 | 1.473388097087673748990182071363399805e+31 |
|   4   | 2.118179934531810689712679934134222546e-70 | 1.357230275921178340433229586601186279e+30 |
|   6   | 2.234571737190957293540168144777149231e-70 | 5.872936361579990711218960571223815918e+27 |
|   8   | 1.489709465822303729879673331372846220e-08 | 3.196827031836140574873126109299637948e-06 |
---------------------------------------------------------------------------------------------------

Scheme evaluation results:
Order: 8, No. cycles: 15
---------------------------------------------------------------------------------------------------
Vector a: -0.767467949724363269115374070330736264, 0.963977667209860263583965535101459190, 0.642697538780623204689452733967636450, -0.805142362011727066047086005268319113, -0.492863774573884257356666877927017317, -0.158868321184656483017343840546110872, 0.544692762494960858262496555620385804, 1.072974439009186749000555969382702026
Vector b: -1.145882846045326927040183317339462751, 0.756829792641927315849618494017456441, 1.171125541777793211318312576185462517, 0.114269535783453198060592891749810263, -1.724554259806907330154764902286447069, 0.738826710659138815441431146432406753, -1.056563353028451781476118827524626281, 2.145948878018373498001111938765400201
---------------------------------------------------------------------------------------------------
| Order |                  Error^2                   |                 Efficiency                 |
---------------------------------------------------------------------------------------------------
|   2   | 1.109320687156272265019867113133754493e-70 | 4.219771415190209120329546223112205000e+32 |
|   4   | 2.420448597534053881823482372964832627e-71 | 4.015013702110231673061712623566447266e+30 |
|   6   | 6.338155350974392439739203069512081349e-72 | 3.487153025614483634039679833629076767e+28 |
|   8   | 1.516438477779466105386015929265013797e-08 | 3.168527857445574426022747336811774975e-06 |
---------------------------------------------------------------------------------------------------

Scheme evaluation results:
Order: 8, No. cycles: 15
---------------------------------------------------------------------------------------------------
Vector a: -0.237477879938295962048130354625128044, 1.125901968933985715583707696128799035, -0.963733475812722000143793039979550860, 0.088797605850851526239710779123832144, 0.377994831003866496164348215762922984, -0.597893642536224815123247561421039896, 0.708787116070734303786814567747871415, 0.497623476427804735540589697262293306
Vector b: -1.228858817352834324481521222187769345, 1.982761874829076724866781735125283518, 0.269042063038894706300633657132311374, -2.196509014664338706588219737091412035, 2.374104226366041759067641295339075335, -1.618114564358308766738944863813228885, 0.422327279285859136492449740971154197, 0.995246952855609471081179394524585744
---------------------------------------------------------------------------------------------------
| Order |                  Error^2                   |                 Efficiency                 |
---------------------------------------------------------------------------------------------------
|   2   | 9.146235869614979491184210483796669698e-70 | 1.469590322304753302775066606769538281e+32 |
|   4   | 1.605968086635674771425445374243381824e-71 | 4.929087280247676098866121640243813965e+30 |
|   6   | 3.283808095220556529912281045959361133e-72 | 4.844662873375941663546178872970176697e+28 |
|   8   | 1.984646964883093190266466095900166657e-08 | 2.769671712088081565270992141620286158e-06 |
---------------------------------------------------------------------------------------------------

Scheme evaluation results:
Order: 8, No. cycles: 15
---------------------------------------------------------------------------------------------------
Vector a: -0.488208421204934246489461629256663124, 0.639329834977812571668857867103244589, 0.524527766560722067308688326435345235, -0.375255390253776766027249227705600909, -1.018928950297175781331483823206686621, -0.153967115403578415943515157865906158, 1.034570762724791118758126246001819109, 0.837931512896139452056037398494447904
Vector b: -0.896077684433193683508261760052352410, 0.815738526456518874037600261591385313, 0.462921143499106269300115472615090383, 0.586134389622337865317261180255611257, -1.336645170129891397371759635666815194, -0.701212730464460165291208010746550345, 0.393278499657303333404177695014737691, 1.675863025792278904112074796988893305
---------------------------------------------------------------------------------------------------
| Order |                  Error^2                   |                 Efficiency                 |
---------------------------------------------------------------------------------------------------
|   2   | 6.904955297605368180225703459301941233e-70 | 1.691363858466231718646325478605608750e+32 |
|   4   | 5.034568456617233741038028918264081895e-71 | 2.783901330372398993033229685729124512e+30 |
|   6   | 8.722789325702041904978976971984287579e-73 | 9.399932910317060218477892298894404602e+28 |
|   8   | 2.087760351617432586119375413599962355e-08 | 2.700409360373101165289153848012063264e-06 |
---------------------------------------------------------------------------------------------------

Scheme evaluation results:
Order: 8, No. cycles: 15
---------------------------------------------------------------------------------------------------
Vector a: -0.252188847466867765438914079396614769, 1.123547763318494395539865391348230674, -0.694364158229298953154075767693781585, -0.683346974135278391628766337463576658, 0.711289085090882215006073578937868219, -0.485674456992530507258966470494669974, 0.126007834470303756797749377248949241, 1.154729753944295250137034307513594779
Vector b: -1.218512172269961493578333781807171990, 1.932646649606187456278839404821118199, 0.314448877030801334800891377875342522, -1.703177193489399241109042913262909207, 0.336483245218842457851510238335769469, 1.086094924962921972160636919539953970, -2.057443838947982986678569860529283229, 2.309459507888590500274068615027180314
---------------------------------------------------------------------------------------------------
| Order |                  Error^2                   |                 Efficiency                 |
---------------------------------------------------------------------------------------------------
|   2   | 2.463144709440865763962480447121479364e-69 | 8.955142854819076177182996363901276562e+31 |
|   4   | 1.153537870158355821501845234671292539e-70 | 1.839157977926476235427231641797695068e+30 |
|   6   | 5.408349280377100073383239622614564854e-72 | 3.775027155093204430246634608184258270e+28 |
|   8   | 3.186528961165496366477610369253850158e-08 | 2.185802873549180839299574867819498868e-06 |
---------------------------------------------------------------------------------------------------

Scheme evaluation results:
Order: 8, No. cycles: 15
---------------------------------------------------------------------------------------------------
Vector a: 0.518377908566547139756977309775504368, -0.157872264333818529540874169070755931, -0.352904489598488956726687036300206978, -0.248573732540881316189614639785150178, 1.017905894695128298943098441839697025, -0.833862046026625644806450368512274975, -0.078392891905066874358387033714634594, 1.135321621143205882921937495767821372
Vector b: 1.209972843516239215230003363200717691, -1.383189869899384150946052106850435505, 1.067445341231747091864303768708921284, -1.773254320428725005317677841309329558, 1.276106855346962372938448561739032717, 0.759704934043294224947748321940360947, -2.427429026096545514560649058964903772, 2.270643242286411765843874991535636196
---------------------------------------------------------------------------------------------------
| Order |                  Error^2                   |                 Efficiency                 |
---------------------------------------------------------------------------------------------------
|   2   | 2.399754955889078777389916612085264822e-69 | 9.072647410773929651732501685952234375e+31 |
|   4   | 3.781453490338185750338768953890253677e-71 | 3.212222221832126877141126140000750977e+30 |
|   6   | 5.428281017641723358175842236066916751e-72 | 3.768090148142422457342762742411010742e+28 |
|   8   | 5.908339410729140211814243670454791787e-08 | 1.605229785613508388690718282973226565e-06 |
---------------------------------------------------------------------------------------------------

Scheme evaluation results:
Order: 8, No. cycles: 15
---------------------------------------------------------------------------------------------------
Vector a: -0.900054130916382356557303170723696850, 1.179716310135901523582806602170160702, 0.320802814889822095665926512573931326, -0.342377909159404345680806935658447861, -0.668434549235056660153228317775855044, -0.142673889725095548886255471918161196, 1.250779508668240119217077943473303883, 0.302241845341975172811782837858765065
Vector b: -0.993812713186753603655054064904694423, 0.187517164540742494195501788361935130, 2.171915455731060552970111415978481294, -1.530309825951416361638258390830606220, 0.845554007632607670276644519513674290, -2.182423106102720990583101155065435994, 1.897075326652529892810590211229106139, 0.604483690683950345623565675717539760
---------------------------------------------------------------------------------------------------
| Order |                  Error^2                   |                 Efficiency                 |
---------------------------------------------------------------------------------------------------
|   2   | 7.244543263061369894007295432710233425e-70 | 1.651246753428264344172845805555105938e+32 |
|   4   | 7.976116555830842336001623453548800392e-71 | 2.211766204979357678566802536411724365e+30 |
|   6   | 6.664762595090532458843445678674330936e-72 | 3.400635652146603633340965323449193573e+28 |
|   8   | 6.593767021036887493942757354821253838e-08 | 1.519508481442380347254416638490583803e-06 |
---------------------------------------------------------------------------------------------------

Scheme evaluation results:
Order: 8, No. cycles: 15
---------------------------------------------------------------------------------------------------
Vector a: -0.113542681131829656738202543762132459, 0.444884829197610276036517358429381195, -0.194127382532683168829715107115091565, 0.974676790728971795825784566344391322, -1.205399130884351785113006109870197556, -0.266925326669777357001625101136386870, 1.154544456524893746981650618836214814, 0.205888444767166148838596318273821133
Vector b: -1.717049476047941727398546283822156542, 3.207013589832224141320687480120064513, -2.317243931437003589247652763261363079, 1.928989166371637251588222549031206045, 0.020364415086306340063346583657374288, -2.431162676855009910289358803397544154, 1.897312023515455196286108601124808740, 0.411776889534332297677192636547610103
---------------------------------------------------------------------------------------------------
| Order |                  Error^2                   |                 Efficiency                 |
---------------------------------------------------------------------------------------------------
|   2   | 2.284295047634038194704175341126445477e-69 | 9.299109951475441975807602862233709375e+31 |
|   4   | 1.797052642979178860762313826467852489e-70 | 1.473515009467783384393690375689494141e+30 |
|   6   | 1.086332189501484663786918268530812962e-71 | 2.663612972985816407123352468686027908e+28 |
|   8   | 7.533361714147715799872474163137672668e-08 | 1.421593788731247803612021881661699655e-06 |
---------------------------------------------------------------------------------------------------

Scheme evaluation results:
Order: 8, No. cycles: 15
---------------------------------------------------------------------------------------------------
Vector a: 0.091879349258305389379393598838383553, -0.262853568927825818301199093320788924, 0.709965015499042429371344489232138241, -0.195108244089029499255569095365330434, -0.503371836576818729097376700980283887, -0.614893044663270468566310147870662687, 1.089683199008157284766011652366297478, 0.684699130491439411703705297100246660
Vector b: 1.776311454377372748838746078913074621, -3.368864210238134718918704960149380596, 2.843157072382483082316306773507798703, -1.423227041384398223573617795043518753, 1.033010553206339225062479604312857694, -2.039754226359976683257233006273425276, 0.809968137033435746124612710532098458, 1.369398260982878823407410594200495053
---------------------------------------------------------------------------------------------------
| Order |                  Error^2                   |                 Efficiency                 |
---------------------------------------------------------------------------------------------------
|   2   | 3.622271631530684947003647716355116712e-71 | 7.384599976582865960576705890446358750e+32 |
|   4   | 2.526569836739054417380229864654923937e-71 | 3.929789702077586635160131649253902832e+30 |
|   6   | 1.781568705243800316840677691951880053e-72 | 6.577353111401654037359999583432132721e+28 |
|   8   | 8.826742190139906340915095255208374289e-08 | 1.313317425228721465588548126781651059e-06 |
---------------------------------------------------------------------------------------------------

Scheme evaluation results:
Order: 8, No. cycles: 15
---------------------------------------------------------------------------------------------------
Vector a: -0.789727525408489746613799978735462243, 1.170047514386344714102761748395523931, -0.173993678313114966916805525593461376, -0.675262340095611550933546408533520757, 0.398558699679106380784648295899648692, -0.522638580313618834108159373339505236, 0.476631174621649409712750727258717683, 1.116384735443734593972150514648059331
Vector b: -1.177062658841697846066412962341035575, 0.774670266866416198905225967211152056, 1.565424761906273229300297529579894265, -1.913412118532503163133908580766816680, 0.562887438341280061266815763699741271, 0.234229961016932700302480828099623665, -1.279507121644170368518799574778675978, 2.232769470887469187944301029296116736
---------------------------------------------------------------------------------------------------
| Order |                  Error^2                   |                 Efficiency                 |
---------------------------------------------------------------------------------------------------
|   2   | 9.852578837763463055849921788485917457e-69 | 4.477571427409538088591498181950638281e+31 |
|   4   | 5.168325435198536499396012735915134484e-71 | 2.747641312807647374871836900377575684e+30 |
|   6   | 1.199488299803814751415971051828875139e-71 | 2.534862680963917923646886244045833969e+28 |
|   8   | 1.000802536227742213225555672759616375e-07 | 1.233376669061768328492625782476071089e-06 |
---------------------------------------------------------------------------------------------------

Scheme evaluation results:
Order: 8, No. cycles: 15
---------------------------------------------------------------------------------------------------
Vector a: -0.086332619256465605973901392236693249, 1.302754351811712963627991552872466707, -0.602197476458912805685699219946628320, -0.143304499574713728450088842228666094, -0.605381206539078013183455378580015343, -0.684258750110579792819168327434783724, 1.097078161579386655396819864656557057, 0.721642038548650327087501742897762931
Vector b: -1.393666281350139538892472252213570135, 2.614667324187347865837141719953753940, -0.009158620563921938581158614208809294, -1.195236332353903672790239825684459609, 0.908627333204476215890062141227127518, -2.119389746282632242256972898387156278, 0.750872246061472656618636243517587481, 1.443284077097300654175003485795526440
---------------------------------------------------------------------------------------------------
| Order |                  Error^2                   |                 Efficiency                 |
---------------------------------------------------------------------------------------------------
|   2   | 7.316988695691983592947368387037335759e-69 | 5.195786412339075227168932063683102344e+31 |
|   4   | 1.389569193023477846002644447438670627e-70 | 1.675694619542811538264946934443633789e+30 |
|   6   | 6.069205630789502471604264953212785605e-72 | 3.563580055506538715211767017991485214e+28 |
|   8   | 1.029844362576442386258617189087911743e-07 | 1.215861563626343608943267457257166175e-06 |
---------------------------------------------------------------------------------------------------

Scheme evaluation results:
Order: 8, No. cycles: 15
---------------------------------------------------------------------------------------------------
Vector a: 0.445312147197488510804128375913577327, -0.070845845725885846373635446877349972, -1.276092212868549254090913468601715053, 0.730201180908272651875355267453134245, 0.799877485117777689273823372383264738, -1.070693321742068889359059046206666880, 0.094441431758624893053293386166349497, 1.347799135354340244817007559769405954
Vector b: -0.872922297589316321919336668277167329, 2.636468889573609665446930088381550749, -2.778160581025381358194200982136261599, 0.225976155288282850012374044932709437, 1.234426206528262453738336489973642687, 0.365328763707292924809310254792817360, -2.506715407191430703527428347206157380, 2.695598270708680489634015119538866219
---------------------------------------------------------------------------------------------------
| Order |                  Error^2                   |                 Efficiency                 |
---------------------------------------------------------------------------------------------------
|   2   | 1.535843171769010417529546631734569486e-68 | 3.586278778209360919821609471741895312e+31 |
|   4   | 2.751369995121647218534606634551767362e-70 | 1.190859334952754631648911980541977905e+30 |
|   6   | 2.817405767084692481807053343162521593e-71 | 1.653970449640658798326957753813230705e+28 |
|   8   | 1.032202038047627371558307373117662015e-07 | 1.214472181668447018064295698557933241e-06 |
---------------------------------------------------------------------------------------------------

Scheme evaluation results:
Order: 8, No. cycles: 15
---------------------------------------------------------------------------------------------------
Vector a: -0.775373786968948375195505510437183373, 1.151642857873998581474112346100155657, -0.193480947331747433026092937587911429, -0.874622340421143595911134733389657811, 0.404816432414134914670082907876094899, -0.303038114290199184895711924056369097, 0.465380413307652595046352323365635034, 1.124675485416252497837897528129236168
Vector b: -1.197315777157816597010326433566917034, 0.843883980377736443629641846259458464, 1.459401735370260719318582845940855161, -1.846363630033755585370768721116675516, 0.097118949191468393548499254337533625, 0.712513915636801435791666561414480348, -1.318590144217199805583090409527205254, 2.249350970832504995675795056258470410
---------------------------------------------------------------------------------------------------
| Order |                  Error^2                   |                 Efficiency                 |
---------------------------------------------------------------------------------------------------
|   2   | 1.130375141014544371274325815485068609e-68 | 4.180287802182998570519216679123232812e+31 |
|   4   | 1.546893930144891139965522603869230994e-70 | 1.588198187702334359963292287141697998e+30 |
|   6   | 8.590569585123545957764311924964813461e-72 | 2.995307856619094171867843901700934982e+28 |
|   8   | 1.050078141850294711017803343577845671e-07 | 1.204090467906082385617438667793988996e-06 |
---------------------------------------------------------------------------------------------------

Scheme evaluation results:
Order: 8, No. cycles: 15
---------------------------------------------------------------------------------------------------
Vector a: 0.279600757740058669614870506791875181, -0.416476137912663351728864976851613514, 0.919321923728410171272152840109851648, -0.949900674959588568423623419291945362, -1.587091985823377168978495359839581405, -0.008392860952241365143795167798733698, 1.520835529074684916519734079507007200, 1.242103449104716696868021497373139887
Vector b: 1.265332449439553176856524133138423501, -1.971463383398989014483307252693034817, 1.138511107573662311025577298989746351, 0.700132739883158031518728381230025316, -2.599934089802335168365975219814042574, -0.574249881844419169591015499865570808, 0.557464159939936439303425164268096509, 2.484206898209433393736042994746356426
---------------------------------------------------------------------------------------------------
| Order |                  Error^2                   |                 Efficiency                 |
---------------------------------------------------------------------------------------------------
|   2   | 1.189735117376253470843348092436838084e-66 | 4.074669058775690127435664703675492676e+30 |
|   4   | 1.243210317286581274047296865149419696e-69 | 5.602252266172414333456961769511594238e+29 |
|   6   | 3.388562768703820308287618964796562564e-70 | 4.769190588750806059804037623580329418e+27 |
|   8   | 1.056334820188453574168618985106500820e-07 | 1.200519253948098463925507316710071695e-06 |
---------------------------------------------------------------------------------------------------

Scheme evaluation results:
Order: 8, No. cycles: 15
---------------------------------------------------------------------------------------------------
Vector a: -1.383733358303441092137700914490796170, 1.295245965749354165535393319074434297, 0.703707601517262940093252189428558436, -0.148347699413198493937548552528435343, -0.606579753766866624192945206772578518, -0.672547252263758325594281528346122064, 1.095460412475042582675547122742680806, 0.716794084005604847558283570892258508
Vector b: -1.382290196156004387123693618184150521, -0.002886324294873410028014592613177985, 2.593378255793581741098801230761934557, -1.185963052759055860912296851904811907, 0.889267653932658873037199746847940643, -2.102427161466392121423090160393104323, 0.757332656938875470234527103700852491, 1.433588168011209695116567141784517209
---------------------------------------------------------------------------------------------------
| Order |                  Error^2                   |                 Efficiency                 |
---------------------------------------------------------------------------------------------------
|   2   | 3.712828422318952070678738909263994630e-68 | 2.306561516770916871765649195827662500e+31 |
|   4   | 2.684248311324484379794963846057784609e-70 | 1.205656576660774645211228114342526855e+30 |
|   6   | 1.762237019765595687928702703959895356e-71 | 2.091319011466881519339965533151786804e+28 |
|   8   | 1.070663755231815590357415974344753909e-07 | 1.192458784067053504365128955280626299e-06 |
---------------------------------------------------------------------------------------------------

Scheme evaluation results:
Order: 8, No. cycles: 15
---------------------------------------------------------------------------------------------------
Vector a: -0.086616038656319807156867662166618980, 0.717066547890465153683052163152391413, -0.148203972236540265886600982080144506, -0.616766621943094316571487442494042206, -1.069571222267142627947969436179044721, 0.376580589520579714100399573286096261, 1.105366532098325305292988915389467684, 0.722144185593726844486484871091894934
Vector b: -1.398049402123354791396898330072728568, 2.622866726934069968480061335812221007, -1.188733631153139661113957009507446076, 0.892325686680059129340755045347156535, -2.125858930566247762483729930335236229, -0.013283513968037493412208942022903021, 0.766444693009196921613008088595148773, 1.444288371187453688972969742183787557
---------------------------------------------------------------------------------------------------
| Order |                  Error^2                   |                 Efficiency                 |
---------------------------------------------------------------------------------------------------
|   2   | 1.159126922089819183041167269233637348e-69 | 1.305425179947941143364983574639892969e+32 |
|   4   | 4.559675911174856344421583892950923283e-71 | 2.925283598141854016942270192833464844e+30 |
|   6   | 4.738687816362244195463843819645227671e-72 | 4.032955188587585523676243388774253082e+28 |
|   8   | 1.107742754697492858760117222078039841e-07 | 1.172331591883522198384051020733875514e-06 |
---------------------------------------------------------------------------------------------------

Scheme evaluation results:
Order: 8, No. cycles: 15
---------------------------------------------------------------------------------------------------
Vector a: -0.091211208916489189806529335482959306, 0.656499993855102517076429104406564818, -0.110194177447846660982343478908790498, 0.545131461107538769658934519286729760, -1.116192397697612127910406630123447741, -0.718545255848838074652456873178245725, 1.098988117206783211596679993854752445, 0.735523467741361555019692700145396186
Vector b: -1.437219333710329534205198901320911265, 2.692016249587680688797339131675909383, -1.379016261877475654644480922862790338, 1.158627906981782332679793965045217479, -0.068364984766704793361924926471732042, -2.164019810628519462458888333775194339, 0.726929298930843313153974587418710978, 1.471046935482723110039385400290790061
---------------------------------------------------------------------------------------------------
| Order |                  Error^2                   |                 Efficiency                 |
---------------------------------------------------------------------------------------------------
|   2   | 6.266529922548084958316310549294351912e-69 | 5.614407396404550032412960229844783594e+31 |
|   4   | 6.445980938043740863942770557742296317e-71 | 2.460313532237381599328668079525585693e+30 |
|   6   | 6.934498442759169949803014178401200265e-72 | 3.333841267822962856852169818893104172e+28 |
|   8   | 1.187142496762397280035307412563857458e-07 | 1.132448606197833388889640522949851624e-06 |
---------------------------------------------------------------------------------------------------

Scheme evaluation results:
Order: 8, No. cycles: 15
---------------------------------------------------------------------------------------------------
Vector a: -0.092860796246874734001136098095063331, 0.624817900767953154626138369644972895, -0.764998037707258151741083438710750471, 0.561635601658943898247603583773728066, -0.440665748849030995520053220551338442, -0.663088820277980636619223639254474132, 1.085948754852668858505318315489147103, 0.689211145801578606502436127703778311
Vector b: -1.425151655900990045513908883736020874, 2.664581719308230623025545571281913931, -1.414945917772324313773268831991966985, -0.115050157642191989708898045429549833, 1.238321360960079786204105212977018207, -2.119652858658141777244211654079692204, 0.793475218102180504005764375570740569, 1.378422291603157213004872255407557008
---------------------------------------------------------------------------------------------------
| Order |                  Error^2                   |                 Efficiency                 |
---------------------------------------------------------------------------------------------------
|   2   | 1.050458773143898634631057837742983847e-69 | 1.371285789953804564004145646634806250e+32 |
|   4   | 1.907529274709884626632536163129391296e-71 | 4.522716421099571142178951615095927246e+30 |
|   6   | 1.019172063284340292533883242679792179e-72 | 8.696183400641810413709325677869544983e+28 |
|   8   | 1.191075362139976507191242645512752515e-07 | 1.130577418755166636737063257475144095e-06 |
---------------------------------------------------------------------------------------------------

Scheme evaluation results:
Order: 8, No. cycles: 15
---------------------------------------------------------------------------------------------------
Vector a: -0.092492208612716493307807082376102097, 1.298234834946917040040901345964371480, -1.158275994260558882899644817886336408, -0.618968633632723205824715994270423655, -0.198147100442120604376339159765348776, -0.197755970049961928445485184598534709, 1.221736648287017609380788209099244873, 0.745668423764146465432302683833129339
Vector b: -1.454357310056756742406005701857093722, 2.723730202888080498196397238961980506, -0.127260532994246418114594547033227458, -2.189291455526871347684695088739450292, 0.951354188261424936035263100198602982, -1.347648389145666144787941419729304771, 0.952136449045742287896971050532233187, 1.491336847528292930864605367666259640
---------------------------------------------------------------------------------------------------
| Order |                  Error^2                   |                 Efficiency                 |
---------------------------------------------------------------------------------------------------
|   2   | 2.508423104834999325800026043575918323e-69 | 8.873952213668154608707987610353701562e+31 |
|   4   | 1.656640978356062527153792301525400424e-70 | 1.534690355535997985386711844345737549e+30 |
|   6   | 1.064380138676013997856066630764188286e-71 | 2.690940311443380552335008886707342148e+28 |
|   8   | 1.203006240322227914406120804328344694e-07 | 1.124957168498771731254654749048423746e-06 |
---------------------------------------------------------------------------------------------------

Scheme evaluation results:
Order: 8, No. cycles: 15
---------------------------------------------------------------------------------------------------
Vector a: -0.117259954337359315258355568791103653, 0.379137191764529753422600644573653385, -1.296453259814192160265108731267187826, 1.125473901396738021687364304602540619, -0.103618175332902211122899586525590615, -0.290170659446970483120197860069538156, 1.113826092913811203664868081104014233, 0.189064862856345190991728716373211989
Vector b: -1.807010593141284965962991610959691859, 3.379501277607851301409272084337182985, -2.621226894078791794564070795189896341, 0.028320374450407474033853332655559045, 2.222627428343068569340875276549488904, -2.429863779008872991586674449600670592, 1.849522460114932025346278729461619125, 0.378129725712690381983457432746408763
---------------------------------------------------------------------------------------------------
| Order |                  Error^2                   |                 Efficiency                 |
---------------------------------------------------------------------------------------------------
|   2   | 1.566632480637021239579077637323587978e-69 | 1.122881479280910006482592045968956719e+32 |
|   4   | 6.907497785627987984723417201290349670e-71 | 2.376701206254106089612476066465779785e+30 |
|   6   | 2.558540804536887061700247731172350553e-72 | 5.488532899909644847515546055999319458e+28 |
|   8   | 1.229551880424394384696537876193099305e-07 | 1.112747169879852636825005754912781954e-06 |
---------------------------------------------------------------------------------------------------

Scheme evaluation results:
Order: 8, No. cycles: 15
---------------------------------------------------------------------------------------------------
Vector a: -0.783718358368502375313222659539061962, 1.147890327650772026169372057138999773, -0.200246458746028820852654314898492010, -0.469181846758293339312546965160116408, -0.271769185141942932139026124819813954, -0.710588328937329211792816767153649213, 1.143069684033101494839732831714060315, 1.144544166268223158401161942718073435
Vector b: -1.225328636446745266930340535086618931, 0.883220556156485783234235751095106811, 1.412560099145058269104508363182899669, -1.813053016637115910809816992979883352, 0.874689323120529232184723062659646107, -1.418227693404415096462775312299277386, -0.002948964470243327122858222008021975, 2.289088332536446316802323885436149182
---------------------------------------------------------------------------------------------------
| Order |                  Error^2                   |                 Efficiency                 |
---------------------------------------------------------------------------------------------------
|   2   | 1.396838497909020382688281650619441882e-69 | 1.189171203305925421646282116021344219e+32 |
|   4   | 9.034454830985712260397769792549773519e-71 | 2.078183959164444000438756861753924561e+30 |
|   6   | 4.137951937441917896141329942881095331e-71 | 1.364770808497398689853219970160910225e+28 |
|   8   | 1.269668734222344306077355328854288538e-07 | 1.095026715842191331004335464964280002e-06 |
---------------------------------------------------------------------------------------------------

Scheme evaluation results:
Order: 8, No. cycles: 15
---------------------------------------------------------------------------------------------------
Vector a: -0.115429825663010407300057965535915632, 0.394770093791713113677325553949079225, -1.302437120110787493404001514743606978, 1.279592368689671168131697828450225255, -0.076999958616254113636346483135145409, -0.450960907681220292055630830491140278, 1.080789678481517922548796341985861568, 0.190675671108370102038217069520642332
Vector b: -1.828154451817068183583219242857319653, 3.425449252308115552566322554642827904, -2.635909064724689325211671446744734455, 0.031034824503114338403668417257783835, 2.528149912876227997859727239642410780, -2.682149830108736225132420205912689561, 1.780228014746295641021158544930476028, 0.381351342216740204076434139041245182
---------------------------------------------------------------------------------------------------
| Order |                  Error^2                   |                 Efficiency                 |
---------------------------------------------------------------------------------------------------
|   2   | 7.074749280333369037116499446006087329e-69 | 5.283989610970445901353106577776339062e+31 |
|   4   | 3.064217619157138901533722338960233421e-70 | 1.128431396443740254564432315909581299e+30 |
|   6   | 7.534826763680514298931442171084054201e-72 | 3.198275047703342719951340382801412201e+28 |
|   8   | 1.276935393206320481388241557575752044e-07 | 1.091906535062477296393674781228400760e-06 |
---------------------------------------------------------------------------------------------------

Scheme evaluation results:
Order: 8, No. cycles: 15
---------------------------------------------------------------------------------------------------
Vector a: -1.229573078836017291994772116388741107, 0.442461026425305952876898178263207138, 1.151713870799178701464048482325254333, -0.200423924419302435571061182318171757, -0.470734527286971214074405706314845016, -0.274527727315777265511272145484126814, 0.435118632706433988757693863298377688, 1.145965727927149564052870626619045486
Vector b: -1.226950205234751631694870954160295893, -0.005245747202531320599802324457282899, 0.890167800053143226353598680984084129, 1.413259941545214176574498283666427908, -1.814107790383819047716620648302770170, 0.872638735809876619567809235673080235, -1.421694190441431150590353526641335017, 2.291931455854299128105741253238091742
---------------------------------------------------------------------------------------------------
| Order |                  Error^2                   |                 Efficiency                 |
---------------------------------------------------------------------------------------------------
|   2   | 3.588312834985084775625488519014287493e-69 | 7.419460595095036246288618338574161719e+31 |
|   4   | 1.821482636587830025718606738617342259e-70 | 1.463600152108895152646105640464804199e+30 |
|   6   | 9.472220919618166394291910160522346353e-72 | 2.852505801792569116690660853061826324e+28 |
|   8   | 1.311266613316372160733452876071177776e-07 | 1.077517731906398824144585726924931547e-06 |
---------------------------------------------------------------------------------------------------

Scheme evaluation results:
Order: 8, No. cycles: 15
---------------------------------------------------------------------------------------------------
Vector a: 0.519044338002265801190832257941716826, -0.209158760489256125275681024054167999, -0.406200829900952793179982590358232608, 0.242623977610367883821641626372353889, -0.080484370429023031939607963960252662, -0.840812598596541499317768297834161614, 1.081974285783758369429219605591038965, 0.693013958019381395271346386301705239
Vector b: 1.228666846912096691000922618428526236, -1.419245017819661779620180720973620167, 1.000927496841149529068818672865298951, -1.813329156643055115428783853581774953, 2.298577111863790883072067106326458031, -2.459545852721836946951283034246963331, 0.777920655528753948315746438578668702, 1.386027916038762790542692772603406434
---------------------------------------------------------------------------------------------------
| Order |                  Error^2                   |                 Efficiency                 |
---------------------------------------------------------------------------------------------------
|   2   | 2.508423104834999325800026043575918323e-69 | 8.873952213668154608707987610353701562e+31 |
|   4   | 3.626693349830893302651845528508870517e-71 | 3.280043065209928146799834970278598633e+30 |
|   6   | 4.222093264057347560682006630445173344e-72 | 4.272563582669926290313423160710227203e+28 |
|   8   | 1.456034260589858377356057366735259917e-07 | 1.022549005130614380317081145621508300e-06 |
---------------------------------------------------------------------------------------------------

Scheme evaluation results:
Order: 8, No. cycles: 15
---------------------------------------------------------------------------------------------------
Vector a: -0.833848992847866638252050597067804897, 1.234843302933332564698065182010268322, -0.146056217986228441899890926013309435, -0.659845255500199254974962940146880428, 0.620037771949731526372835446011875905, -0.696654797999433818792191107456277009, 0.330549221846975777237447539690896123, 1.150974967603688285610747402971231443
Vector b: -1.058636434074775553083317074756657308, 0.449574882453817829662532955377712430, 2.020111723412847299733597408642816799, -2.312224159385304183533379260669435333, 0.992533648384905673583453380375668988, 0.247541895514557379162217511648101216, -1.640851491513425016746599726560667367, 2.301949935207376571221494805942460575
---------------------------------------------------------------------------------------------------
| Order |                  Error^2                   |                 Efficiency                 |
---------------------------------------------------------------------------------------------------
|   2   | 7.135875114115449345597186001219579923e-69 | 5.261309636723158287000038170735260938e+31 |
|   4   | 1.365161308006327722824592524349949626e-70 | 1.690608228236920071605383259904193359e+30 |
|   6   | 1.206594139290946460453738942141587308e-71 | 2.527387538932841387963978646703958130e+28 |
|   8   | 1.480565140613724666781059522703873655e-07 | 1.014042524126601403092316753484191432e-06 |
---------------------------------------------------------------------------------------------------

Scheme evaluation results:
Order: 8, No. cycles: 15
---------------------------------------------------------------------------------------------------
Vector a: -0.785330024543773610067937374006252810, 1.173032490716290234043287175604330703, 0.718948448975726602153355534480326166, -0.918653881712322102731137193881434931, -0.478716391151189783909443927613822540, -0.290379586130896375534833836427071176, 0.427769643127535831642728799078146629, 1.153329300718629204403980822765777958
Vector b: -1.234656647183401920362593936122914004, 0.898653245279256620589313124233322100, 1.447411736153323847497261226975354040, -0.009514838201870643190550158014400854, -1.827792925222773562271724229748772512, 0.870360142920393994452836374521113759, -1.451119315182186745522504047375255436, 2.306658601437258408807961645531553220
---------------------------------------------------------------------------------------------------
| Order |                  Error^2                   |                 Efficiency                 |
---------------------------------------------------------------------------------------------------
|   2   | 1.338655759827558755727035559175487820e-68 | 3.841342457083455691009418678717928516e+31 |
|   4   | 2.237477894271432125101056906042500194e-70 | 1.320552242753336415549191923287299561e+30 |
|   6   | 1.248809458421959124671552507317328221e-71 | 2.484301811097459387393652050745612335e+28 |
|   8   | 1.620329214463375071519361192438800411e-07 | 9.693225058641269818104280793970538923e-07 |
---------------------------------------------------------------------------------------------------

Scheme evaluation results:
Order: 8, No. cycles: 15
---------------------------------------------------------------------------------------------------
Vector a: -0.756855280619886370217254230667208164, 1.133744282040369227693770328083528043, -0.244524448265843816711457422565641744, -0.334533731392965172588895424807583791, 0.477142066038645143295352361790072936, -0.841734611123943835991533404764867446, 0.391597477745611580422184599472971735, 1.175164245578013244097833193458728360
Vector b: -1.265280370202946926422349383939685537, 1.016850179166121112410190306544953976, 1.250638384914617342977350349622097872, -1.739687281446304976400265194753375631, 1.070619818660374631222474345138197745, -0.116335686583084344631769621558134928, -1.567133535664803327351297187971509013, 2.350328491156026488195666386917455564
---------------------------------------------------------------------------------------------------
| Order |                  Error^2                   |                 Efficiency                 |
---------------------------------------------------------------------------------------------------
|   2   | 3.658494347845991796473684193518667879e-69 | 7.347951611523766513875333033847691406e+31 |
|   4   | 1.907706143441892960858464075615541448e-70 | 1.430142209334726478006049583570969482e+30 |
|   6   | 1.095138932506052249194958296217534759e-71 | 2.652881409772715576476048551773715591e+28 |
|   8   | 1.803004424475339521469425820402866394e-07 | 9.189069395737052672071026875710267791e-07 |
---------------------------------------------------------------------------------------------------

Scheme evaluation results:
Order: 8, No. cycles: 15
---------------------------------------------------------------------------------------------------
Vector a: -0.758012348946741516122629335084546897, 0.466658967761051537729393206060191698, 0.662792162874693183955361660091465545, -0.189911696187854509748709361524213814, -0.429330053200491242354189625078527337, -0.321621162126723346237634648767246685, 0.391759382371985959184429602956965199, 1.177664747454079933593978501345912291
Vector b: -1.265581713801107230674055394229712899, 1.015138729708731429102852118290359352, -0.081820794186628353644065706169521665, 1.407405119936014721554789026351972488, -1.787228512311723741052207749400395880, 0.928568405910741256343828499243385599, -1.571810730164187948819097796777903717, 2.355329494908159867187957002691816879
---------------------------------------------------------------------------------------------------
| Order |                  Error^2                   |                 Efficiency                 |
---------------------------------------------------------------------------------------------------
|   2   | 1.854603075343710692865867630773819757e-68 | 3.263562949869852858412458936599732422e+31 |
|   4   | 1.091722248321443009540039820761814351e-70 | 1.890509583733634956239745276805137207e+30 |
|   6   | 2.058759813128709974801064186504447933e-71 | 1.934860259031956987682859039560425949e+28 |
|   8   | 1.950493545090035331194713396568617229e-07 | 8.834819251438158800542321439574424241e-07 |
---------------------------------------------------------------------------------------------------

Scheme evaluation results:
Order: 8, No. cycles: 15
---------------------------------------------------------------------------------------------------
Vector a: -0.102202439642351588529277167897944426, 0.576858673653626496146238068821959908, -1.157739114308501853592725446892516448, 0.945871892300743411671321941667890285, -0.213607222417751952536399881660021635, -0.809062064937084221468305236110224539, 1.129565973182880699980192850195156966, 0.630314302168439008328954871875699876
Vector b: -1.687965606371449389356419292510647016, 3.171526333458195601654284249225408093, -2.017808986150942609361808111581492900, -0.297669242466061097823642782203532485, 2.189413027067547921166286665539308240, -2.616627471903051826239086428859351317, 0.998503342028883383302475956638904358, 1.260628604336878016657909743751403026
---------------------------------------------------------------------------------------------------
| Order |                  Error^2                   |                 Efficiency                 |
---------------------------------------------------------------------------------------------------
|   2   | 8.765897348304257571748827473579382444e-69 | 4.747000654356149612236303907781428125e+31 |
|   4   | 3.142073024128057523609365316457453535e-71 | 3.523926379329585211456255847173446777e+30 |
|   6   | 9.922007691262456485660125791652751063e-72 | 2.787100736022842863110929631237825775e+28 |
|   8   | 2.086385458561001797770706895851786009e-07 | 8.542257405544590324071171045598614440e-07 |
---------------------------------------------------------------------------------------------------

Scheme evaluation results:
Order: 8, No. cycles: 15
---------------------------------------------------------------------------------------------------
Vector a: -1.346199594114663155137685303712705750, 0.706172617240482757996450633809655783, 1.228056642137486066055745575830202822, -0.113205497158566088871741975358547667, -0.301991775950201502525452661594534466, -0.683334649924330433919443900700638625, 0.244818940480089136143577964200971909, 1.265683317289703220258549667525595993
Vector b: -1.350631574894578910927628850552299970, 0.008863961559831511579887093679029425, 1.403481272921134004413014173940442253, 1.052632011353838127698476977719948946, -1.279043005670970305441960928437046688, 0.675059453770567300391055605247982667, -2.041728753619228168229943406649253657, 2.531366634579406440517099335051196994
---------------------------------------------------------------------------------------------------
| Order |                  Error^2                   |                 Efficiency                 |
---------------------------------------------------------------------------------------------------
|   2   | 9.055679078826712367509119290887791781e-70 | 1.476919995316573192115341178089271719e+32 |
|   4   | 3.617319307034451588677666166742912451e-70 | 1.038583791563572705299085770497548584e+30 |
|   6   | 3.827607118234535358666874330174228143e-71 | 1.419020824470820707208871993970662498e+28 |
|   8   | 2.254621342755290328432329237189649830e-07 | 8.217375268450831167496191320997874433e-07 |
---------------------------------------------------------------------------------------------------

Scheme evaluation results:
Order: 8, No. cycles: 15
---------------------------------------------------------------------------------------------------
Vector a: 0.951306830824145883905800449200069717, -0.408358511476393692613118838731204577, 0.163658865767437230305167183453531094, 0.276245065239547720397395060357396697, -1.870533588606395335966233049400923443, -0.079115793357350976497772828084253239, 1.494812086456083795122409752786240326, 0.471985045152925375346352270419143389
Vector b: 0.478488388882543146734288672077852383, 0.945636883883205474343023554244478964, -1.762353906835992859569261231706914985, 2.089671638370867320179595598613991136, -1.537181507891771879384805477899182045, -2.203885669321018792547660620902760753, 2.045654082606316839552114964734254733, 0.943970090305850750692704540838280615
---------------------------------------------------------------------------------------------------
| Order |                  Error^2                   |                 Efficiency                 |
---------------------------------------------------------------------------------------------------
|   2   | 1.141921131840048429542899942580950544e-68 | 4.159100617036343140326787057025371875e+31 |
|   4   | 6.974022537454622695450553285143575660e-70 | 7.479856921124375359171945249458410645e+29 |
|   6   | 1.321537262458213399733513828324818626e-70 | 7.636823247912009874900348498901325226e+27 |
|   8   | 2.292533578921177835699496726675581746e-07 | 8.149145551519300521346217749462560575e-07 |
---------------------------------------------------------------------------------------------------

Scheme evaluation results:
Order: 8, No. cycles: 15
---------------------------------------------------------------------------------------------------
Vector a: -0.112659961550805441123305516070492153, 0.441934046046947601754277465108324863, -1.090060258401386717685188280407875735, 1.022437665881025088016659040364039452, -0.459183849613499631026289749256802912, -0.132616123163865539993759950291781337, 1.266492754143669762457108271970767777, 0.063655726657914877600498718583819998
Vector b: -1.790822630844044054755350547529043515, 3.356325338586477227264090062917090589, -2.472457246492582023755535132700397820, 0.292336729689808588385158571884550150, 1.752538602072241587648159508843605887, -2.670906301299240849700739007357257741, 2.405674054971509769713219106773686979, 0.127311453315829755200997437167765375
---------------------------------------------------------------------------------------------------
| Order |                  Error^2                   |                 Efficiency                 |
---------------------------------------------------------------------------------------------------
|   2   | 5.598673590484614921212513001591377268e-69 | 5.939842202897649748691017453597524219e+31 |
|   4   | 3.820055954715860204591998392627710671e-70 | 1.010648420536420070036746864513270142e+30 |
|   6   | 1.557366869579572710555892429208379384e-71 | 2.224625852562660378833972608864332962e+28 |
|   8   | 2.328996185232390390991964251366989356e-07 | 8.085102664882866261374915212785685705e-07 |
---------------------------------------------------------------------------------------------------

Scheme evaluation results:
Order: 8, No. cycles: 15
---------------------------------------------------------------------------------------------------
Vector a: -0.100917624238146607845471329098779735, 0.691074215728870255401848487926471381, -0.155848883819909188047055398257961731, -0.551106108743178776423446019332420679, -0.647377352294448591748577772140988478, 0.373983568466129984372055826883331033, 0.632320355962314052744518609490762127, 0.757871828938368871546127594529586057
Vector b: -1.543647008780380669793171780013935490, 2.885458769084468123895400901830312425, -1.503310337626727613091703925977374093, 1.191612569986909236997593129461450630, -2.293824787473266789844485168126289868, 0.999070082884369606347329623844317535, -0.251102945952109637603217970077651086, 1.515743657876737743092255189059169996
---------------------------------------------------------------------------------------------------
| Order |                  Error^2                   |                 Efficiency                 |
---------------------------------------------------------------------------------------------------
|   2   | 3.712828422318952070678738909263994630e-70 | 2.306561516770916871765649195827662812e+32 |
|   4   | 6.127617220428739257272528082672022388e-71 | 2.523417727749379141760710231332827637e+30 |
|   6   | 2.781891251135577597174077048397127510e-72 | 5.263593856138676516167989758087268066e+28 |
|   8   | 2.528777717692307092944925145705655048e-07 | 7.759158071647917194222208271714825860e-07 |
---------------------------------------------------------------------------------------------------

Scheme evaluation results:
Order: 8, No. cycles: 15
---------------------------------------------------------------------------------------------------
Vector a: -0.653028085487818090844466210294624795, 1.244109165939159346348912421789165427, -0.109580002346957646568581233902879191, -0.314846770360548741014206989206178297, -0.687133235836122111010124530718243385, -1.021591499969564758775656404186498765, 1.271845551416688943125747958772843331, 1.270224876645163058738374987746415746
Vector b: -1.355791544508417810594848032286235492, 1.405526918041199439500763643983212728, 1.082691413837119253197061199595131224, -1.301851418531034546334223667400876942, 0.672157877809937064305809688988530075, -2.046424349482181286326058750425045734, 0.003241349543051768774745942052453307, 2.540449753290326117476749975492831107
---------------------------------------------------------------------------------------------------
| Order |                  Error^2                   |                 Efficiency                 |
---------------------------------------------------------------------------------------------------
|   2   | 3.260950036285499123540033856648693820e-68 | 2.461191517107515853162911281160787109e+31 |
|   4   | 3.491035032380500951365136651631703792e-70 | 1.057201718214762007667578541722301270e+30 |
|   6   | 1.496576157675488867800171563375810746e-70 | 7.176340464861483212526859503045710564e+27 |
|   8   | 2.558588252553425500192129514818232668e-07 | 7.713824019187081895869563656987692580e-07 |
---------------------------------------------------------------------------------------------------

Scheme evaluation results:
Order: 8, No. cycles: 15
---------------------------------------------------------------------------------------------------
Vector a: 0.506677592708458392957845340077962298, -0.169443353783211788833422168033031455, -0.445177668428204860962498386005270702, -0.683482264183280960021869582835763051, 1.097469424166977673793246387889870357, -0.571901085815468160620229695640199964, -0.034873799080666370945830432134154383, 1.300731154415396074632758536680586936
Vector b: 1.248191098733129669685525819656831341, -1.483027012049342553455360959157734427, 1.144140304482918975788516623091672383, -2.034495641339328697713513395102233143, 0.667531112972766777669774229430705694, 1.527407735361188569916718546349064679, -2.671209906992124891157177937629440147, 2.601462308830792149265517073361133813
---------------------------------------------------------------------------------------------------
| Order |                  Error^2                   |                 Efficiency                 |
---------------------------------------------------------------------------------------------------
|   2   | 9.624375724977029904188691982355545105e-68 | 1.432620618723028307552107556295006836e+31 |
|   4   | 7.667967007489322030878717924553697751e-70 | 7.133371560398461692137827257118876953e+29 |
|   6   | 3.022206674954982547347968541801325679e-71 | 1.596946494674782032118932995923585129e+28 |
|   8   | 3.164562902555056292843554006328454562e-07 | 6.936063512140848920469011531086978981e-07 |
---------------------------------------------------------------------------------------------------

Scheme evaluation results:
Order: 8, No. cycles: 15
---------------------------------------------------------------------------------------------------
Vector a: -0.256953833939039765160449249795018061, 1.227944900693207722574972306256507473, -1.441705167448604221008027709018479890, 0.287785556101837187207754175675985255, 0.166902342650652988493375128652562696, -0.859085750121772432913861672226272837, 1.199165333634386384612875426871557435, 0.675946618429332136193361593583157929
Vector b: -1.665182650205209226124452806578769314, 2.816457632532338921928007113567489507, -0.360567831145923476778062501054450004, -2.522842503751284965237992916982535294, 3.098413615954959339653501268334520825, -2.764608930653653362666751011029389367, 1.046437430410108496839027666576823470, 1.351893236858664272386723187166310274
---------------------------------------------------------------------------------------------------
| Order |                  Error^2                   |                 Efficiency                 |
---------------------------------------------------------------------------------------------------
|   2   | 2.558229339768546243821326199675801178e-68 | 2.778738921054610359748274664069829688e+31 |
|   4   | 7.842094274151527076304747767168522576e-70 | 7.053731663846896769914315059866060791e+29 |
|   6   | 7.936729581901623102398623918608126610e-71 | 9.854433292213765915496920594475121498e+27 |
|   8   | 3.310663245254996687722860816869768988e-07 | 6.781291664914023116026865076682072723e-07 |
---------------------------------------------------------------------------------------------------

Scheme evaluation results:
Order: 8, No. cycles: 15
---------------------------------------------------------------------------------------------------
Vector a: -0.785137011655967341929644506579948493, 1.517251028818152673539243684930095892, 0.075109560400715226758140156346932899, -0.732245438476832615314827336865749669, -0.852104451223015102078365984136993135, -0.057700800229059866797975118334123200, 1.627162068873906481875426989439503841, 0.207665043492100543948002115200281919
Vector b: -0.869939667208721470748886689860008268, 0.169605311105508257638484366560941393, 2.864896746530797089440003003297519028, -2.714677625729366635923722690603727259, 1.250186748775701405294068016873140233, -2.954395651221731609450799985146081301, 2.838994050763611875854849748477892451, 0.415330086984201087896004230400323675
---------------------------------------------------------------------------------------------------
| Order |                  Error^2                   |                 Efficiency                 |
---------------------------------------------------------------------------------------------------
|   2   | 1.566858872613991907388265365305860173e-68 | 3.550606479503534240710330436944728125e+31 |
|   4   | 4.633248881972023174051947289377232838e-69 | 2.901964858157812088009341445489963074e+29 |
|   6   | 5.856244647444941603901063334256732606e-70 | 3.627795853029290672412150768564473152e+27 |
|   8   | 3.363219795392774980598012830652507695e-07 | 6.728097900966507171442510675506034921e-07 |
---------------------------------------------------------------------------------------------------

Scheme evaluation results:
Order: 8, No. cycles: 15
---------------------------------------------------------------------------------------------------
Vector a: -0.744541967022962624645187750562049808, 1.142349980612661527637473574740728892, -0.219956023983168871280786344261701708, -0.848845789889099370679900353177166041, 0.497723828138921025780643559903168151, -0.373070792779251583497624845098769447, 0.293388427010383986923526191182793058, 1.252952337912515909761855967272996878
Vector b: -1.346771471713652966443608687475561883, 1.204459009381380683596841873827024728, 1.080240951843942371678105275654425738, -1.520152999810280114239677964177829780, -0.177538579967918627120122742176519563, 1.172986236245760678681409861982877219, -1.919127821804263845676659552180409757, 2.505904675825031819523711934545993371
---------------------------------------------------------------------------------------------------
| Order |                  Error^2                   |                 Efficiency                 |
---------------------------------------------------------------------------------------------------
|   2   | 1.385518899060486992228895251505832142e-69 | 1.194019047309210156957732848520170156e+32 |
|   4   | 3.322655999508566768281763964816758914e-70 | 1.083658080194379254837553561203545532e+30 |
|   6   | 2.464424183720808671217065311309008832e-71 | 1.768457856279297548308458579228827095e+28 |
|   8   | 3.498766968594028335189292894181797748e-07 | 6.596482561577044208490878006971754697e-07 |
---------------------------------------------------------------------------------------------------

Scheme evaluation results:
Order: 8, No. cycles: 15
---------------------------------------------------------------------------------------------------
Vector a: -0.091484957744713190883124865166738274, 1.862287557454363334485570412122912060, 0.482971045161932565221994990759750238, -0.614381312971915837978593833332421446, -1.654956083857879531971702169866240129, -0.703024095537096620782749529527337598, 1.046293322044645908757400005781230878, 0.672294525450663373151204989228844343
Vector b: -1.434353348792028497750864076983994141, 2.685736782094630613735478423634515440, 1.038838332814096055235662400611338725, -0.072896242490230924791672419091809540, -1.155866383453600751165515247573068777, -2.154045784262158312777889092159457125, 0.747997593187965071212390033104804656, 1.344589050901326746302409978457670775
---------------------------------------------------------------------------------------------------
| Order |                  Error^2                   |                 Efficiency                 |
---------------------------------------------------------------------------------------------------
|   2   | 4.164887921933981552064794144265113196e-67 | 6.886773861035007057137197079512029297e+30 |
|   4   | 2.559865375539623335411159390172690086e-69 | 3.904149150457445183161628307898649902e+29 |
|   6   | 2.418756647969187900638727696706102001e-70 | 5.644901363429538848686964708006102562e+27 |
|   8   | 3.731323586762952370676325342014941371e-07 | 6.387611157743683267611514582048394939e-07 |
---------------------------------------------------------------------------------------------------

Scheme evaluation results:
Order: 8, No. cycles: 15
---------------------------------------------------------------------------------------------------
Vector a: 0.073726767237428315067585257113327109, -0.820735729289290500044599431742543957, 1.148627785336476881585346012767128870, -0.219016604081040009557816995898566762, -0.316361756429051208097285565530692515, -0.466564018639534147225314380352783994, 0.358822829992705865161029572170302794, 1.241500725872304803111055531473828491
Vector b: 1.529631252275119707433350553040117325, -2.911808970075382784731530591853582334, 1.270337511496801784642331728368502317, 1.026918059176151978528360297165744637, -1.464951267338231997643994288962881821, 0.832227754480129581449423157901497177, -1.765355791759197875900051918607053417, 2.483001451744609606222111062947656212
---------------------------------------------------------------------------------------------------
| Order |                  Error^2                   |                 Efficiency                 |
---------------------------------------------------------------------------------------------------
|   2   | 8.403670185151189077048462701943870772e-69 | 4.848227405105434266590091961897254688e+31 |
|   4   | 1.682375378863275157026303568260247567e-70 | 1.522907452028263434947230356516170410e+30 |
|   6   | 3.049828380557382741676688614940509907e-71 | 1.589698428541247037247552457835496521e+28 |
|   8   | 3.973112105771729365493678141161483871e-07 | 6.190197676179778324648064940317724248e-07 |
---------------------------------------------------------------------------------------------------

Scheme evaluation results:
Order: 8, No. cycles: 15
---------------------------------------------------------------------------------------------------
Vector a: 0.542951504549228394779320780985834452, -0.369718436094704576400059348855287765, -0.221655307158038575341777081217668505, 0.457152763615193241697333438715196566, -0.175782308079715323784058771637781132, -1.019897000923839005373474774206483704, 1.080396981937070297802929492958118238, 0.706551802154805546619786263258071875
Vector b: 1.451821742497089586912828842177003361, -1.817740475895722384267016122382338396, 1.078303603706313231466897424671765756, -1.521614218022390382150451587107102862, 2.435919745252776865545118464537491949, -2.787484361412207513113236007813054743, 0.747690359564529502366286459400091667, 1.413103604309611093239572526516143364
---------------------------------------------------------------------------------------------------
| Order |                  Error^2                   |                 Efficiency                 |
---------------------------------------------------------------------------------------------------
|   2   | 2.001305076420703433219515363286201984e-69 | 9.934838997586200125524131300947623438e+31 |
|   4   | 8.875272972178211457062648555014636554e-71 | 2.096737700537313456095364879057185059e+30 |
|   6   | 4.654722343729017641551851561670955931e-71 | 1.286783713627624076915535032395479584e+28 |
|   8   | 4.297751525618320387333670655340994856e-07 | 5.951812976985908905452856712525096819e-07 |
---------------------------------------------------------------------------------------------------

Scheme evaluation results:
Order: 8, No. cycles: 15
---------------------------------------------------------------------------------------------------
Vector a: -1.385913896243697878947680408882128910, 1.234764578930703783201618215131015423, 0.262345595429565367353550786215846593, -0.628427133617460672419416221948031756, -0.353266225391513548242163820281120076, -0.130483032609935672248580058746988907, 1.299455276989459770653665651750404503, 0.701524836512878850649005856761003154
Vector b: -1.354758498432372578365255582394003869, -0.062310795622650601164849652976250426, 2.531839953484058167568086083238279387, -2.007148762624927432860984510806583120, 0.750294495390006088022152066910537808, -1.456826946173033184506479707472800397, 1.195860880953161840009319589978816949, 1.403049673025757701298011713522003612
---------------------------------------------------------------------------------------------------
| Order |                  Error^2                   |                 Efficiency                 |
---------------------------------------------------------------------------------------------------
|   2   | 2.100917546287797269262115675485967693e-69 | 9.696454810210868533180183923794509375e+31 |
|   4   | 1.409024753544394610854714820915187368e-70 | 1.664085561250450676294886484925708496e+30 |
|   6   | 1.551935520238352093244763303160877126e-71 | 2.228515243232180616858402468775558472e+28 |
|   8   | 4.780461472598543090126304202830347984e-07 | 5.643324405749727402733512572667576159e-07 |
---------------------------------------------------------------------------------------------------

Scheme evaluation results:
Order: 8, No. cycles: 15
---------------------------------------------------------------------------------------------------
Vector a: 0.909485881845023825946845210651495714, -0.079043272057559171442322766405219798, -0.816679536612614683332537886361745179, 0.765084156280220537456843373388413273, -0.002930691107507980266032506571334297, -1.722743140854028022055940033042071156, 1.118071279005292115417278408152965145, 0.828755323501173378275866200187496313
Vector b: 1.415893866260386555531106451742491541, -1.012815968830725459168522482181958720, 0.854729424715607116283876949371638555, -2.488088497940836482948952722095212113, 4.018256810501277557862639468871641533, -4.024118192716293518394704482014311915, 0.578631911008237474282824415930724753, 1.657510647002346756551732400374986462
---------------------------------------------------------------------------------------------------
| Order |                  Error^2                   |                 Efficiency                 |
---------------------------------------------------------------------------------------------------
|   2   | 6.872502007706622949778642653043222109e-66 | 1.695352629471397124125028088795518311e+30 |
|   4   | 6.098140277552230275179382187730238025e-68 | 7.999010347568014345203272348633215332e+28 |
|   6   | 8.267448181200881968507235334274090126e-69 | 9.655320733943881872112354022951482534e+26 |
|   8   | 5.099948915153275645595260170524329851e-07 | 5.463702131764106823403737081038884243e-07 |
---------------------------------------------------------------------------------------------------

Scheme evaluation results:
Order: 8, No. cycles: 15
---------------------------------------------------------------------------------------------------
Vector a: -0.122237208249469220147820614857271525, 0.351772960059266313151925586835965815, -0.519999550767571383017740908636946250, 1.075714823021280772442130378961286457, -0.779283261281353818139002996290796532, -0.044319360918005326175793964328548771, 0.919528952969185754976834512399017010, 0.118822645166666906909468005917293826
Vector b: -2.003982134658417332655460014772253005, 3.763489852817896225015278799829946252, -3.059943932699363598711427626157966571, 2.019944831164220832675945808884001463, 0.131484814878340712208314949038706530, -1.690051337441048348486320941620343433, 1.601412615605037696134733012963242221, 0.237645290333333813818936011834666518
---------------------------------------------------------------------------------------------------
| Order |                  Error^2                   |                 Efficiency                 |
---------------------------------------------------------------------------------------------------
|   2   | 5.116458679537092487642652399351602356e-70 | 1.964865134224705523369865329676115625e+32 |
|   4   | 1.866872956726437611558497342191923111e-70 | 1.445698004183109745713103692147486328e+30 |
|   6   | 6.728247694237149960531635632653360509e-72 | 3.384554097127235738836419130355041885e+28 |
|   8   | 5.363532110870602816378567963841684295e-07 | 5.327757940609403149787801120708062911e-07 |
---------------------------------------------------------------------------------------------------

Scheme evaluation results:
Order: 8, No. cycles: 15
---------------------------------------------------------------------------------------------------
Vector a: -0.125606580107531040715274348539983651, 0.447900344918357249619256417301852686, -1.226009943899949297362907728293106286, 0.178527472288008096241712470992911278, 1.105531681617032525428177722754213986, -0.283532909697289027728987238347838844, -0.208535956504448045489907628293708769, 1.111725891385819540007930332425659648
Vector b: -1.909241597789791716279823964744986333, 3.567270035364521351129099232410006038, -2.671469345527806851890586397806302881, 0.219449457727908257164770941220152106, 0.137605486848107935318654000765491483, 2.073457876385957115537701444743055824, -2.640523695780535170995675921438732355, 2.223451782771639080015860664851316214
---------------------------------------------------------------------------------------------------
| Order |                  Error^2                   |                 Efficiency                 |
---------------------------------------------------------------------------------------------------
|   2   | 2.544645821150306175270062520739469490e-69 | 8.810566029307868961045120456154907812e+31 |
|   4   | 1.861211775515202101217664080818820193e-70 | 1.447894998747485684092861109944401855e+30 |
|   6   | 1.999521958062964528143267217830737722e-71 | 1.963312161520531131390626060516100883e+28 |
|   8   | 6.036968975011585029158901299892895930e-07 | 5.021812062970250555921375039633742086e-07 |
---------------------------------------------------------------------------------------------------

Scheme evaluation results:
Order: 8, No. cycles: 15
---------------------------------------------------------------------------------------------------
Vector a: -0.126333519505595967690558822360323621, 0.449344600824010189929995677222946147, -1.315368535884262069905141718431243963, 0.178010734502060937145956969430019216, 1.193179273276721063587856825980303196, -0.281665181486951254644510642506801777, -0.210528506498951908901404776886786773, 1.113361134772969010477806487551887575
Vector b: -1.918102577224177765818496983396026345, 3.583538115437163596255876322071405738, -2.684848913789143216395884967625513925, 0.054111842020619076585601530763090053, 0.301909626983502797706312408096870251, 2.084448919569939329469401243863745914, -2.647779282543841838758422528877352356, 2.226722269545938020955612975103780928
---------------------------------------------------------------------------------------------------
| Order |                  Error^2                   |                 Efficiency                 |
---------------------------------------------------------------------------------------------------
|   2   | 2.354476560494945215552371015630825863e-69 | 9.159468981429307601627742222642679688e+31 |
|   4   | 1.649831532173741659455567670808619565e-70 | 1.537854202949125323429138688958407715e+30 |
|   6   | 1.461449632393922294960046532200792800e-71 | 2.296468641615250495862286026598012161e+28 |
|   8   | 6.481966178794865289583956226123226072e-07 | 4.846369772282203151854307734095359751e-07 |
---------------------------------------------------------------------------------------------------

Scheme evaluation results:
Order: 8, No. cycles: 15
---------------------------------------------------------------------------------------------------
Vector a: 0.462322427306488966661569391217465699, -0.182832911919010478109486072693863817, -0.327485064084157543861684074302728373, -0.756485555270672008952401888640916684, 1.104782020717005799265531117805303886, -0.589201836813591253996445947787019058, -0.059267670224374613733247704791726422, 1.348168590288311132726165179193484835
Vector b: 1.360703427429925216664337459856642255, -1.796762000246872500005536137278356675, 1.431096176408851543786563991890621434, -2.086066304577166631509932140496086653, 0.573095194035822613605128363214258101, 1.636468847398188984925933872396371819, -2.814872521025371492918825767970401846, 2.696337180576622265452330358386951566
---------------------------------------------------------------------------------------------------
| Order |                  Error^2                   |                 Efficiency                 |
---------------------------------------------------------------------------------------------------
|   2   | 2.278408856232800831665294413587368412e-68 | 2.944432833014124671183581657025360547e+31 |
|   4   | 2.678853814998230185904162515230204967e-70 | 1.206869901356809859356684251511697510e+30 |
|   6   | 2.896570933378676727354582414783254016e-71 | 1.631211826676292983071312481163943672e+28 |
|   8   | 6.779153518804602975953318400326479124e-07 | 4.738950726135451102288660037574872963e-07 |
---------------------------------------------------------------------------------------------------

Scheme evaluation results:
Order: 8, No. cycles: 15
---------------------------------------------------------------------------------------------------
Vector a: -0.127173855544638082680295358841400723, 0.451984036845722086881834349198504394, -1.172765328010278833634663023775629973, 1.223750043576552488040383208754691711, 1.047429472616962529548556510104114684, -1.329381295625227270779297929399117774, -0.211871901494809821364381286680748893, 1.118028827635716903987863530639586549
Vector b: -1.928763224865528416261566318385854210, 3.603178738641780667162541919088911210, -2.699210664950336493398873220691912725, 0.353680008929778826129547173140687592, 2.093820078223326149951219244368664005, 0.001038867010598909145893775840999593, -2.659801458261053450704489634640665154, 2.236057655271433807975727061279169631
---------------------------------------------------------------------------------------------------
| Order |                  Error^2                   |                 Efficiency                 |
---------------------------------------------------------------------------------------------------
|   2   | 1.134699227774684126429811419946467530e-67 | 1.319401891155531905756290226530689453e+31 |
|   4   | 8.722104650258994017409076342008604763e-70 | 6.688432017865332663741670765549621582e+29 |
|   6   | 4.735878794587592788668879091372453556e-71 | 1.275710576658720693321437240881339264e+28 |
|   8   | 6.969339600298819352015254500447570096e-07 | 4.673842936617276297159389612646122071e-07 |
---------------------------------------------------------------------------------------------------

Scheme evaluation results:
Order: 8, No. cycles: 15
---------------------------------------------------------------------------------------------------
Vector a: -0.119437823273684350789645437063241814, 0.697585688848454207127454498144589002, -1.013313320180856679147997475634845175, 1.056728810024510671055332974252883504, -0.457096475581306869740436999390281118, -0.412475438434759635254768541485732648, 1.136484517909730658973548544095860814, 0.111524040687911997776512437080767471
Vector b: -1.906726202252234481409062735985052021, 3.574576757957100261238834597843620534, -2.179405380260191846983925601554435790, 0.152778739898478488687930650284730780, 1.960678880150542853422735298221052189, -2.874871831313156592903609297001621550, 2.049920954443637322394072214030152017, 0.223048081375823995553024874161553817
---------------------------------------------------------------------------------------------------
| Order |                  Error^2                   |                 Efficiency                 |
---------------------------------------------------------------------------------------------------
|   2   | 7.760716970554492498955315232290837556e-69 | 5.045062598492314819433593505938528125e+31 |
|   4   | 3.113051352422033744334646988749550048e-70 | 1.119545687484236191841060966793606201e+30 |
|   6   | 3.358930346314204414430551456337035909e-71 | 1.514788316099693232448237077866524124e+28 |
|   8   | 7.067036517119875403573627937394083920e-07 | 4.641424173722606283808069460076810949e-07 |
---------------------------------------------------------------------------------------------------

Scheme evaluation results:
Order: 8, No. cycles: 15
---------------------------------------------------------------------------------------------------
Vector a: -0.162608604723686502108882506286700113, -0.582453856291996772691980177417378023, 1.152084108467113711166801810195448869, -0.254362194620648338021058285426118079, -0.238543677099435958417033198756700853, -0.536398785948446298321260490813634273, 0.324748737083487233328735376627767268, 1.297534273133612925064677471877315131
Vector b: 1.151361127454956967939242963559632991, -2.627939464357286940096250939692661923, 1.463031751773293394712290584857904529, 0.841136465160934027621313035532990321, -1.349860854402230703663429606385227249, 0.872773500203358786829363208871827950, -1.945571072100251383471884190499094666, 2.595068546267225850129354943754627950
---------------------------------------------------------------------------------------------------
| Order |                  Error^2                   |                 Efficiency                 |
---------------------------------------------------------------------------------------------------
|   2   | 8.838342780934871270688900427906484778e-69 | 4.727505702771034139083760904356400781e+31 |
|   4   | 3.046740777575565375834220486422521508e-70 | 1.131663246035037495998716240658878662e+30 |
|   6   | 4.063445984083407103469196808090343724e-71 | 1.377225959466492200105077997014062500e+28 |
|   8   | 7.103782136159034318654318836898272250e-07 | 4.629404299915327584877566254025819522e-07 |
---------------------------------------------------------------------------------------------------

Scheme evaluation results:
Order: 8, No. cycles: 15
---------------------------------------------------------------------------------------------------
Vector a: -0.127539273664450990889845518349088015, 1.806682103287779410574877862640118071, -1.352983574397619234139647688472214264, -1.176914029939225732695566602380487709, 1.227875201939667019797160964779632580, -0.281734179750062528815898717820658139, -0.214391459086552722748759619622191609, 1.119005211610464778917679319224889134
Vector b: -1.934078210417911855962183723345098068, 3.613077873506921730144676409991962809, 0.000286333068637091005079315305861669, -2.706253481863875559284374692267683682, 0.352425421985424093893241487506460204, 2.103324981893909945701080442052962882, -2.666793341394035003332877877694372568, 2.238010423220929557835358638449906921
---------------------------------------------------------------------------------------------------
| Order |                  Error^2                   |                 Efficiency                 |
---------------------------------------------------------------------------------------------------
|   2   | 3.040136357627388569170691491859685905e-66 | 2.549006543129007923151711087654562988e+30 |
|   4   | 9.852472716524258055314365040994227366e-69 | 1.990042462828267629809434105395532532e+29 |
|   6   | 2.612710873581021547507942652859303297e-70 | 5.431337235866831281363574974396673203e+27 |
|   8   | 7.323685295249890903835968383069844766e-07 | 4.559372658452386036508455868993307361e-07 |
---------------------------------------------------------------------------------------------------

Scheme evaluation results:
Order: 8, No. cycles: 15
---------------------------------------------------------------------------------------------------
Vector a: -1.935043933647849539260769755199599269, 1.807539257372689437580665408042056052, 0.453494523380089377012221119335158858, -1.177878571499776061242310217271471905, 1.228698298446832495354573432700358299, -0.281270317340423577357935560303176640, -0.214696748394431712811684986649727851, 1.119157491682869580725240559346402386
Vector b: -1.935095720430718759411320379638026547, 0.000103573565738440301101248866381310, 3.614974941179640434860229567228202807, -2.707985894419461680835787328557926211, 0.352228751419909558351166894014938537, 2.105167845473755432357979971385842435, -2.667708480154602587073851091992132159, 2.238314983365739161450481118692719645
---------------------------------------------------------------------------------------------------
| Order |                  Error^2                   |                 Efficiency                 |
---------------------------------------------------------------------------------------------------
|   2   | 6.391226623463528787616911121929876805e-67 | 5.559367364160312950214873720917025391e+30 |
|   4   | 1.503412742153877264281187008164685269e-68 | 1.611001149811224869316545270501104126e+29 |
|   6   | 3.495917015823613600133047218494632536e-69 | 1.484813433763203132352591384204980135e+27 |
|   8   | 7.350313601370027529776260269959187975e-07 | 4.551106444590598261476526376904795414e-07 |
---------------------------------------------------------------------------------------------------

Scheme evaluation results:
Order: 8, No. cycles: 15
---------------------------------------------------------------------------------------------------
Vector a: -0.127660373777994775120212073233362630, 0.458417067711966063332720800657134533, -1.175501769559800122747680901232352041, 1.227501134790386938422441312322261700, -0.286080442345952359070445734794533764, -1.337654834548058125170575246266411461, 1.121393539017036360025779418801403609, 1.119585678712416020327972423745860151
Vector b: -1.935698093333421793825118580917360704, 3.616075439110854037409813015367990273, -2.699241303686921910744371414053702333, 0.348237764567321665249009611588961321, 2.106764505013452211595873013055592556, -2.678925389705356929736764482644669039, 0.003615720609240679395613990111460183, 2.239171357424832040655944847491728005
---------------------------------------------------------------------------------------------------
| Order |                  Error^2                   |                 Efficiency                 |
---------------------------------------------------------------------------------------------------
|   2   | 2.198809437129914029954889255020464722e-67 | 9.478152362529247211104649283166914062e+30 |
|   4   | 8.606874671355564269217041357281780616e-70 | 6.733055963815184100415412716380306396e+29 |
|   6   | 4.214945593128777112928084524990625736e-71 | 1.352248346667212479671379333696498489e+28 |
|   8   | 7.421614523670413420954280925320623941e-07 | 4.529191992433782570041536169120486907e-07 |
---------------------------------------------------------------------------------------------------

Scheme evaluation results:
Order: 8, No. cycles: 15
---------------------------------------------------------------------------------------------------
Vector a: -0.138785848048666171332822002549286885, -0.050251672548043561017980761084976685, 0.520182224713686970656137458724946107, -1.192376302959235571864049585644980520, 1.228409923073938435282210039027951173, -0.296338985564248317884180910423334571, -0.211333560172216102572155351465732472, 1.140494221504784318732841113415413944
Vector b: 1.796945479133486264066740287475775250, -3.871462654364304870799124580050129855, 3.770959309268217748763163057880177412, -2.730594859840843807450888140430277109, 0.345842253922372663722788969140303405, 2.110977592225504206841631108915618248, -2.703655563354000842609992929762287872, 2.280988443009568637465682226830820569
---------------------------------------------------------------------------------------------------
| Order |                  Error^2                   |                 Efficiency                 |
---------------------------------------------------------------------------------------------------
|   2   | 4.629489537073186030079849509484111353e-68 | 2.065622371072130338622854794530450000e+31 |
|   4   | 4.258999066760688160344132666495664572e-70 | 9.571526174751496234571447367266142578e+29 |
|   6   | 8.611544733477785059488497935716289074e-71 | 9.460452613381617705549863112688973427e+27 |
|   8   | 8.248843055711198246560464615763363196e-07 | 4.296090358686447221857379690108096892e-07 |
---------------------------------------------------------------------------------------------------

Scheme evaluation results:
Order: 8, No. cycles: 15
---------------------------------------------------------------------------------------------------
Vector a: 0.589462128201771639818899380398611872, -0.482533270440361070399114904362205567, -0.253091950995496382772231934472989955, -0.230740798673246714109267704105173226, 1.117403820618692464692851514125810120, -0.783219336187631522837215790375621322, -0.199150438297542343485925841805045147, 1.241869845773813929092005280596613103
Vector b: 1.509247119054850756507186236492776718, -1.839569981706158233376573712188331039, 0.874503440825436092578343903463915090, -1.380687342816428858122807772409889126, 0.919205745469935429904272364199543637, 1.315601895767449499481430664052074292, -2.882040568142712545155862244803319054, 2.483739691547627858184010561193229674
---------------------------------------------------------------------------------------------------
| Order |                  Error^2                   |                 Efficiency                 |
---------------------------------------------------------------------------------------------------
|   2   | 5.886191401237363038880927539077064657e-70 | 1.831893796285861520325548444528535938e+32 |
|   4   | 3.665427602140718498130058362975753845e-70 | 1.031745636475583225719817851363406006e+30 |
|   6   | 2.986057400617068221035026350174015766e-71 | 1.606583749314567613519981814582851791e+28 |
|   8   | 8.255162919541070190752407907726523614e-07 | 4.294445575613717948008320624287536714e-07 |
---------------------------------------------------------------------------------------------------

Scheme evaluation results:
Order: 8, No. cycles: 15
---------------------------------------------------------------------------------------------------
Vector a: -0.254637196692028657996001852397956119, -0.678599045109848644958083892381442550, 1.098380202166812648272590117553739506, -0.375986897045184792510178929446997230, -0.456961912826537693078878351994815292, -0.241527913467526088267162017673417042, 0.629766719588707094774142596415915860, 1.279566043385606133763572329924972819
Vector b: 1.033095624473906783943705019153777636, -2.575465642331870883879413743103466739, 1.218267552112173593963245958340577788, 0.978492852221451702581934276766906232, -1.730466646311821287602292135660899633, 0.816542820658745901444535431671271167, -1.299598647593798077978859467018111030, 2.559132086771212267527144659849944483
---------------------------------------------------------------------------------------------------
| Order |                  Error^2                   |                 Efficiency                 |
---------------------------------------------------------------------------------------------------
|   2   | 3.513603482584764398593538284864463211e-69 | 7.497925267269225943126580423098675000e+31 |
|   4   | 2.610582484443013174695988295576246224e-70 | 1.222548941223061651460788929981296997e+30 |
|   6   | 4.028576589925357773849736873809100831e-71 | 1.383173415729092809836893700841685295e+28 |
|   8   | 1.089683473440419466643255789189497705e-06 | 3.737831721735255133039982345278404722e-07 |
---------------------------------------------------------------------------------------------------

Scheme evaluation results:
Order: 8, No. cycles: 15
---------------------------------------------------------------------------------------------------
Vector a: -0.130022115504148765302105122053253236, 0.377860255162200760065048465299218052, -0.554557848651605808733602961130110908, 1.192885453601525278138190499592790812, -1.022241720298194746785185473054440913, -1.186647304228250836832422488209029877, 1.160616603611119460353752647309608688, 1.162106676307354659096324432245217407
Vector b: -2.092410161685659720934281817857314057, 3.924776092363021911264353391608103201, -3.169055582038620391134256461009615964, 2.059939884735408773667050538749313258, 0.325831022467641782609330460436259459, -2.370314463064031276179701406545059288, -0.002980145392470397485143569872095784, 2.324213352614709318192648864490409391
---------------------------------------------------------------------------------------------------
| Order |                  Error^2                   |                 Efficiency                 |
---------------------------------------------------------------------------------------------------
|   2   | 1.371482596488305588059256116604956065e-67 | 1.200113528404856494045934971867847070e+31 |
|   4   | 1.482089226737037479585535468943815234e-69 | 5.130950070893895191293185336448016357e+29 |
|   6   | 1.007197567581458049536470123905016542e-70 | 8.747724793711689911177434342451440811e+27 |
|   8   | 1.345641496949415624284780821410796827e-06 | 3.363606955154970962317257477224509638e-07 |
---------------------------------------------------------------------------------------------------

Scheme evaluation results:
Order: 8, No. cycles: 15
---------------------------------------------------------------------------------------------------
Vector a: 0.770889188074502855549178882618902941, -0.119814795573130006853862968819906993, -0.427568195186543068235047186963931473, 0.290218822420410440086316821759989194, -0.138837152221023847480698174558972812, -1.298521853379732170195157768117983798, 1.099117914674454400566640785801565182, 0.824516071191061396562629608280337760
Vector b: 1.607203510682780680800148613795104948, -1.672628645216555650501939462352413451, 1.432999054070295636794213524712608324, -2.288135444443381773264307898640468189, 2.868573089284202653436941542160430208, -3.146247393726250348398337891278374485, 0.549203686966786008008022355042435873, 1.649032142382122793125259216560676869
---------------------------------------------------------------------------------------------------
| Order |                  Error^2                   |                 Efficiency                 |
---------------------------------------------------------------------------------------------------
|   2   | 4.350348229468352621351380907342495171e-68 | 2.130862717596936496700125675082969922e+31 |
|   4   | 4.602212841222860725757246845870034883e-70 | 9.207709602700778396629105921472551270e+29 |
|   6   | 1.365394317231549517874613338989677895e-70 | 7.513173191264546820097735568355264664e+27 |
|   8   | 1.568523949551544720594504970935464606e-06 | 3.115475572440909104824151910583800705e-07 |
---------------------------------------------------------------------------------------------------

Scheme evaluation results:
Order: 8, No. cycles: 15
---------------------------------------------------------------------------------------------------
Vector a: -0.950538541856084764690006042963034081, -0.480145243256957529787970076989187258, -0.038449602189515939858918169034029936, 1.476824588622752188104369427918271174, -0.464609190546439568093390151910910704, -1.112875025039196756305236861773989468, 1.241670818361844282272294294055749735, 1.328122195903598088358857580697130622
Vector b: -1.423853032460391980740040139704488658, 0.946628981208614432100068193482797065, -1.906919467722529491676008347461282900, 1.830020263343497611958172009393220163, 1.123628913902006764250566846443522096, -2.052847294994885900437347150265396274, -0.172902755083507612173126573282689143, 2.656244391807196176717715161394317867
---------------------------------------------------------------------------------------------------
| Order |                  Error^2                   |                 Efficiency                 |
---------------------------------------------------------------------------------------------------
|   2   | 1.904010860397789235542997385624903549e-66 | 3.220941011973894321954915581968233398e+30 |
|   4   | 2.457838647480615737184643072536974799e-69 | 3.984357320080631340554134281474874268e+29 |
|   6   | 9.293056003114403657426999951138912799e-70 | 2.879871888136374919770709326975845337e+27 |
|   8   | 1.759852937628381954922106570801669228e-06 | 2.941248636339007666036881926981666026e-07 |
---------------------------------------------------------------------------------------------------

Scheme evaluation results:
Order: 8, No. cycles: 15
---------------------------------------------------------------------------------------------------
Vector a: -0.291033759372011388373043795296221959, -0.609365327430686451330614145236065422, 1.100001004562244454027271495734194707, -0.481462037012676910105190204364643638, -0.332393100132490610832491661612448692, -0.257472306748515628862108419177362234, 0.544822100397543508412162285213427557, 1.326903425736593027064014444739119631
Vector b: 1.042792490910571926467796648077923547, -2.667652500565166629681680886748298714, 1.448921845703793727020452596276154389, 0.751080163420695181034090395192255441, -1.714004237446049001244470803921549939, 1.049218037181067779579487480696648800, -1.564162650678099037303704319051382224, 2.653806851473186054128028889478248893
---------------------------------------------------------------------------------------------------
| Order |                  Error^2                   |                 Efficiency                 |
---------------------------------------------------------------------------------------------------
|   2   | 8.881810040513239490052944200502746178e-68 | 1.491305919248560422979101885833646289e+31 |
|   4   | 1.059408330983520346463010209542181547e-69 | 6.068806239472415017313602127166894531e+29 |
|   6   | 1.760778748729014521613427309783162366e-70 | 6.616069392868673238098593421533362389e+27 |
|   8   | 1.946497356698227784719321942590640560e-06 | 2.796681556904749555031733773699361512e-07 |
---------------------------------------------------------------------------------------------------

Scheme evaluation results:
Order: 8, No. cycles: 15
---------------------------------------------------------------------------------------------------
Vector a: -0.097795659371733774208682527823449643, 0.759732563209696746333307810446433763, -1.290394942830273399636521522419858618, 1.174773000023740040280771772378251324, -0.264838275189787016074289696396322046, -1.079025302433598017982603163922012669, 1.168960322373019699734918999118938672, 0.628588294218935721553098328618019254
Vector b: -1.968137110037548980369149495041381419, 3.740682901331630412320933934435864730, -2.221217774912236919654318313543001055, -0.359572110748309879618724731296713532, 2.709118110795789960180268276053212665, -3.238794661175363992328847668845855699, 1.080744056308167956363641341001832480, 1.257176588437871443106196657236041781
---------------------------------------------------------------------------------------------------
| Order |                  Error^2                   |                 Efficiency                 |
---------------------------------------------------------------------------------------------------
|   2   | 1.066487325113421915521548978887855238e-67 | 1.360942049123767466419900902982024219e+31 |
|   4   | 1.364480363388095636054770061278271540e-69 | 5.347506470941450748680547551361231689e+29 |
|   6   | 1.667501829328554647648706068494528121e-70 | 6.798596809953783865056923302739405632e+27 |
|   8   | 2.432955683624434109183738654140435606e-06 | 2.501513369830436847685344937093866088e-07 |
---------------------------------------------------------------------------------------------------

Scheme evaluation results:
Order: 8, No. cycles: 15
---------------------------------------------------------------------------------------------------
Vector a: 0.896092775739439596315840797829346764, -1.056637543550101250462675313083051466, 0.106061747419988260307084876679176379, 0.848112575045638870530606546660725323, -0.141098209433363915565899642482194050, -1.003412956844670728188450813462919244, -0.098030115194426624010904286338228344, 1.448911726817495791074397834197144471
Vector b: 0.526052397063274634092243491376194804, 0.740080757352329924447194612906430358, -2.853355844452532425372545239072619476, 3.065479339292508945986714992430983981, -1.369254189201231204925501899109528521, 1.087057770334503373793702614145003968, -3.093883684023844830170604241070852472, 2.897823453634991582148795668394387550
---------------------------------------------------------------------------------------------------
| Order |                  Error^2                   |                 Efficiency                 |
---------------------------------------------------------------------------------------------------
|   2   | 1.023291735907418497528530479870320471e-67 | 1.389369460527305179874137332034914844e+31 |
|   4   | 3.770841366417685696783094204721244546e-69 | 3.216739058685012391576794465129254761e+29 |
|   6   | 1.738713791469597358053908013557180142e-70 | 6.657917297481516617255781076815376282e+27 |
|   8   | 2.482803217845693643504729888446885284e-06 | 2.476274456274777985288943443516192522e-07 |
---------------------------------------------------------------------------------------------------

Scheme evaluation results:
Order: 8, No. cycles: 15
---------------------------------------------------------------------------------------------------
Vector a: -0.129334860618194402463444364957638234, 0.506517605609184394268944209028603107, -1.428219076236628026230171173841914252, 0.167302460612802040982495804252574729, 1.182698957994223916659640340978950355, -0.525030022876390184204580466993265399, -0.152167167273914664661284590986482785, 1.378232102788916925648400242519172480
Vector b: -2.054044292269026353390519577616485379, 3.849418863301663901854150425317688705, -2.836383652083295113316262007260472090, -0.020054500389960939144080340425851180, 0.354659421615565021109071948933302834, 2.010738494372882812210208733024776843, -3.060798540125663180619369667011322857, 2.756464205577833851296800485038363449
---------------------------------------------------------------------------------------------------
| Order |                  Error^2                   |                 Efficiency                 |
---------------------------------------------------------------------------------------------------
|   2   | 3.658494347845991796473684193518667879e-69 | 7.347951611523766513875333033847691406e+31 |
|   4   | 2.101837263694240607236940820413948484e-69 | 4.308592489428636794323189484329818726e+29 |
|   6   | 1.792798466348939337339848509540237012e-70 | 6.556721084466932642506913553804438591e+27 |
|   8   | 2.712226691993263098482093133055605251e-06 | 2.369228426218653635225945258930519749e-07 |
---------------------------------------------------------------------------------------------------

Scheme evaluation results:
Order: 8, No. cycles: 15
---------------------------------------------------------------------------------------------------
Vector a: -0.129130154279647921154394904317220798, 0.505326620022431314956881730879999204, -1.249762903697723183001559811515182315, 1.172719492708493144396950657988436539, 1.003960530812239360906311188727626981, -1.530465412503690722658701542983769989, -0.151170906822686354974170315169580793, 1.378522733760584361528682996389691075
Vector b: -2.052206867975636196447627684553483994, 3.846153427391976550586465560472522973, -2.835500187347113920672702098712517438, 0.335974379951667554669582475682169756, 2.009464605465318734124318840294694462, -0.001543543840840012311696462844217388, -3.059387281166541433005706623118526450, 2.757045467521168723057365992779358268
---------------------------------------------------------------------------------------------------
| Order |                  Error^2                   |                 Efficiency                 |
---------------------------------------------------------------------------------------------------
|   2   | 5.462385620348272900081500756263516002e-68 | 1.901631241920609292765794289909559570e+31 |
|   4   | 7.512322523321987912062154936741563830e-70 | 7.206889300708279648934426691045550537e+29 |
|   6   | 2.546067196315777839344287108074456631e-70 | 5.501961092715708528575306932870193481e+27 |
|   8   | 2.743957912355384520982779571293525567e-06 | 2.355489673800987638375733413707507051e-07 |
---------------------------------------------------------------------------------------------------

Scheme evaluation results:
Order: 8, No. cycles: 15
---------------------------------------------------------------------------------------------------
Vector a: -0.130446860984087675075085598268752472, 0.507696622147925016680334342309045813, -1.224789279956737740474013079380269154, 0.166497136491149129214522705101393788, 0.976823111491462772825551531940999499, -0.520765474135280937696376135863466261, -0.153449794165378898216313323850960811, 1.378434539110948332741379558012009623
Vector b: -2.063725647229483081879720939118782471, 3.866557572490790813609270681700058505, -2.851164328194940780248601997081965724, 0.401585768281465299300575838321561412, -0.068591495299167040871530428117957977, 2.022237718282092586522633491999002039, -3.063768666552654461915385763725941493, 2.756869078221896665482759116024025794
---------------------------------------------------------------------------------------------------
| Order |                  Error^2                   |                 Efficiency                 |
---------------------------------------------------------------------------------------------------
|   2   | 7.563303166636070169343616431749483695e-68 | 1.616075801701811422196697320632418359e+31 |
|   4   | 7.123211312903652615020747467211229027e-70 | 7.401113250395861458088643706959617920e+29 |
|   6   | 7.113081993986225116391854942043109752e-71 | 1.040934824713462840135814606451675797e+28 |
|   8   | 2.862299363168026328120006609992863123e-06 | 2.306281952943795876363156839037660549e-07 |
---------------------------------------------------------------------------------------------------

Scheme evaluation results:
Order: 8, No. cycles: 15
---------------------------------------------------------------------------------------------------
Vector a: -0.135490792284089836112672523791448963, 2.059252294443262539111595564327260398, -1.667803517435934910163192027895011597, -0.585111414594394435588113053315014882, 1.228583631658523020138781042104663407, -0.954715783524164900216185249099299220, -0.022727960444741960084648261477177017, 1.078013542181540482914434509146027744
Vector b: -2.194877277012487372443463542126836439, 4.118772969456795072661582036670803553, -0.000268380570269994438390908007495975, -3.335338654301599825887993147791392741, 2.165115825112810954711767041161464088, 0.292051438204235085565795043047807164, -2.201483005252564885998165541246555537, 2.156027084363080965828869018292205710
---------------------------------------------------------------------------------------------------
| Order |                  Error^2                   |                 Efficiency                 |
---------------------------------------------------------------------------------------------------
|   2   | 8.617752098374076824111607975180014975e-67 | 4.787628939451114217904467587722124512e+30 |
|   4   | 3.729969213309709761348977728078021254e-69 | 3.234315188045574158962909453306176758e+29 |
|   6   | 2.011196136941709243456263206172601381e-69 | 1.957605752721762332755984243779522181e+27 |
|   8   | 3.001309790240654574354376045688349520e-06 | 2.252239210636138666229451549801921630e-07 |
---------------------------------------------------------------------------------------------------

Scheme evaluation results:
Order: 8, No. cycles: 15
---------------------------------------------------------------------------------------------------
Vector a: -2.037872022995863725577782550516052343, -0.767210759137160480769782363553135433, 0.636289671803729152683259428678009070, 1.891051820429449065185298338698145875, 0.265313644019712102317863091440380610, -0.547574145895982817179317351621721042, 0.982942914675287345157155974415110766, 0.577058877100829358183305432459262305
Vector b: -1.306651584994270250839008111965261914, -1.462440876003186949477548877102030756, -0.071980642271134012062015850004411409, 1.344559985878592317428534707360572562, 2.437543654980305812942061970036100137, -1.906916366940881608306335787155222976, 0.811768075148915973947701083911713773, 1.154117754201658716366610864918540787
---------------------------------------------------------------------------------------------------
| Order |                  Error^2                   |                 Efficiency                 |
---------------------------------------------------------------------------------------------------
|   2   | 3.393072394045580856981991907102746702e-67 | 7.629936419811614616823204303247261719e+30 |
|   4   | 3.150767890993587234155981494276595016e-68 | 1.112824704334465027802815717945036163e+29 |
|   6   | 3.445961081004572140315207826284912907e-69 | 1.495537342674371905806176083835054636e+27 |
|   8   | 3.311932208763663584738871762526499293e-06 | 2.144021855922368480920407625338146568e-07 |
---------------------------------------------------------------------------------------------------

Scheme evaluation results:
Order: 8, No. cycles: 15
---------------------------------------------------------------------------------------------------
Vector a: -0.994854207376544331569862579045450537, 1.725975918601008540438959785164969051, -0.248708603226153175593941345632369013, -1.659427310678863961025517395776149196, 1.513849742622349569498845833425633959, 0.470846547152956145134863077480126881, -0.459203472055578004715898725730176801, 0.651521384960825217832551350113415727
Vector b: -1.377833080071851884761713633964578364, 0.765957745390615106383702109838458455, 2.685994091811401974494217460491049010, -3.183411298263708325682100151755752995, -0.135443323094019596368934639796159296, 3.163142808338718735366626306647079920, -2.221449714032806445096900151686897032, 1.303042769921650435665102700226800061
---------------------------------------------------------------------------------------------------
| Order |                  Error^2                   |                 Efficiency                 |
---------------------------------------------------------------------------------------------------
|   2   | 1.230893178789520878553677039613923098e-66 | 4.005966372964193256735849893413222656e+30 |
|   4   | 4.252649479281588961633320608242874108e-69 | 3.029041125675330197372319744929791565e+29 |
|   6   | 1.997643160133564266408417206069632487e-69 | 1.964235199228301797743596356140819311e+27 |
|   8   | 3.819180265416484579448089535329287146e-06 | 1.996571413903682279332169817167144930e-07 |
---------------------------------------------------------------------------------------------------

Scheme evaluation results:
Order: 8, No. cycles: 15
---------------------------------------------------------------------------------------------------
Vector a: -0.785694426876696367109202933922005200, 0.993139510182578700858246016189263993, 2.222397363397391114758128731323672036, 1.955727358154886872728839937962043653, -1.956707729799238409774431832306439783, -3.121274133797494965592483606009469907, 0.263866725937239830089997280340804313, 1.428545332801333224040906406422130608
Vector b: -1.512276134682607664071017509154525889, 1.453163415611822593923629150477371758, 0.533115604753334807792862881890383539, 3.911679122041447421723394580696006390, -0.000224405731673676265714704798700673, -3.913191053866803143283148959787428874, -2.329357213728186787901818252159038967, 2.857090665602666448081812812835932724
---------------------------------------------------------------------------------------------------
| Order |                  Error^2                   |                 Efficiency                 |
---------------------------------------------------------------------------------------------------
|   2   | 2.756896308402884560727975329184752971e-62 | 2.676746638550944016713108192284248734e+28 |
|   4   | 3.304242606154637351355813148640634438e-65 | 3.436362731717913907666148321657965183e+27 |
|   6   | 6.619625761819579911690854929962311481e-66 | 3.412209807797982732110103224599486962e+25 |
|   8   | 5.334124384217744464401034160728574004e-06 | 1.689422828179471633252056751932014070e-07 |
---------------------------------------------------------------------------------------------------

Scheme evaluation results:
Order: 8, No. cycles: 15
---------------------------------------------------------------------------------------------------
Vector a: -0.684143670233104137287389980902246452, 1.367714599858382821949663393360007243, -1.240376532901531561991407227139367768, 0.256996169660754104926634454536520632, 0.869593837924145865931401234059580840, -0.792443613404863986901774235847651974, 0.644293501664303856514544704594466910, 0.578365707431913036858327657338690569
Vector b: -1.821265727092371953665702538775286438, 2.274244113718535632756625115746044149, 0.461185085998230011142701670974048674, -2.941938151801293135125516125252851089, 3.455930491122801344978785034325904293, -1.716742815274509613115982566206661339, 0.131855588464781639312434094511497190, 1.156731414863826073716655314677304487
---------------------------------------------------------------------------------------------------
| Order |                  Error^2                   |                 Efficiency                 |
---------------------------------------------------------------------------------------------------
|   2   | 1.388715553775312821694625970615515533e-66 | 3.771471515911146353631513158391500977e+30 |
|   4   | 1.162286681987148073987369425798709817e-68 | 1.832223010423127297441066064464447327e+29 |
|   6   | 5.872453524060453489773652017180713207e-70 | 3.622785755698700127754715746073811054e+27 |
|   8   | 5.674156586270909992772610812574615564e-06 | 1.638020260727944836926806324474489495e-07 |
---------------------------------------------------------------------------------------------------

Scheme evaluation results:
Order: 8, No. cycles: 15
---------------------------------------------------------------------------------------------------
Vector a: -1.531977511771477157371974511400344537, 0.591040315325288042731566772214628574, 1.014608726291799698598897027988993717, 1.640652424828261598217730865657446141, -0.004766538409776581986110357209929774, -2.377515078672301291668541365848901983, 0.283161227177284363542214970423313083, 1.384796435230921327936216598174794873
Vector b: -1.477948193424339354433945740395768039, -0.108058636694275605876057542009243562, 1.290139267344851691339191086438424780, 0.739078185238747705858602969539769498, 2.542226664417775490576858761775289377, -2.551759741237328654549079476195157009, -2.203270416107273928788003255502930069, 2.769592870461842655872433196349615168
---------------------------------------------------------------------------------------------------
| Order |                  Error^2                   |                 Efficiency                 |
---------------------------------------------------------------------------------------------------
|   2   | 4.967003752020136426729281894574790241e-65 | 6.306236267510411853959687886199769897e+29 |
|   4   | 1.019529737977601228543043781289906734e-67 | 6.186357517227252430622939700133936310e+28 |
|   6   | 2.568934016643834389030606751839088755e-68 | 5.477419087945201369045502189298151731e+26 |
|   8   | 6.958848695467074149686811942382715647e-06 | 1.479112579436429835434597155328393609e-07 |
---------------------------------------------------------------------------------------------------

Scheme evaluation results:
Order: 8, No. cycles: 15
---------------------------------------------------------------------------------------------------
Vector a: -0.851928858652637595918031352366112932, -0.578408364575206388592340755058331766, -0.031277674030812210359587204487700905, 1.560462560421810982671739135266591044, -0.843104509211820858608433185749348139, -1.170443035374930435511747201957206491, 1.444692113232058674445259429954520770, 1.470007768191537831873141134397588504
Vector b: -1.563237857326423980881584625297317827, 1.422617997347572769927106545862379553, -2.579434726497985547111788055979110299, 2.516879378436361126392613647003707935, 0.604045742407260838950864623529564864, -2.290254760830902556167730995028285217, -0.050631309918958314855763408886142107, 2.940015536383075663746282268795203201
---------------------------------------------------------------------------------------------------
| Order |                  Error^2                   |                 Efficiency                 |
---------------------------------------------------------------------------------------------------
|   2   | 3.617091783097596067529432500120728895e-66 | 2.336887025511047062045009969984504150e+30 |
|   4   | 3.372051898983854350898911363948773416e-68 | 1.075691752119209420696179512413668213e+29 |
|   6   | 3.865373869217301878608149757028273805e-69 | 1.412071515495924567906201063163296461e+27 |
|   8   | 7.277483505261151642675082216985944881e-06 | 1.446369691611668656366927653024712550e-07 |
---------------------------------------------------------------------------------------------------

Scheme evaluation results:
Order: 8, No. cycles: 15
---------------------------------------------------------------------------------------------------
Vector a: -0.782804508680352639084182045372823322, -0.024461298101758059088996881381945642, 0.445457729156306593194489258352411211, -0.428774258063960454078444200603128554, 1.142230105277372964661648766451263139, -1.121794450146463304364468399432537713, 0.223800105706543279024319561134194756, 1.546346574852311619735633940852566174
Vector b: 1.057366862919740395592551081130131434, -3.680342743200186069353466253005986164, 3.631420146996669951175472490242093435, -2.740504688684056764786493973537198213, 1.882956172556135856629605572330926083, 0.401504037998610072693691960571632310, -2.645092938291536681422628759436748614, 3.092693149704623239471267881705149296
---------------------------------------------------------------------------------------------------
| Order |                  Error^2                   |                 Efficiency                 |
---------------------------------------------------------------------------------------------------
|   2   | 1.148984561521533265189557055627843021e-67 | 1.311174170491491169422138534879082422e+31 |
|   4   | 1.219870719410761489593849533477045614e-68 | 1.788455177402535738628736022350005493e+29 |
|   6   | 4.162899101527364475593180647672125006e-69 | 1.360675306442976821159236955249655485e+27 |
|   8   | 7.572273074932612987201323408705232177e-06 | 1.417936538511182100428733747975227480e-07 |
---------------------------------------------------------------------------------------------------

Scheme evaluation results:
Order: 8, No. cycles: 15
---------------------------------------------------------------------------------------------------
Vector a: -0.718666173071766376661390651915210202, 1.548234447093820924148495004558549755, -1.381945761899619606378844666993596004, 0.253069809744520224407576677810840559, 1.071375758983033389356171076881154331, -0.635437026539814546820590028762389582, 0.531483715660728496054581897564067857, 0.331885230029097495894000690856583238
Vector b: -1.995504920655248195258964688926356062, 2.553677495166963637195148074022510893, 0.542791399020678211101841935094134387, -3.306682922819917423859531269080917808, 3.812822542308957872674684624702521984, -1.670071024342891093962342470940645309, 0.399196971263262000321162413415394388, 0.663770460058194991788001381713357624
---------------------------------------------------------------------------------------------------
| Order |                  Error^2                   |                 Efficiency                 |
---------------------------------------------------------------------------------------------------
|   2   | 1.917087260987615008201680553880945520e-68 | 3.209937239798908369923106850213950781e+31 |
|   4   | 2.901050686731575317670662823221525839e-68 | 1.159731104740503237665402103811342468e+29 |
|   6   | 2.400450009611542515780282079883890699e-69 | 1.791868408233623636621000010055043697e+27 |
|   8   | 8.108623698502498229284861580137230591e-06 | 1.370239094830082585603883398845257493e-07 |
---------------------------------------------------------------------------------------------------

Scheme evaluation results:
Order: 8, No. cycles: 15
---------------------------------------------------------------------------------------------------
Vector a: -0.847093040546375350614878907016083287, -0.066267532898952692169310900096076696, 0.812187344050812300344379744040989056, -0.708617534794254183618805474846518649, 0.963427231264619564084451341122693319, -1.053489690953856542468985455922552141, 0.076043514475846810614018786058046410, 1.823809709402160093829130866659501880
Vector b: 1.009130098489806648855941928411364205, -3.712446278072363998941641670854922525, 3.579911212274458614603019870662784541, -1.955536524172834013914260382580699732, 0.538301454584325646676649432887621316, 1.388553007944913481492253249357773699, -3.495532389852626566430224161202941537, 3.647619418804320187658261733319019937
---------------------------------------------------------------------------------------------------
| Order |                  Error^2                   |                 Efficiency                 |
---------------------------------------------------------------------------------------------------
|   2   | 4.926289418881731527924960894242958729e-68 | 2.002430817159698449723328311174120898e+31 |
|   4   | 2.619086333077973884278602327910345541e-68 | 1.220562595130991527213487740697565613e+29 |
|   6   | 1.332560802221659031008363970294314146e-68 | 7.605170038497784376766510962023564577e+26 |
|   8   | 8.339048000251715280150610021717023058e-06 | 1.351175278683326311288435439786227421e-07 |
---------------------------------------------------------------------------------------------------

Scheme evaluation results:
Order: 8, No. cycles: 15
---------------------------------------------------------------------------------------------------
Vector a: -1.781659601577584680150116210631140349, 1.850879144892823046066873776580028381, 0.652760400223589883500787004922343865, -0.922613104753023209279427194528680807, 0.992144838077514271218028889956105451, -1.097323859370869381877909783385021604, -0.254355966037639613227328870157500980, 1.560168148545189683749092387243866091
Vector b: -1.782220658628240277317258371819507825, 0.001122114101311194334284322377673157, 3.700636175684334897799463230781477155, -2.395115375237155130797889220936864921, 0.549889165731108712239034831879515344, 1.434400510423919830197022948032690261, -3.629048229165658593952842514802681276, 3.120336297090379367498184774487698286
---------------------------------------------------------------------------------------------------
| Order |                  Error^2                   |                 Efficiency                 |
---------------------------------------------------------------------------------------------------
|   2   | 9.809111578185094836485878015889656057e-68 | 1.419066162842801989688356140915066992e+31 |
|   4   | 1.628847825808272886891480133451765510e-68 | 1.547728242457693840256025270331553497e+29 |
|   6   | 2.972064394288464606538030453757580458e-69 | 1.610361348761017796585926437943405390e+27 |
|   8   | 8.381917679805441227722940302098920982e-06 | 1.347715527125277764920204895298493834e-07 |
---------------------------------------------------------------------------------------------------

Scheme evaluation results:
Order: 8, No. cycles: 15
---------------------------------------------------------------------------------------------------
Vector a: -0.829028496856549927187471317562760656, -0.940517603814914226130805006499344762, -1.729175809625841817867354226959839070, 1.719443661377537464204487411050451097, 1.963885744254552183914600820940649137, -1.012302741623629544485907873159236778, 0.285838378153061008479751833735430298, 1.541856868135784859072698358454650589
Vector b: -1.616960368149557105320945779692645862, 1.575863742586014356266948924259191862, -3.456898950215842808528558937259383996, -0.001452669035840827206149516661263503, 3.440339991790915755615124338763099926, 0.487431496718188612214077303119887291, -2.512036979965447701185893049438884026, 3.083713736271569718145396716909998364
---------------------------------------------------------------------------------------------------
| Order |                  Error^2                   |                 Efficiency                 |
---------------------------------------------------------------------------------------------------
|   2   | 2.485007292100132366028615663278312307e-64 | 2.819380217544949609262659489077351990e+29 |
|   4   | 1.168074498999642401529789248412990167e-66 | 1.827678034654451324554359840790377617e+28 |
|   6   | 4.660304689524465022540769202786818118e-67 | 1.286012795786209615641112093950527459e+26 |
|   8   | 1.105382408772983889889866980903700327e-05 | 1.173582576376465862007750911523074993e-07 |
---------------------------------------------------------------------------------------------------

Scheme evaluation results:
Order: 8, No. cycles: 15
---------------------------------------------------------------------------------------------------
Vector a: 0.765884309720406112946062816761033716, -0.824913733081212433111258837810370146, 1.017068715588726946349115979029429092, 0.900461293077748385247518078866360371, -0.044074572166069575492416529117946097, -2.131442975056252944970531716038560745, -0.266871714240155784625140082286095601, 1.583888676156809293656650290596149416
Vector b: 1.944013477805815398355244368772969706, -2.356258336170818570818363104023777417, 0.706430870008393704595845428402969236, 1.327706561169060188102386529655949904, 0.473216024986436582392649628076752444, -0.561365169318575733377482686312643109, -3.701520780793930156563580745764597404, 3.167777352313618587313300581192376639
---------------------------------------------------------------------------------------------------
| Order |                  Error^2                   |                 Efficiency                 |
---------------------------------------------------------------------------------------------------
|   2   | 1.254754893162229265642063568945412429e-66 | 3.967692740797540801572921764272140137e+30 |
|   4   | 1.299801236779967892975191744218022388e-68 | 1.732592742311223841303480481638735046e+29 |
|   6   | 4.010534783690923336917911973298699302e-69 | 1.386281099049069513692195218380374432e+27 |
|   8   | 1.520981916996713317865222413563866790e-05 | 1.000478827069136949874317313184629765e-07 |
---------------------------------------------------------------------------------------------------

Scheme evaluation results:
Order: 8, No. cycles: 15
---------------------------------------------------------------------------------------------------
Vector a: -0.922834651019142751718028183781184147, 1.617771460371916691176272746510910049, -0.305452580181453498219282357844798156, -1.404154667202404859546309157152363073, 1.317822689059676769326437576868495708, 0.439092576525496858793999550706277838, -0.458955605427651806192158330588953384, 0.716710777873562596379068155281615262
Vector b: -1.738840295137142573606062590693074479, 1.632011288235999643776068813823542425, 1.603531632507833738576476679198634933, -2.214436792870740735015041394888294897, -0.593872541534068984077576919416777628, 3.229517919653422522730452073154125630, -2.351332766602428805142452971741467108, 1.433421555747125192758136310563311028
---------------------------------------------------------------------------------------------------
| Order |                  Error^2                   |                 Efficiency                 |
---------------------------------------------------------------------------------------------------
|   2   | 1.694226998857689616837281128132196964e-67 | 1.079771058518126507958457211958752148e+31 |
|   4   | 4.849634510429319474407803622745482772e-69 | 2.836484789468994065393473536236945496e+29 |
|   6   | 1.097780261477785109611409585003012947e-69 | 2.649687987212702236872566512578741550e+27 |
|   8   | 2.528895133883327598041686905216782268e-05 | 7.758977941331455540103188582504660141e-08 |
---------------------------------------------------------------------------------------------------

Scheme evaluation results:
Order: 8, No. cycles: 15
---------------------------------------------------------------------------------------------------
Vector a: -0.145910752790529249369718267251481957, 0.849005604997070231293207113775167382, -1.224164026265435712351548442337009617, 1.293611819585670926659053469258967195, -0.591502679303875381918156136518196727, -1.767249170027844266391552376940049224, 1.292502930869502405314018275626362017, 1.293706272935441046764696364386241004
Vector b: -2.338149054980675876650809140960557959, 4.384476604380293254562181747418159561, -2.686465394386152791975767519867878724, 0.238137341855281367272670635193916087, 2.349086297316060486045436303323959730, -3.532091655923811249881748576360314280, -0.002406684131877282901356177519744910, 2.587412545870882093529392728772460438
---------------------------------------------------------------------------------------------------
| Order |                  Error^2                   |                 Efficiency                 |
---------------------------------------------------------------------------------------------------
|   2   | 1.066288100173687727849463778263455707e-66 | 4.304078668757796250744596857173714355e+30 |
|   4   | 1.320608074413428331313351369088726291e-69 | 5.435606253737716693653768488946081543e+29 |
|   6   | 4.376540105959882569654032602446853763e-70 | 4.196497699298311675135326272136343479e+27 |
|   8   | 3.546614762040560294456662875309796143e-05 | 6.551834504344954891827735939806498735e-08 |
---------------------------------------------------------------------------------------------------

Scheme evaluation results:
Order: 8, No. cycles: 15
---------------------------------------------------------------------------------------------------
Vector a: -0.678254677559280895382313520904307427, 0.979742367263447669323716898176722562, 0.307562765257343911046093443238148023, -1.125613346822454076832240793856499528, 1.279640276536479556079254351581146725, -1.055789051040942941581612344844973017, -0.296966448415949208505118116657269465, 1.589678114781355985852220083267032224
Vector b: 0.223963831637186726475832314515436820, -1.804437018392935243716291670839510352, 3.763921752919830582363725467192987061, -3.148796222405142760271538580716676186, 0.897569528760234606607056993003647469, 1.661711024312724505551451710158670439, -3.773289126394610388714676399848652874, 3.179356229562711971704440166534097574
---------------------------------------------------------------------------------------------------
| Order |                  Error^2                   |                 Efficiency                 |
---------------------------------------------------------------------------------------------------
|   2   | 1.958924498331794419339572685004847118e-67 | 1.004173215344570110280756595876840820e+31 |
|   4   | 6.531408535603766295065952288552819822e-69 | 2.444170730646742028835591972926381226e+29 |
|   6   | 1.193516793528607428316205415414345240e-69 | 2.541196090801086029546534152444635868e+27 |
|   8   | 4.896502010524946124649100264851920943e-05 | 5.576053846409573624302082474862030923e-08 |
---------------------------------------------------------------------------------------------------

Scheme evaluation results:
Order: 8, No. cycles: 15
---------------------------------------------------------------------------------------------------
Vector a: 0.805993612226233276459599462083917206, -0.925411687262086388547372564951012969, 0.675236003066484665266464261455472781, 0.181868077677803258485253926817002613, -0.557892323010339664275563362404164627, -0.762727347860257280469713351161250718, -0.158027389539762839446200472677519050, 1.740961054701924972527532100837554787
Vector b: 0.530619805485230876008599776915393410, 0.550747613482004800901999370337097667, -2.401570988006177577996744500239125916, 3.752042994139146908529673023150192235, -3.388306838783540391559165169516190379, 2.272522192762861063008038444707664102, -3.797976888483375623947465147030314219, 3.481922109403849945055064201675282908
---------------------------------------------------------------------------------------------------
| Order |                  Error^2                   |                 Efficiency                 |
---------------------------------------------------------------------------------------------------
|   2   | 3.089073247369368122804710772507643532e-67 | 7.996563287239935632323254335614968750e+30 |
|   4   | 1.988061145767919366382033276323278588e-68 | 1.400941804525508418349275056279976654e+29 |
|   6   | 3.513988744223049300541887926367650702e-69 | 1.480990465705791359250572857559726715e+27 |
|   8   | 7.436956730455115966079160591665153493e-05 | 4.524517790509979423774352513290353825e-08 |
---------------------------------------------------------------------------------------------------

Scheme evaluation results:
Order: 8, No. cycles: 15
---------------------------------------------------------------------------------------------------
Vector a: -0.704344821686045413345827903179359715, 0.954965442546589968908357761333016084, 0.373361150606339029321177813893813917, -1.198410878655698767783243222893451736, 1.343352135862031663014162543136635436, -1.009483183344223489614170667506939325, -0.361767563275913324483997730315573685, 1.602327717946920333983541405531858977
Vector b: 0.301201803012823909011029447071182271, -2.011093249397738644713714700501337521, 3.921024134490918582530430223167697290, -3.174301833278240523888074595379970079, 0.777480075966842988321588149592714547, 1.909224195757220337706736936680962310, -3.928190562445667316935078271695122146, 3.204655435893840667967082811063873569
---------------------------------------------------------------------------------------------------
| Order |                  Error^2                   |                 Efficiency                 |
---------------------------------------------------------------------------------------------------
|   2   | 3.869310556801077660389296490610535672e-66 | 2.259439348313829956981733653013505859e+30 |
|   4   | 2.206218114576279134010557653240322297e-68 | 1.329874751403601507438150782240970917e+29 |
|   6   | 3.601718129532613894816420888893873560e-69 | 1.462842551484317741547017118833466291e+27 |
|   8   | 8.062944125962863279084858464940906065e-05 | 4.345333386845458138486563110539521857e-08 |
---------------------------------------------------------------------------------------------------

Scheme evaluation results:
Order: 8, No. cycles: 15
---------------------------------------------------------------------------------------------------
Vector a: -1.781561427408473175078945971976651391, 0.117657396705040013272835489348549138, 1.775026279637170868583094755069840602, 1.520390086231014869754407861112604069, -1.827579126192591242088477787279362909, -1.071746903996371695785964863407674214, 1.344966935944299363181592978071206477, 0.922846759079910998161457539061488156
Vector b: -1.978294676039188370805472052230087361, 0.393466497261430391453052160506509095, -0.158151703851350364907381181809555239, 3.708204263125692102073570691949719346, -0.667424090663662362564754969724260645, -2.987734161721520121612200604834639856, 0.844240353728776730040270878019141301, 1.845693518159821996322915078123173527
---------------------------------------------------------------------------------------------------
| Order |                  Error^2                   |                 Efficiency                 |
---------------------------------------------------------------------------------------------------
|   2   | 2.375814004324430656568314377959980222e-66 | 2.883442284413835988829076833106459961e+30 |
|   4   | 1.245276144076438617806134882987653473e-68 | 1.770117638249022040281990619970810852e+29 |
|   6   | 4.029865683952490120602179537490973223e-69 | 1.382952169744313432355907610922569752e+27 |
|   8   | 1.917168119280948840015394417942707990e-04 | 2.817992470199916604134565561473719331e-08 |
---------------------------------------------------------------------------------------------------

Scheme evaluation results:
Order: 8, No. cycles: 15
---------------------------------------------------------------------------------------------------
Vector a: -0.188764913098624512710261000332002524, 0.635862394250437087696538072116913757, -0.145091140898551884682323196022157967, -0.129970694382460815654518113620886605, -0.853851758819169004628489521865999796, 0.107359977326647774738940639984411968, 0.219666790190534268189917701420431269, 1.354789345431187087050195418319289995
Vector b: -2.936082045251622267662312033599507870, 5.494634264305995509904102066534998799, -4.222909475805121334511025922301129878, 3.932727194008017565146379530256805036, -4.192668582772939196455415757498590523, 2.484965065134601187198436713766529686, -2.270245110481305637720555433797704499, 2.709578690862374174100390836638599249
---------------------------------------------------------------------------------------------------
| Order |                  Error^2                   |                 Efficiency                 |
---------------------------------------------------------------------------------------------------
|   2   | 9.647196036255673219354814962968582340e-67 | 4.524982771793194189351806977500360840e+30 |
|   4   | 2.174993708627527809765243982935374430e-68 | 1.339386635656519248936942997269202118e+29 |
|   6   | 5.033347898279173688084678439768960452e-69 | 1.237439488915199952913248384211938262e+27 |
|   8   | 7.216772016384625153988008674493650439e-04 | 1.452440782034517042445148975086391708e-08 |
---------------------------------------------------------------------------------------------------

Scheme evaluation results:
Order: 8, No. cycles: 15
---------------------------------------------------------------------------------------------------
Vector a: -0.187919856407738959617841548171125718, 2.861261412272399825534511811639189866, -2.320137461963055428355585340804654613, -0.827339315602288353211402658883174715, 0.004656618574125181487755527816483631, -1.480022664867660622923218191680004574, 1.478349262344715331031616239020944229, 1.471152005649503026054164161062341728
Vector b: -3.050102874903907750908110244275240902, 5.724366036992337582580537392208163633, -0.001843212447537931511513768935661873, -4.638431711478572925199656912667581477, 2.983753080273996218776851594917250006, -2.974439843125745855801340539284108595, 0.014394513390424609954904155912246814, 2.942304011299006052108328322124932285
---------------------------------------------------------------------------------------------------
| Order |                  Error^2                   |                 Efficiency                 |
---------------------------------------------------------------------------------------------------
|   2   | 1.810646809095085831033978365735850415e-65 | 1.044481158433861166712301065847987549e+30 |
|   4   | 2.108984352285965384972461836066789984e-66 | 1.360185951674918530679615015662364578e+28 |
|   6   | 2.446325179084103195779417010380391873e-67 | 1.774987720764364396499768520600311756e+26 |
|   8   | 1.066928395389570733219494571956709340e-03 | 1.194544383646976179540611863331211147e-08 |
---------------------------------------------------------------------------------------------------

