Scheme evaluation results:
Order: 8, No. cycles: 22
-----------------------------------------------------------
Vector a: 0.1307332582457985, 0.4248337286303414, -0.2076037068764575, 0.1600897014352554, -0.0921097925595139, -0.0172538003922639, 0.1362128165659028, -0.2216949372537054, 0.5929824334625835, -0.0525626351030308, -0.0602150088383133, 0.2065879426834033
Vector b: 0.2614665164915969, 0.5882009407690860, -1.0034083545220016, 1.3235877573925126, -1.5078073425115406, 1.4732997417270128, -1.2008741085952070, 0.7574842340877956, 0.4284806328373718, -0.5336059030434334, 0.4131758853668067
-----------------------------------------------------------
| Order |        Error^2         |       Efficiency       |
-----------------------------------------------------------
|   2   | 1.3541694921472752e-34 | 1.7754895709519606e+14 |
|   4   | 2.1218407716311553e-35 | 9.2672927324828931e+11 |
|   6   | 1.2642978855189884e-36 | 7.8440293367814465e+09 |
|   8   | 8.6321926306255467e-14 | 6.2023745909833979e-05 |
-----------------------------------------------------------

Scheme evaluation results:
Order: 8, No. cycles: 22
-----------------------------------------------------------
Vector a: -0.4397893563920148, -0.3822467939931922, 0.5958366024471442, 0.1059673874741909, -0.1845030845160910, 0.4772079124968066, -0.3588508857830530, -0.6033883049610754, 0.5444027430435179, 0.7566439508953443, 0.3429039812004967, 0.1458158480879259
Vector b: -0.8795787127840295, 0.1150851247976453, 1.0765880800966430, -0.8646533051482611, 0.4956471361160791, 0.4587686888775343, -1.1764704604436400, -0.0303061494785106, 1.1191116355655462, 0.3941762662251418, 0.2916316961758517
-----------------------------------------------------------
| Order |        Error^2         |       Efficiency       |
-----------------------------------------------------------
|   2   | 6.7708474607363760e-34 | 7.9402307479810391e+13 |
|   4   | 5.5292315526803349e-36 | 1.8154190479076750e+12 |
|   6   | 9.1236906295582508e-38 | 2.9199716827238083e+10 |
|   8   | 9.2938325935965464e-14 | 5.9775212776430558e-05 |
-----------------------------------------------------------

Scheme evaluation results:
Order: 8, No. cycles: 22
-----------------------------------------------------------
Vector a: 0.1527280426670540, 0.3048671061548813, -0.3325873013117359, 0.0406332870403567, 0.6614826452016623, -0.1858026424373476, -0.8806232485607918, -0.5689033330091565, 0.5249129837483352, 0.6967967752683923, 0.3740868782554762, 0.2124088069828738
Vector b: 0.3054560853341080, 0.3042781269756547, -0.9694527295991263, 1.0507193036798397, 0.2722459867234850, -0.6438512715981802, -1.1173952255234034, -0.0204114404949097, 1.0702374079915800, 0.3233561425452047, 0.4248176139657477
-----------------------------------------------------------
| Order |        Error^2         |       Efficiency       |
-----------------------------------------------------------
|   2   | 2.4074124304840448e-35 | 4.2109432545624938e+14 |
|   4   | 9.3231395699592678e-37 | 4.4210780681809424e+12 |
|   6   | 4.4147448492657063e-38 | 4.1976972305802116e+10 |
|   8   | 1.7067334552374380e-13 | 4.4109862362427799e-05 |
-----------------------------------------------------------

Scheme evaluation results:
Order: 8, No. cycles: 22
-----------------------------------------------------------
Vector a: -0.3474846895631086, -0.2407377461087427, 0.2366995695616471, -0.1978952298456715, 0.0843028982873740, 0.5632979155290894, 0.3598080761308567, 0.3219971540736852, -0.3462176102394990, -0.0173341789202990, 0.5128917558227304, 0.0706720852719380
Vector b: -0.6949693791262173, 0.2134938869087322, 0.2599052522145616, -0.6556957119059045, 0.8243015084806524, 0.3022943225775267, 0.4173218296841862, 0.2266724784631845, -0.9191076989421826, 0.8844393411015846, 0.1413441705438760
-----------------------------------------------------------
| Order |        Error^2         |       Efficiency       |
-----------------------------------------------------------
|   2   | 2.5353062158535097e-34 | 1.2975957898245817e+14 |
|   4   | 2.0630385034411936e-36 | 2.9720465680763013e+12 |
|   6   | 2.6921192583714977e-38 | 5.3754740253134476e+10 |
|   8   | 1.9315746187917147e-13 | 4.1463199221881003e-05 |
-----------------------------------------------------------

Scheme evaluation results:
Order: 8, No. cycles: 22
-----------------------------------------------------------
Vector a: 0.5686446202333540, 0.0119016260284225, -0.9289125711241660, -0.0772171877529265, 0.5244527409736233, 0.4036323316486143, 0.3729396023490749, -0.1269003806972654, -0.0371066883697035, -1.2555164748058181, -0.0000177040621822, 1.5441000855789726
Vector b: 1.1372892404667083, -1.1134859884098633, -0.7443391538384700, 0.5899047783326177, 0.4590007036146299, 0.3482639596825988, 0.3976152450155499, -0.6514160064100804, 0.5772026296706735, -3.0882355792823075, 3.0882001711579434
-----------------------------------------------------------
| Order |        Error^2         |       Efficiency       |
-----------------------------------------------------------
|   2   | 7.1259407942327727e-33 | 2.4475610511355176e+13 |
|   4   | 4.4454375161656940e-33 | 6.4025358890493874e+10 |
|   6   | 4.6492634841113525e-34 | 4.0904570358824831e+08 |
|   8   | 2.0287456324467195e-13 | 4.0458032086088450e-05 |
-----------------------------------------------------------

Scheme evaluation results:
Order: 8, No. cycles: 22
-----------------------------------------------------------
Vector a: 0.0991546463112449, 0.5149623661496098, -0.0180283825292412, -0.3112669015394821, 0.2920971508110323, 0.3169564542665740, -0.1935229669435765, -0.2441450936707313, 0.2198679945569493, -0.1698839063149673, 0.1004315577935897, 0.3933770811089982
Vector b: 0.1983092926224918, 0.8316154396767258, -0.8676722047352082, 0.2451384016562431, 0.3390558999658227, 0.2948570085673251, -0.6819029424544781, 0.1936127551130157, 0.2461232340008827, -0.5858910466308171, 0.7867541622179965
-----------------------------------------------------------
| Order |        Error^2         |       Efficiency       |
-----------------------------------------------------------
|   2   | 4.8148248609680896e-35 | 2.9775865304928900e+14 |
|   4   | 4.8547916688960474e-36 | 1.9374208880436121e+12 |
|   6   | 9.8856348986277698e-38 | 2.8051857989653210e+10 |
|   8   | 2.6626706568538167e-13 | 3.5315050146345860e-05 |
-----------------------------------------------------------

Scheme evaluation results:
Order: 8, No. cycles: 22
-----------------------------------------------------------
Vector a: 0.4587846478939976, -0.0071006814278201, -0.3594720518818819, 0.2159785217721851, 0.2378590909819768, 0.3241862335379740, -0.1566890714095301, -0.2343082210743181, 0.2244944772311898, -0.1873680669673371, 0.0950229071842481, 0.3886122141593158
Vector b: 0.9175692957879952, -0.9317706586436353, 0.2128265548798712, 0.2191304886644996, 0.2565876932994537, 0.3917847737764943, -0.7051629165955544, 0.2365464744469183, 0.2124424800154612, -0.5871786139501355, 0.7772244283186317
-----------------------------------------------------------
| Order |        Error^2         |       Efficiency       |
-----------------------------------------------------------
|   2   | 4.8148248609680896e-35 | 2.9775865304928900e+14 |
|   4   | 2.2569491535787920e-36 | 2.8415047684553286e+12 |
|   6   | 4.1577265322106486e-38 | 4.3254963971035591e+10 |
|   8   | 2.7467865420027146e-13 | 3.4770112669666254e-05 |
-----------------------------------------------------------

Scheme evaluation results:
Order: 8, No. cycles: 22
-----------------------------------------------------------
Vector a: 0.1719729827602088, 0.2602371644437966, -0.4739762098417659, -0.0020662049260510, 0.2128625526904830, -0.6812563931377669, -0.2811787394131077, 0.4479038262232889, 0.5983224793189951, 0.3473240229777930, 0.2719969344851866, 0.1278575844189394
Vector b: 0.3439459655204176, 0.1765283633671754, -1.1244807830507071, 1.1203483731986050, -0.6946232678176391, -0.6678895184578946, 0.1055320396316792, 0.7902756128148986, 0.4063693458230916, 0.2882787001324945, 0.2557151688378788
-----------------------------------------------------------
| Order |        Error^2         |       Efficiency       |
-----------------------------------------------------------
|   2   | 1.5046327690525280e-35 | 5.3264687128558812e+14 |
|   4   | 1.0726385951253374e-37 | 1.3034145568047656e+13 |
|   6   | 3.9138266108592141e-39 | 1.4098182370232214e+11 |
|   8   | 3.6806255213905656e-13 | 3.0037081770044231e-05 |
-----------------------------------------------------------

Scheme evaluation results:
Order: 8, No. cycles: 22
-----------------------------------------------------------
Vector a: -0.4765330040982534, -0.4569328698780826, 0.6214634243188919, 0.0386479986963069, -0.1864468127569951, 0.5658941513308797, 0.4160383191191018, -0.6172666070882517, -0.8452834251755669, 0.8406189107883515, 0.9707614985928109, 0.1290384161508070
Vector b: -0.9530660081965049, 0.0392002684403240, 1.2037265801974821, -1.1264305828048675, 0.7535369572908694, 0.3782513453708766, 0.4538252928673405, -1.6883585070438718, -0.0022083433072939, 1.6834461648840289, 0.2580768323016165
-----------------------------------------------------------
| Order |        Error^2         |       Efficiency       |
-----------------------------------------------------------
|   2   | 5.0856587593975447e-34 | 9.1618047092088922e+13 |
|   4   | 2.1698707361217847e-35 | 9.1641532953130786e+11 |
|   6   | 6.7395977650963435e-37 | 1.0743528154138783e+10 |
|   8   | 3.7997856082086465e-13 | 2.9562353553140461e-05 |
-----------------------------------------------------------

Scheme evaluation results:
Order: 8, No. cycles: 22
-----------------------------------------------------------
Vector a: 0.1528417843570299, 0.3658329195827804, 0.3939092604616541, -0.3194497827483648, -0.4230036806286829, 0.6502388141904113, -0.0450428468823390, -0.6550445162423687, 0.5498564299534421, 0.1696330322831761, -0.1285609472611048, 0.2887895329343663
Vector b: 0.3056835687140604, 0.4259822704514994, 0.3618362504718089, -1.0007358159685382, 0.1547284547111716, 1.1457491736696519, -1.2358348674343298, -0.0742541650504086, 1.1739670249572938, -0.8347009603909419, 0.5775790658687324
-----------------------------------------------------------
| Order |        Error^2         |       Efficiency       |
-----------------------------------------------------------
|   2   | 6.0185310762101120e-35 | 2.6632343564279406e+14 |
|   4   | 3.0389467704633188e-35 | 7.7436859244580554e+11 |
|   6   | 6.5170451124465561e-37 | 1.0925430317051275e+10 |
|   8   | 5.7667874475856985e-13 | 2.3996703264101585e-05 |
-----------------------------------------------------------

Scheme evaluation results:
Order: 8, No. cycles: 22
-----------------------------------------------------------
Vector a: 0.6373206789821730, 0.0108198730562237, -0.4313769667245703, -1.0268614841895480, -0.0001413488585374, 1.3795155138765953, -0.2526379703924062, -0.0573490754128134, 0.6799733983055436, -0.0267874668737489, -0.1331377913122021, 0.2206626395432909
Vector b: 1.2746413579643325, -1.2530016118518847, 0.3902476784027542, -2.4439706467818070, 2.4436879490647323, 0.3153430786884148, -0.8206190194732348, 0.7059208686476093, 0.6540259279634859, -0.7076008617109838, 0.4413252790865815
-----------------------------------------------------------
| Order |        Error^2         |       Efficiency       |
-----------------------------------------------------------
|   2   | 7.9564980827497681e-33 | 2.3162938662396090e+13 |
|   4   | 4.4333798828621344e-33 | 6.4112365883688637e+10 |
|   6   | 5.4726640371659601e-34 | 3.7702011459764147e+08 |
|   8   | 5.8752841624355047e-13 | 2.3774101646745613e-05 |
-----------------------------------------------------------

Scheme evaluation results:
Order: 8, No. cycles: 22
-----------------------------------------------------------
Vector a: -0.3368831069819673, 0.6443133606194495, -0.0011289135853799, -0.7092954548162730, 0.4539733961997992, -0.5830532679095775, 0.0054894703222769, 0.9769251695128945, 0.4127440699708366, -0.1542615605713149, -0.0341949159255654, 0.3253717531648211
Vector b: -0.6737662139639345, 1.9623929352028335, -1.9646507623735934, 0.5460598527410475, 0.3618869396585507, -1.5279934754777054, 1.5389724161222593, 0.4148779229035298, 0.4106102170381433, -0.7191333381807730, 0.6507435063296422
-----------------------------------------------------------
| Order |        Error^2         |       Efficiency       |
-----------------------------------------------------------
|   2   | 1.2037062152420224e-34 | 1.8831910733191878e+14 |
|   4   | 5.8569006029720475e-36 | 1.7639056440180620e+12 |
|   6   | 8.0093288771250892e-37 | 9.8552092900731945e+09 |
|   8   | 6.5358784023521710e-13 | 2.2540657059609315e-05 |
-----------------------------------------------------------

Scheme evaluation results:
Order: 8, No. cycles: 22
-----------------------------------------------------------
Vector a: -0.6506337617849254, 0.2267713087628908, 0.1356780201670190, -0.6122306353941286, 0.3585322554182147, 0.4002069147905871, 0.7786151746819979, -0.2105874649662048, 0.1391877239063422, -0.0189307989576130, -0.2613794123886485, 0.7147706757644684
Vector b: -1.3012675235698505, 1.7548101410956323, -1.4834541007615945, 0.2589928299733369, 0.4580716808630925, 0.3423421487180818, 1.2148882006459136, -1.6360631305783235, 1.9144385783910076, -1.9523001763062338, 1.4295413515289370
-----------------------------------------------------------
| Order |        Error^2         |       Efficiency       |
-----------------------------------------------------------
|   2   | 1.5648180798146291e-34 | 1.6516678327420053e+14 |
|   4   | 2.7318488713109962e-35 | 8.1673457617292529e+11 |
|   6   | 6.2064178917715972e-36 | 3.5403272506161141e+09 |
|   8   | 6.5981965433231929e-13 | 2.2433959394397399e-05 |
-----------------------------------------------------------

Scheme evaluation results:
Order: 8, No. cycles: 22
-----------------------------------------------------------
Vector a: 0.5354698816629461, 0.0123891147831029, -0.8273549035807676, -0.1559135338092626, 0.3517475393543155, 0.4125210109529279, 0.3101184713623295, 0.1734932108822931, 0.1340126056458502, -0.5675733764619847, -0.0039935944446865, 0.6250835736529362
Vector b: 1.0709397633258917, -1.0461615337596859, -0.6085482734018479, 0.2967212057833221, 0.4067738729253097, 0.4182681489805422, 0.2019687937441274, 0.1450176280204412, 0.1230075832712723, -1.2581543361952461, 1.2501671473058733
-----------------------------------------------------------
| Order |        Error^2         |       Efficiency       |
-----------------------------------------------------------
|   2   | 3.0092655381050560e-34 | 1.1910346121971559e+14 |
|   4   | 1.2048817095928447e-35 | 1.2298073119098638e+12 |
|   6   | 1.3169210149055940e-37 | 2.4304352257604202e+10 |
|   8   | 9.0421542468392486e-13 | 1.9163842716140532e-05 |
-----------------------------------------------------------

Scheme evaluation results:
Order: 8, No. cycles: 22
-----------------------------------------------------------
Vector a: -0.5026232250562803, -0.4001776534626532, 0.9110470761822503, 0.1471639186734406, -0.4504115628990285, 0.5984862288725957, -0.4331327235901102, -0.5847430378759448, -0.0275736481979478, 0.4415467495262273, 1.0026940835611164, 0.2977237942663343
Vector b: -1.0052464501125606, 0.2048911431872543, 1.6172030091772465, -1.3228751718303651, 0.4220520460323082, 0.7749204117128833, -1.6411858588931034, 0.4716997831412140, -0.5268470795371096, 1.4099405785895642, 0.5954475885326687
-----------------------------------------------------------
| Order |        Error^2         |       Efficiency       |
-----------------------------------------------------------
|   2   | 4.8148248609680896e-34 | 9.4159553665959391e+13 |
|   4   | 5.9186140563902176e-36 | 1.7546854144686550e+12 |
|   6   | 1.2021563522355486e-37 | 2.5438027780087452e+10 |
|   8   | 9.2878438954573248e-13 | 1.8908675104447361e-05 |
-----------------------------------------------------------

Scheme evaluation results:
Order: 8, No. cycles: 22
-----------------------------------------------------------
Vector a: 0.1417157316339561, 0.5555336942648250, 0.0498583493592593, -0.2869902796769759, 0.7292547289347981, -0.0009277753329327, -0.4801335336517240, -0.1878778648555320, -0.1099805299302618, 0.3459877774668611, 0.1692852536539746, 0.0742744481337521
Vector b: 0.2834314632679087, 0.8276359252617436, -0.7279192265432261, 0.1539386671892790, 1.3045707906803099, -1.3064263413461752, 0.3461592740427293, -0.7219150037537895, 0.5019539438932678, 0.1900216110404497, 0.1485488962675028
-----------------------------------------------------------
| Order |        Error^2         |       Efficiency       |
-----------------------------------------------------------
|   2   | 4.7245468948249380e-34 | 9.5054910294153078e+13 |
|   4   | 9.4522878282062508e-35 | 4.3907712095453070e+11 |
|   6   | 2.2927176589762062e-35 | 1.8419957637308013e+09 |
|   8   | 9.6281850370910016e-13 | 1.8571472492340750e-05 |
-----------------------------------------------------------

Scheme evaluation results:
Order: 8, No. cycles: 22
-----------------------------------------------------------
Vector a: -0.3264780278754292, -0.1703417984183880, 0.2796023219495788, 0.5720305467845875, -0.0274651621321352, -0.8519030173362266, -0.3447798367394164, 0.4736457941612789, 0.6009539108904670, 0.3513856956730223, 0.3181667939069351, 0.1251827791357260
Vector b: -0.6529560557508585, 0.3122724589140824, 0.2469321849850751, 0.8971289085840999, -0.9520592328483704, -0.7517468018240829, 0.0621871283452502, 0.8851044599773076, 0.3168033618036264, 0.3859680295424182, 0.2503655582714520
-----------------------------------------------------------
| Order |        Error^2         |       Efficiency       |
-----------------------------------------------------------
|   2   | 3.0092655381050560e-35 | 3.7663821466383756e+14 |
|   4   | 7.9033627993567237e-37 | 4.8017917099700889e+12 |
|   6   | 1.7870535107780100e-38 | 6.5977390799110100e+10 |
|   8   | 1.0046308982405606e-12 | 1.8180896223416134e-05 |
-----------------------------------------------------------

Scheme evaluation results:
Order: 8, No. cycles: 22
-----------------------------------------------------------
Vector a: -0.5171923536496276, -0.3790742797453220, 0.7307805534083678, -0.0266218719105703, -0.7137509125720222, 0.4788070724859226, 0.7847548329708810, -0.1744311473251860, -0.1550042916887750, 0.4368552193905988, 0.3704121715311756, 0.1644650071045572
Vector b: -1.0343847072992551, 0.2762361478086112, 1.1853249590081243, -1.2385687028292649, -0.1889331223147794, 1.1465472672866246, 0.4229623986551376, -0.7718246933055097, 0.4618161099279600, 0.4118943288532371, 0.3289300142091145
-----------------------------------------------------------
| Order |        Error^2         |       Efficiency       |
-----------------------------------------------------------
|   2   | 2.5578757073892976e-34 | 1.2918584185089731e+14 |
|   4   | 4.1458216385563553e-36 | 2.0965439439839702e+12 |
|   6   | 8.5338967176101142e-38 | 3.0191884668225300e+10 |
|   8   | 1.0219854220058275e-12 | 1.8025868684294901e-05 |
-----------------------------------------------------------

Scheme evaluation results:
Order: 8, No. cycles: 22
-----------------------------------------------------------
Vector a: -0.2835291689383908, -0.0950910173465215, 0.3788757598673093, 0.9359731018738887, -0.0856580822241570, -0.0077691765376324, 0.0946717962114204, -0.5317773473634699, 0.4624387936248496, -0.1449712104622888, -0.0667990985410327, 0.3436356498360251
Vector b: -0.5670583378767823, 0.3768763031837384, 0.3808752165508829, 1.4910709871968970, -1.6623871516452107, 1.6468487985699458, -1.4575052061471052, 0.3939505114201614, 0.5309270758295386, -0.8208694967541164, 0.6872712996720505
-----------------------------------------------------------
| Order |        Error^2         |       Efficiency       |
-----------------------------------------------------------
|   2   | 3.0935249731719976e-33 | 3.7147348930179328e+13 |
|   4   | 5.8441464892656257e-34 | 1.7658293459924606e+11 |
|   6   | 4.1356754015209447e-35 | 1.3714838334969654e+09 |
|   8   | 1.0336657320617630e-12 | 1.7923734162086062e-05 |
-----------------------------------------------------------

Scheme evaluation results:
Order: 8, No. cycles: 22
-----------------------------------------------------------
Vector a: 0.1406568729885324, 0.4353167357410753, -0.0959444945271422, 0.2105960359495588, 0.0465148229927869, -0.3956911722491661, -0.8328607623789511, -0.0008598330372660, 1.3363050928993516, -0.1533536899962571, -0.0946715319745773, 0.4039919235920548
Vector b: 0.2813137459770644, 0.5893197255050864, -0.7812087145593707, 1.2024007864584885, -1.1093711404729145, 0.3179887959745826, -1.9837103207324851, 1.9819906546579531, 0.6906195311407500, -0.9973269111332642, 0.8079838471841095
-----------------------------------------------------------
| Order |        Error^2         |       Efficiency       |
-----------------------------------------------------------
|   2   | 8.6666847497425613e-34 | 7.0182387576041578e+13 |
|   4   | 2.6483887724026138e-35 | 8.2950385307813831e+11 |
|   6   | 1.1954714410959055e-36 | 8.0666704000915604e+09 |
|   8   | 1.0489760640923208e-12 | 1.7792450416120978e-05 |
-----------------------------------------------------------

Scheme evaluation results:
Order: 8, No. cycles: 22
-----------------------------------------------------------
Vector a: -0.7335918997230121, 0.0508164983097739, -0.0227206687259917, -0.0399412756406066, 1.0368818459076454, -0.1388393765645077, -0.0601715672966499, 0.6400906817982568, -0.0620217887059733, -0.1369254128357341, 0.3416240785439823, 0.1247988849328169
Vector b: -1.4671837994460242, 1.5688167960655721, -1.6142581335175556, 1.5343755822363423, 0.5393881095789478, -0.8170668627079638, 0.6967237281146641, 0.5834576354818513, -0.7075012128937980, 0.4336503872223298, 0.2495977698656340
-----------------------------------------------------------
| Order |        Error^2         |       Efficiency       |
-----------------------------------------------------------
|   2   | 3.2078770636199897e-33 | 3.6479239867686805e+13 |
|   4   | 6.4234521458699269e-35 | 5.3262927161189661e+11 |
|   6   | 4.5810929339137668e-36 | 4.1207793827364755e+09 |
|   8   | 1.2353453120075233e-12 | 1.6395488755913777e-05 |
-----------------------------------------------------------

Scheme evaluation results:
Order: 8, No. cycles: 22
-----------------------------------------------------------
Vector a: 0.4853255373856844, 0.0890372795528770, -0.8072769964393521, -0.2340512033194609, -0.1973086738810872, 0.3653488226856315, -0.0018258324175402, -0.4977904799027176, 0.5205715260569301, 0.5379970377601269, 0.5005144392953600, 0.2394585432235484
Vector b: 0.9706510747713654, -0.7925765156656107, -0.8219774772130842, 0.3538750705741571, -0.7484924183363324, 1.4791900637076092, -1.4828417285426898, 0.4872607687372416, 0.5538822833766169, 0.5221117921436311, 0.4789170864470958
-----------------------------------------------------------
| Order |        Error^2         |       Efficiency       |
-----------------------------------------------------------
|   2   | 1.2037062152420224e-35 | 5.9551730609857800e+14 |
|   4   | 1.7808739414957656e-36 | 3.1988412454793374e+12 |
|   6   | 1.3616558428729451e-36 | 7.5584063783459148e+09 |
|   8   | 1.2883361252845565e-12 | 1.6054765298238270e-05 |
-----------------------------------------------------------

Scheme evaluation results:
Order: 8, No. cycles: 22
-----------------------------------------------------------
Vector a: 0.2105907713565680, 0.4712029413630599, -0.1368255728855693, -0.2537385624905560, -0.4191560380835893, -0.5688951201360610, 0.5372507843603245, 0.6783109787861765, -0.2960176593910713, 0.0720316521923529, 0.6041577146433375, 0.1010881102850278
Vector b: 0.4211815427131362, 0.5212243400129833, -0.7948754857841219, 0.2873983608030101, -1.1257104369701885, -0.0120798033019331, 1.0865813720225816, 0.2700405855497711, -0.8620759043319137, 1.0061392087166194, 0.2021762205700555
-----------------------------------------------------------
| Order |        Error^2         |       Efficiency       |
-----------------------------------------------------------
|   2   | 8.8021016989572889e-35 | 2.2022237769893403e+14 |
|   4   | 1.7764658376801820e-36 | 3.2028075721677505e+12 |
|   6   | 3.0507680077203307e-38 | 5.0496272790298798e+10 |
|   8   | 1.3461342807953733e-12 | 1.5706317100451320e-05 |
-----------------------------------------------------------

Scheme evaluation results:
Order: 8, No. cycles: 22
-----------------------------------------------------------
Vector a: 0.5704227476777989, 0.0430718946720926, -0.2880046740696385, -0.1348940086191008, -0.0810854930653855, 0.6869261420847248, -0.0616197463068169, -0.3095705277397109, -0.6460017944301917, -0.0028960846744045, 1.0062889601942335, 0.2173625842763989
Vector b: 1.1408454953555978, -1.0547017060114126, 0.4786923578721355, -0.7484803751103373, 0.5863093889795663, 0.7875428951898832, -0.9107823878035169, 0.2916413323240951, -1.5836449211844783, 1.5778527518356693, 0.4347251685527978
-----------------------------------------------------------
| Order |        Error^2         |       Efficiency       |
-----------------------------------------------------------
|   2   | 4.8148248609680896e-35 | 2.9775865304928900e+14 |
|   4   | 2.5860875718090325e-36 | 2.6545301544868877e+12 |
|   6   | 6.7964603268049788e-37 | 1.0698490909804497e+10 |
|   8   | 1.3495055599502517e-12 | 1.5686686395696187e-05 |
-----------------------------------------------------------

Scheme evaluation results:
Order: 8, No. cycles: 22
-----------------------------------------------------------
Vector a: -0.5314713411672501, 0.0351850399347127, 0.1366507464025084, -0.1868895227868250, 0.4310077215985080, 0.5040224809289742, 0.4030979010666531, 0.1530602572808140, -0.6902616084808255, -0.7582998784685386, 0.7509765805804003, 0.7529216231108687
Vector b: -1.0629426823344990, 1.1333127622039247, -0.8600112693989095, 0.4862322238252555, 0.3757832193717687, 0.6322617424861748, 0.1739340596471254, 0.1321864549145118, -1.5127096718761730, -0.0038900850609244, 1.5058432462217448
-----------------------------------------------------------
| Order |        Error^2         |       Efficiency       |
-----------------------------------------------------------
|   2   | 2.4375050858650954e-34 | 1.3233717913301733e+14 |
|   4   | 8.3812747213629099e-36 | 1.4745321244474617e+12 |
|   6   | 7.7568851829847277e-37 | 1.0014291607428555e+10 |
|   8   | 1.4586808803052865e-12 | 1.5088233908587232e-05 |
-----------------------------------------------------------

Scheme evaluation results:
Order: 8, No. cycles: 22
-----------------------------------------------------------
Vector a: 0.1747408094124651, 0.3979563723193313, -0.1294039656814842, -0.0955980732353243, 0.5514864495394713, -0.0542840457873318, -0.1130149371678901, -0.5405721801185215, -0.0026559797809011, 0.2037519147517833, 0.0188476236783393, 0.5887460120700627
Vector b: 0.3494816188249301, 0.4464311258137330, -0.7052390571767014, 0.5140429107060529, 0.5889299883728893, -0.6974980799475531, 0.4714682056117727, -1.5526125658488152, 1.5473006062870129, -1.1397967767834465, 1.1774920241401252
-----------------------------------------------------------
| Order |        Error^2         |       Efficiency       |
-----------------------------------------------------------
|   2   | 3.4907480242018650e-34 | 1.1058478754626234e+14 |
|   4   | 8.9455120097576079e-36 | 1.4272717673293889e+12 |
|   6   | 1.0010097779813591e-36 | 8.8154554537035694e+09 |
|   8   | 1.4853155298295746e-12 | 1.4952340985245350e-05 |
-----------------------------------------------------------

Scheme evaluation results:
Order: 8, No. cycles: 22
-----------------------------------------------------------
Vector a: -0.5333927197440657, -0.3005818720781425, 1.0045957628156972, -0.0046853566051746, -0.9830634985639564, 0.3818416611344550, 0.1101142743490003, -0.1333192337216113, 0.5736402799926836, 0.4075190983459805, 0.3281059011506415, 0.1492257029244924
Vector b: -1.0667854394881313, 0.4656216953318462, 1.5435698302995480, -1.5529405435098973, -0.4131864536180154, 1.1768697758869255, -0.9566412271889246, 0.6900027597457019, 0.4572778002396643, 0.3577603964522977, 0.2984514058489849
-----------------------------------------------------------
| Order |        Error^2         |       Efficiency       |
-----------------------------------------------------------
|   2   | 1.9560225997682864e-34 | 1.4772966201043506e+14 |
|   4   | 6.4205868783897976e-36 | 1.6846974296877810e+12 |
|   6   | 1.6953205896676074e-37 | 2.1420913958985775e+10 |
|   8   | 1.5751570571745281e-12 | 1.4519665849159154e-05 |
-----------------------------------------------------------

Scheme evaluation results:
Order: 8, No. cycles: 22
-----------------------------------------------------------
Vector a: 0.1915616330814289, -0.4663770666666761, 0.1036116415719214, 0.2809000070453974, -0.7977332331542957, -0.1015098977432345, 0.4458739062852074, 0.6704578994496563, -0.3328881459300301, -0.0853171528052719, 0.8895741981457682, 0.2018462107201285
Vector b: 0.3831232661628578, -1.3158773994962099, 1.5231006826400528, -0.9613006685492578, -0.6341657977593339, 0.4311460022728649, 0.4606018102975500, 0.8803139886017628, -1.5460902804618235, 1.3754559748512798, 0.4036924214402571
-----------------------------------------------------------
| Order |        Error^2         |       Efficiency       |
-----------------------------------------------------------
|   2   | 3.7615819226313200e-34 | 1.0652937425711762e+14 |
|   4   | 1.8021797766044195e-36 | 3.1798762626077476e+12 |
|   6   | 2.9187634503033900e-38 | 5.1625523127894691e+10 |
|   8   | 1.5772836059623483e-12 | 1.4509874587776845e-05 |
-----------------------------------------------------------

Scheme evaluation results:
Order: 8, No. cycles: 22
-----------------------------------------------------------
Vector a: -0.7488099387561146, 0.0721232923405904, -0.0117112834504861, -0.0630748166357555, 0.9326621302906752, 0.3639172870428273, -0.2283416887397420, -0.0485821023295581, 0.6351088295857166, -0.0510462258559363, -0.0789080489300496, 0.2266625654378325
Vector b: -1.4976198775122280, 1.6418664621934089, -1.6652890290943811, 1.5391393958228701, 0.3261848647584798, 0.4016497093271739, -0.8583330868066574, 0.7611688821475414, 0.5090487770238916, -0.6111412287357642, 0.4533251308756650
-----------------------------------------------------------
| Order |        Error^2         |       Efficiency       |
-----------------------------------------------------------
|   2   | 2.1666711874356403e-33 | 4.4387239273799016e+13 |
|   4   | 9.7084078434412725e-35 | 4.3324670705074713e+11 |
|   6   | 1.6305439336796639e-35 | 2.1842264532678137e+09 |
|   8   | 1.5860665695515133e-12 | 1.4469644051566136e-05 |
-----------------------------------------------------------

Scheme evaluation results:
Order: 8, No. cycles: 22
-----------------------------------------------------------
Vector a: 0.1829547984830324, 0.5105040288858953, -0.0966498309482576, -0.1870655187475938, 0.3996932261133291, -0.4965185828680571, 0.0582484222375564, 1.0123805623553424, -0.0033268336617349, -1.0435911242990068, -0.0409197822239247, 0.7042906346734192
Vector b: 0.3659095969660641, 0.6550984608057276, -0.8483981227022427, 0.4742670852070554, 0.3251193670196021, -1.3181565327557148, 1.4346533772308276, 0.5901077474798564, -0.5967614148033261, -1.4904208337946865, 1.4085812693468369
-----------------------------------------------------------
| Order |        Error^2         |       Efficiency       |
-----------------------------------------------------------
|   2   | 1.6370404527291505e-33 | 5.1065187711892234e+13 |
|   4   | 4.7830865134958879e-35 | 6.1724155772625208e+11 |
|   6   | 4.7525163422334083e-36 | 4.0457785322030959e+09 |
|   8   | 1.6584535903246850e-12 | 1.4150340551112306e-05 |
-----------------------------------------------------------

Scheme evaluation results:
Order: 8, No. cycles: 22
-----------------------------------------------------------
Vector a: 0.5311623800909724, 0.0751098473993138, -1.0895584576600517, -0.0124657261018941, 0.8007707138111226, 0.4638338090501870, -0.1321298140989490, -0.7745725510370653, -0.1249912779908420, 0.5292576157835922, 0.5147464558477476, 0.2188370049058664
Vector b: 1.0623247601819448, -0.9121050653833170, -1.2670118499367862, 1.2420803977329979, 0.3594610298892473, 0.5682065882111266, -0.8324662164090245, -0.7166788856651061, 0.4666963296834222, 0.5918189018837622, 0.4376740098117329
-----------------------------------------------------------
| Order |        Error^2         |       Efficiency       |
-----------------------------------------------------------
|   2   | 3.2800994365345111e-34 | 1.1408042581706166e+14 |
|   4   | 1.3294841107800072e-35 | 1.1707595285098037e+12 |
|   6   | 2.0417541922769516e-37 | 1.9519207778202961e+10 |
|   8   | 1.6652599203821379e-12 | 1.4121392967221711e-05 |
-----------------------------------------------------------

Scheme evaluation results:
Order: 8, No. cycles: 22
-----------------------------------------------------------
Vector a: 0.5048824940014404, 0.5212329909058913, -0.4582930642694491, -0.8729385839765125, -0.1810424038035187, 0.4847484817972867, 0.4636301935386565, 0.3673881704082282, -0.8662131689752879, -1.0377282605771070, 1.0370359495081600, 1.0372972014422119
Vector b: 1.0097649880028812, 0.0327009938089010, -0.9492871223477989, -0.7965900456052268, 0.4345052379981884, 0.5349917255963884, 0.3922686614809215, 0.3425076793355362, -2.0749340172861137, -0.0005225038681028, 2.0745944028844256
-----------------------------------------------------------
| Order |        Error^2         |       Efficiency       |
-----------------------------------------------------------
|   2   | 9.6296497219361793e-34 | 6.6580858910698516e+13 |
|   4   | 7.7350467019983574e-35 | 4.8537545046983289e+11 |
|   6   | 1.7154796245338333e-35 | 2.1294680725036163e+09 |
|   8   | 1.6723977756323034e-12 | 1.4091225431340205e-05 |
-----------------------------------------------------------

Scheme evaluation results:
Order: 8, No. cycles: 22
-----------------------------------------------------------
Vector a: 0.7350690383009353, -0.0951145893802910, -0.0055716479630655, 0.1023309842553752, -0.5339447513681818, 0.4131016094436857, 0.4885793967472706, -0.0124073850747256, -0.6507649383440411, -0.0957807043696558, 0.4666329026270903, 0.1878700851256037
Vector b: 1.4701380766018888, -1.6603672553624733, 1.6492239594363418, -1.4445619909255887, 0.3766724881892017, 0.4495307306981833, 0.5276280627963491, -0.5524428329458008, -0.7490870437422793, 0.5575256350029654, 0.3757401702512118
-----------------------------------------------------------
| Order |        Error^2         |       Efficiency       |
-----------------------------------------------------------
|   2   | 9.1782598912204209e-34 | 6.8198443505425555e+13 |
|   4   | 2.1087854374973353e-34 | 2.9396327679068219e+11 |
|   6   | 2.2480678564747360e-35 | 1.8601981454801953e+09 |
|   8   | 1.6789590652261199e-12 | 1.4063664569789040e-05 |
-----------------------------------------------------------

Scheme evaluation results:
Order: 8, No. cycles: 22
-----------------------------------------------------------
Vector a: -0.3806349353233549, -0.6371264398251917, -0.0177122275112042, 0.4920569109803999, 1.0127025390182098, -0.0095699706763144, -0.5226612359752018, -0.4264114902971546, 0.0202377385555676, 0.9171367023711375, 0.3880681212359833, 0.1639142874471233
Vector b: -0.7612698706467097, -0.5129830090036736, 0.4775585539812651, 0.5065552679795344, 1.5188498100568857, -1.5379897514095144, 0.4926672794591105, -1.3454902600534200, 1.3859657371645553, 0.4483076675777201, 0.3278285748942466
-----------------------------------------------------------
| Order |        Error^2         |       Efficiency       |
-----------------------------------------------------------
|   2   | 2.5578757073892976e-34 | 1.2918584185089731e+14 |
|   4   | 2.4075593672778976e-35 | 8.7000304806922791e+11 |
|   6   | 7.8455979135409403e-37 | 9.9575132200031929e+09 |
|   8   | 1.8181503883651076e-12 | 1.3514614182396964e-05 |
-----------------------------------------------------------

Scheme evaluation results:
Order: 8, No. cycles: 22
-----------------------------------------------------------
Vector a: 0.5044793048093910, 0.0754982740631912, -0.8471005033791764, -0.2488124964076707, -0.1880482663919344, -0.1195856649425969, 0.4976459379830597, 0.9474102589850097, -0.0039976753408376, -0.4068025542357872, 0.5370212023194978, 0.2522921825378539
Vector b: 1.0089586096187819, -0.8579620614923994, -0.8362389452659535, 0.3386139524506119, -0.7147104852344807, 0.4755391553492869, 0.5197527206168324, 1.3750677973531873, -1.3830631480348625, 0.5694580395632879, 0.5045843650757078
-----------------------------------------------------------
| Order |        Error^2         |       Efficiency       |
-----------------------------------------------------------
|   2   | 8.1852022636457524e-34 | 7.2217081027285922e+13 |
|   4   | 1.0265004418555626e-35 | 1.3323849129656453e+12 |
|   6   | 7.6387259028108248e-37 | 1.0091447187521650e+10 |
|   8   | 1.8456558830568224e-12 | 1.3413533175953815e-05 |
-----------------------------------------------------------

Scheme evaluation results:
Order: 8, No. cycles: 22
-----------------------------------------------------------
Vector a: -0.4383363321029738, -0.3942513903869241, 0.7070010815060931, 0.6355392558501480, -0.5619864068387529, -0.2609693177518285, 0.5584351223864868, -0.3929497133932018, -0.0882397609171972, 0.7586480061196279, 0.3231262959663441, 0.1539831595621786
Vector b: -0.8766726642059477, 0.0881698834320994, 1.3258322795800868, -0.0547537678797905, -1.0692190457977153, 0.5472804102940583, 0.5695898344789154, -1.3554892612653191, 1.1790097394309247, 0.3382862728083310, 0.3079663191243572
-----------------------------------------------------------
| Order |        Error^2         |       Efficiency       |
-----------------------------------------------------------
|   2   | 1.5046327690525280e-35 | 5.3264687128558812e+14 |
|   4   | 7.9860147458989158e-37 | 4.7768788045866836e+12 |
|   6   | 2.5336653325702725e-38 | 5.5410145491742554e+10 |
|   8   | 2.0899369634858488e-12 | 1.2605264407357932e-05 |
-----------------------------------------------------------

Scheme evaluation results:
Order: 8, No. cycles: 22
-----------------------------------------------------------
Vector a: -0.7972717069861562, -0.0032801379348121, 1.3786729432298062, 0.0470475443136015, -0.3744747201190355, 0.3493733550104738, -0.2925290163011900, -0.0854737566221716, 0.6554503007009139, -0.0664615453409587, -0.0698478005242897, 0.2587945405738185
Vector b: -1.5945434139724362, 1.5879831381028116, 1.1693627483569848, -1.0752676597297748, 0.3263182194916124, 0.3724284905294267, -0.9574865231318663, 0.7865390098875032, 0.5243615915143295, -0.6572846821962616, 0.5175890811476705
-----------------------------------------------------------
| Order |        Error^2         |       Efficiency       |
-----------------------------------------------------------
|   2   | 4.4537129963954829e-34 | 9.7902442045420703e+13 |
|   4   | 2.5446513959425469e-35 | 8.4624307813188342e+11 |
|   6   | 3.2656487642753063e-36 | 4.8806670151536732e+09 |
|   8   | 2.1386366055425644e-12 | 1.2460918495464655e-05 |
-----------------------------------------------------------

Scheme evaluation results:
Order: 8, No. cycles: 22
-----------------------------------------------------------
Vector a: 0.1478944104942423, 0.7337775681841596, -0.0098896109004445, -0.2920175943278669, -0.1887922338304642, 0.3117634825387895, -0.1783646666748644, -0.0048227708340462, 0.1950754349625854, -0.3706574678302255, 0.5340766659489466, 0.1219567822691881
Vector b: 0.2957888209884831, 1.1717663153798392, -1.1915455371807284, 0.6075103485249939, -0.9850948161859238, 1.6086217812635044, -1.9653511146132345, 1.9557055729451422, -1.5655547030199699, 0.8242397673595168, 0.2439135645383769
-----------------------------------------------------------
| Order |        Error^2         |       Efficiency       |
-----------------------------------------------------------
|   2   | 6.0185310762101120e-34 | 8.4218865091249875e+13 |
|   4   | 2.1911545307113608e-34 | 2.8838507025401996e+11 |
|   6   | 2.7060986522089979e-35 | 1.6954777802008591e+09 |
|   8   | 2.2159304059948716e-12 | 1.2241665125351988e-05 |
-----------------------------------------------------------

Scheme evaluation results:
Order: 8, No. cycles: 22
-----------------------------------------------------------
Vector a: 0.7518456467944983, -0.0068681066185569, -0.1468794086747006, 0.0438030140442530, -0.3691191076005872, 0.3502427637723843, -0.3199145610115821, -0.0841209330894768, 0.6843890389965737, -0.0394779173250023, -0.1003216085042014, 0.2364211792163980
Vector b: 1.5036912935889988, -1.5174275068261127, 1.2236686894767106, -1.1360626613882043, 0.3978244461870283, 0.3026610813577418, -0.9424902033809067, 0.7742483372019527, 0.5945297407911946, -0.6734855754411992, 0.4728423584327963
-----------------------------------------------------------
| Order |        Error^2         |       Efficiency       |
-----------------------------------------------------------
|   2   | 1.7333369499485123e-33 | 4.9626442174881500e+13 |
|   4   | 3.9352612129653130e-35 | 6.8049116996926208e+11 |
|   6   | 7.3986098460454741e-36 | 3.2425662048348756e+09 |
|   8   | 2.2418175715663547e-12 | 1.2170780191377793e-05 |
-----------------------------------------------------------

Scheme evaluation results:
Order: 8, No. cycles: 22
-----------------------------------------------------------
Vector a: -0.4807855049981017, -0.4144154738116787, 0.5850440900904775, 0.6291137991379759, -0.5960416121144647, -0.7162347972655954, 0.6936460477416685, 0.3033763075576888, -0.1619436819216133, 0.4910589896938507, 0.4600806612020337, 0.2071011746877585
Vector b: -0.9615710099962034, 0.1327400623728459, 1.0373481178081092, 0.2208794804678428, -1.4129627046967723, -0.0195068898344184, 1.4067989853177554, -0.8000463702023778, 0.4761590063591510, 0.5059589730285503, 0.4142023493755171
-----------------------------------------------------------
| Order |        Error^2         |       Efficiency       |
-----------------------------------------------------------
|   2   | 4.9351954824922919e-34 | 9.3004177963183453e+13 |
|   4   | 8.5634763457403645e-36 | 1.4587612739615542e+12 |
|   6   | 2.5252940876482732e-37 | 1.7551245220731373e+10 |
|   8   | 2.2658391222737850e-12 | 1.2106093334280496e-05 |
-----------------------------------------------------------

Scheme evaluation results:
Order: 8, No. cycles: 22
-----------------------------------------------------------
Vector a: 0.2291468851720271, 0.4080054464002100, -0.2601641765330688, -0.3917962403754159, 0.5617016207320514, 0.1038661566923718, -0.1894269604230709, 0.4055588684811583, -0.4021606602385129, -0.5949324867003297, 0.5609032912905731, 0.5692982555020064
Vector b: 0.4582937703440539, 0.3577171224563663, -0.8780454755225038, 0.0944529947716713, 1.0289502466924325, -0.8212179333076889, 0.4423640124615471, 0.3687537245007693, -1.1730750449777947, -0.0167899284228655, 1.1385965110040124
-----------------------------------------------------------
| Order |        Error^2         |       Efficiency       |
-----------------------------------------------------------
|   2   | 2.0463005659114381e-34 | 1.4443416205457184e+14 |
|   4   | 1.0168026134612787e-35 | 1.3387236933778171e+12 |
|   6   | 2.2404417231443931e-37 | 1.8633613760987812e+10 |
|   8   | 2.4026537084350311e-12 | 1.1756362341127474e-05 |
-----------------------------------------------------------

Scheme evaluation results:
Order: 8, No. cycles: 22
-----------------------------------------------------------
Vector a: -0.3864269675866121, -0.1680742200493081, 0.3446339372152051, -0.5732723386096580, 0.0140626752222514, 1.5898829216538086, -0.0033054010927521, -0.5654199288481486, 0.6821322245526845, -0.0333568230354959, -0.1510964683107764, 0.2502403888888015
Vector b: -0.7728539351732245, 0.4367054950746086, 0.2525623793558017, -1.3991070565751180, 1.4272324070196210, 1.7525334362879985, -1.7591442384735028, 0.6283043807772046, 0.7359600683281642, -0.8026737143991560, 0.5004807777776030
-----------------------------------------------------------
| Order |        Error^2         |       Efficiency       |
-----------------------------------------------------------
|   2   | 2.6601907356848695e-33 | 4.0058829016648773e+13 |
|   4   | 8.1020948130426166e-35 | 4.7425357805559369e+11 |
|   6   | 1.8628780576685514e-35 | 2.0434861634044988e+09 |
|   8   | 2.8299714813767123e-12 | 1.0832470722542775e-05 |
-----------------------------------------------------------

Scheme evaluation results:
Order: 8, No. cycles: 22
-----------------------------------------------------------
Vector a: 0.1268233973885246, 0.4908073011562617, -0.4244733608752421, -0.0039886902514035, 0.8047549887161654, -0.3939028764366818, -0.3013685422665401, 0.3123877463535760, 0.2800452122874153, -0.5670567364488385, 0.0142183047496769, 0.6617532556270862
Vector b: 0.2536467947770493, 0.7279678075354739, -1.5769145292859585, 1.5689371487831516, 0.0405728286491799, -0.8283785815225436, 0.2256414969894633, 0.3991339957176889, 0.1609564288571417, -1.2950699017548188, 1.3235065112541726
-----------------------------------------------------------
| Order |        Error^2         |       Efficiency       |
-----------------------------------------------------------
|   2   | 4.4537129963954829e-34 | 9.7902442045420703e+13 |
|   4   | 1.6010233058199556e-35 | 1.0668674124049894e+12 |
|   6   | 3.1534300479175726e-37 | 1.5706243069267172e+10 |
|   8   | 2.9112636646870146e-12 | 1.0680160602252371e-05 |
-----------------------------------------------------------

Scheme evaluation results:
Order: 8, No. cycles: 22
-----------------------------------------------------------
Vector a: 0.0949221122380031, 0.1971480440953134, 0.5624560740588553, 0.1474085575237986, -0.1317062374441452, 0.2591632042765868, -0.4444461091564431, -0.2969081479219418, 0.3371805113506080, -0.3191402237757322, 0.0815936489531800, 0.5123285658019170
Vector b: 0.1898442244759244, 0.2044518637148179, 0.9204602844028599, -0.6256431693552619, 0.3622306944669698, 0.1560957140862066, -1.0449879323990960, 0.4511716365552091, 0.2231893861460092, -0.8614698336974757, 1.0246571316038366
-----------------------------------------------------------
| Order |        Error^2         |       Efficiency       |
-----------------------------------------------------------
|   2   | 2.4074124304840448e-34 | 1.3316171782139703e+14 |
|   4   | 2.3192503541723733e-35 | 8.8641166145986719e+11 |
|   6   | 4.1142176722437659e-37 | 1.3750556737828548e+10 |
|   8   | 2.9529383962721458e-12 | 1.0604528411179437e-05 |
-----------------------------------------------------------

Scheme evaluation results:
Order: 8, No. cycles: 22
-----------------------------------------------------------
Vector a: 0.2658319915832124, -0.1248907847750865, -0.7450000921472854, 0.2535294157897687, 0.0331729296378903, -0.3804231758835170, 0.5251201630172564, 0.5889927869591119, 0.4314685044405722, -0.5286414967363766, -0.0105934965316462, 0.6914332546460995
Vector b: 0.5316639831664249, -0.7814455527165980, -0.7085546315779727, 1.2156134631575102, -1.1492676038817295, 0.3884212521146954, 0.6618190739198176, 0.5161664999984062, 0.3467705088827382, -1.4040535023554914, 1.3828665092921990
-----------------------------------------------------------
| Order |        Error^2         |       Efficiency       |
-----------------------------------------------------------
|   2   | 2.4074124304840448e-34 | 1.3316171782139703e+14 |
|   4   | 2.6448622893501469e-36 | 2.6248696687540625e+12 |
|   6   | 3.6858176383009773e-37 | 1.4527704350876083e+10 |
|   8   | 2.9846065715465619e-12 | 1.0548118691040826e-05 |
-----------------------------------------------------------

Scheme evaluation results:
Order: 8, No. cycles: 22
-----------------------------------------------------------
Vector a: 0.1783089680578022, -0.3317827043527258, -0.1970368701432881, -0.1411175700233914, -0.2471302531962330, 0.8428611818552563, -0.0209434930000910, -0.7909958379455100, 0.4503929851616025, 0.7753056511626787, 0.3364086631202073, 0.1457292793036923
Vector b: 0.3566179361156046, -1.0201833448210564, 0.6261096045344803, -0.9083447445812629, 0.4140842381887968, 1.2716381255217157, -1.3135251115218980, -0.2684665643691223, 1.1692525346923275, 0.3813587676330299, 0.2914585586073847
-----------------------------------------------------------
| Order |        Error^2         |       Efficiency       |
-----------------------------------------------------------
|   2   | 3.5208406795829155e-34 | 1.1011118884946702e+14 |
|   4   | 5.7659834617756362e-36 | 1.7777577496902097e+12 |
|   6   | 5.7330023665946347e-38 | 3.6836033099639709e+10 |
|   8   | 3.1266982429816591e-12 | 1.0305654265152501e-05 |
-----------------------------------------------------------

Scheme evaluation results:
Order: 8, No. cycles: 22
-----------------------------------------------------------
Vector a: 0.0998110688456735, 0.2137647325814728, 0.3158752283785942, 0.2942074400045024, -0.4443366606575903, -0.8934039748208853, -0.2968341420436500, 0.3166619209485702, -0.1774382254282041, 0.0495238545101255, 1.0029227309051711, 0.5192460267762199
Vector b: 0.1996221376913545, 0.2279073274715806, 0.4038431292856112, 0.1845717507233932, -1.0732450720385736, -0.7135628776031971, 0.1198945935158971, 0.5134292483812433, -0.8683056992376516, 0.9673534082579027, 1.0384920535524398
-----------------------------------------------------------
| Order |        Error^2         |       Efficiency       |
-----------------------------------------------------------
|   2   | 4.4537129963954829e-34 | 9.7902442045420703e+13 |
|   4   | 1.9395656788567744e-36 | 3.0651873985299663e+12 |
|   6   | 1.3828775552321888e-37 | 2.3717671583428181e+10 |
|   8   | 3.2345599743652502e-12 | 1.0132367876461248e-05 |
-----------------------------------------------------------

Scheme evaluation results:
Order: 8, No. cycles: 22
-----------------------------------------------------------
Vector a: -0.7619144979386093, -0.0056642003307405, 1.1463466250533447, -0.0840532804514738, -0.9084203272486789, 0.1473920416741321, 0.0732184283747679, -0.3288082801609047, 0.5267459353576064, 0.6327355459237826, 0.4240238364015694, 0.1383981733452043
Vector b: -1.5238289958772191, 1.5125005952157380, 0.7801926548909520, -0.9482992157938996, -0.8685414387034590, 1.1633255220517233, -1.0168886653021874, 0.3592721049803778, 0.6942197657348353, 0.5712513261127299, 0.2767963466904087
-----------------------------------------------------------
| Order |        Error^2         |       Efficiency       |
-----------------------------------------------------------
|   2   | 1.3601880232234853e-33 | 5.6021555733051477e+13 |
|   4   | 1.4062659324077805e-34 | 3.5997765936669910e+11 |
|   6   | 2.2326326679558932e-36 | 5.9027620647143602e+09 |
|   8   | 3.2432850349298941e-12 | 1.0118729688712074e-05 |
-----------------------------------------------------------

Scheme evaluation results:
Order: 8, No. cycles: 22
-----------------------------------------------------------
Vector a: 0.6587136199105446, 0.0646803698749101, 0.0755972070672023, -0.0307187461949331, -0.4641886103615935, -0.3189268317665092, -0.0253328072184105, 0.7474258517152762, -0.1559416722518037, -0.1441331826141175, 0.4111522628540606, 0.1816725389853736
Vector b: 1.3174272398210889, -1.1880665000712687, 1.3392609142056735, -1.4006984065955395, 0.4723211858723528, -1.1101748494053707, 1.0595092349685498, 0.4353424684620020, -0.7472258129656090, 0.4589594477373741, 0.3633450779707471
-----------------------------------------------------------
| Order |        Error^2         |       Efficiency       |
-----------------------------------------------------------
|   2   | 1.3752343509140106e-33 | 5.5714249214538211e+13 |
|   4   | 4.1204015732198233e-35 | 6.6502734698515308e+11 |
|   6   | 2.8523708371050851e-36 | 5.2222892334521723e+09 |
|   8   | 3.2916652014047695e-12 | 1.0044093000625038e-05 |
-----------------------------------------------------------

Scheme evaluation results:
Order: 8, No. cycles: 22
-----------------------------------------------------------
Vector a: -0.3209729994703062, -0.0490422029667894, 0.4221568602830597, -0.7167370429024909, 0.0024079806226478, 1.0778590635857370, 0.4374452318790703, -1.1291782101522732, -0.0001450106577331, 0.9750404414043375, -0.0408920626567378, 0.3420579510314782
Vector b: -0.6419459989406122, 0.5438615930070336, 0.3004521275590846, -1.7339262133640656, 1.7387421746093612, 0.4169759525621134, 0.4579145111960268, -2.7162709315005733, 2.7159809101851073, -0.7659000273764317, 0.6841159020629561
-----------------------------------------------------------
| Order |        Error^2         |       Efficiency       |
-----------------------------------------------------------
|   2   | 3.1982474138980535e-32 | 1.1553102053308523e+13 |
|   4   | 8.7387425534479676e-34 | 1.4440585564032214e+11 |
|   6   | 6.6308976780780825e-35 | 1.0831229345904436e+09 |
|   8   | 3.3900284867155551e-12 | 9.8973033070057779e-06 |
-----------------------------------------------------------

Scheme evaluation results:
Order: 8, No. cycles: 22
-----------------------------------------------------------
Vector a: -0.6334753644872859, 0.2056950811807728, 0.1586155718968016, -0.3243278442603326, -0.0873265232976508, -0.1517053025466207, 0.4482905547616794, 0.2926711761990364, 0.7315379347778279, -0.2553019883946035, -0.1176421736513714, 0.7329688778217467
Vector b: -1.2669507289745716, 1.6783408913361173, -1.3611097475425140, 0.7124540590218487, -0.8871071056171503, 0.5836965005239089, 0.3128846089994496, 0.2724577433986248, 1.1906181261570294, -1.7012221029462364, 1.4659377556434936
-----------------------------------------------------------
| Order |        Error^2         |       Efficiency       |
-----------------------------------------------------------
|   2   | 1.2518544638517033e-33 | 5.8395276239978016e+13 |
|   4   | 3.8662009198545036e-35 | 6.8654193036247351e+11 |
|   6   | 1.2504557920260616e-36 | 7.8873251336419363e+09 |
|   8   | 3.4660256068737592e-12 | 9.7881962889447710e-06 |
-----------------------------------------------------------

Scheme evaluation results:
Order: 8, No. cycles: 22
-----------------------------------------------------------
Vector a: -0.4910483565328237, -0.4395634741527092, 0.6529374795915543, 0.1507329543792875, -0.2452216635439835, 0.7826766537016344, 0.5558458377849043, -0.6515457843870424, -0.3147980706674001, 0.5008011992923087, 0.3422847733677486, 0.1568984511665210
Vector b: -0.9820967130656474, 0.1029697647602291, 1.2029051944228792, -0.9014392856643044, 0.4109959585763373, 1.1543573488269321, -0.0426656732571238, -1.2604258955169607, 0.6308297541821609, 0.3707726444024556, 0.3137969023330420
-----------------------------------------------------------
| Order |        Error^2         |       Efficiency       |
-----------------------------------------------------------
|   2   | 8.7268700605046625e-35 | 2.2116957509252469e+14 |
|   4   | 1.3547572393226864e-36 | 3.6675710546182554e+12 |
|   6   | 5.0015604414577669e-38 | 3.9437661436593506e+10 |
|   8   | 3.7261724774821795e-12 | 9.4403278401286993e-06 |
-----------------------------------------------------------

Scheme evaluation results:
Order: 8, No. cycles: 22
-----------------------------------------------------------
Vector a: -0.4592211595821058, -0.3225056129769284, 0.2972576653808972, -0.2216132421524040, 0.1374394224209865, 0.6483236779480978, 0.6681693197482811, -0.0246850282582930, -0.5692505382985618, 0.2807897201558568, 0.4256052903304806, 0.1396904852836928
Vector b: -0.9184423191642103, 0.2734310932103519, 0.3210842375514432, -0.7643107218562516, 1.0391895666982256, 0.2574577891979640, 1.0788808502986034, -1.1282509068151894, -0.0102501697818973, 0.5718296100935747, 0.2793809705673859
-----------------------------------------------------------
| Order |        Error^2         |       Efficiency       |
-----------------------------------------------------------
|   2   | 1.3030119779994893e-33 | 5.7237470717710852e+13 |
|   4   | 2.7369916590958437e-35 | 8.1596689616855396e+11 |
|   6   | 8.5922950463837110e-37 | 9.5150116475613899e+09 |
|   8   | 3.7502240268862287e-12 | 9.4100070209379248e-06 |
-----------------------------------------------------------

Scheme evaluation results:
Order: 8, No. cycles: 22
-----------------------------------------------------------
Vector a: 0.6166140201930824, 0.6210153704630835, -0.6743129839991093, -0.0272867166561245, 0.1114879335532320, -0.5708364728995160, -0.4880839983472899, -0.2061455368794762, 0.4847341511055034, 0.5092156300530006, 0.4495608774945815, 0.1740377259190324
Vector b: 1.2332280403861648, 0.0088027005400024, -1.3574286685382209, 1.3028552352259719, -1.0798793681195080, -0.0617935776795240, -0.9143744190150559, 0.5020833452561034, 0.4673849569549032, 0.5510463031510981, 0.3480754518380648
-----------------------------------------------------------
| Order |        Error^2         |       Efficiency       |
-----------------------------------------------------------
|   2   | 1.2789378536946488e-33 | 5.7773664821828734e+13 |
|   4   | 2.9039118569126085e-35 | 7.9216848669593530e+11 |
|   6   | 6.8596011698139056e-37 | 1.0649138666771086e+10 |
|   8   | 3.7925829613700269e-12 | 9.3573098080120696e-06 |
-----------------------------------------------------------

Scheme evaluation results:
Order: 8, No. cycles: 22
-----------------------------------------------------------
Vector a: -0.3769684186641550, -0.1574875286428908, 0.3420074926212099, -0.4427912058437422, 0.0413741206697813, 1.2266317931039772, 0.6216961664046942, -0.6425842202026726, -0.3540910334336988, 0.4285272713930888, 0.2259816724021686, 0.0877038901922392
Vector b: -0.7539368373283107, 0.4389617800425292, 0.2450532051998914, -1.1306356168873761, 1.2133838582269385, 1.2398797279810168, 0.0035126048283703, -1.2886810452337141, 0.5804989783663166, 0.2765555644198599, 0.1754077803844781
-----------------------------------------------------------
| Order |        Error^2         |       Efficiency       |
-----------------------------------------------------------
|   2   | 1.0487290400296120e-33 | 6.3800339732112242e+13 |
|   4   | 9.1211014784116871e-36 | 1.4134668678239128e+12 |
|   6   | 6.5942342931073629e-37 | 1.0861297968650360e+10 |
|   8   | 3.9032196879754990e-12 | 9.2237400649947614e-06 |
-----------------------------------------------------------

Scheme evaluation results:
Order: 8, No. cycles: 22
-----------------------------------------------------------
Vector a: 0.2256123907806425, 0.2791178807927625, -0.3930025800603857, 0.1366130260741443, -0.0057546925129598, -0.4920104954022488, -0.2543906106855022, -0.2790322597722290, 0.5509263586802767, 0.7122461675618834, 0.3766091337979287, 0.1430656807456875
Vector b: 0.4512247815612850, 0.1070109800242399, -0.8930161401450114, 1.1662421922933000, -1.1777515773192198, 0.1937305865147221, -0.7025118078857266, 0.1444472883412688, 0.9574054290192846, 0.4670869061044823, 0.2861313614913750
-----------------------------------------------------------
| Order |        Error^2         |       Efficiency       |
-----------------------------------------------------------
|   2   | 1.9560225997682864e-34 | 1.4772966201043506e+14 |
|   4   | 1.1284745767893960e-36 | 4.0184945810973477e+12 |
|   6   | 9.8061745494679239e-39 | 8.9066442363402679e+10 |
|   8   | 4.4035872274393155e-12 | 8.6839087592701951e-06 |
-----------------------------------------------------------

Scheme evaluation results:
Order: 8, No. cycles: 22
-----------------------------------------------------------
Vector a: 0.2673154339173449, 0.4607066340365742, -0.3214317023473867, 0.0601535729484348, 0.1997267340727671, -0.7213315058009897, -0.0658957847454252, 0.5010065593068957, 0.4469891972727373, -0.3992035825978503, -0.0267038781700372, 0.5986683221069352
Vector b: 0.5346308678346896, 0.3867824002384588, -1.0296458049332327, 1.1499529508301023, -0.7504994826845677, -0.6921635289174116, 0.5603719594265610, 0.4416411591872304, 0.4523372353582443, -1.2507444005539452, 1.1973366442138709
-----------------------------------------------------------
| Order |        Error^2         |       Efficiency       |
-----------------------------------------------------------
|   2   | 4.4537129963954829e-34 | 9.7902442045420703e+13 |
|   4   | 1.7315031787612295e-35 | 1.0258825204255227e+12 |
|   6   | 5.0908146337405947e-37 | 1.2361474381622995e+10 |
|   8   | 4.5124070888697777e-12 | 8.5785604714256635e-06 |
-----------------------------------------------------------

Scheme evaluation results:
Order: 8, No. cycles: 22
-----------------------------------------------------------
Vector a: -0.4526393201628717, -0.2884658311666485, 0.4159169663905642, 0.6576981051968548, -0.0452387668147815, -1.2816436175638701, -0.0022053916661528, 0.3201333462455270, 0.0587612731140617, 0.9258906507687743, 0.5254052391391797, 0.1663873465193631
Vector b: -0.9052786403257431, 0.3283469779924457, 0.5034869547886827, 0.8119092556050266, -0.9023867892345897, -1.6609004458931507, 1.6564896625608450, -1.0162229700697905, 1.1337455162979140, 0.7180357852396340, 0.3327746930387261
-----------------------------------------------------------
| Order |        Error^2         |       Efficiency       |
-----------------------------------------------------------
|   2   | 1.0983819214083454e-33 | 6.2341600865694938e+13 |
|   4   | 1.8468265214165885e-34 | 3.1412046045882733e+11 |
|   6   | 1.9957309327294355e-34 | 6.2432815527665126e+08 |
|   8   | 5.0577325681893579e-12 | 8.1029026728255144e-06 |
-----------------------------------------------------------

Scheme evaluation results:
Order: 8, No. cycles: 22
-----------------------------------------------------------
Vector a: 0.3505707388444657, -0.3341438176729115, -0.0323639895960076, 0.8721699695005406, -0.1200938484190321, -0.2154869466590042, -0.4089104539822454, 0.0947897581540904, 0.1413232377903113, -0.2103735672723820, 0.5694743153625083, 0.2930446039496667
Vector b: 0.7011414776889312, -1.3694291130347536, 1.3047011338427383, 0.4396388051583421, -0.6798265019964064, 0.2488526086783979, -1.0666735166428882, 1.2562530329510688, -0.9736065573704467, 0.5528594228256830, 0.5860892078993333
-----------------------------------------------------------
| Order |        Error^2         |       Efficiency       |
-----------------------------------------------------------
|   2   | 7.8240903990731457e-34 | 7.3864831005217531e+13 |
|   4   | 5.6071080534223114e-36 | 1.8027678899593328e+12 |
|   6   | 4.9460992903173336e-38 | 3.9658154457465134e+10 |
|   8   | 5.2606439435628004e-12 | 7.9450950869628000e-06 |
-----------------------------------------------------------

Scheme evaluation results:
Order: 8, No. cycles: 22
-----------------------------------------------------------
Vector a: -0.4820741179503518, -0.3242217336439051, 0.4336617422827315, 0.5404339473395527, -0.0839573959974562, -0.7334478486707324, 0.1261714028639430, 1.6918331518773095, -0.0000840810549541, -0.8880146927590294, 0.5062824498560846, 0.2134171758568075
Vector b: -0.9641482359007001, 0.3157047686128887, 0.5516187159525718, 0.5292491787265352, -0.6971639707214489, -0.7697317266200140, 1.0220745323479008, 2.3615917714067147, -2.3617599335166228, 0.5857305479985599, 0.4268343517136144
-----------------------------------------------------------
| Order |        Error^2         |       Efficiency       |
-----------------------------------------------------------
|   2   | 1.5046327690525280e-33 | 5.3264687128558812e+13 |
|   4   | 2.8410500924504789e-33 | 8.0088439408616013e+10 |
|   6   | 2.9560941988765298e-33 | 1.6222014321633580e+08 |
|   8   | 5.6141294372070538e-12 | 7.6909031561287799e-06 |
-----------------------------------------------------------

Scheme evaluation results:
Order: 8, No. cycles: 22
-----------------------------------------------------------
Vector a: 1.1804284967363881, -0.0000862114157289, -1.6610350323017820, -0.3251500843630256, 0.4374201583376032, 0.5466822530721437, -0.0856533051368592, -0.7397789294329380, 0.1215933863896932, 0.8054909922080306, 0.5072462959749562, 0.2128419799315188
Vector b: 2.3608569934727810, -2.3610294163042385, -0.9610406482993310, 0.3107404795732789, 0.5640998371019309, 0.5292646690423585, -0.7005712793160765, -0.7789865795498052, 1.0221733523291916, 0.5888086320868727, 0.4256839598630379
-----------------------------------------------------------
| Order |        Error^2         |       Efficiency       |
-----------------------------------------------------------
|   2   | 1.4275955712770386e-32 | 1.7292271369763846e+13 |
|   4   | 8.9947071830234899e-33 | 4.5010699457833282e+10 |
|   6   | 4.0480791253086984e-33 | 1.3862431676577500e+08 |
|   8   | 5.6797432254659293e-12 | 7.6463505107993446e-06 |
-----------------------------------------------------------

Scheme evaluation results:
Order: 8, No. cycles: 22
-----------------------------------------------------------
Vector a: -0.5141081179429127, -0.4945956668563205, 0.4464546627184661, -0.1987992848437552, 0.1438428772540060, 0.7626543914805416, -0.7889584880071211, -0.1076416738519623, 0.8603821769968866, 0.3992186576087768, 0.3523868889806758, 0.1391635764627189
Vector b: -1.0282162358858244, 0.0390249021731833, 0.8538844232637489, -1.2514829929512588, 1.5391687474592712, -0.0138599644981861, -1.5640570115160579, 1.3487736638121330, 0.3719906901816389, 0.4264466250359145, 0.2783271529254377
-----------------------------------------------------------
| Order |        Error^2         |       Efficiency       |
-----------------------------------------------------------
|   2   | 3.1567195494722038e-33 | 3.6773641545777078e+13 |
|   4   | 1.3263763975900207e-34 | 3.7066013888583612e+11 |
|   6   | 4.1519306720790994e-36 | 4.3285144182523155e+09 |
|   8   | 5.7490233535009591e-12 | 7.6001386812076411e-06 |
-----------------------------------------------------------

Scheme evaluation results:
Order: 8, No. cycles: 22
-----------------------------------------------------------
Vector a: 0.2057532413567397, 0.4831051464620214, -0.1822566074090555, -0.3371539879522486, 0.3159313871086511, -0.4157687136766908, -0.6197834353064834, 0.5118007333209398, 0.1085253530943106, 0.1824805109189553, 0.6718300611558374, 0.0755363109270228
Vector b: 0.4115064827134794, 0.5547038102105635, -0.9192170250286744, 0.2449090491241772, 0.3869537250931249, -1.2184911524465065, -0.0210757181664604, 1.0446771848083400, -0.8276264786197186, 1.1925875004576294, 0.1510726218540456
-----------------------------------------------------------
| Order |        Error^2         |       Efficiency       |
-----------------------------------------------------------
|   2   | 1.5422485882788412e-34 | 1.6637093129373291e+14 |
|   4   | 5.0756560371560163e-36 | 1.8947991662394541e+12 |
|   6   | 1.9618260336377756e-37 | 1.9912861283465660e+10 |
|   8   | 5.7830452454873761e-12 | 7.5777497403323146e-06 |
-----------------------------------------------------------

Scheme evaluation results:
Order: 8, No. cycles: 22
-----------------------------------------------------------
Vector a: 0.2786173487843223, -0.1002386776180591, -0.0704562022275246, 0.6853529991670240, -0.0448373806143086, -0.2262784371450480, 0.3244099244969621, -0.7020026417222496, -0.0086929346235797, 0.1072053567690189, 0.0209592441841282, 0.7359614005493140
Vector b: 0.5572346975686452, -0.7577120528047631, 0.6167996483497138, 0.7539063499843336, -0.8435811112129508, 0.3910242369228546, 0.2577956120710697, -1.6618008955155688, 1.6444150262684092, -1.4300043127303714, 1.4719228010986278
-----------------------------------------------------------
| Order |        Error^2         |       Efficiency       |
-----------------------------------------------------------
|   2   | 8.7870553712667636e-34 | 6.9700028680926812e+13 |
|   4   | 1.2095836869961338e-35 | 1.2274146884141995e+12 |
|   6   | 1.1070080295624656e-36 | 8.3827888983366013e+09 |
|   8   | 5.8737853886839187e-12 | 7.5189901539806851e-06 |
-----------------------------------------------------------

Scheme evaluation results:
Order: 8, No. cycles: 22
-----------------------------------------------------------
Vector a: -0.3816848001802013, -0.1321099841361241, -0.1451515273750916, 0.1394317725113920, 0.1064419197378057, -0.1765967521688172, 0.4912561513869080, 0.5134247492276117, 0.4584616008115029, -0.4040192769631231, -0.0293233443809235, 0.5598694915290606
Vector b: -0.7633696003604027, 0.4991496320881544, -0.7894526868383378, 1.0683162318611215, -0.8554323923855103, 0.5022388880478762, 0.4802734147259399, 0.5465760837292838, 0.3703471178937220, -1.1783856718199679, 1.1197389830581208
-----------------------------------------------------------
| Order |        Error^2         |       Efficiency       |
-----------------------------------------------------------
|   2   | 1.5648180798146291e-34 | 1.6516678327420053e+14 |
|   4   | 4.0084357363040004e-36 | 2.1321699292384045e+12 |
|   6   | 1.5583622740234627e-37 | 2.2342393790423183e+10 |
|   8   | 5.9990777540348394e-12 | 7.4400577743579354e-06 |
-----------------------------------------------------------

Scheme evaluation results:
Order: 8, No. cycles: 22
-----------------------------------------------------------
Vector a: -0.6471095420032332, 0.1869000556489686, 0.1852146098823101, -0.4850304594319992, 0.3432257369001731, -0.3634349797705350, -0.0502809612403639, 0.6881452675669691, 0.7865367579579626, -0.2561392262262819, -0.1175866014968486, 0.7295593422128782
Vector b: -1.2942190840064665, 1.6680191953044037, -1.2975899755397835, 0.3275290566757852, 0.3589224171245610, -1.0857923766656308, 0.9852304541849028, 0.3910600809490354, 1.1820134349668898, -1.6942918874194535, 1.4591186844257564
-----------------------------------------------------------
| Order |        Error^2         |       Efficiency       |
-----------------------------------------------------------
|   2   | 1.0712985315653999e-33 | 6.3124708197159133e+13 |
|   4   | 2.4603096762710478e-35 | 8.6062585562602100e+11 |
|   6   | 1.4743335125037145e-36 | 7.2638362685634813e+09 |
|   8   | 6.0875298831303283e-12 | 7.3858077742199636e-06 |
-----------------------------------------------------------

Scheme evaluation results:
Order: 8, No. cycles: 22
-----------------------------------------------------------
Vector a: 0.1543322077558932, 0.2347836007634270, 0.1458657971121197, -0.3357932480167907, -0.7737758927834757, -0.2978772368342430, 0.5440188695333069, 0.6932570551772058, -0.3022835988189401, -0.0179048815520088, 0.7318426172010960, 0.2235347104624096
Vector b: 0.3086644155117864, 0.1609027860150678, 0.1308288082091713, -0.8024153042427526, -0.7451364813241987, 0.1493820076557127, 0.9386557314109012, 0.4478583789435104, -1.0524255765813906, 1.0166158134773728, 0.4470694209248192
-----------------------------------------------------------
| Order |        Error^2         |       Efficiency       |
-----------------------------------------------------------
|   2   | 9.6296497219361793e-35 | 2.1054716272812469e+14 |
|   4   | 6.2962416165918775e-37 | 5.3798303904374385e+12 |
|   6   | 1.0038812515321273e-38 | 8.8028386853034164e+10 |
|   8   | 6.3651275915549744e-12 | 7.2229564540084720e-06 |
-----------------------------------------------------------

Scheme evaluation results:
Order: 8, No. cycles: 22
-----------------------------------------------------------
Vector a: -0.4296812013161793, -0.1476028979684760, 0.9683379144906556, -0.0131423314624231, -0.4891974074273742, -0.3499053182130079, -0.8931062485908740, -0.0023106024150585, 0.9365326082876265, 0.8648981727853021, 0.4071143345561491, 0.1480629772736594
Vector b: -0.8593624026323580, 0.5641566066954108, 1.3725192222858844, -1.3988038852107301, 0.4204090703559922, -1.1202197067820001, -0.6659927903997593, 0.6613715855696424, 1.2116936310056201, 0.5181027145649802, 0.2961259545473172
-----------------------------------------------------------
| Order |        Error^2         |       Efficiency       |
-----------------------------------------------------------
|   2   | 2.5578757073892976e-34 | 1.2918584185089731e+14 |
|   4   | 3.6682954256340326e-35 | 7.0481822364929382e+11 |
|   6   | 1.4086957059206212e-36 | 7.4311378843005466e+09 |
|   8   | 6.3872789381254067e-12 | 7.2104208207293260e-06 |
-----------------------------------------------------------

Scheme evaluation results:
Order: 8, No. cycles: 22
-----------------------------------------------------------
Vector a: 0.2710044692025121, -0.5171151888624200, -1.1004657266060607, -0.0024818773964950, 1.0958525916841488, 1.0517997122034486, -0.2167866793312475, -0.3213857988784345, 0.3591020016464145, -0.2483456264539683, 0.0912933434042316, 0.5375287793878701
Vector b: 0.5420089384050250, -1.5762393161298562, -0.6246921370822707, 0.6197283822892806, 1.5719768010790227, 0.5316226233278651, -0.9651959819903599, 0.3224243842334898, 0.3957796190593399, -0.8924708719672761, 1.0750575587757398
-----------------------------------------------------------
| Order |        Error^2         |       Efficiency       |
-----------------------------------------------------------
|   2   | 2.0342635037590179e-33 | 4.5809023546044461e+13 |
|   4   | 7.1246712603338846e-35 | 5.0573948449128351e+11 |
|   6   | 3.7003226244402437e-36 | 4.5850504594238024e+09 |
|   8   | 6.8403959733017133e-12 | 6.9675153166152202e-06 |
-----------------------------------------------------------

Scheme evaluation results:
Order: 8, No. cycles: 22
-----------------------------------------------------------
Vector a: 0.2174438765828390, 0.4141583755760447, -0.3755025952306387, -0.6112645564074989, 0.5092547398696036, 0.7159606544961825, -0.2676979870013694, -0.2190800016994311, -0.1891173646715688, -0.3169228442824209, 0.6056193304511344, 0.5171483723171236
Vector b: 0.4348877531656781, 0.3934289979864111, -1.1444341884476883, -0.0780949243673092, 1.0966044041065162, 0.3353169048858489, -0.8707128788885877, 0.4325528754897257, -0.8107876048328632, 0.1769419162680215, 1.0342967446342473
-----------------------------------------------------------
| Order |        Error^2         |       Efficiency       |
-----------------------------------------------------------
|   2   | 6.0185310762101120e-35 | 2.6632343564279406e+14 |
|   4   | 4.8900564994207160e-36 | 1.9304223550405955e+12 |
|   6   | 1.0737363162903508e-37 | 2.6916283501671295e+10 |
|   8   | 7.4762870473346077e-12 | 6.6646227255625830e-06 |
-----------------------------------------------------------

Scheme evaluation results:
Order: 8, No. cycles: 22
-----------------------------------------------------------
Vector a: 0.8274744099090621, -0.0012538752052072, -0.3002007858894147, 0.7161758316512060, -0.0213031533809723, -0.6902550858575941, -0.2431278890209257, 0.4225105048523239, -0.2497405758022038, -0.1526359114111383, 0.4868979941844541, 0.2054585359704099
Vector b: 1.6549488198181244, -1.6574565702285389, 1.0570549984497093, 0.3752966648527023, -0.4179029716146470, -0.9626072001005409, 0.4763514220586897, 0.3686695876459576, -0.8681507392503646, 0.5628789164280881, 0.4109170719408198
-----------------------------------------------------------
| Order |        Error^2         |       Efficiency       |
-----------------------------------------------------------
|   2   | 4.4537129963954829e-34 | 9.7902442045420703e+13 |
|   4   | 1.7776413320310043e-34 | 3.2017484426506396e+11 |
|   6   | 1.0735708419993732e-35 | 2.6918357785519290e+09 |
|   8   | 7.5805230951230961e-12 | 6.6186431418222133e-06 |
-----------------------------------------------------------

Scheme evaluation results:
Order: 8, No. cycles: 22
-----------------------------------------------------------
Vector a: 0.1491997344957428, 0.5055704774495170, 0.3974037328980669, -0.4065668870349455, -0.3252612546432134, 0.3886211735501154, -0.4029604949768913, 0.1022055180234547, 0.7657695999737156, -0.7895286873104664, -0.0841513177474204, 0.6996984053223249
Vector b: 0.2983994689914852, 0.7127414859075492, 0.0820659798885846, -0.8951997539584756, 0.2446772446720492, 0.5325651024281813, -1.3384860923819644, 1.5428971284288733, -0.0113579284814423, -1.5676994461394904, 1.3993968106446499
-----------------------------------------------------------
| Order |        Error^2         |       Efficiency       |
-----------------------------------------------------------
|   2   | 1.2037062152420224e-35 | 5.9551730609857800e+14 |
|   4   | 2.5226108768646290e-35 | 8.4993192947040735e+11 |
|   6   | 1.1734632079346057e-36 | 8.1419639718700037e+09 |
|   8   | 7.5821717239059167e-12 | 6.6179235406845687e-06 |
-----------------------------------------------------------

Scheme evaluation results:
Order: 8, No. cycles: 22
-----------------------------------------------------------
Vector a: 0.1933875240031425, -0.7794815213556293, 0.2179765482158007, 0.2645454567111541, -0.7734383551148606, 0.3345032723585587, 0.6789701928296163, -0.0288365136380345, 0.4708694232664501, -0.1972275665745214, -0.2877653332001489, 0.9064968724984722
Vector b: 0.3867750480062847, -1.9457380907175430, 2.3816911871491442, -1.8526002737268359, 0.3057235634971146, 0.3632829812200026, 0.9946574044392292, -1.0523304317152986, 1.9940692782481997, -2.3885244113972424, 1.8129937449969447
-----------------------------------------------------------
| Order |        Error^2         |       Efficiency       |
-----------------------------------------------------------
|   2   | 8.7870553712667636e-34 | 6.9700028680926812e+13 |
|   4   | 1.0058705159986314e-34 | 4.2563588668357526e+11 |
|   6   | 4.0759658204600773e-35 | 1.3814928715269866e+09 |
|   8   | 8.2920264827731185e-12 | 6.3283168156151303e-06 |
-----------------------------------------------------------

Scheme evaluation results:
Order: 8, No. cycles: 22
-----------------------------------------------------------
Vector a: 0.1637532009183332, 0.7468829564056439, -0.0123812397798588, -1.6180245538687756, 0.0050501996497646, 1.2013255848679694, -0.3221175246848852, -0.0196924984172748, -0.8072980568808160, -0.0011397505939102, 1.4729934207774638, 0.1906482616063459
Vector b: 0.3275064018366658, 1.1662595109746234, -1.1910219905343411, -2.0450271172032131, 2.0551275165027421, 0.3475236532332002, -0.9917587026029682, 0.9523737057684185, -2.5669698195300570, 2.5646903183422363, 0.3812965232126926
-----------------------------------------------------------
| Order |        Error^2         |       Efficiency       |
-----------------------------------------------------------
|   2   | 6.6685324324408041e-33 | 2.5301105905500441e+13 |
|   4   | 2.8023858792000261e-34 | 2.5500301114151550e+11 |
|   6   | 5.7391305295229751e-34 | 3.6816361347685617e+08 |
|   8   | 8.4285110344268566e-12 | 6.2768698478657790e-06 |
-----------------------------------------------------------

Scheme evaluation results:
Order: 8, No. cycles: 22
-----------------------------------------------------------
Vector a: -0.3190008570703928, -0.1425744549376657, 0.8255414213935244, 0.0934327744298813, -0.4513325986536390, 0.2185649002995612, -0.5398296825803999, -0.6344463214375021, 0.5884604647037421, 0.8134568830772816, 0.3961612522071653, 0.1515662185684438
Vector b: -0.6380017141407857, 0.3528528042654542, 1.2982300385215944, -1.1113644896618318, 0.2086992923545539, 0.2284305082445686, -1.3080898734053683, 0.0391972305303641, 1.1377236988771200, 0.4891900672774431, 0.3031324371368875
-----------------------------------------------------------
| Order |        Error^2         |       Efficiency       |
-----------------------------------------------------------
|   2   | 7.8240903990731457e-35 | 2.3358110495991206e+14 |
|   4   | 3.4192191929543288e-36 | 2.3085846591842847e+12 |
|   6   | 1.0557957723112931e-37 | 2.7144006819596073e+10 |
|   8   | 8.8438008299380902e-12 | 6.1277223186238479e-06 |
-----------------------------------------------------------

Scheme evaluation results:
Order: 8, No. cycles: 22
-----------------------------------------------------------
Vector a: 0.3550122198032533, -0.1903531342691375, 0.1709986609088428, 0.5564817602860426, -0.0586893704163826, -0.6578648418668674, -0.0532251992688506, 0.8281074191747698, -0.4700943220360991, -0.3458710613993783, 0.5559980110092367, 0.3094998580745705
Vector b: 0.7100244396065064, -1.0907307081447810, 1.4327280299624665, -0.3197645093903813, 0.2023857685576161, -1.5181154522913511, 1.4116650537536499, 0.2445497845958896, -1.1847384286680880, 0.4929963058693318, 0.6189997161491411
-----------------------------------------------------------
| Order |        Error^2         |       Efficiency       |
-----------------------------------------------------------
|   2   | 1.2037062152420224e-35 | 5.9551730609857800e+14 |
|   4   | 1.0843935386335602e-36 | 4.0993577063662134e+12 |
|   6   | 1.9904846051030067e-37 | 1.9768990994402443e+10 |
|   8   | 9.0306499357045100e-12 | 6.0639980032585978e-06 |
-----------------------------------------------------------

Scheme evaluation results:
Order: 8, No. cycles: 22
-----------------------------------------------------------
Vector a: 0.1320657270250314, 0.4856789651089699, 0.3913255160204315, -0.4153257622661160, -0.2737990669762909, -0.5844098118067834, -0.0049353959287822, 0.9861910969617121, -0.3334831901753914, -0.5702592487498720, 0.5888264100350017, 0.5981247607520893
Vector b: 0.2641314540500627, 0.7072264761678771, 0.0754245558729857, -0.9060760804052178, 0.3584779464526361, -1.5272975700662028, 1.5174267782086384, 0.4549554157147860, -1.1219217960655687, -0.0185967014341752, 1.1962495215041786
-----------------------------------------------------------
| Order |        Error^2         |       Efficiency       |
-----------------------------------------------------------
|   2   | 4.9351954824922919e-34 | 9.3004177963183453e+13 |
|   4   | 2.4708891254284483e-35 | 8.5878143567031592e+11 |
|   6   | 6.5487964056744906e-37 | 1.0898912616906187e+10 |
|   8   | 9.7292256978068329e-12 | 5.8422402747456422e-06 |
-----------------------------------------------------------

Scheme evaluation results:
Order: 8, No. cycles: 22
-----------------------------------------------------------
Vector a: 0.1725733095622923, 0.6391660164006072, -0.1341416709942277, -0.2855871922334010, -0.0879602675837368, 0.2952703732186851, 0.1084665423542913, -0.4788188760280902, 0.4594939992041415, -0.4531854711663167, -0.0184319125427607, 0.7831551498085156
Vector b: 0.3451466191245846, 0.9331854136766299, -1.2014687556650852, 0.6302943711982831, -0.8062149063657568, 1.3967556528031271, -1.1798225680945444, 0.2221848160383639, 0.6968031823699192, -1.6031741247025526, 1.5663102996170313
-----------------------------------------------------------
| Order |        Error^2         |       Efficiency       |
-----------------------------------------------------------
|   2   | 1.7363462154866173e-33 | 4.9583419676829250e+13 |
|   4   | 1.0115128888825784e-34 | 4.2444709566415747e+11 |
|   6   | 3.9623113583586493e-36 | 4.4308761947410879e+09 |
|   8   | 1.0299609079873738e-11 | 5.6781672789487127e-06 |
-----------------------------------------------------------

Scheme evaluation results:
Order: 8, No. cycles: 22
-----------------------------------------------------------
Vector a: 0.1761433401834078, 0.5727701695305906, -0.0702662777585187, -0.2392956189465617, -0.2426577335537626, 0.1280076384844440, 0.1968521846865125, -0.1181177543702650, -0.3490818047442457, -0.0494621744173978, 0.7890102911866068, 0.2060977397191899
Vector b: 0.3522866803668155, 0.7932536586943657, -0.9337862142114031, 0.4551949763182797, -0.9405104434258049, 1.1965257203946928, -0.8028213510216679, 0.5665858422811378, -1.2647494517696292, 1.1658251029348337, 0.4121954794383798
-----------------------------------------------------------
| Order |        Error^2         |       Efficiency       |
-----------------------------------------------------------
|   2   | 6.0185310762101120e-35 | 2.6632343564279406e+14 |
|   4   | 3.8350503195577130e-36 | 2.1798356119520867e+12 |
|   6   | 2.6580941341774418e-37 | 1.7107192271496321e+10 |
|   8   | 1.0651974631463058e-11 | 5.5834610606470304e-06 |
-----------------------------------------------------------

Scheme evaluation results:
Order: 8, No. cycles: 22
-----------------------------------------------------------
Vector a: 0.1827028084201426, 0.8615862119891874, 0.0371984497800677, 0.0512931072224831, -0.0240134796093712, -0.4566513383958165, -0.1146285861107506, -0.1040275225177603, 0.4695397488264955, -0.1023396357480617, -0.0507989413065779, 0.2501391774499619
Vector b: 0.3654056168402717, 1.3577668071380522, -1.2833699075779141, 1.3859561220228744, -1.4339830812416183, 0.5206804044500348, -0.7499375766715425, 0.5418825316360396, 0.3971969660169542, -0.6018762375130843, 0.5002783548999326
-----------------------------------------------------------
| Order |        Error^2         |       Efficiency       |
-----------------------------------------------------------
|   2   | 8.1852022636457524e-34 | 7.2217081027285922e+13 |
|   4   | 2.8145448988913441e-34 | 2.5445160004613519e+11 |
|   6   | 4.8455655063544676e-35 | 1.2670439528730347e+09 |
|   8   | 1.0681940834135141e-11 | 5.5756238784289460e-06 |
-----------------------------------------------------------

Scheme evaluation results:
Order: 8, No. cycles: 22
-----------------------------------------------------------
Vector a: 0.2425219992152176, -0.1577506065406590, -0.7237686984840213, -0.1523551527186223, 1.3588671273581601, -0.0036899155165309, -0.8081325111876640, 0.5997462231043195, -0.9209625514356440, 0.0048138433462340, 1.3514746345339546, 0.2092356083252558
Vector b: 0.4850439984304276, -0.8005452115117399, -0.6469921854562977, 0.3422818800190441, 2.3754523746973519, -2.3828322057304145, 0.7665671833550155, 0.4329252628536256, -2.2748503657249803, 2.2844780524174495, 0.4184712166505182
-----------------------------------------------------------
| Order |        Error^2         |       Efficiency       |
-----------------------------------------------------------
|   2   | 8.6967774051236119e-34 | 7.0060859541009172e+13 |
|   4   | 2.5098641099978998e-34 | 2.6945371305253250e+11 |
|   6   | 7.7779674022475610e-35 | 1.0000710504709996e+09 |
|   8   | 1.1065197230418430e-11 | 5.4782137513146583e-06 |
-----------------------------------------------------------

Scheme evaluation results:
Order: 8, No. cycles: 22
-----------------------------------------------------------
Vector a: -0.3678726893770661, 0.5060758877735902, -0.0016670784106722, -0.5496472077014688, 0.5272011806640896, 0.3698933378144899, 0.3702445411812889, -0.2548392509053236, -0.0540701046222191, -0.1794739251145929, 0.0261641505645791, 0.6079911581333050
Vector b: -0.7357453787541322, 1.7478971543013126, -1.7512313111226570, 0.6519368957197196, 0.4024654656084594, 0.3373212100205205, 0.4031678723420571, -0.9128463741527042, 0.8047061649082661, -1.1636540151374519, 1.2159823162666101
-----------------------------------------------------------
| Order |        Error^2         |       Efficiency       |
-----------------------------------------------------------
|   2   | 2.4074124304840448e-34 | 1.3316171782139703e+14 |
|   4   | 3.1033050861708390e-36 | 2.4232434086502358e+12 |
|   6   | 2.5848894055700962e-37 | 1.7347741089456917e+10 |
|   8   | 1.1966459462380939e-11 | 5.2678780967484385e-06 |
-----------------------------------------------------------

Scheme evaluation results:
Order: 8, No. cycles: 22
-----------------------------------------------------------
Vector a: -0.4773440847166398, -0.6513494650821566, -0.0294527277864207, 0.7275759642591810, 0.0926754794458266, -0.2697087644101691, 0.5005631029059596, 0.5405392667187148, 0.4327419798493294, -0.4931045348368307, -0.0191837496980558, 0.6460475333512614
Vector b: -0.9546881694332791, -0.3480107607310345, 0.2891053051581931, 1.1660466233601696, -0.9806956644685162, 0.4412781356481770, 0.5598480701637422, 0.5212304632736866, 0.3442534964249730, -1.3304625660986358, 1.2920950667025239
-----------------------------------------------------------
| Order |        Error^2         |       Efficiency       |
-----------------------------------------------------------
|   2   | 2.0463005659114381e-34 | 1.4443416205457184e+14 |
|   4   | 1.1249480937369291e-35 | 1.2727497917627898e+12 |
|   6   | 2.9689913682508945e-37 | 1.6186742112370823e+10 |
|   8   | 1.2407391303004498e-11 | 5.1734268631230959e-06 |
-----------------------------------------------------------

Scheme evaluation results:
Order: 8, No. cycles: 22
-----------------------------------------------------------
Vector a: -0.4165923696243725, -0.1537845788324181, 0.5363616840542726, -0.2873097847294089, -0.7742209556186652, -0.0201393395528252, 0.7789908084696844, 0.8132982111868078, 0.3770873612954140, -0.6999027502781662, -0.0016265285763332, 0.8478382422060107
Vector b: -0.8331847392487449, 0.5256155815839086, 0.5471077865246364, -1.1217273559834542, -0.4267145552538762, 0.3864358761482257, 1.1715457407911429, 0.4550506815824726, 0.2991240410083553, -1.6989295415646875, 1.6956764844120211
-----------------------------------------------------------
| Order |        Error^2         |       Efficiency       |
-----------------------------------------------------------
|   2   | 6.2592723192585165e-34 | 8.2583391637100266e+13 |
|   4   | 1.9187006541296788e-35 | 9.7455345368351611e+11 |
|   6   | 7.8104439313299937e-37 | 9.9798969186326199e+09 |
|   8   | 1.2532989936528877e-11 | 5.1474389911961370e-06 |
-----------------------------------------------------------

Scheme evaluation results:
Order: 8, No. cycles: 22
-----------------------------------------------------------
Vector a: -0.3808600320998229, -0.1182775270793939, 0.8529102192753384, 0.1275181152497231, -0.1373167851164206, -0.1966577210868306, -0.1609282094275595, 0.5527409579862784, 0.3395209191185893, -0.5475833494431221, -0.0133261117501258, 0.6822595243733464
Vector b: -0.7617200641996454, 0.5251650100408579, 1.1806554285098194, -0.9256191980103735, 0.6509856277775337, -1.0443010699511941, 0.7224446510960747, 0.3830372648764792, 0.2960045733606999, -1.3911712722469440, 1.3645190487466925
-----------------------------------------------------------
| Order |        Error^2         |       Efficiency       |
-----------------------------------------------------------
|   2   | 3.8518598887744717e-34 | 1.0527358136406234e+14 |
|   4   | 5.6423728839469800e-36 | 1.7971254101096418e+12 |
|   6   | 2.1751309011501592e-37 | 1.8911292675806259e+10 |
|   8   | 1.2898742127130890e-11 | 5.0739346946948115e-06 |
-----------------------------------------------------------

Scheme evaluation results:
Order: 8, No. cycles: 22
-----------------------------------------------------------
Vector a: -0.5634483291429377, 0.5040414960735112, 0.0566256489082620, -0.8867233508619762, 0.4737937323719421, 0.4515131944170782, 0.5813136360537146, -0.6163293253185415, -0.4927449261422928, -0.0026470240004553, 0.4444602379513126, 1.0501450096903828
Vector b: -1.1268966582858753, 2.1349796504328977, -2.0217283526163738, 0.2482816508924208, 0.6993058138514635, 0.2037205749826943, 0.9589066971247330, -2.1915653477618160, 1.2060754954772301, -1.2113695434781409, 2.1002900193807661
-----------------------------------------------------------
| Order |        Error^2         |       Efficiency       |
-----------------------------------------------------------
|   2   | 7.2342743536045547e-33 | 2.4291657595224738e+13 |
|   4   | 2.9587927494166241e-35 | 7.8478736769255701e+11 |
|   6   | 1.2723990408118574e-35 | 2.4725907974532895e+09 |
|   8   | 1.3310047430639257e-11 | 4.9949224731772009e-06 |
-----------------------------------------------------------

Scheme evaluation results:
Order: 8, No. cycles: 22
-----------------------------------------------------------
Vector a: 0.2625410017573374, 0.5432001991767392, -0.1258291695184023, -0.1992474259080369, 0.3206501853491180, -0.5251588507194214, -0.5837473335487465, 0.7232067857612237, -0.0719588498313631, -0.7688773784246110, 0.6983441657920562, 0.7268766701141067
Vector b: 0.5250820035146748, 0.5613183948388033, -0.8129767338756079, 0.4144818820595338, 0.2268184886387027, -1.2771361900775455, 0.1096415229800527, 1.3367720485423942, -1.4806897482051204, -0.0570650086441013, 1.4537533402282135
-----------------------------------------------------------
| Order |        Error^2         |       Efficiency       |
-----------------------------------------------------------
|   2   | 2.0463005659114381e-34 | 1.4443416205457184e+14 |
|   4   | 3.3771952699124320e-35 | 7.3456662201943713e+11 |
|   6   | 9.3709585997946593e-37 | 9.1111229123125687e+09 |
|   8   | 1.3670539501855461e-11 | 4.9286244407761171e-06 |
-----------------------------------------------------------

Scheme evaluation results:
Order: 8, No. cycles: 22
-----------------------------------------------------------
Vector a: 0.1655865476542485, -0.7296578193013019, -0.8954480680898470, 0.8948817188063103, 1.0168119300767491, -0.2945721059535956, -0.7601806556079893, -0.2413831553769201, 0.5438469007309532, 0.6591987394308070, 0.4293833452358857, 0.2115326223947001
Vector b: 0.3311730953085013, -1.7904887339111140, -0.0004074022685899, 1.7901708398812204, 0.2434530202722811, -0.8325972321794713, -0.6877640790365072, 0.2049977682826664, 0.8826960331792408, 0.4357014456823721, 0.4230652447894002
-----------------------------------------------------------
| Order |        Error^2         |       Efficiency       |
-----------------------------------------------------------
|   2   | 1.7814851985581932e-33 | 4.8951221022710352e+13 |
|   4   | 1.1797334773249404e-34 | 3.9302241952245502e+11 |
|   6   | 1.0254933589172991e-35 | 2.7542127787106037e+09 |
|   8   | 1.3989761938058237e-11 | 4.8720685625680749e-06 |
-----------------------------------------------------------

Scheme evaluation results:
Order: 8, No. cycles: 22
-----------------------------------------------------------
Vector a: 0.2998580266951307, -0.4619818793162271, -0.7657208903038987, 0.7553828573090101, 1.0061393983136508, -0.2366169648289544, -0.3227679292363242, 0.3266745373854478, -0.2784169888752754, -0.4200430359869312, 0.5609083834067166, 0.5365844854376550
Vector b: 0.5997160533902612, -1.5236798120227137, -0.0077619685850835, 1.5185276832031036, 0.4937511134241967, -0.9669850430821054, 0.3214491846094580, 0.3318998901614361, -0.8887338679119858, 0.0486477959381234, 1.0731689708753094
-----------------------------------------------------------
| Order |        Error^2         |       Efficiency       |
-----------------------------------------------------------
|   2   | 1.5648180798146291e-34 | 1.6516678327420053e+14 |
|   4   | 2.6095974588254783e-36 | 2.6425457584978794e+12 |
|   6   | 2.0738750919878365e-37 | 1.9367457751804043e+10 |
|   8   | 1.4190491710717473e-11 | 4.8374872264108566e-06 |
-----------------------------------------------------------

Scheme evaluation results:
Order: 8, No. cycles: 22
-----------------------------------------------------------
Vector a: 0.1284028551629053, 0.2516245707388753, 0.2810433469323925, -0.3939715668646047, -0.0280082912879632, 0.6499089911711233, -0.3681323674973351, -0.2834895864099202, -0.0824907957706058, -0.2564986957429819, 0.5691852524606063, 0.5324262871075082
Vector b: 0.2568057103258108, 0.2464434311519396, 0.3156432627128454, -1.1035863964420547, 1.0475698138661282, 0.2522481684761185, -0.9885129034707888, 0.4215337306509485, -0.5865153221921601, 0.0735179307061963, 1.0648525742150163
-----------------------------------------------------------
| Order |        Error^2         |       Efficiency       |
-----------------------------------------------------------
|   2   | 6.0185310762101120e-35 | 2.6632343564279406e+14 |
|   4   | 2.6918820633830384e-36 | 2.6018440513246123e+12 |
|   6   | 7.9685229537400734e-38 | 3.1244602299703678e+10 |
|   8   | 1.4541341270405068e-11 | 4.7787721048360083e-06 |
-----------------------------------------------------------

Scheme evaluation results:
Order: 8, No. cycles: 22
-----------------------------------------------------------
Vector a: 0.3150185207658610, 0.4267372901138556, -0.4950306435532734, -0.5026097942155102, 0.1507549825838142, -0.3350488422738711, 0.2050529967004802, 0.0644832699679829, -0.3327221791804247, 0.7519171518146462, 0.6569263226835428, 0.0945209245928965
Vector b: 0.6300370415317220, 0.2234375386959893, -1.2134988258025361, 0.2082792373715157, 0.0932307277961125, -0.7633284123438546, 1.1734344057448152, -1.0444678658088493, 0.3790235074479998, 1.1248107961812925, 0.1890418491857929
-----------------------------------------------------------
| Order |        Error^2         |       Efficiency       |
-----------------------------------------------------------
|   2   | 1.2037062152420224e-34 | 1.8831910733191878e+14 |
|   4   | 5.2796226741229148e-37 | 5.8749995008170352e+12 |
|   6   | 5.4066693815211357e-38 | 3.7931411895228020e+10 |
|   8   | 1.5005299278503569e-11 | 4.7043131392055837e-06 |
-----------------------------------------------------------

Scheme evaluation results:
Order: 8, No. cycles: 22
-----------------------------------------------------------
Vector a: 0.2020036608575630, 0.4324596209116084, -0.2399491487876945, 0.1133092387470817, 0.1844763677512117, -0.1953576154674557, -0.2396508843717601, -0.0456509491789688, 0.6404018197717452, -0.3753640067772144, -0.0472818152210652, 0.5706037117649488
Vector b: 0.4040073217151259, 0.4609119201080908, -0.9408102176834801, 1.1674286951776434, -0.7984759596752199, 0.4077607287403086, -0.8870624974838287, 0.7957605991258910, 0.4850430404175993, -1.2357710539720281, 1.1412074235298977
-----------------------------------------------------------
| Order |        Error^2         |       Efficiency       |
-----------------------------------------------------------
|   2   | 6.0185310762101120e-35 | 2.6632343564279406e+14 |
|   4   | 3.8203566401724344e-36 | 2.1840235804852964e+12 |
|   6   | 1.5502979695170891e-37 | 2.2400428493824265e+10 |
|   8   | 1.5586669241020014e-11 | 4.6157459114559713e-06 |
-----------------------------------------------------------

Scheme evaluation results:
Order: 8, No. cycles: 22
-----------------------------------------------------------
Vector a: 0.3404763151559553, -0.0915212085684140, -0.9282424950546042, 0.0550564228994259, 0.9416075105529359, 0.5292350814699239, -0.3081679340187451, 0.4724709496141314, -0.0008706025027121, -0.7277064837712197, 0.4551972058671699, 0.2624652383561527
Vector b: 0.6809526303119099, -0.8639950474487376, -0.9924899426604704, 1.1026027884593219, 0.7806122326465502, 0.2778579302932974, -0.8941937983307873, 1.8391356975590487, -1.8408769025644729, 0.3854639350220345, 0.5249304767123054
-----------------------------------------------------------
| Order |        Error^2         |       Efficiency       |
-----------------------------------------------------------
|   2   | 8.7870553712667636e-34 | 6.9700028680926812e+13 |
|   4   | 3.0562265374204064e-34 | 2.4418360745197089e+11 |
|   6   | 2.7791614606709930e-35 | 1.6730427015608442e+09 |
|   8   | 1.6016920632600978e-11 | 4.5533291082941832e-06 |
-----------------------------------------------------------

Scheme evaluation results:
Order: 8, No. cycles: 22
-----------------------------------------------------------
Vector a: -0.6559288432953930, 0.0544962558424444, -0.0236539695660169, -1.0268659920216279, -0.0024506104436751, 0.9837178584701998, 0.8728891608731101, 0.4575473600382484, -0.1153682511934055, -0.1534793187547094, 0.4245125136253828, 0.1845838364254423
Vector b: -1.3118576865907654, 1.4208501982756527, -1.4681581374076849, -0.5855738466355827, 0.5806726257482323, 1.3867630911921802, 0.3590152305540122, 0.5560794895224859, -0.7868159919092986, 0.4798573543998830, 0.3691676728508849
-----------------------------------------------------------
| Order |        Error^2         |       Efficiency       |
-----------------------------------------------------------
|   2   | 2.8196818092044375e-33 | 3.8909404770108891e+13 |
|   4   | 8.1555063376081043e-35 | 4.7269805131386975e+11 |
|   6   | 2.3422841584433554e-35 | 1.8224017529965012e+09 |
|   8   | 1.6149016458764240e-11 | 4.5346681942653394e-06 |
-----------------------------------------------------------

Scheme evaluation results:
Order: 8, No. cycles: 22
-----------------------------------------------------------
Vector a: 0.1612096701942198, 0.5588841837094874, -0.2729192699119665, -0.9802704032656017, 0.0070499499601185, 1.1593435267546839, -0.0220732825463248, -0.1052323469030930, 0.1600861573984628, -0.2135699221412445, 0.4666467749054903, 0.0808449618457677
Vector b: 0.3224193403884398, 0.7953490270305358, -1.3411875668544706, -0.6193532396767409, 0.6334531395969779, 1.6852339139123991, -1.7293804790050489, 1.5189157851988624, -1.1987434704019357, 0.7716036261194452, 0.1616899236915359
-----------------------------------------------------------
| Order |        Error^2         |       Efficiency       |
-----------------------------------------------------------
|   2   | 3.7991977418576332e-34 | 1.0600068923563069e+14 |
|   4   | 2.3442571597761943e-35 | 8.8167119283951440e+11 |
|   6   | 3.0305225771985853e-36 | 5.0664662405228510e+09 |
|   8   | 1.6192265502025378e-11 | 4.5286081653666137e-06 |
-----------------------------------------------------------

Scheme evaluation results:
Order: 8, No. cycles: 22
-----------------------------------------------------------
Vector a: -0.5005868936586703, -0.4576998586200332, 0.5237390612131875, 0.7572131881494378, -0.7616859300649603, -0.0107491813861621, 0.5033673632812786, -0.0660129596459664, -0.4533758259742991, 0.0230278672630213, 1.1885422252034636, 0.2542209442397026
Vector b: -1.0011737873173407, 0.0857740700772742, 0.9617040523491007, 0.5527223239497751, -2.0760941840796958, 2.0545958213073718, -1.0478610947448141, 0.9158351754528814, -1.8225868274014798, 1.8686425619275224, 0.5084418884794051
-----------------------------------------------------------
| Order |        Error^2         |       Efficiency       |
-----------------------------------------------------------
|   2   | 4.2009346911946582e-33 | 3.1877310551141965e+13 |
|   4   | 9.9770083026041652e-35 | 4.2737499615530835e+11 |
|   6   | 5.7406652495377240e-36 | 3.6811439741820245e+09 |
|   8   | 1.6266947446976415e-11 | 4.5182007322092416e-06 |
-----------------------------------------------------------

Scheme evaluation results:
Order: 8, No. cycles: 22
-----------------------------------------------------------
Vector a: 0.2171822707461800, -0.4506037785699487, -0.4845064811652944, 0.3386587991342841, -0.1986181707260246, 0.2543948188898031, 0.8379620902004424, -0.3527489379997479, -0.6384674633475533, 0.5988139770706488, 0.7664477542922501, 0.1114851214749607
Vector b: 0.4343645414923599, -1.3355720986322575, 0.3665591363016685, 0.3107584619668998, -0.7079948034189489, 1.2167844411985553, 0.4591397392023295, -1.1646376152018254, -0.1122973114932813, 1.3099252656345788, 0.2229702429499213
-----------------------------------------------------------
| Order |        Error^2         |       Efficiency       |
-----------------------------------------------------------
|   2   | 9.1782598912204209e-34 | 6.8198443505425555e+13 |
|   4   | 5.7674528297141641e-36 | 1.7775312765213953e+12 |
|   6   | 6.7613144160731866e-38 | 3.3919414653247940e+10 |
|   8   | 1.7468141955776245e-11 | 4.3600874214774199e-06 |
-----------------------------------------------------------

Scheme evaluation results:
Order: 8, No. cycles: 22
-----------------------------------------------------------
Vector a: 0.1685377347058018, 0.5756859068057339, 0.0494744240733763, -0.2959627628619965, 0.1343420077776392, 0.1812923403811922, -0.2555528446956127, -0.1075268694748081, 0.4032613943107639, 1.1022746359013507, -0.0000627161719785, -0.9557632507514623
Vector b: 0.3370754694117061, 0.8142963441996232, -0.7153474960528812, 0.1234219703289842, 0.1452620452261271, 0.2173226355363190, -0.7284283249274943, 0.5133745859778711, 0.2931482026437020, 1.9114010691588801, -1.9115265015028371
-----------------------------------------------------------
| Order |        Error^2         |       Efficiency       |
-----------------------------------------------------------
|   2   | 5.5466782398352393e-32 | 8.7727984470051973e+12 |
|   4   | 2.3705912454388875e-32 | 2.7725599059070812e+10 |
|   6   | 1.9967299186277393e-32 | 6.2417195662226543e+07 |
|   8   | 1.7884535647090302e-11 | 4.3090319981990324e-06 |
-----------------------------------------------------------

Scheme evaluation results:
Order: 8, No. cycles: 22
-----------------------------------------------------------
Vector a: -0.5091718902655662, -0.0971086822865043, 0.5431450840280181, -0.5632747190947566, -0.6925871869140826, 1.2282141505922828, 1.2261304511842988, -1.2271895165685842, -0.5128111726898290, 1.0246666992466411, 0.4452947146570289, 0.1346920681110534
Vector b: -1.0183437805311213, 0.8241264159580697, 0.2621637520980811, -1.3887131902876639, 0.0035388164593192, 2.4528894847256164, -0.0006285823565259, -2.4537504507811363, 1.4281281054012966, 0.6212052930919332, 0.2693841362221312
-----------------------------------------------------------
| Order |        Error^2         |       Efficiency       |
-----------------------------------------------------------
|   2   | 1.3541694921472752e-34 | 1.7754895709519606e+14 |
|   4   | 1.3898567659542706e-33 | 1.1450494801250627e+11 |
|   6   | 5.4813691442496817e-35 | 1.1912951939226687e+09 |
|   8   | 2.0849373981074862e-11 | 3.9909110078488947e-06 |
-----------------------------------------------------------

Scheme evaluation results:
Order: 8, No. cycles: 22
-----------------------------------------------------------
Vector a: 0.0504220516965176, -0.5656478882746051, -0.6189071914754090, 0.6483176189197668, 0.2399640062115745, -0.1325926423520852, 0.5671159897548793, 0.4542333876492874, 0.2777268009104389, -0.6030432816840432, -0.0163216570979962, 0.6987328057416742
Vector b: 0.1008441033930262, -1.2321398799422270, -0.0056745030085914, 1.3023097408481257, -0.8223817284249760, 0.5571964437208051, 0.5770355357889526, 0.3314312395096228, 0.2240223623112547, -1.4301089256793420, 1.3974656114833495
-----------------------------------------------------------
| Order |        Error^2         |       Efficiency       |
-----------------------------------------------------------
|   2   |          0.0           |        Infinity        |
|   4   | 1.5246161730165069e-35 | 1.0932739888418688e+12 |
|   6   | 1.3061023629792944e-36 | 7.7174763536851349e+09 |
|   8   | 2.1514964340703727e-11 | 3.9286943123104264e-06 |
-----------------------------------------------------------

Scheme evaluation results:
Order: 8, No. cycles: 22
-----------------------------------------------------------
Vector a: 0.1535228711078635, -0.2955660060186552, -0.2973420640912243, 0.5424445653490840, 0.5399974705815646, -0.8157513218272373, -0.0004664505464293, 1.0775757506760351, -0.4434286713459837, -0.5862529739386783, 0.5477168442942095, 0.5775499857594516
Vector b: 0.3070457422157269, -0.8981777542530371, 0.3034936260705884, 0.7813955046275797, 0.2985994365355493, -1.9301020801900235, 1.9291691790971650, 0.2259823222549048, -1.1128396649468724, -0.0596662829304843, 1.1550999715189032
-----------------------------------------------------------
| Order |        Error^2         |       Efficiency       |
-----------------------------------------------------------
|   2   | 7.8240903990731457e-34 | 7.3864831005217531e+13 |
|   4   | 1.5116857351574617e-35 | 1.0979397768222494e+12 |
|   6   | 8.6252543709917707e-37 | 9.4968145885265465e+09 |
|   8   | 2.2726160576531990e-11 | 3.8225706237250266e-06 |
-----------------------------------------------------------

Scheme evaluation results:
Order: 8, No. cycles: 22
-----------------------------------------------------------
Vector a: -0.5472928246116494, 0.0531148394140149, 1.0961223884713927, 0.0050571360231318, -0.9308778587142686, -0.1621837285204094, 0.5242130511569203, 0.4779352088906930, 0.3744344228558896, -0.5400787472170480, -0.0165991791582883, 0.6661552914096215
Vector b: -1.0945856492232993, 1.2008153280513290, 0.9914294488914577, -0.9813151768451940, -0.8804405405833452, 0.5560730835425253, 0.4923530187713220, 0.4635173990100576, 0.2853514467017235, -1.3655089411358181, 1.3323105828192414
-----------------------------------------------------------
| Order |        Error^2         |       Efficiency       |
-----------------------------------------------------------
|   2   | 2.4074124304840448e-34 | 1.3316171782139703e+14 |
|   4   | 3.1138845353282396e-35 | 7.6499399204583850e+11 |
|   6   | 2.3114994382966388e-37 | 1.8344970551990376e+10 |
|   8   | 2.4428263676950460e-11 | 3.6869924974633442e-06 |
-----------------------------------------------------------

Scheme evaluation results:
Order: 8, No. cycles: 22
-----------------------------------------------------------
Vector a: 0.2885182693849562, -0.1779899640585846, -0.7605183596641734, -0.1037369196855290, 0.6183094439838563, 0.6376875002533725, 0.3518112219985333, -0.9532582843511131, 0.2622826454648542, -0.0006529075674316, -0.2604032211680730, 1.0979505754093322
Vector b: 0.5770365387699470, -0.9330164668871396, -0.5880202524411765, 0.3805464130701090, 0.8560724748975577, 0.4193025256091374, 0.2843199183880007, -2.1908364870907837, 2.7154017780206137, -2.7167075931554776, 2.1959011508192123
-----------------------------------------------------------
| Order |        Error^2         |       Efficiency       |
-----------------------------------------------------------
|   2   | 2.0128977184384720e-32 | 1.4562763095877074e+13 |
|   4   | 3.6892008579794377e-34 | 2.2225069423291940e+11 |
|   6   | 4.0055822352468163e-35 | 1.3935773815833631e+09 |
|   8   | 2.4768223443423781e-11 | 3.6616019014451440e-06 |
-----------------------------------------------------------

Scheme evaluation results:
Order: 8, No. cycles: 22
-----------------------------------------------------------
Vector a: 0.2566162486179284, 0.4616983381716897, -0.2824096483748053, -0.7089302718463923, 0.0515766783296487, 0.8276246171057628, 0.0763971142895452, 0.3830459638819221, -0.0014539977096175, -0.5870041272004184, 0.3992736048473022, 0.1235654798874344
Vector b: 0.5132324972358557, 0.4101641791075259, -0.9749834758571371, -0.4428770678356498, 0.5460304244949473, 1.1092188097165803, -0.9564245811374896, 1.7225165089013332, -1.7254245043205683, 0.5514162499197327, 0.2471309597748695
-----------------------------------------------------------
| Order |        Error^2         |       Efficiency       |
-----------------------------------------------------------
|   2   | 3.2289419223867251e-33 | 3.6360054167967234e+13 |
|   4   | 3.3026285204519895e-34 | 2.3489805091849222e+11 |
|   6   | 1.8504576238429476e-34 | 6.4837213661566138e+08 |
|   8   | 2.4817132067186941e-11 | 3.6579920518217558e-06 |
-----------------------------------------------------------

Scheme evaluation results:
Order: 8, No. cycles: 22
-----------------------------------------------------------
Vector a: 0.5601668165723207, 0.1113076519811840, -0.2610054066313234, 0.3347226945778443, -0.3682041671141848, -0.1631819830958149, 0.6008596040305753, -0.1726781206547212, 0.5093401298939713, -0.0008259212836531, -0.5411569767513608, 0.3906556784751625
Vector b: 1.1203336331446470, -0.8977183291822778, 0.3757075159196286, 0.2937378732360626, -1.0301462074644350, 0.7037822412727980, 0.4979369667883526, -0.8432932080977936, 1.8619734678857607, -1.8636253104530669, 0.7813113569503237
-----------------------------------------------------------
| Order |        Error^2         |       Efficiency       |
-----------------------------------------------------------
|   2   | 2.6601907356848695e-33 | 4.0058829016648773e+13 |
|   4   | 9.1534569604180706e-34 | 1.4109665071403503e+11 |
|   6   | 2.0615668270596275e-34 | 6.1427834626802325e+08 |
|   8   | 2.5173123574975197e-11 | 3.6320347875959391e-06 |
-----------------------------------------------------------

Scheme evaluation results:
Order: 8, No. cycles: 22
-----------------------------------------------------------
Vector a: 0.5888336628764081, 0.0968153182192343, -0.2496255877734447, 0.4422129720639405, -0.4990421145250249, -0.4190739793977693, 0.5595508474791834, -0.2194165046074296, -0.7136357449663712, -0.0862321582327326, 0.8139189369092491, 0.6856943519547567
Vector b: 1.1776673257528163, -0.9840366893143477, 0.4847855137674584, 0.3996404303604226, -1.3977246594104724, 0.5595767006149338, 0.5595249943434328, -0.9983580035582920, -0.4289134863744503, 0.2564491699089851, 1.3713887039095134
-----------------------------------------------------------
| Order |        Error^2         |       Efficiency       |
-----------------------------------------------------------
|   2   | 2.0463005659114381e-34 | 1.4443416205457184e+14 |
|   4   | 1.6574470346594254e-36 | 3.3158085511357070e+12 |
|   6   | 8.3006661146102331e-37 | 9.6807151734702797e+09 |
|   8   | 2.5277645499031078e-11 | 3.6245178589897897e-06 |
-----------------------------------------------------------

Scheme evaluation results:
Order: 8, No. cycles: 22
-----------------------------------------------------------
Vector a: -0.4882420653344672, 1.1200813818334667, -0.0000859382631721, -1.5366436554759957, 0.5493438389780415, 0.6839249465376637, -0.4556756919129029, -0.1670800158703953, -0.0876825080671896, 0.1174885278436119, 0.9823423645996907, 0.2822288151316484
Vector b: -0.9764841306689345, 3.2166468943358653, -3.2168187708622096, 0.1435314599102218, 0.9551562180458600, 0.4126936750294674, -1.3240450588552721, 0.9898850271144818, -1.1652500432488608, 1.4002270989360843, 0.5644576302632964
-----------------------------------------------------------
| Order |        Error^2         |       Efficiency       |
-----------------------------------------------------------
|   2   | 1.8609298087641666e-32 | 1.5145710177494635e+13 |
|   4   | 3.3260436332364002e-33 | 7.4019356569553497e+10 |
|   6   | 3.9424660311370657e-33 | 1.4046882027772778e+08 |
|   8   | 2.5991377670646994e-11 | 3.5744061897399607e-06 |
-----------------------------------------------------------

Scheme evaluation results:
Order: 8, No. cycles: 22
-----------------------------------------------------------
Vector a: -0.5288037534910656, 0.1226213868600759, 0.2525887056424380, -0.2570307316542647, -0.2769663497612284, -0.1347234870203942, 0.4855824972326767, 0.7956929832415156, -0.0770607102080222, -0.3442446799898987, 0.6446596105852015, 0.3176845285629661
Vector b: -1.0576075069821309, 1.3028502807022828, -0.7976728694174069, 0.2836114061088776, -0.8375441056313344, 0.5680971315905459, 0.4030678628748074, 1.1883181036082238, -1.3424395240242681, 0.6539501640444708, 0.6353690571259322
-----------------------------------------------------------
| Order |        Error^2         |       Efficiency       |
-----------------------------------------------------------
|   2   | 3.0092655381050560e-34 | 1.1910346121971559e+14 |
|   4   | 6.1654678700628980e-36 | 1.7191994251862695e+12 |
|   6   | 2.0305236538904361e-37 | 1.9573112331496159e+10 |
|   8   | 2.6106899530318587e-11 | 3.5664891283207883e-06 |
-----------------------------------------------------------

Scheme evaluation results:
Order: 8, No. cycles: 22
-----------------------------------------------------------
Vector a: -0.4903442827376706, -0.4207579875673871, 0.5472433815586053, 0.6898936364601783, -0.4217905253144327, -0.1488774174600574, -0.1145347059262852, 0.5538478761364980, -0.0008817883883044, -0.4594488433414269, 0.9803079208080877, 0.2853427357721952
Vector b: -0.9806885654753411, 0.1391725903405669, 0.9553141727766437, 0.4244731001437129, -1.2680541507725782, 0.9702993158524634, -1.1993687277050338, 2.3070644799780302, -2.3088280567546393, 1.3899303700717849, 0.5706854715443904
-----------------------------------------------------------
| Order |        Error^2         |       Efficiency       |
-----------------------------------------------------------
|   2   | 3.1296361596292583e-33 | 3.6932415502608766e+13 |
|   4   | 6.2362914046999408e-35 | 5.4056270172962164e+11 |
|   6   | 2.4105076207741230e-36 | 5.6808021060773687e+09 |
|   8   | 2.6411662567188850e-11 | 3.5458526424859959e-06 |
-----------------------------------------------------------

Scheme evaluation results:
Order: 8, No. cycles: 22
-----------------------------------------------------------
Vector a: 0.2882416208692151, 0.7683093629268534, 0.0170636911215772, -0.3499755911738543, 0.7425682256833702, -0.0021498560931885, -0.9726227193981256, -0.2207253435395162, 0.2526005298413121, 0.2312921718281814, 0.1721486518826444, 0.0732492560515309
Vector b: 0.5764832417384307, 0.9601354841152749, -0.9260081018721208, 0.2260569195244119, 1.2590795318423291, -1.2633792440287062, -0.6818661947675441, 0.2404155076885061, 0.2647855519941288, 0.1977987916622269, 0.1464985121030625
-----------------------------------------------------------
| Order |        Error^2         |       Efficiency       |
-----------------------------------------------------------
|   2   | 8.9510603430934891e-33 | 2.1838228000517777e+13 |
|   4   | 1.3199386374738494e-33 | 1.1749852257135208e+11 |
|   6   | 1.9574866949009527e-34 | 6.3039753407154465e+08 |
|   8   | 2.7001146321494075e-11 | 3.5069328667609763e-06 |
-----------------------------------------------------------

Scheme evaluation results:
Order: 8, No. cycles: 22
-----------------------------------------------------------
Vector a: -0.4371318336119123, 0.1002999335282994, 0.8178314120190575, -0.4128970736786459, -0.4951869388135188, 0.3521198906456360, -0.3012454129824305, 0.2314236119895825, 0.9878105051413648, -0.0984598459796340, -0.0720777317525598, 0.3275134834947611
Vector b: -0.8742636672238250, 1.0748635342804238, 0.5607992897576919, -1.3865934371149835, 0.3962195594879449, 0.3080202218033283, -0.9105110477681901, 1.3733582717473554, 0.6022627385353742, -0.7991824304946425, 0.6550269669895228
-----------------------------------------------------------
| Order |        Error^2         |       Efficiency       |
-----------------------------------------------------------
|   2   | 6.0185310762101120e-35 | 2.6632343564279406e+14 |
|   4   | 3.0739177274002818e-36 | 2.4347992367502690e+12 |
|   6   | 1.1407587402808497e-37 | 2.6113615943534679e+10 |
|   8   | 2.7171681653497069e-11 | 3.4959104113464352e-06 |
-----------------------------------------------------------

Scheme evaluation results:
Order: 8, No. cycles: 22
-----------------------------------------------------------
Vector a: -0.5114799815334873, -0.3716184178054825, 0.4298486281479279, 1.0132015521756119, -0.0189409068409616, -1.1966674876379435, 0.1007775313691257, 0.7570259735163207, 0.4792722858623669, -0.4134479846590605, 0.0205224429950283, 0.7115063644105538
Vector b: -1.0229599630669746, 0.2797231274560095, 0.5799741288398463, 1.4464289755113775, -1.4843107891933007, -0.9090241860825862, 1.1105792488208377, 0.4034726982118038, 0.5550718735129301, -1.3819678428310511, 1.4230127288211076
-----------------------------------------------------------
| Order |        Error^2         |       Efficiency       |
-----------------------------------------------------------
|   2   | 6.2592723192585165e-34 | 8.2583391637100266e+13 |
|   4   | 3.2772782500925376e-35 | 7.4568021267077832e+11 |
|   6   | 2.5413895139133852e-36 | 5.5325875899427214e+09 |
|   8   | 2.8336026703608456e-11 | 3.4233324503662465e-06 |
-----------------------------------------------------------

Scheme evaluation results:
Order: 8, No. cycles: 22
-----------------------------------------------------------
Vector a: -0.3393081493795221, -0.1153370376513699, 0.8864041787056124, -0.0099980398369472, -0.4022517631448642, 0.4380254091636889, 0.3931130214241912, -0.2246187011286926, -0.1073287752556119, -0.1418766180899357, 0.0693714876501945, 0.5538049875432565
Vector b: -0.6786162987590442, 0.4479422234563044, 1.3248661339549204, -1.3448622136288146, 0.5403586873390864, 0.3356921309882912, 0.4505339118600912, -0.8997713141174764, 0.6851137636062525, -0.9688669997861238, 1.1076099750865129
-----------------------------------------------------------
| Order |        Error^2         |       Efficiency       |
-----------------------------------------------------------
|   2   | 3.0092655381050560e-34 | 1.1910346121971559e+14 |
|   4   | 1.2801133480454711e-35 | 1.1931225767063921e+12 |
|   6   | 3.0548575571586163e-37 | 1.5957631529350645e+10 |
|   8   | 2.8591614246633092e-11 | 3.4079970921553948e-06 |
-----------------------------------------------------------

Scheme evaluation results:
Order: 8, No. cycles: 22
-----------------------------------------------------------
Vector a: 0.1662319435970251, 0.5425666346621141, -0.0906738586532643, -0.2465514433979687, -0.4657919596205031, -0.0074619890075840, 0.9395565620484514, -0.1090013309830865, -0.1314565477899051, -0.2255724510810344, 0.0821338604181950, 0.5460205798075606
Vector b: 0.3324638871940514, 0.7526693821301756, -0.9340170994367043, 0.4409142126407660, -1.3724981318817711, 1.3575741538666031, 0.5215389702302993, -0.7395416321964722, 0.4766285366166621, -0.9277734387787313, 1.0920411596151214
-----------------------------------------------------------
| Order |        Error^2         |       Efficiency       |
-----------------------------------------------------------
|   2   | 7.7037197775489434e-34 | 7.4439663262322250e+13 |
|   4   | 1.5257916673673292e-35 | 1.0928527697975914e+12 |
|   6   | 2.4330164537988183e-37 | 1.7880983074397808e+10 |
|   8   | 2.9112130975834693e-11 | 3.3773926598369882e-06 |
-----------------------------------------------------------

Scheme evaluation results:
Order: 8, No. cycles: 22
-----------------------------------------------------------
Vector a: 0.6438574749191763, -0.0402592546461295, -1.2264365854009158, 0.0979331140920855, 0.6461118033271023, -0.4846295681211024, -0.2956560636708684, 0.4442184397534297, 0.6047129033262914, 0.4274720647009825, 0.1274104674775145, 0.0552652042424338
Vector b: 1.2877149498399989, -1.3682334591324847, -1.0846397116721029, 1.2805059398567866, 0.0117176668450383, -0.9809768031336067, 0.3896646757906804, 0.4987722037179366, 0.7106536029331765, 0.1442905264693738, 0.1105304084852032
-----------------------------------------------------------
| Order |        Error^2         |       Efficiency       |
-----------------------------------------------------------
|   2   | 5.2737378555291107e-34 | 8.9969512904207875e+13 |
|   4   | 4.4711603631330589e-36 | 2.0188272278282578e+12 |
|   6   | 6.1778953016086950e-37 | 1.1221312138003767e+10 |
|   8   | 3.1255746767604238e-11 | 3.2595197257718691e-06 |
-----------------------------------------------------------

Scheme evaluation results:
Order: 8, No. cycles: 22
-----------------------------------------------------------
Vector a: -0.5996058421525711, -0.2295318026385214, 0.8972256914832096, -0.0211785842113384, 1.0769385959789384, -0.0000356199964375, -1.5281506847589994, -0.3597324187771591, 0.1725542881626642, 0.8464922966681578, 0.4810379512867556, 0.2639861289553015
Vector b: -1.1992116843051397, 0.7401480790280983, 1.0543033039383225, -1.0966604723609998, 3.2505376643188542, -3.2506089043117292, 0.1943075347937463, -0.9137723723480597, 1.2588809486733874, 0.4341036446629192, 0.5279722579106005
-----------------------------------------------------------
| Order |        Error^2         |       Efficiency       |
-----------------------------------------------------------
|   2   | 2.4314865547888853e-33 | 4.1900451441535711e+13 |
|   4   | 1.9174364099553694e-32 | 3.0828244289826218e+10 |
|   6   | 1.6549863922229737e-32 | 6.8559351577279389e+07 |
|   8   | 3.2154862063107084e-11 | 3.2136252271321352e-06 |
-----------------------------------------------------------

Scheme evaluation results:
Order: 8, No. cycles: 22
-----------------------------------------------------------
Vector a: 0.2652414557580125, 0.5246772284498005, -0.3448768129470416, -1.0823603079712898, 0.0751007178505094, 0.7982350739640215, -0.1148261065038123, -0.7358312802055129, -0.1435522888888554, 0.4199407211641558, 0.7629130347311875, 0.5753385645988249
Vector b: 0.5304829115160249, 0.5188715453835763, -1.2086251712776594, -0.9560954446649199, 1.1062968803659385, 0.4901732675621047, -0.7198254805697294, -0.7518370798412969, 0.4647325020635861, 0.3751489402647254, 1.1506771291976499
-----------------------------------------------------------
| Order |        Error^2         |       Efficiency       |
-----------------------------------------------------------
|   2   | 3.0092655381050560e-34 | 1.1910346121971559e+14 |
|   4   | 7.0647210484419479e-36 | 1.6060600062958503e+12 |
|   6   | 2.8861887540978182e-37 | 1.6417293032841671e+10 |
|   8   | 3.2378181348900710e-11 | 3.2025235188484071e-06 |
-----------------------------------------------------------

Scheme evaluation results:
Order: 8, No. cycles: 22
-----------------------------------------------------------
Vector a: -0.3677323714984062, -0.0659022827355869, -0.3017734466141554, 0.0292155615314817, 0.8122733441674520, 0.6795484788717352, -0.9775945069791832, -0.0000576686024005, 0.9315319146255718, -0.2820182338672351, 0.4032950662987353, 0.1392141448019913
Vector b: -0.7354647429968139, 0.6036601775256332, -1.2072070707539553, 1.2656381938169226, 0.3589084945179791, 1.0001884632255302, -2.9553774771839665, 2.9552621399791654, -1.0921983107279580, 0.5281618429934718, 0.2784282896039915
-----------------------------------------------------------
| Order |        Error^2         |       Efficiency       |
-----------------------------------------------------------
|   2   | 6.6504768392121738e-34 | 8.0117658033297547e+13 |
|   4   | 2.4695887348028512e-34 | 2.7164202479837341e+11 |
|   6   | 2.0841554431805449e-34 | 6.1094042345714915e+08 |
|   8   | 3.3402666908402204e-11 | 3.1530291222612801e-06 |
-----------------------------------------------------------

Scheme evaluation results:
Order: 8, No. cycles: 22
-----------------------------------------------------------
Vector a: 0.5839068596257991, -0.0433703040226638, -0.9833579294218653, -0.2015278367752472, 0.2652857688924046, 0.2029202775239859, -0.4582127560517344, -0.5426307282865664, 0.6165253395368521, 0.8763756062810611, 0.4758527174185456, 0.2082329852794287
Vector b: 1.1678137192515983, -1.2545543272969260, -0.7121615315468044, 0.3091058579963105, 0.2214656797884961, 0.1843748752594794, -1.1008003873629499, 0.0155389307898169, 1.2175117482838873, 0.5352394642782343, 0.4164659705588574
-----------------------------------------------------------
| Order |        Error^2         |       Efficiency       |
-----------------------------------------------------------
|   2   | 4.4537129963954829e-34 | 9.7902442045420703e+13 |
|   4   | 5.6019652656374639e-36 | 1.8035952001434856e+12 |
|   6   | 5.4903824473124531e-37 | 1.1903169455803753e+10 |
|   8   | 3.4796860293269889e-11 | 3.0892177651840060e-06 |
-----------------------------------------------------------

Scheme evaluation results:
Order: 8, No. cycles: 22
-----------------------------------------------------------
Vector a: 0.0727343342143035, -0.5003672521658402, -0.1497733838044361, 1.1061397390655943, 0.6887357120911084, -0.6052391927372862, -0.3295433050839323, 0.5135711489225478, -0.6697366340169737, -0.9104738386143661, 0.8875832765999302, 0.8963693955293507
Vector b: 0.1454686684286070, -1.1462031727602875, 0.8466564051514153, 1.3656230729797731, 0.0118483512024436, -1.2223267366770161, 0.5632401265091516, 0.4639021713359441, -1.8033754393698915, -0.0175722378588409, 1.7927387910587014
-----------------------------------------------------------
| Order |        Error^2         |       Efficiency       |
-----------------------------------------------------------
|   2   | 2.2817755942681587e-33 | 4.3253192994152734e+13 |
|   4   | 5.7552203416259196e-35 | 5.6270179296850952e+11 |
|   6   | 1.3962618613324022e-36 | 7.4641520432384195e+09 |
|   8   | 3.4894831066272294e-11 | 3.0848780711063180e-06 |
-----------------------------------------------------------

Scheme evaluation results:
Order: 8, No. cycles: 22
-----------------------------------------------------------
Vector a: 1.1627062885432800, -0.0003231910246645, -1.6921411594097273, -0.2933396686428854, 0.5300930635934333, 0.6370804020950188, 0.4240905704900072, -0.4076028903777157, -1.0329254762021931, 0.0581326625395060, 1.1081767129851989, 0.5060526854107419
Vector b: 2.3254125770865599, -2.3260589591358891, -1.0582233596835648, 0.4715440223977934, 0.5886421047890733, 0.6855186994009633, 0.1626624415790527, -0.9778682223344857, -1.0879827300698999, 1.2042480551489121, 1.0121053708214849
-----------------------------------------------------------
| Order |        Error^2         |       Efficiency       |
-----------------------------------------------------------
|   2   | 7.5592750317199007e-33 | 2.3763727573538270e+13 |
|   4   | 1.2763635210663480e-33 | 1.1948739280767677e+11 |
|   6   | 1.3766668427754083e-33 | 2.3771111482828274e+08 |
|   8   | 3.5620817134156865e-11 | 3.0532798701957346e-06 |
-----------------------------------------------------------

Scheme evaluation results:
Order: 8, No. cycles: 22
-----------------------------------------------------------
Vector a: -0.4504880440910192, -0.0773129021513106, 0.5908871134832637, -0.4737281405900250, 0.0171078601850873, 0.9212395802375548, -0.6868199758482729, -1.2751150772785234, -0.0013489361468563, 1.2706709977288364, 1.0306619824177994, 0.1342455420534657
Vector b: -0.9009760881820369, 0.7463502838794162, 0.4354239430871067, -1.3828802242671532, 1.4170959446373277, 0.4253832158377820, -1.7990231675343256, -0.7512069870227251, 0.7485091147290125, 1.7928328807286642, 0.2684910841069314
-----------------------------------------------------------
| Order |        Error^2         |       Efficiency       |
-----------------------------------------------------------
|   2   | 2.7083389842945504e-35 | 3.9701153739905200e+14 |
|   4   | 1.8916899979996904e-34 | 3.1037325647549426e+11 |
|   6   | 4.7409131884958799e-35 | 1.2809521695172374e+09 |
|   8   | 3.7246736889355375e-11 | 2.9858943559756155e-06 |
-----------------------------------------------------------

Scheme evaluation results:
Order: 8, No. cycles: 22
-----------------------------------------------------------
Vector a: -0.6077672686723151, 0.0106039375011056, 0.8669278718821701, -0.4427059650401038, -0.0155836049613693, 0.9978560512328721, -0.1839047573533084, -0.3486490332330534, 0.3452534743003924, -0.2941160711606344, 0.0950742848044303, 0.5770110806998139
Vector b: -1.2155345373446302, 1.2367424123468413, 0.4971133314174989, -1.3825252614977064, 1.3513580515749679, 0.6443540508907761, -1.0121635655973928, 0.3148654991312863, 0.3756414494694985, -0.9638735917907673, 1.1540221613996278
-----------------------------------------------------------
| Order |        Error^2         |       Efficiency       |
-----------------------------------------------------------
|   2   | 4.3333423748712807e-34 | 9.9252884349763000e+13 |
|   4   | 3.3031391258106279e-36 | 2.3487989472911191e+12 |
|   6   | 6.4269063084691693e-37 | 1.1001779352697639e+10 |
|   8   | 3.9163277242675058e-11 | 2.9119173218768443e-06 |
-----------------------------------------------------------

Scheme evaluation results:
Order: 8, No. cycles: 22
-----------------------------------------------------------
Vector a: -0.5258271072398831, 0.9715373729340568, -0.0001419014943408, -1.4452675746471590, 0.4660736452299981, 0.6241267363569591, 0.5548849012899568, -0.1175289503944997, -1.1453079591613637, 0.0261574465730078, 1.1503184213755673, 0.4409749691777001
Vector b: -1.0516542144797318, 2.9947289603471501, -2.9950127633358319, 0.1044776140421701, 0.8276696764178506, 0.4205837962959625, 0.6891860062839996, -0.9242439070730162, -1.3663720112495770, 1.4186869043956007, 0.8819499383554231
-----------------------------------------------------------
| Order |        Error^2         |       Efficiency       |
-----------------------------------------------------------
|   2   | 2.1787082495880606e-33 | 4.4264452761195492e+13 |
|   4   | 1.2013552265403778e-33 | 1.2316109901881715e+11 |
|   6   | 4.6051676536247195e-34 | 4.1099940418703079e+08 |
|   8   | 3.9822372784892610e-11 | 2.8877193743069381e-06 |
-----------------------------------------------------------

Scheme evaluation results:
Order: 8, No. cycles: 22
-----------------------------------------------------------
Vector a: 0.2335624545995775, -0.3370305335902688, -0.6157553958401628, 0.6003871729080809, 0.8341657694836890, -0.1735080307100072, -0.2047230643901208, -0.5023844586550196, -0.0593386301075695, 0.8227495594519235, 0.3120888662545866, 0.0897862905952913
Vector b: 0.4671249091991548, -1.1411859763796923, -0.0903248153006319, 1.2910991611167928, 0.3772323778505847, -0.7242484392705986, 0.3148023104903568, -1.3195712278003962, 1.2008939675852570, 0.4446051513185906, 0.1795725811905824
-----------------------------------------------------------
| Order |        Error^2         |       Efficiency       |
-----------------------------------------------------------
|   2   | 3.0844971765576824e-34 | 1.1764201371011972e+14 |
|   4   | 4.1331483400865525e-36 | 2.0997557559519998e+12 |
|   6   | 5.4217882709124290e-38 | 3.7878488289160049e+10 |
|   8   | 4.0421691384586803e-11 | 2.8662318157141818e-06 |
-----------------------------------------------------------

Scheme evaluation results:
Order: 8, No. cycles: 22
-----------------------------------------------------------
Vector a: -0.5327455690479571, -0.3025738470157015, 0.4126203924105781, 0.8220941483723925, -0.0157973741450308, -1.0505972140553608, 0.1841309625584418, 0.8029269039309864, -0.1175060962785086, -0.0948294371344843, 0.5692976845024765, 0.3229794459021678
Vector b: -1.0654911380959142, 0.4603434440645113, 0.3648973407566450, 1.2792909559881398, -1.3108857042782014, -0.7903087238325203, 1.1585706489494039, 0.4472831589125690, -0.6822953514695864, 0.4926364772006178, 0.6459588918043356
-----------------------------------------------------------
| Order |        Error^2         |       Efficiency       |
-----------------------------------------------------------
|   2   | 1.5648180798146291e-34 | 1.6516678327420053e+14 |
|   4   | 1.3312473523062406e-36 | 3.6998140577794595e+12 |
|   6   | 1.8958542471838889e-37 | 2.0256361650143753e+10 |
|   8   | 4.3443741003198393e-11 | 2.7647441351441960e-06 |
-----------------------------------------------------------

Scheme evaluation results:
Order: 8, No. cycles: 22
-----------------------------------------------------------
Vector a: 0.1515880221100459, -0.3059621146313466, -0.3220051366421802, 1.0544891048263163, -0.0006284450597248, -0.5369944549688569, 0.5536062313912243, 0.3001409421115166, -0.3946594582745233, -0.5678389274868163, 0.5120987864751578, 0.5561654501491871
Vector b: 0.3031760442200921, -0.9151002734827858, 0.2710900001984254, 1.8378882094542073, -1.8391450995736567, 0.7651561896359432, 0.3420562731465053, 0.2582256110765279, -1.0475445276255744, -0.0881333273480583, 1.1123309002983741
-----------------------------------------------------------
| Order |        Error^2         |       Efficiency       |
-----------------------------------------------------------
|   2   | 1.0712985315653999e-33 | 6.3124708197159133e+13 |
|   4   | 3.2396624308662244e-35 | 7.4999677673173828e+11 |
|   6   | 2.5201956033156738e-36 | 5.5558023903021603e+09 |
|   8   | 4.3515254949138922e-11 | 2.7624713797263348e-06 |
-----------------------------------------------------------

Scheme evaluation results:
Order: 8, No. cycles: 22
-----------------------------------------------------------
Vector a: 0.2001695148678255, 0.4046092711237578, -0.6106245688596974, -1.1251403985702659, -0.0040690228670227, 1.1732498519044665, 0.2994429503328065, -0.0526769535268608, -0.3920905497198068, -0.0346228916110748, 1.0071716762458951, 0.1345811206799772
Vector b: 0.4003390297356509, 0.4088795125118650, -1.6301286502312600, -0.6201521469092725, 0.6120141011752270, 1.7344856026337063, -1.1355997019680932, 1.0302457949143717, -1.8144268943539852, 1.7451811111318356, 0.2691622413599545
-----------------------------------------------------------
| Order |        Error^2         |       Efficiency       |
-----------------------------------------------------------
|   2   | 6.6504768392121738e-34 | 8.0117658033297547e+13 |
|   4   | 1.1385581142675434e-35 | 1.2651198656293877e+12 |
|   6   | 5.0421950589081160e-36 | 3.9278427609447746e+09 |
|   8   | 4.3589754669818227e-11 | 2.7601096853541109e-06 |
-----------------------------------------------------------

Scheme evaluation results:
Order: 8, No. cycles: 22
-----------------------------------------------------------
Vector a: -0.6168144139744691, 0.1049405848479911, 0.0977902581743539, -0.5497985339248308, 0.4219211637586497, 1.1077790475680795, -0.0336539899666583, -0.5910164192532419, -0.3784341157067609, 0.0533328599058351, 1.0091910977148848, 0.3747624608561668
Vector b: -1.2336288279489382, 1.4435099976449206, -1.2479294812962127, 0.1483324134465510, 0.6955099140707482, 1.5200481810654110, -1.5873561609987275, 0.4053233224922438, -1.1621915539057657, 1.2688572737174360, 0.7495249217123336
-----------------------------------------------------------
| Order |        Error^2         |       Efficiency       |
-----------------------------------------------------------
|   2   | 1.0231502829557190e-33 | 6.4592920925448656e+13 |
|   4   | 4.7842620078467102e-35 | 6.1716572486673291e+11 |
|   6   | 1.5562945852718313e-36 | 7.0699771773165064e+09 |
|   8   | 4.3845751972912872e-11 | 2.7520403173524319e-06 |
-----------------------------------------------------------

Scheme evaluation results:
Order: 8, No. cycles: 22
-----------------------------------------------------------
Vector a: 0.5639127078145446, 0.0373094452026392, -0.3743747909536501, 0.3421629902799567, 0.3267470235427827, -0.5038059490087389, -0.3896108550035946, 0.4551075925437355, -0.1750700486389134, -0.4585180133840561, 0.5483959632388309, 0.6277439343664636
Vector b: 1.1278254156290892, -1.0532065252238108, 0.3044569433165106, 0.3798690372434028, 0.2736250098421625, -1.2812369078596402, 0.5020151978524511, 0.4081999872350198, -0.7583400845128466, -0.1586959422552655, 1.2554878687329272
-----------------------------------------------------------
| Order |        Error^2         |       Efficiency       |
-----------------------------------------------------------
|   2   | 1.5648180798146291e-34 | 1.6516678327420053e+14 |
|   4   | 1.3635734469538535e-35 | 1.1560324073124358e+12 |
|   6   | 5.0935696986253344e-37 | 1.2358130825680159e+10 |
|   8   | 4.4397406877143011e-11 | 2.7348892926016255e-06 |
-----------------------------------------------------------

Scheme evaluation results:
Order: 8, No. cycles: 22
-----------------------------------------------------------
Vector a: 1.1094635219289191, -0.0003903714108183, -0.8153212999822125, 0.5058797112850749, -0.3672620527339815, -1.0473023177331686, 0.1409527344376041, 0.0846360456782340, -0.4232167501926146, 0.4333308763560108, 0.8553838465422855, 0.5238460558246671
Vector b: 2.2189270438578337, -2.2197077866794706, 0.5890651867150504, 0.4226942358550986, -1.1572183413230608, -0.9373862941432761, 1.2192917630184852, -1.0500196716620165, 0.2035861712767858, 0.6630755814352359, 1.0476921116493341
-----------------------------------------------------------
| Order |        Error^2         |       Efficiency       |
-----------------------------------------------------------
|   2   | 4.8629731095777705e-33 | 2.9628093349087555e+13 |
|   4   | 2.5859112476564092e-33 | 8.3946475918233582e+10 |
|   6   | 1.2261937694262226e-33 | 2.5187459347973281e+08 |
|   8   | 4.5721637643693664e-11 | 2.6949931441154427e-06 |
-----------------------------------------------------------

Scheme evaluation results:
Order: 8, No. cycles: 22
-----------------------------------------------------------
Vector a: 0.1341355095195594, 0.4489129055339164, -0.5802049288056762, -0.2050860643221667, 0.0364734163727133, -0.9080784207585889, -0.0087486953608865, 1.1363541585543013, 0.3788546047274386, -0.1196884263792180, 0.5394900935468496, 0.1475858473717576
Vector b: 0.2682710190391213, 0.6295547920287086, -1.7899646496400605, 1.3797925209957269, -1.3068456882503003, -0.5093111532668765, 0.4918137625451036, 1.7808945545634984, -1.0231853451086212, 0.7838084923501851, 0.2951716947435148
-----------------------------------------------------------
| Order |        Error^2         |       Efficiency       |
-----------------------------------------------------------
|   2   | 8.7268700605046625e-35 | 2.2116957509252469e+14 |
|   4   | 1.3156904192570769e-35 | 1.1768806453099504e+12 |
|   6   | 7.4061793240381253e-36 | 3.2409087504924412e+09 |
|   8   | 4.6160156066469770e-11 | 2.6821614682624700e-06 |
-----------------------------------------------------------

Scheme evaluation results:
Order: 8, No. cycles: 22
-----------------------------------------------------------
Vector a: 0.1777747828105410, -0.7705808776270340, -0.0006418191371298, 0.4701604400368160, -0.3512781341513116, 0.5325951491973343, 0.5586349482288522, 0.2778732287603587, -0.4196278699680849, -0.5874815717595332, 0.5351380922171335, 0.5774336313920577
Vector b: 0.3555495656210817, -1.8967113208751494, 1.8954276826008898, -0.9551068025272575, 0.2525505342246340, 0.8126397641700347, 0.3046301322876695, 0.2511163252330481, -1.0903720651692179, -0.0845910783498484, 1.1548672627841154
-----------------------------------------------------------
| Order |        Error^2         |       Efficiency       |
-----------------------------------------------------------
|   2   | 1.2037062152420224e-33 | 5.9551730609857797e+13 |
|   4   | 9.1747334081679540e-35 | 4.4566912674823334e+11 |
|   6   | 7.8326788833724335e-36 | 3.1514379026091757e+09 |
|   8   | 4.7614476632958769e-11 | 2.6408823005823641e-06 |
-----------------------------------------------------------

Scheme evaluation results:
Order: 8, No. cycles: 22
-----------------------------------------------------------
Vector a: 0.5785594722117973, -0.0505294197664312, -1.1164670764169917, 0.1091075584755173, 0.8752039379105649, 0.4624977538290446, -0.1619729209343723, -0.1659378007622247, -0.2549541688137780, -0.1437849473000673, 0.5796307560427798, 0.2886468555241614
Vector b: 1.1571189444235945, -1.2581777839564570, -0.9747563688775265, 1.1929714858285614, 0.5574363899925685, 0.3675591176655206, -0.6915049595342653, 0.3596293580098158, -0.8695376956373717, 0.5819678010372371, 0.5772937110483228
-----------------------------------------------------------
| Order |        Error^2         |       Efficiency       |
-----------------------------------------------------------
|   2   | 1.5648180798146291e-34 | 1.6516678327420053e+14 |
|   4   | 7.6230808650825345e-36 | 1.5461229024099026e+12 |
|   6   | 2.0728653723663826e-37 | 1.9372174247503937e+10 |
|   8   | 4.9106280913287378e-11 | 2.6004591233242599e-06 |
-----------------------------------------------------------

Scheme evaluation results:
Order: 8, No. cycles: 22
-----------------------------------------------------------
Vector a: -0.5398236451996633, -0.7381249182711824, -0.0205027434892367, 0.7424804962063980, 0.8061707613889055, 0.4562781922928695, -0.1989598811124782, 0.4989981960742451, -0.0007632323071708, -0.6271976671349945, 0.4538787407195857, 0.1675657008327220
Vector b: -1.0796472903994809, -0.3966025461428415, 0.3555970591643690, 1.1293639332483854, 0.4829775895296616, 0.4295787950560346, -0.8274985572809834, 1.8254949494297532, -1.8270214140440946, 0.5726260797737592, 0.3351314016654373
-----------------------------------------------------------
| Order |        Error^2         |       Efficiency       |
-----------------------------------------------------------
|   2   | 1.1657894694618987e-32 | 1.9135709721326832e+13 |
|   4   | 1.8180342566611351e-34 | 3.1659805727216956e+11 |
|   6   | 2.4814195866488865e-34 | 5.5990431194023275e+08 |
|   8   | 4.9750025319569279e-11 | 2.5835799193456282e-06 |
-----------------------------------------------------------

Scheme evaluation results:
Order: 8, No. cycles: 22
-----------------------------------------------------------
Vector a: 0.8967042612855838, -0.0073888588789262, -0.1701735799524122, 0.0407233446741232, -0.4881812162752046, 0.4665210894926576, -0.2752369230730278, -0.7444499670787185, 0.0457855062885623, 0.6775415825168755, 0.4911019517264989, 0.0670528092739880
Vector b: 1.7934085225711642, -1.8081862403290165, 1.4678390804241934, -1.3863923910759470, 0.4100299585255389, 0.5230122204597772, -1.0734860666058330, -0.4154138675516114, 0.5069848801287367, 0.8480982849050219, 0.1341056185479760
-----------------------------------------------------------
| Order |        Error^2         |       Efficiency       |
-----------------------------------------------------------
|   2   | 1.4993665543608442e-33 | 5.3358145731546375e+13 |
|   4   | 1.0684271340659021e-34 | 4.1298741944099225e+11 |
|   6   | 4.0258780142822551e-35 | 1.3900602015350659e+09 |
|   8   | 5.1090117802464938e-11 | 2.5494711474394140e-06 |
-----------------------------------------------------------

Scheme evaluation results:
Order: 8, No. cycles: 22
-----------------------------------------------------------
Vector a: 0.6238303407802691, -0.0587529401729891, -0.8052336161547339, 0.1350204761306349, 0.4998267537434511, 0.3751240491496826, -0.4249323272678687, 0.0980541459392465, 0.2119442614104203, -0.1696779385474875, 0.3945645874884620, 0.1202322075009127
Vector b: 1.2476606815605382, -1.3651665619065165, -0.2453006704029512, 0.5153416226642210, 0.4843118848226811, 0.2659362134766838, -1.1158008680124212, 1.3119091598909141, -0.8880206370700736, 0.5486647599750986, 0.2404644150018254
-----------------------------------------------------------
| Order |        Error^2         |       Efficiency       |
-----------------------------------------------------------
|   2   | 1.1134282490988707e-34 | 1.9580488409084141e+14 |
|   4   | 8.9445936547960280e-36 | 1.4273450355245354e+12 |
|   6   | 6.8114759685254206e-37 | 1.0686692194026054e+10 |
|   8   | 5.6808614851333204e-11 | 2.4177503418093664e-06 |
-----------------------------------------------------------

Scheme evaluation results:
Order: 8, No. cycles: 22
-----------------------------------------------------------
Vector a: 0.3410410425052322, -0.5025257303149240, -0.5648070034615784, 0.5848789296627517, 0.4554771501966933, -0.7557048655682373, -0.0217285257406328, 0.5669406312758353, -0.7410043086746524, 0.4474874017315869, 1.0310216451749381, 0.1589236332129874
Vector b: 0.6820820850104643, -1.6871335456403123, 0.5575195387171554, 0.6122383206083479, 0.2987159797850387, -1.8101257109215130, 1.7666686594402474, -0.6327873968885770, -0.8492212204607276, 1.7441960239239014, 0.3178472664259747
-----------------------------------------------------------
| Order |        Error^2         |       Efficiency       |
-----------------------------------------------------------
|   2   | 6.5601988730690221e-34 | 8.0667042695893188e+13 |
|   4   | 2.4411344246732592e-35 | 8.6399937663280090e+11 |
|   6   | 3.1414545736622281e-36 | 4.9762079763702288e+09 |
|   8   | 6.2947156310643995e-11 | 2.2968386931180415e-06 |
-----------------------------------------------------------

Scheme evaluation results:
Order: 8, No. cycles: 22
-----------------------------------------------------------
Vector a: 0.1949421037178227, -0.5871900928160372, -0.7715201854139497, 0.6891528409785455, -0.1958821575333799, 0.3202380205983811, 0.2129089324343111, -0.6302150251618845, 1.3780921680394711, -0.1802939558750304, -0.3185408612442752, 0.8883082122760255
Vector b: 0.3898842074356452, -1.5642643930677194, 0.0212240222398199, 1.3570816597172710, -1.7488459747840306, 2.3893220159807931, -1.9635041511121709, 0.7030741007884015, 2.0531102352905406, -2.4136981470406016, 1.7766164245520513
-----------------------------------------------------------
| Order |        Error^2         |       Efficiency       |
-----------------------------------------------------------
|   2   | 1.7333369499485123e-33 | 4.9626442174881500e+13 |
|   4   | 1.3331281432675563e-34 | 3.6972032686687451e+11 |
|   6   | 3.3840939093359315e-35 | 1.5161518909595563e+09 |
|   8   | 6.9611771632324054e-11 | 2.1841235924220058e-06 |
-----------------------------------------------------------

Scheme evaluation results:
Order: 8, No. cycles: 22
-----------------------------------------------------------
Vector a: 0.2813053252127728, 0.5561101206953630, -0.0469054014289950, -1.2704340132713918, 0.0111376822518546, 1.0462941142579500, -0.6025076368941147, 0.8030527844908609, -0.0004775030587832, -0.8373953810284891, 0.8574475339172755, 0.2023723748556970
Vector b: 0.5626106504255419, 0.5496095909651877, -0.6434203938231802, -1.8974476327196108, 1.9197229972233201, 0.1728652312925999, -1.3778805050808400, 2.9839860740625794, -2.9849410801801461, 1.3101503181231493, 0.4047447497113985
-----------------------------------------------------------
| Order |        Error^2         |       Efficiency       |
-----------------------------------------------------------
|   2   | 3.8157487023172110e-33 | 3.3447584205102715e+13 |
|   4   | 2.0546642082175387e-33 | 9.4175698245166718e+10 |
|   6   | 3.8811077589776152e-33 | 1.4157483512170076e+08 |
|   8   | 7.1576421609372553e-11 | 2.1539398052154972e-06 |
-----------------------------------------------------------

Scheme evaluation results:
Order: 8, No. cycles: 22
-----------------------------------------------------------
Vector a: 0.2579630972548273, 0.7615896259873695, 0.5218809621497913, -0.4018565290373521, -0.1678751675831210, -0.3308616096555331, -0.4743805059099252, 0.2149038819573859, 0.2185240087487837, -0.3131203327708132, 0.1438876053396441, 0.5693449635189429
Vector b: 0.5159261945096545, 1.0072530574650844, 0.0365088668344980, -0.8402219249092021, 0.5044715897429601, -1.1661948090540264, 0.2174337972341760, 0.2123739666805959, 0.2246740508169713, -0.8509147163585977, 1.1386899270378859
-----------------------------------------------------------
| Order |        Error^2         |       Efficiency       |
-----------------------------------------------------------
|   2   | 2.4675977412461459e-33 | 4.1592732823433227e+13 |
|   4   | 3.6169961174801787e-35 | 7.0979879122828320e+11 |
|   6   | 4.2751260171468069e-36 | 4.2656916088794098e+09 |
|   8   | 7.3167855242794958e-11 | 2.1303864492051106e-06 |
-----------------------------------------------------------

Scheme evaluation results:
Order: 8, No. cycles: 22
-----------------------------------------------------------
Vector a: 0.7471018092029470, 0.1844116939385950, -0.0051653148153901, -0.2036822713947987, -0.5995019854752359, 0.3503221671348506, 0.4030486505557546, -0.4194930609119248, 0.0405549353386093, 0.2195381718404791, -0.0860380948066846, 0.3689032993927987
Vector b: 1.4942036184058942, -1.1253802305287046, 1.1150496008979245, -1.5224141436875216, 0.3234101727370493, 0.3772341615326523, 0.4288631395788566, -1.2678492614027064, 1.3489591320799250, -0.9098827883989666, 0.7378065987855974
-----------------------------------------------------------
| Order |        Error^2         |       Efficiency       |
-----------------------------------------------------------
|   2   | 1.0833355937178202e-33 | 6.2773035777306258e+13 |
|   4   | 8.4400494389040243e-35 | 4.6466159774944769e+11 |
|   6   | 1.2336017106196355e-35 | 2.5111718458299065e+09 |
|   8   | 7.5272260596466758e-11 | 2.1003954744815981e-06 |
-----------------------------------------------------------

Scheme evaluation results:
Order: 8, No. cycles: 22
-----------------------------------------------------------
Vector a: -0.5772158976773271, -0.4792185559471344, 0.4103486290951155, -0.2226058241892599, 0.1549496951816806, 1.4322863187968162, -0.0686026860267264, -0.4719376312657150, 0.5500834931751931, -0.5942259770395977, 0.0304367662520642, 0.8357016696448908
Vector b: -1.1544317953546541, 0.1959946834603853, 0.6247025747298456, -1.0699142231083651, 1.3798136134717263, 1.4847590241219057, -1.6219643961753587, 0.6780891336439286, 0.4220778527064577, -1.6105298067856531, 1.6714033392897816
-----------------------------------------------------------
| Order |        Error^2         |       Efficiency       |
-----------------------------------------------------------
|   2   | 2.6782463289134999e-34 | 1.2624941639431827e+14 |
|   4   | 8.6939562186816384e-35 | 4.5782610501524353e+11 |
|   6   | 1.3436373956675811e-35 | 2.4061509748419614e+09 |
|   8   | 7.6307576076384665e-11 | 2.0860980842916492e-06 |
-----------------------------------------------------------

Scheme evaluation results:
Order: 8, No. cycles: 22
-----------------------------------------------------------
Vector a: 0.3396735097323468, 0.5545367134976594, -1.4695313997396140, -0.0011302780116932, 1.3955330608124425, -0.2035695988187130, -0.3503542900022320, -0.0986980948825601, 0.5829519458839491, -1.3238387129744413, 0.0017271733131076, 1.5726999711897482
Vector b: 0.6793470194646917, 0.4297264075306308, -3.3687892070098560, 3.3665286509864698, -0.5754625293615857, 0.1683233317241577, -0.8690319117286258, 0.6716357219635061, 0.4942681698043965, -3.1419455957532771, 3.1453999423794921
-----------------------------------------------------------
| Order |        Error^2         |       Efficiency       |
-----------------------------------------------------------
|   2   | 4.9303806576313238e-32 | 9.3049579077902812e+12 |
|   4   | 6.3252880820006962e-33 | 5.3674637705083023e+10 |
|   6   | 1.5441215273052354e-33 | 2.2445184321560642e+08 |
|   8   | 7.8335882993077344e-11 | 2.0589138823126204e-06 |
-----------------------------------------------------------

Scheme evaluation results:
Order: 8, No. cycles: 22
-----------------------------------------------------------
Vector a: -0.5140253591186152, -0.3621753534961666, 0.5773490110243826, 0.7562584960000516, -0.1660101844000704, -0.3773054693360110, -0.4595777118766221, 0.3160921120782011, -0.0035192987895392, -0.2539586303886820, 1.0657835431604641, 0.4210888451426070
Vector b: -1.0280507182372305, 0.3037000112448973, 0.8509980108038681, 0.6615189811962351, -0.9935393499963758, 0.2389284113243538, -1.1580838350775979, 1.7902680592340001, -1.7973066568130784, 1.2893893960357143, 0.8421776902852141
-----------------------------------------------------------
| Order |        Error^2         |       Efficiency       |
-----------------------------------------------------------
|   2   | 2.5518571763130875e-33 | 4.0900296503452375e+13 |
|   4   | 2.3451112298904636e-35 | 8.8151062954101941e+11 |
|   6   | 9.2158646794252229e-37 | 9.1874686563713284e+09 |
|   8   | 7.9989283388652962e-11 | 2.0375236125199233e-06 |
-----------------------------------------------------------

Scheme evaluation results:
Order: 8, No. cycles: 22
-----------------------------------------------------------
Vector a: 0.5363729562969097, -0.0790164636803757, -1.0636522024082387, -0.2297885219481653, 0.4254462617137731, -0.2225902196829851, 0.1677649654063048, 0.8165448688800929, -0.1257120355848315, -0.1021071467465259, 0.5597800545760826, 0.3169574831779591
Vector b: 1.0727459125938195, -1.2307788399545707, -0.8965255648619067, 0.4369485209655761, 0.4139440024619703, -0.8591244418279405, 1.1946543726405501, 0.4384353651196358, -0.6898594362892986, 0.4856451427962469, 0.6339149663559182
-----------------------------------------------------------
| Order |        Error^2         |       Efficiency       |
-----------------------------------------------------------
|   2   | 5.8981604546859098e-34 | 8.5073900871225422e+13 |
|   4   | 4.3023093240095723e-36 | 2.0580620327638162e+12 |
|   6   | 9.8964475978381929e-38 | 2.8036529297480911e+10 |
|   8   | 8.0911294194576408e-11 | 2.0258812244662832e-06 |
-----------------------------------------------------------

Scheme evaluation results:
Order: 8, No. cycles: 22
-----------------------------------------------------------
Vector a: 0.1114745293869165, -0.4921083122850333, -0.5590828157504056, 0.5889605541000754, 0.7691478481590465, 0.3841925763888391, -0.7567398415617730, -0.1248349236128389, 0.0374646139837256, -0.7622177479790572, 0.8977356657824902, 0.9060078533880147
Vector b: 0.2229490587738325, -1.2071656833438986, 0.0890000518430876, 1.0889210563570630, 0.4493746399610302, 0.3190105128166481, -1.8324901959401938, 1.5828203487145160, -1.5078911207470649, -0.0165443752110492, 1.8120157067760294
-----------------------------------------------------------
| Order |        Error^2         |       Efficiency       |
-----------------------------------------------------------
|   2   | 1.7814851985581932e-33 | 4.8951221022710352e+13 |
|   4   | 9.6793143582584209e-35 | 4.3389733161046204e+11 |
|   6   | 4.2291393924456928e-36 | 4.2888209454662008e+09 |
|   8   | 8.2407696601359443e-11 | 2.0074034481332085e-06 |
-----------------------------------------------------------

Scheme evaluation results:
Order: 8, No. cycles: 22
-----------------------------------------------------------
Vector a: 0.1571190467469747, 0.3452772812536807, 0.9217750361349388, -0.0041729594919599, -0.4239787351163694, -0.1407739456560840, 0.0875359834187525, 0.1396276666199989, -0.1366549600917151, -0.1970165396761006, -0.1057963710925744, 0.3570584969504578
Vector b: 0.3142380934939466, 0.3763164690134283, 1.4672336032564686, -1.4755795222403882, 0.6276220520076273, -0.9091699433197868, 1.0842419101572975, -0.8049865769173098, 0.5316766567338728, -0.9257097360860599, 0.7141169939009034
-----------------------------------------------------------
| Order |        Error^2         |       Efficiency       |
-----------------------------------------------------------
|   2   | 1.0026872772966047e-32 | 2.0633451722081691e+13 |
|   4   | 1.3548865437012768e-33 | 1.1597324574806715e+11 |
|   6   | 2.4988704389202107e-34 | 5.5794584188390470e+08 |
|   8   | 8.7286969306095864e-11 | 1.9504905302281999e-06 |
-----------------------------------------------------------

Scheme evaluation results:
Order: 8, No. cycles: 22
-----------------------------------------------------------
Vector a: -0.4964019919396651, 0.1662810606211894, 0.9599851135076650, -0.4206949504524199, -0.3941115228852213, 0.5602029379796637, -0.3373133786447785, -0.7979934275200136, -0.1129180913978640, 0.7946882846996113, 0.8807598713598639, 0.1975160946719691
Vector b: -0.9928039838793301, 1.3253661051217089, 0.5946041218936212, -1.4359940227984609, 0.6477709770280184, 0.4726348989313089, -1.1472616562208660, -0.4487251988191612, 0.2228890160234331, 1.3664875533757894, 0.3950321893439382
-----------------------------------------------------------
| Order |        Error^2         |       Efficiency       |
-----------------------------------------------------------
|   2   | 1.5046327690525280e-35 | 5.3264687128558812e+14 |
|   4   | 1.1527191477751057e-36 | 3.9760105041040625e+12 |
|   6   | 4.2050487176625291e-37 | 1.3601236718468098e+10 |
|   8   | 8.9559280256367322e-11 | 1.9255874912400774e-06 |
-----------------------------------------------------------

Scheme evaluation results:
Order: 8, No. cycles: 22
-----------------------------------------------------------
Vector a: 0.6806357146323252, -0.0414886744764715, -0.5707727134569230, 0.7725707574913833, 0.0416646017755025, -0.3960925800000373, 0.4273211066861345, -0.2256275910834069, -0.1162937634482599, -0.3047807375288226, 0.0374450538112207, 0.6954188255973549
Vector b: 1.3612714292646504, -1.4442487782175935, 0.3027033513037472, 1.2424381636790196, -1.1591089601280147, 0.3669238001279400, 0.4877184132443292, -0.9389735954111430, 0.7063860685146230, -1.3159475435722685, 1.3908376511947098
-----------------------------------------------------------
| Order |        Error^2         |       Efficiency       |
-----------------------------------------------------------
|   2   | 3.2740809054583010e-33 | 3.6108540513642961e+13 |
|   4   | 4.4222097477934456e-35 | 6.4193286076036572e+11 |
|   6   | 1.6450671792984399e-36 | 6.8765736084614048e+09 |
|   8   | 9.2204534359258973e-11 | 1.8977649176449179e-06 |
-----------------------------------------------------------

Scheme evaluation results:
Order: 8, No. cycles: 22
-----------------------------------------------------------
Vector a: 0.6789103466965833, 0.0589963351677823, -1.0386736981349578, -0.3103764654597939, 0.2738944430285993, -0.4164381089805772, -0.0932340087866076, 0.8098028050630264, 0.6813813296626599, -0.6220978976094471, -0.0022784124662769, 0.9801133318190094
Vector b: 1.3578206933931667, -1.2398280230576022, -0.8375193732123136, 0.2167664422927261, 0.3310224437644722, -1.1638986617256266, 0.9774306441524113, 0.6421749659736414, 0.7205876933516784, -1.9647834885705724, 1.9602266636380186
-----------------------------------------------------------
| Order |        Error^2         |       Efficiency       |
-----------------------------------------------------------
|   2   | 2.4104216960221499e-33 | 4.2083138798106078e+13 |
|   4   | 5.3268261191481222e-35 | 5.8489110466090820e+11 |
|   6   | 3.8772749623495621e-36 | 4.4792016525851612e+09 |
|   8   | 9.3070181845765489e-11 | 1.8889187266067163e-06 |
-----------------------------------------------------------

Scheme evaluation results:
Order: 8, No. cycles: 22
-----------------------------------------------------------
Vector a: -0.5716133157398855, -0.4604880803962008, 0.3957068744249929, -0.2223985091400127, 0.1501095565449201, 1.3950939383879375, -0.0600299357457596, -0.4570529848083441, 0.5508039888599976, -0.5672497357722101, 0.0350228316557345, 0.8120953717288302
Vector b: -1.1432266314797710, 0.2222504706873694, 0.5691632781626165, -1.0139602964426420, 1.3141794095324821, 1.4760084672433931, -1.5960683387349124, 0.6819623691182239, 0.4196456086017712, -1.5541450801461913, 1.6241907434576603
-----------------------------------------------------------
| Order |        Error^2         |       Efficiency       |
-----------------------------------------------------------
|   2   | 1.2037062152420224e-33 | 5.9551730609857797e+13 |
|   4   | 9.2123492273942672e-35 | 4.4475831904850073e+11 |
|   6   | 1.9288491221734692e-35 | 2.0082361764160228e+09 |
|   8   | 9.4423222783143682e-11 | 1.8753362291960361e-06 |
-----------------------------------------------------------

Scheme evaluation results:
Order: 8, No. cycles: 22
-----------------------------------------------------------
Vector a: 0.3456043420784357, -0.0751493748898561, 0.2276565982279118, 0.0881316103175684, -0.1199772569004600, -0.0638548549310713, -0.2720412050509127, 0.3642470713431127, 0.3512297823933808, -0.4848012787030137, -0.0324722607483557, 0.6714268268632601
Vector b: 0.6912086841568715, -0.8415074339365834, 1.2968206303924068, -1.1205574097572699, 0.8806028959563500, -1.0083126058184926, 0.4642301957166673, 0.2642639469695577, 0.4381956178172040, -1.4077981752232311, 1.3428536537265199
-----------------------------------------------------------
| Order |        Error^2         |       Efficiency       |
-----------------------------------------------------------
|   2   | 4.9351954824922919e-34 | 9.3004177963183453e+13 |
|   4   | 1.5069837577541726e-35 | 1.0996512973885823e+12 |
|   6   | 7.7724469947946248e-37 | 1.0004261393986162e+10 |
|   8   | 9.6730495919805266e-11 | 1.8528354280088933e-06 |
-----------------------------------------------------------

Scheme evaluation results:
Order: 8, No. cycles: 22
-----------------------------------------------------------
Vector a: 0.7598981629598036, -0.1434193816824041, -0.4574827535273555, -0.0081035515287253, 0.4347365238522808, 0.8926307172419576, -0.6834046802543875, -1.2672653478106912, -0.2531533685821118, 0.6952205013762170, 0.6994061155517705, 0.3309370624036457
Vector b: 1.5197963259196070, -1.8066350892844154, 0.8916695822297056, -0.9078766852871564, 1.7773497329917169, 0.0079117014921988, -1.3747210620009738, -1.1598096336204087, 0.6535028964561849, 0.7369381062962495, 0.6618741248072915
-----------------------------------------------------------
| Order |        Error^2         |       Efficiency       |
-----------------------------------------------------------
|   2   | 2.4074124304840448e-34 | 1.3316171782139703e+14 |
|   4   | 1.3167006097148148e-34 | 3.7201954596060376e+11 |
|   6   | 7.7523593147468515e-36 | 3.1677213247911325e+09 |
|   8   | 9.6988232200582981e-11 | 1.8503719302275998e-06 |
-----------------------------------------------------------

Scheme evaluation results:
Order: 8, No. cycles: 22
-----------------------------------------------------------
Vector a: -0.3925237788704157, -0.2370944818975217, 0.4220113972448082, 0.5673620276171319, -0.6909772720860838, -0.0112010164125445, 0.0409989130331742, -1.2691100670033753, -0.0017333728046514, 1.2818980629961216, 1.1222241134831681, 0.1681454747001883
Vector b: -0.7850475577408305, 0.3108585939457877, 0.5331642005438276, 0.6015598546904355, -1.9835143988626065, 1.9611123660375180, -1.8791145399711695, -0.6591055940355797, 0.6556388484262768, 1.9081572775659643, 0.3362909494003762
-----------------------------------------------------------
| Order |        Error^2         |       Efficiency       |
-----------------------------------------------------------
|   2   | 1.2789378536946488e-33 | 5.7773664821828734e+13 |
|   4   | 1.3551319281470110e-34 | 3.6670639848410278e+11 |
|   6   | 8.0431149016858130e-35 | 9.8344885399999475e+08 |
|   8   | 9.7241456236380255e-11 | 1.8479611061597549e-06 |
-----------------------------------------------------------

Scheme evaluation results:
Order: 8, No. cycles: 22
-----------------------------------------------------------
Vector a: 0.2218656755984791, -0.4037304804724877, -0.4934758222520889, 0.2868307610378051, -0.2859136505362401, -0.1328191580250882, 0.9973409486136250, -0.0373261757170670, -0.8929589400157991, 0.5225236686119425, 0.9531417885920240, 0.2645213845648953
Vector b: 0.4437313511969582, -1.2511923121419337, 0.2642406676377560, 0.3094208544378542, -0.8812481555103343, 0.6156098394601579, 1.3790720577670921, -1.4537244092012260, -0.3321934708303724, 1.3772408080542573, 0.5290427691297905
-----------------------------------------------------------
| Order |        Error^2         |       Efficiency       |
-----------------------------------------------------------
|   2   | 2.4074124304840448e-34 | 1.3316171782139703e+14 |
|   4   | 5.1222166337081178e-36 | 1.8861677096396536e+12 |
|   6   | 3.6099712939325637e-37 | 1.4679526281991249e+10 |
|   8   | 1.0486526589450567e-10 | 1.7795193806136204e-06 |
-----------------------------------------------------------

Scheme evaluation results:
Order: 8, No. cycles: 22
-----------------------------------------------------------
Vector a: -0.4920257577640787, -0.3350267913288760, 0.3062382442991439, -0.2877633869214888, 0.1105570399947481, 0.8693640013609992, 1.4182483651714735, -0.0002632333623612, -0.7557594154740909, -0.0966871097396297, -0.0872584762271927, 0.3503765199913534
Vector b: -0.9840515155281538, 0.3139979328704071, 0.2984785557278767, -0.8740053295708516, 1.0951194095603458, 0.6436085931616515, 2.1928881371812530, -2.1934146039059756, 0.6818957729578344, -0.8752699924370915, 0.7007530399827039
-----------------------------------------------------------
| Order |        Error^2         |       Efficiency       |
-----------------------------------------------------------
|   2   | 1.0893541247940303e-32 | 1.9795665072172277e+13 |
|   4   | 6.2626871303476553e-33 | 5.3942232772844139e+10 |
|   6   | 2.0045884049849043e-32 | 6.2294730035591885e+07 |
|   8   | 1.0745274926725540e-10 | 1.7579632321283655e-06 |
-----------------------------------------------------------

Scheme evaluation results:
Order: 8, No. cycles: 22
-----------------------------------------------------------
Vector a: 0.1330751724038943, 1.0112751538220035, -0.0178793559080905, -0.1221116278141263, 0.0447780317480480, -0.5679266124181130, 0.4178826947577781, -0.2994903944096194, 0.4207350908723148, 0.0025103799526849, -0.4985916338739829, 0.4757431008672085
Vector b: 0.2661503448078488, 1.7563999628361091, -1.7921586746522911, 1.5479354190240371, -1.4583793555279387, 0.3225261306916870, 0.5132392588238893, -1.1122200476431459, 1.9536902293877800, -1.9486694694824098, 0.9514862017344343
-----------------------------------------------------------
| Order |        Error^2         |       Efficiency       |
-----------------------------------------------------------
|   2   | 2.6601907356848695e-33 | 4.0058829016648773e+13 |
|   4   | 3.1728943517395184e-33 | 7.5784688685208420e+10 |
|   6   | 4.1993119999492381e-34 | 4.3040255777556843e+08 |
|   8   | 1.0754584142886684e-10 | 1.7572022169878518e-06 |
-----------------------------------------------------------

Scheme evaluation results:
Order: 8, No. cycles: 22
-----------------------------------------------------------
Vector a: 0.3294527276690579, -0.1608299546992707, -0.1663736593523644, 0.5085221896237910, 0.3538955660177013, -0.5964980901848538, -0.6698392337581774, 0.7955502482767822, 0.0627999589692613, -0.7861834478182071, 0.5900646404545210, 0.7394390548017588
Vector b: 0.6589054553381161, -0.9805653647366575, 0.6478180460319287, 0.3692263332156528, 0.3385647988197500, -1.5315609791894578, 0.1918825116731030, 1.3992179848804613, -1.2736180669419386, -0.2987488286944755, 1.4788781096035175
-----------------------------------------------------------
| Order |        Error^2         |       Efficiency       |
-----------------------------------------------------------
|   2   | 7.8240903990731457e-34 | 7.3864831005217531e+13 |
|   4   | 1.8443506364401691e-35 | 9.9400262602601562e+11 |
|   6   | 2.8984114846645958e-36 | 5.1806457221775398e+09 |
|   8   | 1.1593371781233705e-10 | 1.6924415225023525e-06 |
-----------------------------------------------------------

Scheme evaluation results:
Order: 8, No. cycles: 22
-----------------------------------------------------------
Vector a: 0.7232680080341551, -0.0455255591018362, -1.4020161434069842, 0.0940362030126421, 0.1640900546663800, -0.4509455723832032, 0.6113741410522101, 0.0850379865234246, -0.1665564812183491, 0.4653136043470695, 0.5698404208725882, 0.3520833376019032
Vector b: 1.4465360160683107, -1.5375871342719833, -1.2664451525419862, 1.4545175585672705, -1.1263374492345102, 0.2244463044681035, 0.9983019776363172, -0.8282260045894683, 0.4951130421527695, 0.4355141665413699, 0.7041666752038065
-----------------------------------------------------------
| Order |        Error^2         |       Efficiency       |
-----------------------------------------------------------
|   2   | 1.0833355937178202e-34 | 1.9850576869952600e+14 |
|   4   | 4.2012168098388556e-35 | 6.5860000467272046e+11 |
|   6   | 8.9731232775504358e-36 | 2.9443680596825695e+09 |
|   8   | 1.1947013447004475e-10 | 1.6672045127720768e-06 |
-----------------------------------------------------------

Scheme evaluation results:
Order: 8, No. cycles: 22
-----------------------------------------------------------
Vector a: 0.1656851473820479, 0.6133699113652227, -1.0285937935972065, 0.0002537090252114, 0.6855945294955398, 0.1975525838491239, -0.1360371765038610, -0.0305337161623297, 1.0948254739653869, -0.8688637104822086, -0.2814741807419092, 0.5882212224049823
Vector b: 0.3313702947641001, 0.8953695279663402, -2.9525571151607628, 2.9530645332111853, -1.5818754742201009, 1.9769806419183489, -2.2490549949260727, 2.1879875626014136, 0.0016633853293674, -1.7393908062937884, 1.1764424448099693
-----------------------------------------------------------
| Order |        Error^2         |       Efficiency       |
-----------------------------------------------------------
|   2   | 1.7574110742533527e-32 | 1.5585400216423734e+13 |
|   4   | 6.6670513095587681e-34 | 1.6532646431162030e+11 |
|   6   | 6.8054044978729995e-34 | 3.3809359484579629e+08 |
|   8   | 1.2253938301221111e-10 | 1.6461928412821994e-06 |
-----------------------------------------------------------

Scheme evaluation results:
Order: 8, No. cycles: 22
-----------------------------------------------------------
Vector a: 0.2974543724796876, 0.5310272897107620, -0.5931368381774555, 0.1673668550551977, -0.0776265636945713, -0.0532861447728123, 0.2007529933819693, -0.8786436600064357, 0.2652891909902853, 0.1118596534048659, 0.4072668450200846, 0.6216760066084226
Vector b: 0.5949087449593754, 0.4671458344621485, -1.6534195108170593, 1.9881532209274546, -2.1434063483165970, 2.0368340587709728, -1.6353280720070340, -0.1219592480058371, 0.6525376299864076, -0.4288183231766760, 1.2433520132168450
-----------------------------------------------------------
| Order |        Error^2         |       Efficiency       |
-----------------------------------------------------------
|   2   | 7.2342743536045547e-33 | 2.4291657595224738e+13 |
|   4   | 1.3106762011668506e-34 | 3.7287354341059515e+11 |
|   6   | 8.2383277493393005e-36 | 3.0728713776858411e+09 |
|   8   | 1.3811107967989434e-10 | 1.5506161154101072e-06 |
-----------------------------------------------------------

Scheme evaluation results:
Order: 8, No. cycles: 22
-----------------------------------------------------------
Vector a: 0.2344625201210499, -0.1850377383242467, 0.2051811192123146, 0.0978888741470815, -0.9312667359115324, -0.2744046678318601, 0.4788859817428243, 0.6161889033480933, -0.3915983487664597, -0.0496185386404972, 0.9043354636018033, 0.2949831673014293
Vector b: 0.4689250402420999, -0.8390005168905933, 1.2493627553152227, -1.0535850070210595, -0.8089484648020052, 0.2601391291382850, 0.6976328343473637, 0.5347449723488229, -1.3179416698817423, 1.2187045926007478, 0.5899663346028586
-----------------------------------------------------------
| Order |        Error^2         |       Efficiency       |
-----------------------------------------------------------
|   2   | 4.8148248609680896e-35 | 2.9775865304928900e+14 |
|   4   | 1.1637394073140646e-36 | 3.9571399158371318e+12 |
|   6   | 2.4940074649911088e-38 | 5.5848953607477173e+10 |
|   8   | 1.4096145076293388e-10 | 1.5348586037650620e-06 |
-----------------------------------------------------------

Scheme evaluation results:
Order: 8, No. cycles: 22
-----------------------------------------------------------
Vector a: 0.2649494142975283, -0.4782153706694854, -0.6073006320293509, 0.9340144896622050, -0.0176135235538330, -0.5435983119959548, 0.5979397426533427, -0.0776984263858600, -0.7194256099606990, 0.4541981654685412, 0.9814506085930120, 0.2112994539205537
Vector b: 0.5298988285950564, -1.4863295699340271, 0.2717283058753251, 1.5963006734490848, -1.6315277205567509, 0.5443310965648415, 0.6515483887418441, -0.8069452415135642, -0.6319059784078340, 1.5403023093449166, 0.4225989078411074
-----------------------------------------------------------
| Order |        Error^2         |       Efficiency       |
-----------------------------------------------------------
|   2   | 8.6666847497425613e-34 | 7.0182387576041578e+13 |
|   4   | 1.4629027195983368e-35 | 1.1160960036229163e+12 |
|   6   | 8.6734218196773319e-37 | 9.4704078140266361e+09 |
|   8   | 1.4508765904480983e-10 | 1.5128759418235159e-06 |
-----------------------------------------------------------

Scheme evaluation results:
Order: 8, No. cycles: 22
-----------------------------------------------------------
Vector a: 0.1279995511688882, 0.9403957042514500, 0.0177412270421556, -0.6565678236528892, 0.4441540527764984, -0.2132737508098865, 0.4339731501296276, 0.1740183074029632, 0.0060941650172328, -0.1746346439407443, -0.5299621461344115, 0.4300622067491157
Vector b: 0.2559991023377903, 1.6247923061650906, -1.5893098520807794, 0.2761742047750018, 0.6121339007779990, -1.0386814023977744, 1.9066277026570302, -1.5585910878511018, 1.5707794178855672, -1.9200487057670577, 0.8601244134982344
-----------------------------------------------------------
| Order |        Error^2         |       Efficiency       |
-----------------------------------------------------------
|   2   | 1.0171317518795089e-32 | 2.0486418126368773e+13 |
|   4   | 3.1170466151319516e-33 | 7.6460587050928482e+10 |
|   6   | 6.4713929743257600e-34 | 3.4670893066060567e+08 |
|   8   | 1.5557991020774482e-10 | 1.4609716721813017e-06 |
-----------------------------------------------------------

Scheme evaluation results:
Order: 8, No. cycles: 22
-----------------------------------------------------------
Vector a: 0.3299337423266471, -0.4456297354632686, 0.1841094536810931, -0.0024917608596806, -0.8190512789613361, 0.4303447686745782, 0.6063539622262596, -0.0964158643785315, -0.7545865469644094, 0.4462851687348675, 0.9532406676917458, 0.1679074232920351
Vector b: 0.6598674846532941, -1.5511269555798313, 1.9193458629420173, -1.9243293846613785, 0.2862268267387066, 0.5744627106104497, 0.6382452138420694, -0.8310769425991323, -0.6780961513296865, 1.5706664887994213, 0.3358148465840702
-----------------------------------------------------------
| Order |        Error^2         |       Efficiency       |
-----------------------------------------------------------
|   2   | 1.2337988706230730e-34 | 1.8600835592636691e+14 |
|   4   | 2.7337590496310824e-36 | 2.5818390184466191e+12 |
|   6   | 7.1236787923780847e-37 | 1.0449890763868990e+10 |
|   8   | 1.6072966942379178e-10 | 1.4373764585692971e-06 |
-----------------------------------------------------------

Scheme evaluation results:
Order: 8, No. cycles: 22
-----------------------------------------------------------
Vector a: 0.6127234527846436, 0.0573568990161889, -1.0971486290557921, -0.4608657952800801, 0.4658967263625133, 1.4543823912858218, -0.0008439192965947, -0.7737694345725129, 0.5127589222630328, -0.4694226951662997, 0.0066134469421971, 0.6923186347168822
Vector b: 1.2254469055692867, -1.1107331075369091, -1.0835641505746747, 0.1618325600145149, 0.7699608927105112, 2.1388038898611312, -2.1404917284543203, 0.5929528593092958, 0.4325649852167703, -1.3714103755493698, 1.3846372694337641
-----------------------------------------------------------
| Order |        Error^2         |       Efficiency       |
-----------------------------------------------------------
|   2   | 6.5120506244593412e-33 | 2.5603288759656734e+13 |
|   4   | 1.0030845943871826e-33 | 1.3478466900978690e+11 |
|   6   | 4.1033443997211967e-34 | 4.3540652223577487e+08 |
|   8   | 1.6547319191169468e-10 | 1.4166244437567921e-06 |
-----------------------------------------------------------

Scheme evaluation results:
Order: 8, No. cycles: 22
-----------------------------------------------------------
Vector a: 0.2259152998503458, -0.4111327869306029, -0.4412973250919956, 0.8616176860051981, -0.0539220163247456, -1.0903982285112259, -0.0224525910754220, 0.5581942482683915, -0.1448731008538175, 0.3489608029271201, 0.9366297334956349, 0.2327582782411193
Vector b: 0.4518305997006915, -1.2740961735618972, 0.3915015233779059, 1.3317338486324899, -1.4395778812819811, -0.7412185757404710, 0.6963133935896271, 0.4200751029471560, -0.7098213046547911, 1.4077429105090311, 0.4655165564822386
-----------------------------------------------------------
| Order |        Error^2         |       Efficiency       |
-----------------------------------------------------------
|   2   | 3.1296361596292583e-34 | 1.1679055247995603e+14 |
|   4   | 1.0811609291687989e-35 | 1.2982672605821887e+12 |
|   6   | 1.3320258913122440e-37 | 2.4166156397124168e+10 |
|   8   | 1.7202128703743462e-10 | 1.3894005200314111e-06 |
-----------------------------------------------------------

Scheme evaluation results:
Order: 8, No. cycles: 22
-----------------------------------------------------------
Vector a: 0.7335207353829899, -0.1637616950435914, -0.2189009009684486, -0.0981470246120183, -0.7881976010226465, 0.9743288214114744, 0.2266633348168755, -0.5137202083620366, 0.5702547680717760, -0.7951852918770536, -0.0233403362805463, 1.0964853984832255
Vector b: 1.4670414707659798, -1.7945648608531626, 1.3567630589162656, -1.5530571081403020, -0.0233380939049912, 1.9719957367279402, -1.5186690670941894, 0.4912286503701161, 0.6492808857734361, -2.2396514695275433, 2.1929707969664505
-----------------------------------------------------------
| Order |        Error^2         |       Efficiency       |
-----------------------------------------------------------
|   2   | 4.8419082508110351e-33 | 2.9692472333406727e+13 |
|   4   | 2.4852595438672508e-34 | 2.7078425081869077e+11 |
|   6   | 3.9081743333735135e-35 | 1.4108373579814951e+09 |
|   8   | 1.7219968282413167e-10 | 1.3886806365116655e-06 |
-----------------------------------------------------------

Scheme evaluation results:
Order: 8, No. cycles: 22
-----------------------------------------------------------
Vector a: -0.5217603142072657, -0.3528987843060923, 0.2901460048437215, 0.4038127024295579, 0.6942820844958220, -0.0874327963949677, -1.1727582766465767, 0.0440200595539962, 1.5389408048878936, -0.0121567704414956, -0.3288503033735575, 0.5046555891589645
Vector b: -1.0435206284144658, 0.3377230598022174, 0.2425689498851950, 0.5650564549740005, 0.8235077140175872, -0.9983733068075439, -1.3471432464856026, 1.4351833655936082, 1.6426982441822169, -1.6670117850652120, 1.0093111783179993
-----------------------------------------------------------
| Order |        Error^2         |       Efficiency       |
-----------------------------------------------------------
|   2   | 6.2592723192585165e-34 | 8.2583391637100266e+13 |
|   4   | 1.2888120062415560e-34 | 3.7602306935884094e+11 |
|   6   | 2.2616666999685392e-35 | 1.8545972575009677e+09 |
|   8   | 1.7685469147877285e-10 | 1.3702829719859887e-06 |
-----------------------------------------------------------

Scheme evaluation results:
Order: 8, No. cycles: 22
-----------------------------------------------------------
Vector a: 0.6378290469109134, 0.0467330284861616, -1.1285409281094805, -0.4596735474791158, 0.4914233597518388, 1.4648029877540949, -0.0015299415040298, -0.1590800784202883, 0.0021290924420703, -0.6453739141693151, 0.4986893705086879, 0.2525915238284624
Vector b: 1.2756580938218294, -1.1821920368495062, -1.0748898193694572, 0.1555427244112255, 0.8273039950924526, 2.1023019804157155, -2.1053618634237754, 1.7872017065831760, -1.7829435216990352, 0.4921956933604500, 0.5051830476569249
-----------------------------------------------------------
| Order |        Error^2         |       Efficiency       |
-----------------------------------------------------------
|   2   | 2.6601907356848695e-33 | 4.0058829016648773e+13 |
|   4   | 9.7506668653533338e-34 | 1.3670742946829819e+11 |
|   6   | 6.9468729489007199e-34 | 3.3463336221136278e+08 |
|   8   | 1.7837921016238311e-10 | 1.3644148424389624e-06 |
-----------------------------------------------------------

Scheme evaluation results:
Order: 8, No. cycles: 22
-----------------------------------------------------------
Vector a: 0.3712172810628525, -0.3231943004095729, -0.5880955779274982, 0.2268982921266082, 0.2967260931861055, 0.2845905519515720, -0.1913692238169851, -0.6433645973875309, -0.2705191649178895, 0.7671820560462771, 0.8820405924134150, 0.1878879976726464
Vector b: 0.7424345621257049, -1.3888231629448506, 0.2126320070898541, 0.2411645771633623, 0.3522876092088486, 0.2168934946942957, -0.5996319423282659, -0.6870972524467959, 0.1460589226110168, 1.3883051894815375, 0.3757759953452928
-----------------------------------------------------------
| Order |        Error^2         |       Efficiency       |
-----------------------------------------------------------
|   2   | 4.4537129963954829e-34 | 9.7902442045420703e+13 |
|   4   | 1.0234147691846541e-36 | 4.2197180800658838e+12 |
|   6   | 1.0122076829292375e-37 | 2.7722289875339916e+10 |
|   8   | 1.9221152512501087e-10 | 1.3144039061882029e-06 |
-----------------------------------------------------------

Scheme evaluation results:
Order: 8, No. cycles: 22
-----------------------------------------------------------
Vector a: -0.4528437281572076, -0.1175663005910742, 0.4759796378004618, 0.4886609584307383, 0.4788148270697693, -1.1472725797374586, -0.2170706601468455, 1.0557230040061476, -1.0621316135541243, -1.0563837186234768, 1.2772515369879485, 1.2768386365151216
Vector b: -0.9056874563144144, 0.6705548551322666, 0.2814044204686524, 0.6959174963928271, 0.2617121577467121, -2.5562573172216276, 2.1221159969279380, -0.0106699889156406, -2.1135932381926104, 0.0008258009456556, 2.5536772730302411
-----------------------------------------------------------
| Order |        Error^2         |       Efficiency       |
-----------------------------------------------------------
|   2   | 1.2037062152420224e-35 | 5.9551730609857800e+14 |
|   4   | 4.1198726007619533e-34 | 2.1031361262146808e+11 |
|   6   | 4.2152825927177464e-34 | 4.2958644320595372e+08 |
|   8   | 1.9464453216528275e-10 | 1.3061632166761206e-06 |
-----------------------------------------------------------

Scheme evaluation results:
Order: 8, No. cycles: 22
-----------------------------------------------------------
Vector a: 0.1693086770847441, 0.3154509230527316, -0.5036672914473369, 0.3496049805021209, -0.0022589683040104, -0.8730117905284001, 0.6987771723629868, 0.7205730566374642, -0.5153166295672518, -0.7355319158955091, 0.6531570398708683, 0.7229147462315924
Vector b: 0.3386173541694881, 0.2922844919359756, -1.2996190748306493, 1.9988290358348912, -2.0033469724429120, 0.2573233913861119, 1.1402309533398616, 0.3009151599350667, -1.3315484190695701, -0.1395154127214482, 1.4458294924631847
-----------------------------------------------------------
| Order |        Error^2         |       Efficiency       |
-----------------------------------------------------------
|   2   | 6.0185310762101120e-35 | 2.6632343564279406e+14 |
|   4   | 1.7220992239546512e-35 | 1.0286797513037843e+12 |
|   6   | 2.6597999067720952e-36 | 5.4080342304918461e+09 |
|   8   | 1.9656614570078989e-10 | 1.2997630674613617e-06 |
-----------------------------------------------------------

Scheme evaluation results:
Order: 8, No. cycles: 22
-----------------------------------------------------------
Vector a: 0.5120576643177114, 0.5425905579123089, -1.4250646181858357, -0.0004802838122214, 0.8616462653144730, 0.1728476948662128, 0.0094980960823834, -0.5244414014114269, -0.6805556143667154, 0.0084966775914469, 1.2224182068379834, 0.3009867548536796
Vector b: 1.0241153286354228, 0.0610657871891949, -2.9111950235608686, 2.9102344559364255, -1.1869419253074771, 1.5326373150399013, -1.5136411228751345, 0.4647583200522826, -1.8258695487857153, 1.8428629039686091, 0.6019735097073592
-----------------------------------------------------------
| Order |        Error^2         |       Efficiency       |
-----------------------------------------------------------
|   2   | 1.7489851307466586e-32 | 1.5622897366862455e+13 |
|   4   | 9.9428601917127778e-34 | 1.3537971962522961e+11 |
|   6   | 2.1339962650950178e-34 | 6.0376382390425396e+08 |
|   8   | 2.1727001832748953e-10 | 1.2362851508663170e-06 |
-----------------------------------------------------------

Scheme evaluation results:
Order: 8, No. cycles: 22
-----------------------------------------------------------
Vector a: 0.1018357048238746, -0.5315557638529914, -0.8167541751010228, -0.0236541745336533, 0.8979518564158081, 0.1500938363618359, -0.3071242075742238, 0.7284042861476459, 0.6591472641632021, -0.5917547958105375, -0.0350564427276371, 0.7684666116876993
Vector b: 0.2036714096477471, -1.2667829373537272, -0.3667254128483187, 0.3194170637810122, 1.4764866490506048, -1.1762989763269325, 0.5620505611784840, 0.8947580111168069, 0.4235365172095978, -1.6070461088306742, 1.5369332233753998
-----------------------------------------------------------
| Order |        Error^2         |       Efficiency       |
-----------------------------------------------------------
|   2   | 6.2592723192585165e-34 | 8.2583391637100266e+13 |
|   4   | 1.4964043085967720e-35 | 1.1035316708177219e+12 |
|   6   | 2.6385148781430395e-36 | 5.4298038529093132e+09 |
|   8   | 2.1852391475980531e-10 | 1.2327331284719777e-06 |
-----------------------------------------------------------

Scheme evaluation results:
Order: 8, No. cycles: 22
-----------------------------------------------------------
Vector a: 0.1604114850177223, 0.3482446372785896, 1.0250972502662203, -0.0042013125474171, -0.5937816324671276, 0.5001594258262291, -0.4172769322353512, 0.0180677563018939, 0.3913867881979478, -0.7319851735600201, -0.0658369581697706, 0.3697146660910836
Vector b: 0.3208229692318567, 0.3756663064825145, 1.6745281939202392, -1.6829308190168146, 0.4953675538567484, 0.5049512980188477, -1.3395051626505765, 1.3756406752623893, -0.5928670987193270, -0.8711032486185843, 0.7394293322327062
-----------------------------------------------------------
| Order |        Error^2         |       Efficiency       |
-----------------------------------------------------------
|   2   | 3.1296361596292583e-34 | 1.1679055247995603e+14 |
|   4   | 4.4746015310095950e-33 | 6.3816369445106140e+10 |
|   6   | 3.6197330625023801e-33 | 1.4659718898598856e+08 |
|   8   | 2.2890742974441064e-10 | 1.2044495367674192e-06 |
-----------------------------------------------------------

Scheme evaluation results:
Order: 8, No. cycles: 22
-----------------------------------------------------------
Vector a: 0.2153222294118313, -0.6064922204156222, -0.4939403840790941, 0.8241932870369334, 0.6648111694376643, -0.5179046431702258, -0.5096772232441833, -0.3626741226006411, 0.1821671713435880, 0.3525190290760520, 0.4413170371301936, 0.8103586700735037
Vector b: 0.4306444588236627, -1.6436288996549071, 0.6557481314967190, 0.9926384425771477, 0.3369838962981809, -1.3727931826386326, 0.3534387361502661, -1.0787869813515485, 1.4431213240387246, -0.7380832658866203, 1.6207173401470076
-----------------------------------------------------------
| Order |        Error^2         |       Efficiency       |
-----------------------------------------------------------
|   2   | 8.6967774051236119e-34 | 7.0060859541009172e+13 |
|   4   | 6.5651359493424757e-35 | 5.2685052216113196e+11 |
|   6   | 2.6553688440824721e-36 | 5.4125445925971031e+09 |
|   8   | 2.4345963951829990e-10 | 1.1678984071021667e-06 |
-----------------------------------------------------------

Scheme evaluation results:
Order: 8, No. cycles: 22
-----------------------------------------------------------
Vector a: -0.6260106032498146, -0.6546230924487682, 0.5773370576378070, 0.7806923669618777, 0.3475696553336162, -0.3378763465013593, -0.4501917724148501, 0.6250726663343248, 0.7831112309473208, -0.1826889702740675, -0.1318155682540792, 0.2694233759279923
Vector b: -1.2520212064996294, -0.0572249783979070, 1.2118990936735210, 0.3494856402502347, 0.3456536704169978, -1.0214063634197164, 0.1210228185900161, 1.1291225140786336, 0.4370999478160082, -0.8024778883641432, 0.5388467518559846
-----------------------------------------------------------
| Order |        Error^2         |       Efficiency       |
-----------------------------------------------------------
|   2   | 4.0926011318228762e-34 | 1.0213037542378447e+14 |
|   4   | 2.2246230589311791e-35 | 9.0506768616078552e+11 |
|   6   | 9.3256619071950525e-37 | 9.1332234240076828e+09 |
|   8   | 2.5585467232698357e-10 | 1.1392574500006762e-06 |
-----------------------------------------------------------

Scheme evaluation results:
Order: 8, No. cycles: 22
-----------------------------------------------------------
Vector a: 0.1628383370467736, 0.3869316551706032, -1.2722830160893437, 0.0016451674898883, 1.6220865873158377, -0.4403941458547790, -0.8643263757210280, 0.0197329488454504, 0.8522791187215675, -1.2277636231248170, -0.0005946512738037, 1.7598479974736507
Vector b: 0.3256766740935415, 0.4481866362476719, -2.9927526684263475, 2.9960430034061241, 0.2481301712255381, -1.1289184629351141, -0.5997342885069176, 0.6392001861978175, 1.0653580512452934, -3.5208852974948899, 3.5196959949472824
-----------------------------------------------------------
| Order |        Error^2         |       Efficiency       |
-----------------------------------------------------------
|   2   | 4.4681574709783872e-32 | 9.7744066462544707e+12 |
|   4   | 1.6732832945537032e-32 | 3.3000805394329578e+10 |
|   6   | 2.3172137485075997e-32 | 5.7940316974219106e+07 |
|   8   | 2.6388216851653927e-10 | 1.1217950808088419e-06 |
-----------------------------------------------------------

Scheme evaluation results:
Order: 8, No. cycles: 22
-----------------------------------------------------------
Vector a: -0.4203041275054558, -0.3142141664159003, 0.8901440928000570, 1.0553327207396883, -0.0099112769231749, -1.1423889656086303, -0.0103784069723313, 0.0870550410405273, -0.4564116127957092, 0.5686173578264037, 0.5068613313966144, 0.2455980124179112
Vector b: -0.8406082550109117, 0.2121799221791111, 1.5681082634210037, 0.5425571780583721, -0.5623797319047219, -1.7223981993125390, 1.7016413853678765, -1.5275313032868207, 0.6147080776954016, 0.5225266379574061, 0.4911960248358225
-----------------------------------------------------------
| Order |        Error^2         |       Efficiency       |
-----------------------------------------------------------
|   2   | 2.3592641818743639e-33 | 4.2536950435612711e+13 |
|   4   | 1.0879200216860271e-35 | 1.2942280019595994e+12 |
|   6   | 2.9631677511993640e-36 | 5.1237248055822077e+09 |
|   8   | 2.7015774108916716e-10 | 1.1086892721991208e-06 |
-----------------------------------------------------------

Scheme evaluation results:
Order: 8, No. cycles: 22
-----------------------------------------------------------
Vector a: 0.3811252980135290, -0.3151205539454132, -0.3526477611136350, -0.1716593718350814, -0.4744949076983769, 0.7388198926683784, -0.0748271983082010, 0.0158735596705006, 1.0216137594013814, -0.9989964582064139, -0.0007691902946974, 1.2310829316480292
Vector b: 0.7622505960270560, -1.3924917039178821, 0.6871961816906123, -1.0305149253607739, 0.0815251099640215, 1.3961146753727354, -1.5457690719891228, 1.5775161913301237, 0.4657113274726252, -2.4637042438854162, 2.4621658632960215
-----------------------------------------------------------
| Order |        Error^2         |       Efficiency       |
-----------------------------------------------------------
|   2   | 4.9231584203398716e-33 | 2.9446435638154062e+13 |
|   4   | 3.0036231652211090e-34 | 2.4631255781306308e+11 |
|   6   | 1.8996244126761856e-35 | 2.0236250367765067e+09 |
|   8   | 2.7509144407252922e-10 | 1.0987022448561287e-06 |
-----------------------------------------------------------

Scheme evaluation results:
Order: 8, No. cycles: 22
-----------------------------------------------------------
Vector a: 0.1374844336542693, -0.4341240545915356, -0.3262191050236830, 0.7345025574159585, -0.2101901963139711, -0.9173876531042668, -0.0492816277879625, 1.0114763971286900, -0.0146027905065312, -0.1072405183046718, 0.9628092859778784, 0.2127732714558258
Vector b: 0.2749688673085385, -1.1432169764916098, 0.4907787664442438, 0.9782263483876730, -1.3986067410156151, -0.4361685651929185, 0.3376053096169936, 1.6853474846403860, -1.7145530656534484, 1.5000720290441052, 0.4255465429116516
-----------------------------------------------------------
| Order |        Error^2         |       Efficiency       |
-----------------------------------------------------------
|   2   | 4.3634350302523312e-34 | 9.8910040892325906e+13 |
|   4   | 1.1970205911217206e-35 | 1.2338389219326897e+12 |
|   6   | 1.0867258822183579e-36 | 8.4606535107146158e+09 |
|   8   | 3.0054644041240570e-10 | 1.0511453152607635e-06 |
-----------------------------------------------------------

Scheme evaluation results:
Order: 8, No. cycles: 22
-----------------------------------------------------------
Vector a: 0.2611168325406993, -0.1443218647666529, -0.1593705201060620, 0.8198250173662813, 0.0613750353743166, -0.3382418897320205, 0.4049263511791565, -0.4039400947575406, -0.9468513006213566, -0.0452349716219769, 0.8788036016332460, 0.6119138035119097
Vector b: 0.5222336650813990, -0.8108773946147049, 0.4921363544025809, 1.1475136803299815, -1.0247636095813482, 0.3482798301173072, 0.4615728722410060, -1.2694530617560871, -0.6242495394866261, 0.5337795962426722, 1.2238276070238197
-----------------------------------------------------------
| Order |        Error^2         |       Efficiency       |
-----------------------------------------------------------
|   2   | 3.8518598887744717e-34 | 1.0527358136406234e+14 |
|   4   | 1.2342690683634019e-35 | 1.2150785493079153e+12 |
|   6   | 1.0804474821580215e-36 | 8.4852000174220943e+09 |
|   8   | 3.2346587278168161e-10 | 1.0132213205749172e-06 |
-----------------------------------------------------------

Scheme evaluation results:
Order: 8, No. cycles: 22
-----------------------------------------------------------
Vector a: 0.4153409026978387, -0.3497587335139921, -0.9748591642216395, 1.0445604314549910, -0.0004322053258862, -1.0804845348395145, 0.3096049957161839, 0.4388598284895787, -0.1908000449799292, 0.2821156729339885, 0.9411455161134321, 0.1647073354749486
Vector b: 0.8306818053956775, -1.5301992724236617, -0.4195190560196171, 2.5086399189295983, -2.5095043295813704, 0.3485352599023426, 0.2706747315300255, 0.6070449254491316, -0.9886450154089899, 1.5528763612769667, 0.3294146709498973
-----------------------------------------------------------
| Order |        Error^2         |       Efficiency       |
-----------------------------------------------------------
|   2   | 8.2604339020983788e-33 | 2.2732814501808516e+13 |
|   4   | 1.1067205844594910e-34 | 4.0577966836381140e+11 |
|   6   | 1.7374379784762955e-35 | 2.1159688004746103e+09 |
|   8   | 3.2932761470023689e-10 | 1.0041636105745445e-06 |
-----------------------------------------------------------

Scheme evaluation results:
Order: 8, No. cycles: 22
-----------------------------------------------------------
Vector a: 0.1526371234035255, -0.6689286937868315, 0.0324479191263032, 0.4954737984800332, -0.7434769904138909, -0.1018379334369065, 0.5179274967388129, 0.4405510662964198, 0.5676799649320184, -0.5126151744827531, -0.0272155137867689, 0.8473569369300378
Vector b: 0.3052742468070507, -1.6431316343807134, 1.7080274726333198, -0.7170798756732535, -0.7698741051545284, 0.5661982382807154, 0.4696567551969104, 0.4114453773959295, 0.7239145524681073, -1.7491449014336133, 1.6947138738600755
-----------------------------------------------------------
| Order |        Error^2         |       Efficiency       |
-----------------------------------------------------------
|   2   | 7.0115887037847805e-34 | 7.8027271766206094e+13 |
|   4   | 3.6863502841786936e-35 | 7.0309008984483826e+11 |
|   6   | 2.2782901444633190e-36 | 5.8433163528611593e+09 |
|   8   | 3.3182435212307137e-10 | 1.0003786762194327e-06 |
-----------------------------------------------------------

Scheme evaluation results:
Order: 8, No. cycles: 22
-----------------------------------------------------------
Vector a: 0.1543666396236355, -0.4571389497409420, 0.0629943765960752, 0.9419271857090170, 0.3197527561954238, -0.3921610581685376, -0.3103517578307275, -0.5788126172155920, -0.7360971605464797, 0.6535271077731978, 1.0093351459620725, 0.3326583316428570
Vector b: 0.3087332792472713, -1.2230111787291558, 1.3489999319213062, 0.5348544394967281, 0.1046510728941195, -0.8889731892311946, 0.2682696735697391, -1.4258949080009231, -0.0462994130920361, 1.3533536286384316, 0.6653166632857138
-----------------------------------------------------------
| Order |        Error^2         |       Efficiency       |
-----------------------------------------------------------
|   2   | 1.0231502829557190e-33 | 6.4592920925448656e+13 |
|   4   | 1.2953947746061608e-35 | 1.1860642242114465e+12 |
|   6   | 3.0742165024497559e-37 | 1.5907308009534618e+10 |
|   8   | 3.5208851776130014e-10 | 9.7116410539321115e-07 |
-----------------------------------------------------------

Scheme evaluation results:
Order: 8, No. cycles: 22
-----------------------------------------------------------
Vector a: 0.4951773982549459, -0.6054473356209603, -0.0501534477342405, 0.1795419957104899, -0.6785765482916971, -0.0609913442128332, -0.2089055778301045, 1.0596577125772180, 0.2127996040316222, -0.2286919080708269, 0.7296585715694738, 0.1559308796169128
Vector b: 0.9903547965098928, -2.2012494677518148, 2.1009425722833335, -1.7418585808623532, 0.3847054842789606, -0.5066881727046281, 0.0888770170444173, 2.0304384081100197, -1.6048392000467750, 1.1474553839051207, 0.3118617592338261
-----------------------------------------------------------
| Order |        Error^2         |       Efficiency       |
-----------------------------------------------------------
|   2   | 2.9400524307286397e-33 | 3.8104573121683188e+13 |
|   4   | 6.7449131166213593e-35 | 5.1978183361776392e+11 |
|   6   | 1.1525112500138997e-35 | 2.5980130509049587e+09 |
|   8   | 3.5333314944006565e-10 | 9.6945211211832640e-07 |
-----------------------------------------------------------

Scheme evaluation results:
Order: 8, No. cycles: 22
-----------------------------------------------------------
Vector a: 0.2487359099145170, 0.5535955980437969, -0.4062575126570866, -1.0172194523118263, 0.0226177329589043, 1.0155498998010939, 0.2285092306915283, -0.2421892767814795, 0.3460194034011593, -0.4570065101852158, 0.0603752356909776, 0.6472697414336308
Vector b: 0.4974718198290340, 0.6097193762585597, -1.4222344015727328, -0.6122045030509194, 0.6574399689687281, 1.3736598306334598, -0.9166413692504031, 0.4322628156874441, 0.2597759911148747, -1.1737890114853065, 1.2945394828672616
-----------------------------------------------------------
| Order |        Error^2         |       Efficiency       |
-----------------------------------------------------------
|   2   | 1.3120397746138044e-33 | 5.7040212908530828e+13 |
|   4   | 5.9362464716525519e-36 | 1.7520775080269536e+12 |
|   6   | 6.3360824376985435e-37 | 1.1080350679355230e+10 |
|   8   | 3.5584857237126368e-10 | 9.6601960314490384e-07 |
-----------------------------------------------------------

Scheme evaluation results:
Order: 8, No. cycles: 22
-----------------------------------------------------------
Vector a: 0.5319777603817524, 0.1255656602671612, -0.4566407538106971, -0.6142838300118997, -0.3243098501484912, 0.4310372762752583, 0.3556201106299002, 0.3484564525047533, -0.2451705949725124, 0.0927050800746554, 0.6385233279200480, 0.1165193608900715
Vector b: 1.0639555207635047, -0.8128242002291823, -0.1004573073922116, -1.1281103526315879, 0.4794906523346056, 0.3825839002159108, 0.3286563210438896, 0.3682565839656172, -0.8585977739106422, 1.0440079340599531, 0.2330387217801430
-----------------------------------------------------------
| Order |        Error^2         |       Efficiency       |
-----------------------------------------------------------
|   2   | 7.5231638452626401e-35 | 2.3820692243943119e+14 |
|   4   | 4.7203445025207483e-37 | 6.2133015090980947e+12 |
|   6   | 2.6796626959325751e-38 | 5.3879536354403015e+10 |
|   8   | 3.6660313689071212e-10 | 9.5174469566545837e-07 |
-----------------------------------------------------------

Scheme evaluation results:
Order: 8, No. cycles: 22
-----------------------------------------------------------
Vector a: 0.1752434638809373, -0.4530459609936726, 0.2301116171243713, 0.8222204640107161, -0.9101485466341402, -0.8277959390379458, 0.1134197619723218, 0.5064199290946108, -0.1946464704097423, 0.1066346802871007, 1.0860201740662521, 0.3455668266391908
Vector b: 0.3504869277618746, -1.2565788497492199, 1.7168020839979625, -0.0723611559765301, -1.7479359372917502, 0.0923440592158587, 0.1344954647287848, 0.8783443934604367, -1.2676373342799212, 1.4809066948541227, 0.6911336532783816
-----------------------------------------------------------
| Order |        Error^2         |       Efficiency       |
-----------------------------------------------------------
|   2   | 1.0231502829557190e-33 | 6.4592920925448656e+13 |
|   4   | 2.2913323633403439e-35 | 8.9179540867641223e+11 |
|   6   | 4.8309018067910932e-37 | 1.2689654858377640e+10 |
|   8   | 3.8828411684128937e-10 | 9.2479131094372710e-07 |
-----------------------------------------------------------

Scheme evaluation results:
Order: 8, No. cycles: 22
-----------------------------------------------------------
Vector a: -0.7126536412060335, 0.1195952604699338, 0.1046611404731910, -0.2985960096487997, 0.9719415872323000, -0.1103265519383238, -0.7451569621337181, 0.4779225338457860, -1.0159353312982906, -0.0005472280258719, 1.8971432069325493, 0.3119519952972776
Vector b: -1.4253072824120661, 1.6644978033519340, -1.4551755224055529, 0.8579835031079539, 1.0858996713566405, -1.3065527752332893, -0.1837611490341409, 1.1396062167257099, -3.1714768793222845, 3.1703824232705409, 0.6239039905945547
-----------------------------------------------------------
| Order |        Error^2         |       Efficiency       |
-----------------------------------------------------------
|   2   | 7.8240903990731457e-34 | 7.3864831005217531e+13 |
|   4   | 8.2644540927781910e-33 | 4.6957199820968102e+10 |
|   6   | 7.7534204006506785e-33 | 1.0016528908091338e+08 |
|   8   | 4.0014800752507657e-10 | 9.1097870293093736e-07 |
-----------------------------------------------------------

Scheme evaluation results:
Order: 8, No. cycles: 22
-----------------------------------------------------------
Vector a: 0.1719931080361398, -0.4212813354351984, -0.3538479963822448, 0.7683735242701648, 0.6750715465797477, -0.7767098611724698, -0.1416869604290134, 0.0368675820173747, -0.9839676345032671, -0.0213522282459904, 1.1324379366986377, 0.9141023185661191
Vector b: 0.3439862160722797, -1.1865488869426764, 0.4788528941781868, 1.0578941543621425, 0.2922489387973529, -1.8456686611422921, 1.5622947402842655, -1.4885595762495161, -0.4793756927570183, 0.4366712362650375, 1.8282046371322380
-----------------------------------------------------------
| Order |        Error^2         |       Efficiency       |
-----------------------------------------------------------
|   2   | 2.2945649728051052e-34 | 1.3639688701085111e+14 |
|   4   | 4.2203185930397177e-35 | 6.5710785404959973e+11 |
|   6   | 6.8146646512069610e-36 | 3.3786380636831803e+09 |
|   8   | 4.5899308475311422e-10 | 8.5058061776855974e-07 |
-----------------------------------------------------------

Scheme evaluation results:
Order: 8, No. cycles: 22
-----------------------------------------------------------
Vector a: -0.6178500445681363, -0.1663931366550414, 1.3915056982664598, -0.0133806363919431, -0.7282162821591215, -0.6386781663291606, -0.8632174829342159, 0.9381285748610131, -0.0746600932545027, -0.0259758574085428, 1.3924382046495163, 0.4062992219236751
Vector b: -1.2357000891362724, 0.9029138158261893, 1.8800975807067306, -1.9068588534906168, 0.4504262891723738, -1.7277826218306953, 0.0013476559622637, 1.8749094937597621, -2.0242296802687676, 1.9722779654516822, 0.8125984438473504
-----------------------------------------------------------
| Order |        Error^2         |       Efficiency       |
-----------------------------------------------------------
|   2   | 3.9120451995365728e-33 | 3.3033356654840105e+13 |
|   4   | 1.1678536375419426e-33 | 1.2491513677069026e+11 |
|   6   | 1.3584569439408727e-34 | 7.5673004257373536e+08 |
|   8   | 4.8440532395427149e-10 | 8.2796904367779861e-07 |
-----------------------------------------------------------

Scheme evaluation results:
Order: 8, No. cycles: 22
-----------------------------------------------------------
Vector a: 0.1315535629598183, -0.5792366966564355, 0.4791465012138607, -0.0008583785097203, -0.8922816541083721, 0.8638153199817673, -0.0683827254428275, -0.4916455618980318, -0.2233502709986434, 0.3831008943266892, 1.0733145863761655, 0.3248244227557296
Vector b: 0.2631071259196355, -1.4215805192325048, 2.3798735216602211, -2.3815902786796621, 0.5970269704629213, 1.1306036695006143, -1.2673691203862694, 0.2840779965902047, -0.7307785385874914, 1.4969803272408708, 0.6496488455114595
-----------------------------------------------------------
| Order |        Error^2         |       Efficiency       |
-----------------------------------------------------------
|   2   | 1.6490775148815707e-32 | 1.6089187144340943e+13 |
|   4   | 4.0355014937316836e-34 | 2.1250077609170517e+11 |
|   6   | 1.1520661429709900e-35 | 2.5985148807002277e+09 |
|   8   | 5.1247409751178370e-10 | 8.0497537259163647e-07 |
-----------------------------------------------------------

Scheme evaluation results:
Order: 8, No. cycles: 22
-----------------------------------------------------------
Vector a: 0.2904864041391851, 1.2207966790882883, 0.0987110656411399, 0.3406564392313113, 0.0229366369708501, -1.1463281556598945, 1.0208146412078114, -0.0718354453128137, -0.6427633936260519, -0.1666642834964259, -0.2901853543328943, 0.3233747661494942
Vector b: 0.5809728082783774, 1.8606205498980923, -1.6631984186158351, 2.3445112970784678, -2.2986380231367716, 0.0059817118171351, 2.0356475705983277, -2.1793184612239407, 0.8937916739718599, -1.2271202409646704, 0.6467495322989576
-----------------------------------------------------------
| Order |        Error^2         |       Efficiency       |
-----------------------------------------------------------
|   2   | 5.4804743979969280e-32 | 8.8256268562310430e+12 |
|   4   | 3.8923268695487044e-32 | 2.1637377621529911e+10 |
|   6   | 1.1853210356821309e-31 | 2.5618041164134562e+07 |
|   8   | 5.4846132008795357e-10 | 7.7811815991915952e-07 |
-----------------------------------------------------------

Scheme evaluation results:
Order: 8, No. cycles: 22
-----------------------------------------------------------
Vector a: -0.5805972687239124, 0.1665464634235405, 0.8062679950886058, -0.7525094763207115, -0.4000303811728188, 0.8721789004225584, -0.1829544743682078, -0.3843090488229524, -0.1882004996437212, 0.3269701433233018, 1.0455146288200543, 0.2711230179742633
Vector b: -1.1611945374478247, 1.4942874642949058, 0.1182485258823057, -1.6232674785237289, 0.8232067161780913, 0.9211510846670256, -1.2870600334034412, 0.5184419357575363, -0.8948429350449786, 1.5487832216915822, 0.5422460359485266
-----------------------------------------------------------
| Order |        Error^2         |       Efficiency       |
-----------------------------------------------------------
|   2   | 4.8629731095777705e-33 | 2.9628093349087555e+13 |
|   4   | 1.0354929736393531e-34 | 4.1950360621986584e+11 |
|   6   | 2.0984084874026251e-36 | 6.0886203933592844e+09 |
|   8   | 5.7693786523725833e-10 | 7.5867195767190746e-07 |
-----------------------------------------------------------

Scheme evaluation results:
Order: 8, No. cycles: 22
-----------------------------------------------------------
Vector a: 0.3371331185278063, 0.5202457716278371, -0.6772331936132708, 0.6061128671175450, 0.0002182237964437, -1.2620918712914320, 0.4113479045181462, -0.4005865023927098, 0.0707809365072416, 0.1927544785067407, 0.3577530102636455, 0.8435652564320065
Vector b: 0.6742662370556052, 0.3662253062000761, -1.7206916934266498, 2.9329174276614958, -2.9324809800686085, 0.4082972374859913, 0.4143985715503396, -1.2155715763357882, 1.3571334493502798, -0.9716244923367874, 1.6871305128640461
-----------------------------------------------------------
| Order |        Error^2         |       Efficiency       |
-----------------------------------------------------------
|   2   | 1.3782436164521157e-32 | 1.7599148000986234e+13 |
|   4   | 4.1184267427104418e-33 | 6.6518677180642609e+10 |
|   6   | 8.6780552469049928e-34 | 2.9940062992697018e+08 |
|   8   | 6.8342207354778615e-10 | 6.9706624456622089e-07 |
-----------------------------------------------------------

Scheme evaluation results:
Order: 8, No. cycles: 22
-----------------------------------------------------------
Vector a: 0.1405804106227823, -0.4539668111904593, 0.0997930386259252, 0.8714247233739907, -0.5441160735405582, -0.3784153135087065, -0.1277055369940124, -0.8743768895094789, -0.0051969919306219, 1.0586119483619343, 0.9366451532164852, 0.2767223424727195
Vector b: 0.2811608212455645, -1.1890944436264830, 1.3886805208783335, 0.3541689258696481, -1.4424010729507648, 0.6855704459333518, -0.9409815199213767, -0.8077722590975811, 0.7973782752363372, 1.3198456214875316, 0.5534446849454390
-----------------------------------------------------------
| Order |        Error^2         |       Efficiency       |
-----------------------------------------------------------
|   2   | 1.0712985315653999e-33 | 6.3124708197159133e+13 |
|   4   | 3.2314339704104684e-35 | 7.5095105821145056e+11 |
|   6   | 4.5439918306710592e-36 | 4.1375679974690089e+09 |
|   8   | 6.9941955557344589e-10 | 6.8904830380490606e-07 |
-----------------------------------------------------------

Scheme evaluation results:
Order: 8, No. cycles: 22
-----------------------------------------------------------
Vector a: 0.2974164857334224, 1.0304806914424203, 0.0947738589722171, 0.0455635627747773, -0.0691041211365311, -1.1998126201984802, -0.0165833517688095, 0.7414687908665950, -0.1248695627670418, -0.2419259219000268, 0.3183666909667408, 0.1242254970147164
Vector b: 0.5948329714668469, 1.4661284114179891, -1.2765806934735549, 1.3677078190231093, -1.5059160612961715, -0.8937091791007781, 0.8605424755631594, 0.6223951061700215, -0.8721342317041056, 0.3882823879040508, 0.2484509940294330
-----------------------------------------------------------
| Order |        Error^2         |       Efficiency       |
-----------------------------------------------------------
|   2   | 4.8629731095777705e-33 | 2.9628093349087555e+13 |
|   4   | 9.0403615468995044e-34 | 1.4197647099503629e+11 |
|   6   | 3.4777114913455927e-34 | 4.7295208009048277e+08 |
|   8   | 7.4159608961732294e-10 | 6.6916749658274059e-07 |
-----------------------------------------------------------

Scheme evaluation results:
Order: 8, No. cycles: 22
-----------------------------------------------------------
Vector a: 0.4841199154131401, -0.6448854483326460, -0.6418452026500143, 0.5588119855581112, -0.5136838385499650, 0.2996208009347598, 1.2262803753977882, -0.1380059332167274, -0.3176886771105245, -0.7007720986629233, 0.2628174274995754, 1.1252306937194261
Vector b: 0.9682398308262801, -2.2580107274915728, 0.9743203221915439, 0.1433036489246787, -1.1706713260246091, 1.7699129278941290, 0.6826478229014482, -0.9586596893349031, 0.3232823351138543, -1.7248265324397019, 2.2504613874388530
-----------------------------------------------------------
| Order |        Error^2         |       Efficiency       |
-----------------------------------------------------------
|   2   | 1.0863448592559252e-33 | 6.2686032220902945e+13 |
|   4   | 2.2330866182570996e-34 | 2.8566464400947583e+11 |
|   6   | 2.4772039637330122e-35 | 1.7720788079675245e+09 |
|   8   | 8.1271161053693153e-10 | 6.3921995075076162e-07 |
-----------------------------------------------------------

Scheme evaluation results:
Order: 8, No. cycles: 22
-----------------------------------------------------------
Vector a: 0.2659218675463113, -0.4270577909563545, 0.1451486191443864, -0.0392593747151059, -0.6318316201562852, 0.9315299737353812, -0.1188673319069567, -0.5482101943215827, -0.1347937083257052, 0.4639203096782538, 0.9744221736982493, 0.1190770765794083
Vector b: 0.5318437350926226, -1.3859593170053317, 1.6762565552941044, -1.7547753047243162, 0.4911120644117459, 1.3719478830590162, -1.6096825468729294, 0.5132621582297643, -0.7828495748811747, 1.7106901942376822, 0.2381541531588166
-----------------------------------------------------------
| Order |        Error^2         |       Efficiency       |
-----------------------------------------------------------
|   2   | 1.0171317518795089e-33 | 6.4783742377884523e+13 |
|   4   | 2.4730931773362401e-35 | 8.5839867193367004e+11 |
|   6   | 1.3336277324023953e-36 | 7.6374188031775312e+09 |
|   8   | 8.2987173179876318e-10 | 6.3257652006296615e-07 |
-----------------------------------------------------------

Scheme evaluation results:
Order: 8, No. cycles: 22
-----------------------------------------------------------
Vector a: 0.1659622867099900, 0.3588879492092203, 0.4965969874025269, -0.2184635200652701, -0.2982438411340976, -0.2139456260897931, -0.3828871655364366, 0.7189341521785647, 0.6181163274893657, -0.7222498978253613, -0.0995445949313668, 0.5768369425926578
Vector b: 0.3319245734199941, 0.3858513249984232, 0.6073426498066453, -1.0442696899371928, 0.4477820076689921, -0.8756732598485876, 0.1098989287757048, 1.3279693755814403, -0.0917367206026863, -1.3527630750480633, 1.1536738851853301
-----------------------------------------------------------
| Order |        Error^2         |       Efficiency       |
-----------------------------------------------------------
|   2   | 2.0463005659114381e-34 | 1.4443416205457184e+14 |
|   4   | 3.8038997192609224e-35 | 6.9214127250999487e+11 |
|   6   | 3.7366715442984649e-36 | 4.5626951469011011e+09 |
|   8   | 8.5743113785429620e-10 | 6.2232740757665342e-07 |
-----------------------------------------------------------

Scheme evaluation results:
Order: 8, No. cycles: 22
-----------------------------------------------------------
Vector a: -0.2268112425053284, 0.6144246293880492, 0.0803368552784827, -0.5832766455406105, 0.3416625780983140, -0.5425337111928088, -0.6294215434028688, 0.6192634742221842, 0.9408251153385716, -0.6957565393242786, -0.0065917628071710, 1.0878787924474644
Vector b: -0.4536224850106567, 1.6824717437867549, -1.5217980332297893, 0.3552447421485686, 0.3280804140480592, -1.4131478364336767, 0.1543047496279389, 1.0842221988164293, 0.7974280318607138, -2.1889411105092709, 2.1757575848949289
-----------------------------------------------------------
| Order |        Error^2         |       Efficiency       |
-----------------------------------------------------------
|   2   | 8.7870553712667636e-34 | 6.9700028680926812e+13 |
|   4   | 1.0629407667310535e-35 | 1.3093469618287776e+12 |
|   6   | 8.1951421072710051e-36 | 3.0809572384660058e+09 |
|   8   | 8.7035397559711090e-10 | 6.1769003450456502e-07 |
-----------------------------------------------------------

Scheme evaluation results:
Order: 8, No. cycles: 22
-----------------------------------------------------------
Vector a: 0.1225258084426852, -0.4541919523657239, 0.1229574586204196, 0.8672405637266150, -0.5704952231091548, -0.3875171575012366, -0.1560136226837380, 0.1762777358805671, 1.1750554930748587, -0.0276984199529033, -0.1940299143450706, 0.3258892302126817
Vector b: 0.2450516168853705, -1.1534355216168186, 1.3993504388576576, 0.3351306885955723, -1.4761211348138819, 0.7010868198114087, -1.0131140651788848, 1.3656695369400189, 0.9844414492096982, -1.0398382891155047, 0.6517784604253635
-----------------------------------------------------------
| Order |        Error^2         |       Efficiency       |
-----------------------------------------------------------
|   2   | 3.8518598887744717e-34 | 1.0527358136406234e+14 |
|   4   | 4.5224206412010456e-35 | 6.3478082493212671e+11 |
|   6   | 9.5473601321192025e-37 | 9.0265597803338852e+09 |
|   8   | 8.7911433952383780e-10 | 6.1460469198975692e-07 |
-----------------------------------------------------------

Scheme evaluation results:
Order: 8, No. cycles: 22
-----------------------------------------------------------
Vector a: 0.3621428455991361, -0.1553485744142103, 0.3170856322421487, -0.0032572179792550, -0.4885779591072396, 0.5159793276893230, 0.3248650589749025, -0.3791193524274842, -0.8546065106170034, -0.0827141370087270, 0.8390909329080559, 0.6044599541403536
Vector b: 0.7242856911982720, -1.0349828400266927, 1.6691541045109901, -1.6756685404695000, 0.6985126222550208, 0.3334460331236253, 0.3162840848261797, -1.0745227896811482, -0.6346902315528588, 0.4692619575354047, 1.2089199082807072
-----------------------------------------------------------
| Order |        Error^2         |       Efficiency       |
-----------------------------------------------------------
|   2   | 1.3120397746138044e-33 | 5.7040212908530828e+13 |
|   4   | 1.9301617240501961e-35 | 9.7165575469187939e+11 |
|   6   | 1.6339859352503136e-36 | 6.8998517259192171e+09 |
|   8   | 9.7093557588278183e-10 | 5.8482152142853486e-07 |
-----------------------------------------------------------

Scheme evaluation results:
Order: 8, No. cycles: 22
-----------------------------------------------------------
Vector a: -0.0421529877240520, -0.7675960909176882, -0.1558679077500904, 0.5898019018093312, -1.1548567738997857, -0.0014252717618519, 0.5126099884749158, 0.1136743425137259, 1.0483251159322047, 0.4323485484237692, 0.2919425649716045, 0.1331965699279168
Vector b: -0.0843059754545218, -1.4508862063744254, 1.1391503908739089, 0.0404534127459737, -2.3501669605470350, 2.3473164170233276, -1.3220964400732320, 1.5494451251009369, 0.5472051067626674, 0.3174919900863528, 0.2663931398560472
-----------------------------------------------------------
| Order |        Error^2         |       Efficiency       |
-----------------------------------------------------------
|   2   | 6.3375132232492480e-33 | 2.5953456106656895e+13 |
|   4   | 2.0106701015423660e-32 | 3.0105016299670734e+10 |
|   6   | 2.0082759760860330e-32 | 6.2237511357378796e+07 |
|   8   | 9.7125555749516112e-10 | 5.8472517832541582e-07 |
-----------------------------------------------------------

Scheme evaluation results:
Order: 8, No. cycles: 22
-----------------------------------------------------------
Vector a: 0.3440303650627870, 0.5171142248158063, -0.7949381880777645, -0.8898631029606804, 0.8198554166955191, -0.0790448888521036, -0.6043418569401308, -0.0579167059393683, 0.7456580102789896, -0.1947522703026266, -0.0102637470194003, 1.2044627432389725
Vector b: 0.6880607301255741, 0.3461677195060382, -1.9360440956615674, 0.1563178897402066, 1.4833929436508313, -1.6414827213550383, 0.4327990074747772, -0.5486324193535138, 2.0399484399114929, -2.4294529805167460, 2.4089254864779455
-----------------------------------------------------------
| Order |        Error^2         |       Efficiency       |
-----------------------------------------------------------
|   2   | 4.6703801151390469e-33 | 3.0232810650894738e+13 |
|   4   | 1.1891300852918260e-34 | 3.9146649121518646e+11 |
|   6   | 7.3006142956481720e-35 | 1.0322483867638747e+09 |
|   8   | 1.0052585632972843e-09 | 5.7475090364733654e-07 |
-----------------------------------------------------------

Scheme evaluation results:
Order: 8, No. cycles: 22
-----------------------------------------------------------
Vector a: 0.4764414149041827, -0.5344845536244857, -0.1671584618443458, 0.0199360790931841, -0.6275785290736675, 0.4512076261332936, 0.6571917344530313, 0.4996779516956419, -0.4460604499190854, -0.9420049052852194, 0.6071642914798849, 1.0056678019875855
Vector b: 0.9528828298083654, -2.0218519370573365, 1.6875350133686453, -1.6476628551822772, 0.3925057970349420, 0.5099094552316451, 0.8044740136744171, 0.1948818897168668, -1.0870027895550378, -0.7970070210154010, 2.0113356039751711
-----------------------------------------------------------
| Order |        Error^2         |       Efficiency       |
-----------------------------------------------------------
|   2   | 4.8168114464209793e-33 | 2.9769724479012547e+13 |
|   4   | 4.1139547213895323e-35 | 6.6554821495007996e+11 |
|   6   | 3.0129713257038240e-35 | 1.6068169922803395e+09 |
|   8   | 1.0055198688582626e-09 | 5.7467621821821432e-07 |
-----------------------------------------------------------

Scheme evaluation results:
Order: 8, No. cycles: 22
-----------------------------------------------------------
Vector a: -0.5201506770987676, -0.4669159469566402, 1.3937967983738231, 0.1577856058925227, -0.0149616102077172, -0.1151670480179467, 0.0468797881711992, -0.0417335244189676, -0.9240796573975394, 0.6296304344071305, 0.5185153581590022, 0.3364004790939009
Vector b: -1.0403013541975363, 0.1064694602842540, 2.6811241364634268, -2.3655529246783842, 2.3356297042629488, -2.5659638002988401, 2.6597233766412418, -2.7431904254791761, 0.8950311106840609, 0.3642297581302011, 0.6728009581878031
-----------------------------------------------------------
| Order |        Error^2         |       Efficiency       |
-----------------------------------------------------------
|   2   | 4.0926011318228762e-34 | 1.0213037542378447e+14 |
|   4   | 3.4128744621957655e-33 | 7.3071684627642273e+10 |
|   6   | 5.6283428914149652e-34 | 3.7176940056110537e+08 |
|   8   | 1.0806580472550142e-09 | 5.5433768970540222e-07 |
-----------------------------------------------------------

Scheme evaluation results:
Order: 8, No. cycles: 22
-----------------------------------------------------------
Vector a: -0.7026700428358401, 0.4028346090603764, 0.0313608242898831, 0.2105143548847479, -0.0096886656000474, -0.7180762480936617, 0.9226800954010442, -0.2390318752360693, -0.6567042809693150, 0.5341732080693924, 0.9150220697142751, 0.3095859513152145
Vector b: -1.4053400856716802, 2.2110093037924332, -2.1482876552126671, 2.5693163649821629, -2.5886936961822573, 1.1525411999949342, 0.6928189908071541, -1.1708827412792928, -0.1425258206593369, 1.2108722367981215, 0.6191719026304290
-----------------------------------------------------------
| Order |        Error^2         |       Efficiency       |
-----------------------------------------------------------
|   2   | 4.8629731095777705e-33 | 2.9628093349087555e+13 |
|   4   | 3.5141697491419991e-34 | 2.2771828729534534e+11 |
|   6   | 6.8478744842599299e-35 | 1.0658252858633138e+09 |
|   8   | 1.1051474577998364e-09 | 5.4816138542006651e-07 |
-----------------------------------------------------------

Scheme evaluation results:
Order: 8, No. cycles: 22
-----------------------------------------------------------
Vector a: -0.6197167054280767, -0.2131600590567471, -0.3098969575949029, -0.7120363413202213, 1.0243479998422045, 0.3480283508736259, -0.0163469690973116, -0.3712767731303236, -0.2362124054900995, 1.2109294392877408, 0.6578250377681768, 0.2375153833459348
Vector b: -1.2394334108561418, 0.8131132927426500, -1.4329072079324483, 0.0088345252920128, 2.0398614743923869, -1.3438047726451405, 1.3111108344505173, -2.0536643807111585, 1.5812395697309614, 0.8406193088444948, 0.4750307666918663
-----------------------------------------------------------
| Order |        Error^2         |       Efficiency       |
-----------------------------------------------------------
|   2   | 6.2592723192585165e-34 | 8.2583391637100266e+13 |
|   4   | 1.9650063153444457e-33 | 9.6300224918744415e+10 |
|   6   | 4.8576401804338675e-34 | 4.0017618898072231e+08 |
|   8   | 1.3494592786229706e-09 | 4.9606508586703275e-07 |
-----------------------------------------------------------

Scheme evaluation results:
Order: 8, No. cycles: 22
-----------------------------------------------------------
Vector a: 0.2538313712908746, -0.2234084730815105, -0.9559343324049376, 0.0763762550381110, 1.0691948054563387, 0.7392332924273877, -0.3947522457996424, -0.3992324394622630, 0.4041156101037943, -0.2857067686918720, 0.1235447913535723, 0.5927381337701467
Vector b: 0.5076627425817491, -0.9544796887447698, -0.9573889760651060, 1.1101414861413281, 1.0282481247713500, 0.4502184600834254, -1.2397229516827100, 0.4412580727581838, 0.3669731474494045, -0.9383866848331485, 1.1854762675402934
-----------------------------------------------------------
| Order |        Error^2         |       Efficiency       |
-----------------------------------------------------------
|   2   | 6.2592723192585165e-34 | 8.2583391637100266e+13 |
|   4   | 3.2138015551481340e-35 | 7.5300827435210535e+11 |
|   6   | 1.3829421270654248e-36 | 7.5000111999125824e+09 |
|   8   | 1.4314360516399993e-09 | 4.8165112379059665e-07 |
-----------------------------------------------------------

Scheme evaluation results:
Order: 8, No. cycles: 22
-----------------------------------------------------------
Vector a: -0.6045844168269570, 0.0693928084172635, 0.8047370812615552, 0.2911167954829323, -0.5358987387887097, -0.3078338619052892, -0.1411073918476559, 0.2049745437789113, 1.0297262372759670, -0.4678532948448184, -0.0528727710741995, 0.7102030090710003
Vector b: -1.2091688336539139, 1.3479544504884411, 0.2615197120346692, 0.3207138789311956, -1.3925113565086151, 0.7768436326980367, -1.0590584163933485, 1.4690075039511710, 0.5904449706007630, -1.5261515602903997, 1.4204060181420006
-----------------------------------------------------------
| Order |        Error^2         |       Efficiency       |
-----------------------------------------------------------
|   2   | 1.7453740121009325e-33 | 4.9455020446162953e+13 |
|   4   | 3.1515003545545528e-35 | 7.6041486228842419e+11 |
|   6   | 1.1151534075927911e-36 | 8.3521177246890745e+09 |
|   8   | 1.4962987328579219e-09 | 4.7109598114256238e-07 |
-----------------------------------------------------------

Scheme evaluation results:
Order: 8, No. cycles: 22
-----------------------------------------------------------
Vector a: -0.5312670248088924, -0.1002335066513939, 0.7640646873129631, 0.5959592097099831, -0.8730079998478132, 0.0076612287456441, -0.2101810090350726, -1.3036525905693073, 0.1149012012408476, -0.0509702870413136, 1.2354901451379667, 1.3512359458063885
Vector b: -1.0625340496177846, 0.8620670363149970, 0.6660623383109285, 0.5258560811090380, -2.2718720808046640, 2.2871945382959518, -2.7075565563660966, 0.1002513752274812, 0.1295510272542141, -0.2314916013368414, 2.7024718916127757
-----------------------------------------------------------
| Order |        Error^2         |       Efficiency       |
-----------------------------------------------------------
|   2   | 3.3751922275386308e-32 | 1.1246189113025984e+13 |
|   4   | 1.0578038564179601e-33 | 1.3125223387831943e+11 |
|   6   | 9.5788667875580662e-34 | 2.8497505638750345e+08 |
|   8   | 1.6310672671401730e-09 | 4.5121405308385167e-07 |
-----------------------------------------------------------

Scheme evaluation results:
Order: 8, No. cycles: 22
-----------------------------------------------------------
Vector a: 0.1175550909280808, -0.3869044471034455, -0.2576759915161187, 1.0422786081673323, 0.9448563672115570, -0.0640317337085245, -0.8351772475551525, -0.3021369385203823, 0.6627131302779536, -0.4631801820822909, -0.1322713493463206, 0.6739746932473111
Vector b: 0.2351101818561623, -1.0089190760630542, 0.4935670930308169, 1.5909901233038479, 0.2987226111192657, -0.4267860785363147, -1.2435684165739900, 0.6392945395332255, 0.6861317210226817, -1.6124920851872633, 1.3479493864946221
-----------------------------------------------------------
| Order |        Error^2         |       Efficiency       |
-----------------------------------------------------------
|   2   | 2.0463005659114381e-34 | 1.4443416205457184e+14 |
|   4   | 4.7019774032891500e-35 | 6.2254250357659106e+11 |
|   6   | 3.8526396869312232e-36 | 4.4934997102378092e+09 |
|   8   | 1.8969050627973049e-09 | 4.1840393044148337e-07 |
-----------------------------------------------------------

Scheme evaluation results:
Order: 8, No. cycles: 22
-----------------------------------------------------------
Vector a: 0.4160988246349372, 0.5188667474505778, -0.1851813981517818, -0.7497841739337332, -0.6620711246737803, 0.7362297357559788, 0.6547766299935457, -0.5117859774885725, -0.4830230132351926, -0.1358841199610016, 0.5194282241424765, 0.8823296454665459
Vector b: 0.8321976492698745, 0.2055358456312812, -0.5758986419348449, -1.4036134205122124, 0.5594148857442425, 0.9130445857677152, 0.3965086742193761, -1.4200806291965209, 0.4540346027261357, -0.7258028426481388, 1.7646592909330918
-----------------------------------------------------------
| Order |        Error^2         |       Efficiency       |
-----------------------------------------------------------
|   2   | 2.4074124304840448e-34 | 1.3316171782139703e+14 |
|   4   | 9.3099152585125171e-36 | 1.3990602342962002e+12 |
|   6   | 3.2928255691131972e-36 | 4.8604843862747631e+09 |
|   8   | 2.0124076243194017e-09 | 4.0621932146727358e-07 |
-----------------------------------------------------------

Scheme evaluation results:
Order: 8, No. cycles: 22
-----------------------------------------------------------
Vector a: -0.5582002641861852, -0.5028301129852447, 0.1069207575509246, 0.4502503840485571, 0.5702940083779033, -0.4874964101962002, 0.6042498942445347, -0.0004697029294389, -1.2956627249770594, 0.6673276679579493, 1.0723983289898822, 0.3732181741043770
Vector b: -1.1164005283723704, 0.1107403024018807, 0.1031012126999681, 0.7973995553971467, 0.3431884613586606, -1.3181812817510616, 2.5266810702401354, -2.5276204760990133, -0.0637049738551105, 1.3983603097710098, 0.7464363482087544
-----------------------------------------------------------
| Order |        Error^2         |       Efficiency       |
-----------------------------------------------------------
|   2   | 3.2379697190010403e-33 | 3.6309330980052312e+13 |
|   4   | 1.9894066393316394e-34 | 3.0265475062513959e+11 |
|   6   | 4.0244375154742997e-35 | 1.3903089569084218e+09 |
|   8   | 2.2501571360156043e-09 | 3.8415998850466205e-07 |
-----------------------------------------------------------

Scheme evaluation results:
Order: 8, No. cycles: 22
-----------------------------------------------------------
Vector a: -0.5568264444679897, -0.4738344910635922, 0.1858902443308575, 0.4258512686460182, 0.4688846101866987, -0.4395380651748158, -0.6458246790357942, 0.5968438871888259, 1.0523820022313422, -0.4870704443738757, -0.0045057332451145, 0.8777478447774395
Vector b: -1.1136528889359796, 0.1659839068087951, 0.2057965818529200, 0.6459059554391164, 0.2918632649342809, -1.1709393952839124, -0.1207099627876760, 1.3143977371653277, 0.7903662672973566, -1.7645071560451080, 1.7554956895548790
-----------------------------------------------------------
| Order |        Error^2         |       Efficiency       |
-----------------------------------------------------------
|   2   | 4.8148248609680896e-35 | 2.9775865304928900e+14 |
|   4   | 7.2674938239587925e-36 | 1.5834958919588677e+12 |
|   6   | 1.9965503216876217e-36 | 6.2420002925621710e+09 |
|   8   | 2.2816493314846287e-09 | 3.8149961529748888e-07 |
-----------------------------------------------------------

Scheme evaluation results:
Order: 8, No. cycles: 22
-----------------------------------------------------------
Vector a: 0.8039024249520811, 0.0405443685417228, -1.3491479230000432, -0.3468742782504191, 0.3658441123889278, 0.3046011946369924, -0.5351863286836963, 0.0200505676405816, 1.5724540455050471, -0.0263873915211908, -0.3578663311623157, 0.5080655389523124
Vector b: 1.6078048499041626, -1.5267161128207170, -1.1715797331793694, 0.4778311766785311, 0.2538570480993237, 0.3553453411746624, -1.4257179985420552, 1.4658191338232185, 1.6790889571868755, -1.7318637402292572, 1.0161310779046251
-----------------------------------------------------------
| Order |        Error^2         |       Efficiency       |
-----------------------------------------------------------
|   2   | 1.2037062152420224e-33 | 5.9551730609857797e+13 |
|   4   | 2.0321946337015706e-34 | 2.9945159220774603e+11 |
|   6   | 5.6454896228443232e-35 | 1.1738513623899958e+09 |
|   8   | 2.4581780780061299e-09 | 3.6754615408937797e-07 |
-----------------------------------------------------------

Scheme evaluation results:
Order: 8, No. cycles: 22
-----------------------------------------------------------
Vector a: -0.4646853937860116, -0.5554927994755066, 0.4129115397444187, 0.7658977642772710, 0.4641912158464730, 0.3555525100470572, -0.2459965089163900, 0.3561399254332748, -0.0015518769462912, -0.5690703939904833, 0.3351310240578004, 0.1469729937083878
Vector b: -0.9293707875720268, -0.1816148113789902, 1.0074378908678305, 0.5243576376867169, 0.4040247940062322, 0.3070802260878840, -0.7990732439206656, 1.5113530947872218, -1.5144568486798042, 0.3763160606988257, 0.2939459874167757
-----------------------------------------------------------
| Order |        Error^2         |       Efficiency       |
-----------------------------------------------------------
|   2   | 5.4467706239701514e-34 | 8.8528905522390984e+13 |
|   4   | 5.4711860089787149e-34 | 1.8250238176894690e+11 |
|   6   | 4.2931787154497553e-35 | 1.3460910332443569e+09 |
|   8   | 2.8144839151018699e-09 | 3.4349400990801005e-07 |
-----------------------------------------------------------

Scheme evaluation results:
Order: 8, No. cycles: 22
-----------------------------------------------------------
Vector a: -0.8595129880976649, -0.0188768618658189, 0.3474317373648036, -0.3933330665638589, 0.2505201842201254, 0.5604711194368517, -0.2963287393574068, -0.2804940203422116, -0.0879502378914645, 0.2477240370213995, 1.1458400437616088, 0.3845087923136366
Vector b: -1.7190259761953297, 1.6812722524636918, -0.9864087777340844, 0.1997426446063669, 0.3012977238338820, 0.8196445150398241, -1.4123019937546382, 0.8513139530702144, -1.0272144288531435, 1.5226625028959431, 0.7690175846272737
-----------------------------------------------------------
| Order |        Error^2         |       Efficiency       |
-----------------------------------------------------------
|   2   | 6.0185310762101120e-35 | 2.6632343564279406e+14 |
|   4   | 6.8954498619235385e-35 | 5.1407676375353296e+11 |
|   6   | 2.5886610654070752e-35 | 1.7335098718221741e+09 |
|   8   | 3.3048805626363266e-09 | 3.1698642874169862e-07 |
-----------------------------------------------------------

Scheme evaluation results:
Order: 8, No. cycles: 22
-----------------------------------------------------------
Vector a: -0.5783350375416555, 1.2398855401040452, -0.0011630217466802, -1.3215409404223424, 0.8281054086104940, -1.2395350001042735, 0.0139813787753551, 1.5493771904720439, -1.6246531289015338, -0.0107818752099872, 1.8620644008040199, 0.2825950851605147
Vector b: -1.1566700750833112, 3.6364411552914060, -3.6387671987847661, 0.9956853179400775, 0.6605254992809094, -3.1395954994894604, 3.1675582570401706, -0.0688038760960797, -3.1805023817069915, 3.1589386312870174, 0.5651901703210286
-----------------------------------------------------------
| Order |        Error^2         |       Efficiency       |
-----------------------------------------------------------
|   2   | 8.4837214050257739e-32 | 7.0935141462529902e+12 |
|   4   | 2.5415292829467629e-32 | 2.6776987617218243e+10 |
|   6   | 2.6538057410711298e-32 | 5.4141383639854394e+07 |
|   8   | 3.8303661850223088e-09 | 2.9444108272213645e-07 |
-----------------------------------------------------------

Scheme evaluation results:
Order: 8, No. cycles: 22
-----------------------------------------------------------
Vector a: -0.7769473400525004, 0.1470700774827198, 0.8795833015903067, -0.8907141293695134, 0.0760810041561795, 0.0588277307322171, -0.3261854928304556, 1.5684333002267119, -0.0343977933646316, -0.8339443903350581, 0.6818663205011020, 0.4503274112629221
Vector b: -1.5538946801050000, 1.8480348350704396, -0.0888682318898278, -1.6925600268491980, 1.8447220351615572, -1.7270665736971227, 1.0746955880362117, 2.0621710124172110, -2.1309665991464741, 0.4630778184763594, 0.9006548225258442
-----------------------------------------------------------
| Order |        Error^2         |       Efficiency       |
-----------------------------------------------------------
|   2   | 1.4504659893666370e-32 | 1.7155400583514102e+13 |
|   4   | 7.1457126092136035e-34 | 1.5969322956766748e+11 |
|   6   | 4.0012755092094134e-35 | 1.3943271602313459e+09 |
|   8   | 4.6265292002416041e-09 | 2.6791121852049517e-07 |
-----------------------------------------------------------

Scheme evaluation results:
Order: 8, No. cycles: 22
-----------------------------------------------------------
Vector a: 1.8766215346499096, -0.0002124238292576, -1.4448174583110571, -0.0595876710357908, -0.1924908354111937, 0.6761549780832261, -0.1597426398811997, -0.5791414706967123, 1.1106715660603295, 0.0047024660220476, -0.6902421671067529, 0.4580841214564515
Vector b: 3.7532430692997423, -3.7536679169582574, 0.8640330003362047, -0.9832083424077962, 0.5982266715854047, 0.7540832845810669, -1.0735685643434822, -0.0847143770499044, 2.3060575091705080, -2.2966525771264119, 0.9161682429129261
-----------------------------------------------------------
| Order |        Error^2         |       Efficiency       |
-----------------------------------------------------------
|   2   | 6.0967719802008435e-32 | 8.3676722667332373e+12 |
|   4   | 9.8158969276714238e-31 | 4.3086804087465363e+09 |
|   6   | 1.0333523762182792e-30 | 8.6764025601753257e+06 |
|   8   | 5.0907964077371136e-09 | 2.5540282045038371e-07 |
-----------------------------------------------------------

Scheme evaluation results:
Order: 8, No. cycles: 22
-----------------------------------------------------------
Vector a: 0.2674939748487319, 0.6289447880392590, -0.3117910384675241, 0.1426673326432472, 1.0480435243304593, -0.0446843069079593, -1.1244827955311583, -0.4512489210411019, -0.1910525955186350, -0.5441278265337089, 0.8117889303381255, 0.7684489338002646
Vector b: 0.5349879496974641, 0.7229016263810539, -1.3464837033161017, 1.6318183686025960, 0.4642686800583231, -0.5536372938742418, -1.6953282971880754, 0.7928304551058712, -1.1749356461431415, 0.0866799930757228, 1.5368978676005292
-----------------------------------------------------------
| Order |        Error^2         |       Efficiency       |
-----------------------------------------------------------
|   2   | 4.3122775161045453e-33 | 3.1463083824072410e+13 |
|   4   | 4.8361013087179730e-34 | 1.9411611089956244e+11 |
|   6   | 7.9345102428083339e-35 | 9.9015652214799738e+08 |
|   8   | 6.2504583536892638e-09 | 2.3049558995289938e-07 |
-----------------------------------------------------------

Scheme evaluation results:
Order: 8, No. cycles: 22
-----------------------------------------------------------
Vector a: 0.5403740382095054, -0.4913283270697793, -0.7343261387088739, 0.5985155027164518, 0.6077324785169459, -0.1631581275890377, -0.9498428495260011, -0.2996230959433765, 0.3284902057410906, -0.1757706296835012, 0.7075722657673328, 1.0313646775692431
Vector b: 1.0807480764190107, -2.0634047305585694, 0.5947524531408218, 0.6022785522920817, 0.6131864047418101, -0.9395026599198855, -0.9601830391321164, 0.3609368472453630, 0.2960435642368180, -0.6475848236038203, 2.0627293551384862
-----------------------------------------------------------
| Order |        Error^2         |       Efficiency       |
-----------------------------------------------------------
|   2   | 8.6967774051236119e-34 | 7.0060859541009172e+13 |
|   4   | 3.9301367922796971e-35 | 6.8093466433807458e+11 |
|   6   | 3.1833179504995866e-35 | 1.5632336892591736e+09 |
|   8   | 2.3315573380163856e-08 | 1.1934260224912112e-07 |
-----------------------------------------------------------

Scheme evaluation results:
Order: 8, No. cycles: 22
-----------------------------------------------------------
Vector a: -0.2064401087865031, -0.0716958973762782, 0.3879804937218343, 0.2064401087865031, -1.5458576751815736, 0.4424610264253062, 1.1517138707991788, -0.2004239244193024, -0.4707345272869712, -0.2745277273157772, 0.4351186327064340, 1.1459657279271496
Vector b: 1.8797967734075423, -1.2269502052347516, -2.3059121078617038, 0.4261153344541616, -0.0052457472025313, 0.8901678000531432, 1.4132599415452143, -1.8141077903838190, 0.8726387358098766, -1.4216941904414311, 2.2919314558542991
-----------------------------------------------------------
| Order |        Error^2         |       Efficiency       |
-----------------------------------------------------------
|   2   | 1.0306734468009817e-32 | 2.0351390830727059e+13 |
|   4   | 4.2445925513841980e-34 | 2.0720072606061884e+11 |
|   6   | 3.4440517981013751e-35 | 1.5028965163807721e+09 |
|   8   | 1.1714535887496716e-07 | 5.3242202127214448e-08 |
-----------------------------------------------------------

Scheme evaluation results:
Order: 8, No. cycles: 22
-----------------------------------------------------------
Vector a: 0.3297699892366507, 0.7107588562807434, -0.2487943209096284, -1.6388185561608832, -0.7999801772506919, 1.1352582383090055, 0.0721698734902876, -0.8619620902928291, -0.2887431005684513, 0.6954402392181567, 1.4355777360018334, 0.4593233126458067
Vector b: 0.6595399784733016, 0.7619777340881856, -1.2595663759074425, -2.0180707364143258, 0.4181103819129413, 1.8524060947050707, -1.7080663477244953, -0.0158578328611630, -0.5616283682757404, 1.9525088467120544, 0.9186466252916136
-----------------------------------------------------------
| Order |        Error^2         |       Efficiency       |
-----------------------------------------------------------
|   2   | 6.0185310762101120e-35 | 2.6632343564279406e+14 |
|   4   | 1.4246991531966125e-34 | 3.5764132370609448e+11 |
|   6   | 1.0365298268832314e-34 | 8.6630937287865698e+08 |
|   8   | 1.2206667240836077e-06 | 1.6493772521929806e-08 |
-----------------------------------------------------------

Scheme evaluation results:
Order: 8, No. cycles: 22
-----------------------------------------------------------
Vector a: 1.5786686509396790, -0.0604566292345779, -0.8777299229751431, -0.0425151063048996, 0.6989100209363137, 0.1635994517674640, -0.3473517257250013, -0.1785165993995836, -2.0738398519459813, -0.0490951646671573, 1.5213428287701325, 0.6669840478387546
Vector b: 3.1573373018793571, -3.2782505603485128, 1.5227907143982311, -1.6078209270080304, 3.0056409688806536, -2.6784420653457257, 1.9837386138957236, -2.3407718126948907, -1.8069078911970711, 1.7087175618627566, 1.3339680956775084
-----------------------------------------------------------
| Order |        Error^2         |       Efficiency       |
-----------------------------------------------------------
|   2   | 2.3893568372554145e-32 | 1.3366390081470350e+13 |
|   4   | 9.6058600672642378e-32 | 1.3773399638106485e+10 |
|   6   | 2.8425145295116293e-31 | 1.6542935194431426e+07 |
|   8   | 2.3454275975808360e-06 | 1.1898919815992987e-08 |
-----------------------------------------------------------

