Scheme evaluation results:
Order: 8, No. cycles: 18
-------------------------------------------------------------------
Vector a: 0.28775693320861167601, -0.39257646619129321630, -0.01745193087727659950, 0.93993082023893625987, -0.23001578346693296595, -0.36652626240851726713, 0.34656339771515054515, -0.27201172494673853119, 0.11314738342044730612, 0.59118363330761281027
Vector b: 0.57551386641722335202, -1.36066679879980978463, 1.32576293704525660644, 0.55409870343261580228, -1.01413027036648184520, 0.28107774554944714440, 0.41204904988085400142, -0.95607249977433095278, 1.18236726661522562054
-------------------------------------------------------------------
| Order |          Error^2           |         Efficiency         |
-------------------------------------------------------------------
|   2   | 2.58287332944350282513e-41 | 6.07300216418421504000e+17 |
|   4   | 5.43703804158029023518e-43 | 1.29189968920866280000e+16 |
|   6   | 7.11477136555934038464e-45 | 3.48565576590165187500e+14 |
|   8   | 5.45186097343082835427e-11 | 1.22898780344225775382e-05 |
-------------------------------------------------------------------

Scheme evaluation results:
Order: 8, No. cycles: 18
-------------------------------------------------------------------
Vector a: -0.92290022089244394543, -0.02147871100604998446, 0.89120241463777616353, 0.78788508394057599205, 0.10164472747495356675, -1.33461001857789551828, -0.34888103152892258052, 0.66284204430435500477, 0.77893411030863679567, 0.40536160133901455449
Vector b: -1.84580044178488789086, 1.80284301977278782481, -0.02043819049723560877, 1.59620835837838748184, -1.39291890342848034834, -1.27630113372731068822, 0.57853907066946552717, 0.74714501793924448236, 0.81072320267802910898
-------------------------------------------------------------------
| Order |          Error^2           |         Efficiency         |
-------------------------------------------------------------------
|   2   | 1.29143666472175141256e-40 | 2.71592913332384832000e+17 |
|   4   | 1.21411301546030800659e-40 | 8.64530704440396375000e+14 |
|   6   | 2.01267376725079944404e-41 | 6.55357503614064550781e+12 |
|   8   | 1.01170449850882961230e-10 | 9.02179840951094828524e-06 |
-------------------------------------------------------------------

Scheme evaluation results:
Order: 8, No. cycles: 18
-------------------------------------------------------------------
Vector a: 0.58969220105700947965, 0.05476079708801531720, -1.03363258501860921790, -0.32273740888500601631, 0.49077578249952652500, 1.31017628233149530104, -0.00078032144484287906, -0.66659513863166308667, 0.45394492290691601522, 0.12439546809715855413
Vector b: 1.17938440211401895930, -1.06986280793798838040, -0.99740236209922994437, 0.35192754432921796726, 0.62962402066983513826, 1.99072854399315524176, -1.99228918688284117877, 0.65909890961951489441, 0.24879093619431710827
-------------------------------------------------------------------
| Order |          Error^2           |         Efficiency         |
-------------------------------------------------------------------
|   2   | 1.17807722415173101079e-39 | 8.99224456182127200000e+16 |
|   4   | 4.93819067707683880912e-40 | 4.28672922688049812500e+14 |
|   6   | 2.77740192482932682343e-40 | 1.76419100449943359375e+12 |
|   8   | 1.02570926212121814149e-10 | 8.95999609889423873771e-06 |
-------------------------------------------------------------------

Scheme evaluation results:
Order: 8, No. cycles: 18
-------------------------------------------------------------------
Vector a: 0.13466672455636563566, 0.91635086774420870803, 0.02763735512582512696, 0.15703792790779425026, -0.00788663918359205907, -0.77085902038310394335, 0.42470580787292688818, -0.24785693419597834564, -0.07912324837152558132, 0.44532715892707935845
Vector b: 0.26933344911273127131, 1.56336828637568614475, -1.50809357612403593940, 1.82216943193962443992, -1.83794271030680866907, 0.29622466954060061584, 0.55318694620525321604, -1.04890081459720985180, 0.89065431785415871691
-------------------------------------------------------------------
| Order |          Error^2           |         Efficiency         |
-------------------------------------------------------------------
|   2   | 1.62147047903953232911e-39 | 7.66479363830616480000e+16 |
|   4   | 1.44451450896459442939e-40 | 7.92590797201599625000e+14 |
|   6   | 4.13096821244480793113e-41 | 4.57445166235171679688e+12 |
|   8   | 1.08242661327115071649e-10 | 8.72209330774734253281e-06 |
-------------------------------------------------------------------

Scheme evaluation results:
Order: 8, No. cycles: 18
-------------------------------------------------------------------
Vector a: -0.94947598887867201700, -0.02364509374082726656, 1.75311565053764573108, 0.10131586956978834435, -0.75551291732910985655, -0.68141116636605114643, -0.30145631540911049795, 0.67597350997683902651, 0.75332957107924669593, 0.42776688056025102824
Vector b: -1.89895197775734403400, 1.85166179027568955640, 1.65456951079960212780, -1.45193777166002546686, -0.05908806299819440583, -1.30373426973390782457, 0.70082163891568682867, 0.65112538103799122435, 0.85553376112050205649
-------------------------------------------------------------------
| Order |          Error^2           |         Efficiency         |
-------------------------------------------------------------------
|   2   | 4.59177480789956057800e-41 | 4.55475162313816064000e+17 |
|   4   | 8.24103626869424919410e-41 | 1.04934685891429212500e+15 |
|   6   | 1.46355758461986897131e-41 | 7.68528649673364550781e+12 |
|   8   | 1.09300142941727412018e-10 | 8.67979752052854241617e-06 |
-------------------------------------------------------------------

Scheme evaluation results:
Order: 8, No. cycles: 18
-------------------------------------------------------------------
Vector a: -0.51502513562639207212, -0.42638224896955068122, 0.40261964430554503247, 1.16578742167701565613, -0.01842872294310037712, -0.68309132098570224390, -0.55719009218976045528, 0.04255447550143053731, 1.18802430645370771245, 0.40113167277680683576
Vector b: -1.03005027125278414424, 0.17728577331368278180, 0.62795351529740739416, 1.70362132805662369606, -1.74047877394282446417, 0.37429613197141997638, -1.48867631635094088693, 1.57378526735380197543, 0.80226334555361367151
-------------------------------------------------------------------
| Order |          Error^2           |         Efficiency         |
-------------------------------------------------------------------
|   2   | 8.49478339461418706931e-40 | 1.05895824250877888000e+17 |
|   4   | 3.79723857862738929879e-41 | 1.54588092138861625000e+15 |
|   6   | 1.33437620992787914212e-42 | 2.54522291228087304688e+13 |
|   8   | 1.68395894931396196010e-10 | 6.99284994391333423753e-06 |
-------------------------------------------------------------------

Scheme evaluation results:
Order: 8, No. cycles: 18
-------------------------------------------------------------------
Vector a: -1.18745855459536953092, -0.00173750320274808291, 2.04304551645408638549, 0.01832016601117294335, -0.62306279529609609469, 0.48702034589853326896, -0.31665283157018597748, -0.06778403891210207921, 0.58412866500756521759, 0.06418103020514394352
Vector b: -2.37491710919073906183, 2.37144210278524258939, 1.71464893012292995955, -1.67800859810058411448, 0.43188300750839186959, 0.54215768428867461282, -1.17546334742904656778, 1.03989526960484246487, 0.12836206041028788705
-------------------------------------------------------------------
| Order |          Error^2           |         Efficiency         |
-------------------------------------------------------------------
|   2   | 7.91309879687909820390e-39 | 3.46961826811318640000e+16 |
|   4   | 2.59294012623948128051e-40 | 5.91580343620394875000e+14 |
|   6   | 1.19287761808545854634e-39 | 8.51269403899388427734e+11 |
|   8   | 1.81496983993407406717e-10 | 6.73573903620766821851e-06 |
-------------------------------------------------------------------

Scheme evaluation results:
Order: 8, No. cycles: 18
-------------------------------------------------------------------
Vector a: -1.17019227439427697668, -0.00204784388244469038, 2.02568229567056468099, 0.01976826011610142639, -0.62497310619652512997, 0.49057666815441791641, -0.31359830062600990708, -0.07053244120522850213, 0.58308138554623756278, 0.06223535681716391849
Vector b: -2.34038454878854063068, 2.33628886102365118660, 1.71507573031745641501, -1.67553921008525419367, 0.42559299769221892173, 0.55556033861660347739, -1.18275693986861418772, 1.04169205745815918185, 0.12447071363431982949
-------------------------------------------------------------------
| Order |          Error^2           |         Efficiency         |
-------------------------------------------------------------------
|   2   | 3.19036172857074945164e-36 | 1.72796533728241850000e+15 |
|   4   | 1.26915621455443672893e-38 | 8.45575593778975156250e+13 |
|   6   | 2.17992846795846742078e-40 | 1.99133280314048803711e+12 |
|   8   | 1.83272197919461165256e-10 | 6.70303774709351482010e-06 |
-------------------------------------------------------------------

Scheme evaluation results:
Order: 8, No. cycles: 18
-------------------------------------------------------------------
Vector a: 0.26803535919315746305, -0.10733156786753374201, -0.15346371069724021319, -0.52647971931956294434, 0.02565226470103910278, 0.97977417383812792639, 0.37842332422363644806, -0.63600909319564935540, -0.01864723742059260295, 0.79004620654461799045
Vector b: 0.53607071838631459304, -0.75073385412138216033, 0.44380643272690162293, -1.49676587136602701200, 1.54807040076810542573, 0.41147794690815059360, 0.34536870153912235804, -1.61738688793042095782, 1.58009241308923575886
-------------------------------------------------------------------
| Order |          Error^2           |         Efficiency         |
-------------------------------------------------------------------
|   2   | 6.45718332360875706282e-42 | 1.21460043283684300800e+18 |
|   4   | 1.68436075411843011925e-42 | 7.33993852809931600000e+15 |
|   6   | 1.51485461490367813202e-43 | 7.55404368856334687500e+13 |
|   8   | 1.92145424467155315868e-10 | 6.54643613827654622625e-06 |
-------------------------------------------------------------------

Scheme evaluation results:
Order: 8, No. cycles: 18
-------------------------------------------------------------------
Vector a: 0.46160729658036625533, -0.45739840263693876121, -0.01395301285477408733, 0.96865790511945515373, -0.49216680267769308266, -0.29375318494456292839, 0.50374584427630231254, -0.52484297125445833476, 0.04076667467579861426, 0.80733665371650487064
Vector b: 0.92321459316073251067, -1.83801139843461003309, 1.81010537272506177864, 0.12721043751384847331, -1.11154404286923469414, 0.52403767298010883735, 0.48345401557249589874, -1.53313995808141245725, 1.61467330743300974127
-------------------------------------------------------------------
| Order |          Error^2           |         Efficiency         |
-------------------------------------------------------------------
|   2   | 4.48415508583941462696e-40 | 1.45752051940421152000e+17 |
|   4   | 8.11632070536934047479e-42 | 3.34372367317370300000e+15 |
|   6   | 4.59013512448163675397e-43 | 4.33962531662426015625e+13 |
|   8   | 2.35406366539503636172e-10 | 5.91440223243252902766e-06 |
-------------------------------------------------------------------

Scheme evaluation results:
Order: 8, No. cycles: 18
-------------------------------------------------------------------
Vector a: 0.33286103284063517371, 0.51638087493955076024, -0.54531076970250247360, -0.56445042842541381933, -0.26902621525091413579, 0.26510241372365139778, 0.06323133548183228203, -0.40405071151311666711, 0.91824461663094913977, 0.68701785127532832842
Vector b: 0.66572206568127034743, 0.36703968419783111754, -1.45766122360283612025, 0.32876036675200837056, -0.86681279725383664214, 1.39701762470113943770, -1.27055495373747495691, 0.46245353071124162270, 1.37403570255065665684
-------------------------------------------------------------------
| Order |          Error^2           |         Efficiency         |
-------------------------------------------------------------------
|   2   | 4.87876073339328311413e-41 | 4.41875812721226368000e+17 |
|   4   | 1.79926722819306511907e-42 | 7.10169709603743600000e+15 |
|   6   | 1.04762284276068761198e-43 | 9.08369387160880937500e+13 |
|   8   | 2.59626874130443595168e-10 | 5.63177294213723745811e-06 |
-------------------------------------------------------------------

Scheme evaluation results:
Order: 8, No. cycles: 18
-------------------------------------------------------------------
Vector a: 0.23552418334748601025, -0.30492592336962714983, -0.21870924793506876793, -0.19561793893638304564, 0.17216425365729412511, 0.97460742740456240973, -0.43066838166694881851, -0.07371345398754979017, 0.74168919259723742332, 0.09964988888899757591
Vector b: 0.47104836669497202051, -1.08090021343422626465, 0.64348171756408878430, -1.03471759543685482008, 1.37904610275144312581, 0.57016875205768169366, -1.43150551539157921965, 1.28407860741647983360, 0.19929977777799515182
-------------------------------------------------------------------
| Order |          Error^2           |         Efficiency         |
-------------------------------------------------------------------
|   2   | 8.32259183931795354763e-41 | 3.38318457188446656000e+17 |
|   4   | 2.61911441097710340662e-43 | 1.86137014772909400000e+16 |
|   6   | 1.06313091852746715509e-44 | 2.85148830697105937500e+14 |
|   8   | 2.84000701355909256422e-10 | 5.38468438519255672566e-06 |
-------------------------------------------------------------------

Scheme evaluation results:
Order: 8, No. cycles: 18
-------------------------------------------------------------------
Vector a: -0.50494268561521782335, -0.35442987807844844594, 0.31106856637571961288, -0.40806108466829688064, 0.05980557021373671817, 1.00175820226849254801, 1.14336992424925654177, -0.00812083158226631699, -0.50930137522349516743, 0.26885359206051900882
Vector b: -1.00988537123043564669, 0.30102561507353881032, 0.32111151767790047096, -1.13723368701449412121, 1.25684482744196768245, 0.74667157709501752461, 1.54006827140349566996, -1.55630993456802846353, 0.53770718412103801764
-------------------------------------------------------------------
| Order |          Error^2           |         Efficiency         |
-------------------------------------------------------------------
|   2   | 8.06430450637360326512e-40 | 1.08685480730198192000e+17 |
|   4   | 1.11179720808763148816e-40 | 9.03435579268717125000e+14 |
|   6   | 3.40424143081101904799e-41 | 5.03912107081585156250e+12 |
|   8   | 3.00267803599947783630e-10 | 5.23679502731212428366e-06 |
-------------------------------------------------------------------

Scheme evaluation results:
Order: 8, No. cycles: 18
-------------------------------------------------------------------
Vector a: 0.69620145278027234514, 0.14677126388996855622, -0.36644285284704569694, 0.46029504657987491134, -0.54544838948169183102, -0.39405810544629588099, 0.53881767731181917647, -0.52318172898799786275, 0.17687211223664597859, 0.81017352396445030394
Vector b: 1.39240290556054469029, -1.09886037778060741132, 0.36597467208651607296, 0.55461542107323380524, -1.64551220003661735625, 0.85739598914402559426, 0.22023936547961281418, -1.26660282345560859518, 1.62034704792890060787
-------------------------------------------------------------------
| Order |          Error^2           |         Efficiency         |
-------------------------------------------------------------------
|   2   | 1.86540851570919648481e-40 | 2.25978963478283296000e+17 |
|   4   | 1.71799191726222572895e-42 | 7.26774065650276500000e+15 |
|   6   | 9.19865544902987889597e-43 | 3.06551039692706406250e+13 |
|   8   | 3.31356957047541896743e-10 | 4.98507747823927639658e-06 |
-------------------------------------------------------------------

Scheme evaluation results:
Order: 8, No. cycles: 18
-------------------------------------------------------------------
Vector a: 0.74581073941814479689, -0.04413526695293113616, -1.42497359962761205310, 0.10328241070038500504, 0.18205608341406470663, -0.29830793938816585475, 0.51406452365362576007, 0.66726432461902895898, 0.48304225314177673400, 0.07189647102168303383
Vector b: 1.49162147883628959377, -1.57989201274215185222, -1.27005518651307225397, 1.47662000791384229181, -1.11250784108571276754, 0.51589196230938105803, 0.51223708499787046211, 0.82229156424018745586, 0.14379294204336606766
-------------------------------------------------------------------
| Order |          Error^2           |         Efficiency         |
-------------------------------------------------------------------
|   2   | 2.35687191311719632793e-40 | 2.01042094102951232000e+17 |
|   4   | 2.32564529055702808402e-41 | 1.97532354947431375000e+15 |
|   6   | 7.07077155784577205886e-43 | 3.49648416898541914062e+13 |
|   8   | 3.39371818746587102732e-10 | 4.92586007732320114338e-06 |
-------------------------------------------------------------------

Scheme evaluation results:
Order: 8, No. cycles: 18
-------------------------------------------------------------------
Vector a: 0.91045223206366998614, -0.02642726315067665116, -0.95231023707361794894, 0.81309139988460288340, 0.09733183589638812194, -1.37468893999400498807, -0.31472079245613898690, 0.63783424811807554189, 0.75924696156969895267, 0.45019055514200295720
Vector b: 1.82090446412734019432, -1.87375899042869331623, -0.03086148371854318534, 1.65704428348774968072, -1.46238061169497357561, -1.28699726829303662257, 0.65755568338075875978, 0.61811281285539232400, 0.90038111028400580338
-------------------------------------------------------------------
| Order |          Error^2           |         Efficiency         |
-------------------------------------------------------------------
|   2   | 1.86540851570919648481e-40 | 2.25978963478283296000e+17 |
|   4   | 5.81482810756226091751e-41 | 1.24922750865897875000e+15 |
|   6   | 9.10588511163387499082e-42 | 9.74325089617756640625e+12 |
|   8   | 3.63862401456872694176e-10 | 4.75719954231514897226e-06 |
-------------------------------------------------------------------

Scheme evaluation results:
Order: 8, No. cycles: 18
-------------------------------------------------------------------
Vector a: 0.74920048269722583356, -0.05561530602668163237, -1.42593754513102388692, 0.13895306453422498483, 0.16234443978489157545, -0.50103218734203680551, 0.26342493385239751369, 0.50316400059867893990, 0.75096768879650899198, 0.41453042823581448539
Vector b: 1.49840096539445166712, -1.60963157744781493186, -1.24224351281423306403, 1.52014964188268297818, -1.19546076231289988279, 0.19339638762882629952, 0.33345348007596875561, 0.67287452112138912419, 0.82906085647162897079
-------------------------------------------------------------------
| Order |          Error^2           |         Efficiency         |
-------------------------------------------------------------------
|   2   | 5.88321147262131199057e-40 | 1.27247060932214080000e+17 |
|   4   | 4.91827735008724295553e-41 | 1.35832430494151725000e+15 |
|   6   | 1.44671742858012069477e-42 | 2.44440471447560507812e+13 |
|   8   | 3.77113889234543204416e-10 | 4.67286995874899507771e-06 |
-------------------------------------------------------------------

Scheme evaluation results:
Order: 8, No. cycles: 18
-------------------------------------------------------------------
Vector a: 0.80732230190038478668, -0.03444218614979502324, -1.54508415890879935439, 0.07606243096482644128, 0.22469104600757167089, -0.43055054928359753896, 0.53108147269893613007, 0.53602448126936597106, 0.48198933830190687777, 0.35290582319920016374
Vector b: 1.61464460380076957335, -1.68352897610035956433, -1.40663934171723914446, 1.55876420364689205478, -1.10938211163174882401, 0.24828101306455369057, 0.81388193233331851406, 0.25816703020541342806, 0.70581164639840032748
-------------------------------------------------------------------
| Order |          Error^2           |         Efficiency         |
-------------------------------------------------------------------
|   2   | 5.73971850987445072250e-41 | 4.07389369998577280000e+17 |
|   4   | 7.16974359271792654338e-42 | 3.55760860848749600000e+15 |
|   6   | 2.55198496452803030834e-42 | 1.84045801099385351562e+13 |
|   8   | 4.14811421860440045431e-10 | 4.45548110331858826364e-06 |
-------------------------------------------------------------------

Scheme evaluation results:
Order: 8, No. cycles: 18
-------------------------------------------------------------------
Vector a: 0.25408932697878039431, -0.93142939586813866537, 0.06050544510840395046, -0.03163649243297400604, -0.04814413866397530828, 1.38860400057781863126, -0.66177939202347479952, -0.03243282863131644045, 0.89532875860026583936, 0.10689471635461042509
Vector b: 0.50817865395756078861, -2.37103744569383811935, 2.49204833591064600640, -2.55532132077659390745, 2.45903304344864359621, 0.31817495770699394386, -1.64173374175394370944, 1.57686808449131077303, 0.21378943270922085018
-------------------------------------------------------------------
| Order |          Error^2           |         Efficiency         |
-------------------------------------------------------------------
|   2   | 4.26532831765045119316e-39 | 4.72583720236868400000e+16 |
|   4   | 9.70475075614894412489e-40 | 3.05786132813238812500e+14 |
|   6   | 1.94599598481526658038e-40 | 2.10762819353753295898e+12 |
|   8   | 4.24638789330609911364e-10 | 4.40362296263058525741e-06 |
-------------------------------------------------------------------

Scheme evaluation results:
Order: 8, No. cycles: 18
-------------------------------------------------------------------
Vector a: 0.73269588212396097315, 0.10092976320208126018, -0.27486277978452972048, 0.41485754469903723951, -0.48114663492717185678, -1.32386884940537807864, -0.04411501309794049752, 1.05058857908214453580, 0.56742854568568112938, 0.25749296242211494601
Vector b: 1.46539176424792194631, -1.26353223784375923167, 0.71380667827469990172, 0.11590841112337450791, -1.07820168097771817983, -1.56953601783303775541, 1.48130599163715670485, 0.61987116652713236675, 0.51498592484422989202
-------------------------------------------------------------------
| Order |          Error^2           |         Efficiency         |
-------------------------------------------------------------------
|   2   | 5.65362273222633396167e-40 | 1.29805046630494848000e+17 |
|   4   | 1.73039340867150036003e-41 | 2.29001092117250300000e+15 |
|   6   | 5.09188379261122975661e-42 | 1.30294393180788789062e+13 |
|   8   | 4.31535925920361251707e-10 | 4.36829018321501997950e-06 |
-------------------------------------------------------------------

Scheme evaluation results:
Order: 8, No. cycles: 18
-------------------------------------------------------------------
Vector a: 0.24749399050991802151, -0.93577163056597045809, 0.05912541857214199947, -0.03190763113416655167, -0.04697954323933835330, 1.39792265365879786465, -0.64752413136890762946, -0.03191203086033798236, 0.88788426552618548993, 0.10166863890167764095
Vector b: 0.49498798101983582098, -2.36653124215177701473, 2.48478207929606087490, -2.54859734156439410313, 2.45463825508571753531, 0.34120705223187819399, -1.63625531496969367495, 1.57243125324901766859, 0.20333727780335464352
-------------------------------------------------------------------
| Order |          Error^2           |         Efficiency         |
-------------------------------------------------------------------
|   2   | 1.02021523484780592250e-37 | 9.66293565307442400000e+15 |
|   4   | 1.43608994638765063931e-39 | 2.51373307011553781250e+14 |
|   6   | 1.72612008981884009009e-41 | 7.07667850189911523438e+12 |
|   8   | 4.32827232302454918385e-10 | 4.36176908879030545107e-06 |
-------------------------------------------------------------------

Scheme evaluation results:
Order: 8, No. cycles: 18
-------------------------------------------------------------------
Vector a: 0.86615615764168474300, 0.03048394486167817913, -0.58555554793187380991, 0.53379768254704129671, -0.31536775936932121001, -0.56629867427567170957, 1.09147411978018271661, -0.00622046186709198159, -0.55670697012067260623, 0.50823750873404427431
Vector b: 1.73231231528336948600, -1.67134442556001316937, 0.50023332969626554956, 0.56736203539781704386, -1.19809755413645957489, 0.06550020558511605862, 2.11744803397524972155, -2.12988895770943376107, 1.01647501746808854861
-------------------------------------------------------------------
| Order |          Error^2           |         Efficiency         |
-------------------------------------------------------------------
|   2   | 7.94951013617611425067e-40 | 1.09467400744864016000e+17 |
|   4   | 3.08355727074675996457e-40 | 5.42480298205413687500e+14 |
|   6   | 2.48833597427000512121e-40 | 1.86384786370859790039e+12 |
|   8   | 6.23967521591089955174e-10 | 3.63277890372437325248e-06 |
-------------------------------------------------------------------

Scheme evaluation results:
Order: 8, No. cycles: 18
-------------------------------------------------------------------
Vector a: -0.57617878890587936880, -0.16844831616801508867, 1.41110138680148455848, -0.01323491805780581745, -0.76465886638396662889, -0.59079156032799395870, -0.84106830572697377502, 0.88453210584551911211, 1.27080457421533532525, 0.38794268870829579088
Vector b: -1.15235757781175873760, 0.81546094547572856026, 2.00674182812724044567, -2.03321166424285193486, 0.50389393147491878810, -1.68547705213090681653, 0.00334044067695914333, 1.76572377101407917976, 0.77588537741659158176
-------------------------------------------------------------------
| Order |          Error^2           |         Efficiency         |
-------------------------------------------------------------------
|   2   | 2.73497586995517576927e-39 | 5.90171509721862400000e+16 |
|   4   | 1.04606930361847594344e-40 | 9.31386096323634625000e+14 |
|   6   | 4.70329361310863616792e-42 | 1.35570102281203183594e+13 |
|   8   | 6.38558591563879805652e-10 | 3.59103454446704587554e-06 |
-------------------------------------------------------------------

Scheme evaluation results:
Order: 8, No. cycles: 18
-------------------------------------------------------------------
Vector a: 0.37440502972399747339, -0.14214870136162541248, -0.10875254175796955636, 0.53753831971319010474, -0.99261873730619176737, 0.01436345043458889074, 1.23624175542714143106, -1.11329031522904942086, -0.00927550608697759113, 1.20353724644289594714
Vector b: 0.74881005944799494678, -1.03310746217124571622, 0.81560237865530660351, 0.25947426077107349496, -2.24471173538345691867, 2.27343863625263464812, 0.19904487460164813073, -2.42562550505974705572, 2.40707449288579189428
-------------------------------------------------------------------
| Order |          Error^2           |         Efficiency         |
-------------------------------------------------------------------
|   2   | 3.82265252757638418119e-39 | 4.99197702847564000000e+16 |
|   4   | 1.06736904027621316292e-40 | 9.22046192400702625000e+14 |
|   6   | 7.28078828528247889303e-42 | 1.08962176118140781250e+13 |
|   8   | 7.13609561399279490626e-10 | 3.39695371137287041751e-06 |
-------------------------------------------------------------------

Scheme evaluation results:
Order: 8, No. cycles: 18
-------------------------------------------------------------------
Vector a: 0.67651799842140269980, 0.08800378305441297622, 0.26554397474237884103, -0.00739218257236706928, -1.44032732970973320619, -0.48542635430332098379, 0.27411674143570502471, 0.57898961455803443776, 0.72414861511024652962, 0.32582513926324069287
Vector b: 1.35303599684280539961, -1.17702843073397933615, 1.70811638021873712923, -1.72290074536347126433, -1.15775391405599492600, 0.18690120544935301394, 0.36133227742205703548, 0.79664695169401178454, 0.65165027852648138573
-------------------------------------------------------------------
| Order |          Error^2           |         Efficiency         |
-------------------------------------------------------------------
|   2   | 2.86985925493722536125e-40 | 1.82190064925526432000e+17 |
|   4   | 1.04232083022640705778e-40 | 9.33059354034768000000e+14 |
|   6   | 1.14518815432480432305e-41 | 8.68813470559291894531e+12 |
|   8   | 7.20916927247768685445e-10 | 3.37969374308189694469e-06 |
-------------------------------------------------------------------

Scheme evaluation results:
Order: 8, No. cycles: 18
-------------------------------------------------------------------
Vector a: 0.33395331636084690796, -0.44784040122760071512, -0.64389903885442312248, 0.37644458034605254859, 1.17823742738023895527, -0.00307298204509690509, -1.35787672083494137532, 0.37664915169528284666, 0.98958501594827863457, 0.19781965123136227569
Vector b: 0.66790663272169381592, -1.56358743517689524616, 0.27578935746804889018, 0.47709980322405615150, 1.87937505153642203659, -1.88552101562661578171, -0.83023242604326707994, 1.58353072943383277327, 0.39563930246272455138
-------------------------------------------------------------------
| Order |          Error^2           |         Efficiency         |
-------------------------------------------------------------------
|   2   | 1.84388457129716729460e-40 | 2.27294080091108160000e+17 |
|   4   | 3.00592533582316509884e-41 | 1.73748428456726100000e+15 |
|   6   | 2.16371772222244831570e-41 | 6.32069258337947070312e+12 |
|   8   | 7.37792779628611176806e-10 | 3.34081755298467494188e-06 |
-------------------------------------------------------------------

Scheme evaluation results:
Order: 8, No. cycles: 18
-------------------------------------------------------------------
Vector a: 1.01726890599555686023, -0.00467668739793671625, -0.26467967930263824883, 0.76007952070675977030, -0.69897280741006129201, -1.29075018962444310056, -0.22382785796784179788, 0.75629921404721323075, 0.67021143868498433971, 0.27904814226840679581
Vector b: 2.03453781199111372047, -2.04389118678698711307, 1.51453182818171083746, 0.00562721323180876819, -1.40357282805193128716, -1.17792755119695491395, 0.73027183526127126267, 0.78232659283315508780, 0.55809628453681359161
-------------------------------------------------------------------
| Order |          Error^2           |         Efficiency         |
-------------------------------------------------------------------
|   2   | 1.21969018334832077853e-39 | 8.83751625442452800000e+16 |
|   4   | 1.00543865464537787247e-40 | 9.50018780249970125000e+14 |
|   6   | 1.38240644437719516110e-40 | 2.50061651177294238281e+12 |
|   8   | 7.57334451257878028864e-10 | 3.29743393029522742683e-06 |
-------------------------------------------------------------------

Scheme evaluation results:
Order: 8, No. cycles: 18
-------------------------------------------------------------------
Vector a: 0.44906641138012082237, 0.50504599397689564633, -0.48311265424969757065, -1.37262835470974708940, 0.05401943610397905160, 1.78530560461592102683, -0.03514017495154742043, -0.67026896059037710529, 0.51516698171714514487, 0.25254571670730746602
Vector b: 0.89813282276024164474, 0.11195916519354978669, -1.07818447369294490024, -1.66707223572654927857, 1.77511110793450743728, 1.79550010129733461639, -1.86578045120042945726, 0.52524253001967524668, 0.50509143341461493204
-------------------------------------------------------------------
| Order |          Error^2           |         Efficiency         |
-------------------------------------------------------------------
|   2   | 2.35328458904852479623e-40 | 2.01195269054012576000e+17 |
|   4   | 1.59562352886506107823e-40 | 7.54127475110466750000e+14 |
|   6   | 6.05906003117603032429e-41 | 3.77713355897132714844e+12 |
|   8   | 7.86092434598433810669e-10 | 3.23655618730355845408e-06 |
-------------------------------------------------------------------

Scheme evaluation results:
Order: 8, No. cycles: 18
-------------------------------------------------------------------
Vector a: 0.33551340037234517188, 0.51899962326796889034, -0.65109685648472670483, -0.73805197480495909890, 0.45213118438479960037, -0.36583873162409230595, 0.04858500208990882557, 0.27460045030199425886, 0.31486726963767308618, 0.81029063285908820014
Vector b: 0.67102680074469034377, 0.36697244579124732589, -1.66916615876070073554, 0.19306220915078262101, 0.71120015961881655198, -1.44287762286700105285, 1.54004762704681885666, -0.99084672644283022791, 1.62058126571817640027
-------------------------------------------------------------------
| Order |          Error^2           |         Efficiency         |
-------------------------------------------------------------------
|   2   | 4.87876073339328311413e-41 | 4.41875812721226368000e+17 |
|   4   | 6.95044038305109267178e-43 | 1.14262525351678080000e+16 |
|   6   | 4.48913626397431925014e-43 | 4.38817132599272265625e+13 |
|   8   | 8.23955809890028265310e-10 | 3.16131665220874403632e-06 |
-------------------------------------------------------------------

Scheme evaluation results:
Order: 8, No. cycles: 18
-------------------------------------------------------------------
Vector a: 0.39353876009518612422, -0.41796297931933318326, -0.53271992850601335157, 0.41344940199446633677, -0.33913062304257673985, 0.36190071530401779487, 0.99127878926185120090, -0.75369959295949517930, -0.01296699780844719728, 0.89631245498034428643
Vector b: 0.78707752019037224844, -1.62300347882903861496, 0.55756362181701180081, 0.26933518217192081723, -0.94759642825707424141, 1.67139785886510994217, 0.31115971965859251513, -1.81855890557758304027, 1.79262490996068857285
-------------------------------------------------------------------
| Order |          Error^2           |         Efficiency         |
-------------------------------------------------------------------
|   2   | 7.17464813734306340313e-41 | 3.64380129851052864000e+17 |
|   4   | 4.49046092892887630378e-42 | 4.49536043175257750000e+15 |
|   6   | 1.01476519910611036443e-42 | 2.91865113409381953125e+13 |
|   8   | 8.34340429657806948778e-10 | 3.14158138426046087326e-06 |
-------------------------------------------------------------------

Scheme evaluation results:
Order: 8, No. cycles: 18
-------------------------------------------------------------------
Vector a: -0.57023107464692579516, -0.28604866698504438638, 0.49391469133805115943, -0.55952032113708272121, 0.05608059273685858659, 0.89707632596287656401, 0.94441258876186640059, -0.02586196612402199418, -0.42417679818985026818, 0.47435462828327246143
Vector b: -1.14046214929385159031, 0.56836481532376292858, 0.41946456735233939028, -1.53850520962650483270, 1.65066639510022183934, 0.14348625682553120542, 1.74533892069820151249, -1.79706285294624557025, 0.94870925656654492286
-------------------------------------------------------------------
| Order |          Error^2           |         Efficiency         |
-------------------------------------------------------------------
|   2   | 1.17664229452426239811e-40 | 2.84533078181488448000e+17 |
|   4   | 3.23223503781162305579e-41 | 1.67555432332572600000e+15 |
|   6   | 3.52824101820181180608e-41 | 4.94977943626932226562e+12 |
|   8   | 8.49099037812430871034e-10 | 3.11415901560489106432e-06 |
-------------------------------------------------------------------

Scheme evaluation results:
Order: 8, No. cycles: 18
-------------------------------------------------------------------
Vector a: 1.00349510873979252956, -0.02238482415201860365, -0.13529181108282020696, 0.10593534298709393615, -0.67444007748852308204, 0.63218012319164451629, -0.20120086096859440827, -0.64675035282564818928, 0.50743764080014519546, 0.43101971079892831273
Vector b: 2.00699021747958505912, -2.05175986578362223867, 1.78117624361798188026, -1.56930555764379398020, 0.22042540266674781613, 1.04393484371654121645, -1.44633656565373014402, 0.15283586000243376546, 0.86203942159785662547
-------------------------------------------------------------------
| Order |          Error^2           |         Efficiency         |
-------------------------------------------------------------------
|   2   | 7.17464813734306340313e-41 | 3.64380129851052864000e+17 |
|   4   | 4.57473501857337080242e-40 | 4.45376202351747812500e+14 |
|   6   | 2.33506187426002945464e-40 | 1.92404742649333740234e+12 |
|   8   | 9.58870594338507884868e-10 | 2.93048807874423734073e-06 |
-------------------------------------------------------------------

Scheme evaluation results:
Order: 8, No. cycles: 18
-------------------------------------------------------------------
Vector a: 0.82607558021770277623, 0.07051587604062825587, -0.60784234840589679294, 0.58234345987681424006, -0.22569229787692887679, 0.37727353093265131312, -0.00832259234622982971, -0.98979220618788610331, 0.51578165841135270586, 0.45965933933779229426
Vector b: 1.65215116043540555246, -1.51111940835414904072, 0.29543471154235545484, 0.86925220821127302528, -1.32063680396513083437, 2.07518386583043357163, -2.09182905052289314085, 0.11224463814712085097, 0.91931867867558458851
-------------------------------------------------------------------
| Order |          Error^2           |         Efficiency         |
-------------------------------------------------------------------
|   2   | 6.57197769380624607727e-40 | 1.20394583720908320000e+17 |
|   4   | 1.81756818613714723001e-40 | 7.06585341282621375000e+14 |
|   6   | 2.17063945027023536036e-40 | 1.99558910151326977539e+12 |
|   8   | 9.93206881630968230674e-10 | 2.87938739537026015450e-06 |
-------------------------------------------------------------------

Scheme evaluation results:
Order: 8, No. cycles: 18
-------------------------------------------------------------------
Vector a: 0.64481587791171857127, 0.07103786298859531001, -1.11374277121669895685, -0.30288639800444938643, 0.42005791667635983266, -0.60869518839333980331, -0.00883646277779512844, 1.19963813782026140764, 0.55770543940641581493, 0.14090558558893251373
Vector b: 1.28963175582343714254, -1.14755602984624660579, -1.07992951258715152996, 0.47415671657825281260, 0.36595911677446685273, -1.58334949356114629282, 1.56567656800555599084, 0.83359970763496649138, 0.28181117117786502746
-------------------------------------------------------------------
| Order |          Error^2           |         Efficiency         |
-------------------------------------------------------------------
|   2   | 1.38470709050721123680e-40 | 2.62286556726642432000e+17 |
|   4   | 2.04462145212323754302e-41 | 2.10670401546969175000e+15 |
|   6   | 6.27257239942156663379e-42 | 1.17392980205977402344e+13 |
|   8   | 1.01253507429193172267e-09 | 2.85177279129138953632e-06 |
-------------------------------------------------------------------

Scheme evaluation results:
Order: 8, No. cycles: 18
-------------------------------------------------------------------
Vector a: 0.32526873237455472543, -0.44568534385018548916, -0.57574446394021394635, 0.98813708468080407865, -0.06897239860971936254, -0.58656096706861104995, -0.15275741092579717129, 0.42178686270831250438, 0.97220554110117574087, 0.12232236352967999771
Vector b: 0.65053746474910945086, -1.54190815244948042917, 0.39041922456905253647, 1.58585494479255562084, -1.72379974201199437367, 0.55067780787477205173, -0.85619262972636644982, 1.69976635514299156959, 0.24464472705935999541
-------------------------------------------------------------------
| Order |          Error^2           |         Efficiency         |
-------------------------------------------------------------------
|   2   | 1.72909020109967828015e-40 | 2.34717875172350912000e+17 |
|   4   | 1.88185625643420902518e-42 | 6.94411262525740200000e+15 |
|   6   | 4.10772528283062177421e-43 | 4.58737532091191250000e+13 |
|   8   | 1.02067292715290634482e-09 | 2.84038140909395009180e-06 |
-------------------------------------------------------------------

Scheme evaluation results:
Order: 8, No. cycles: 18
-------------------------------------------------------------------
Vector a: 0.68008832533134000453, -0.07549026339293085641, -0.64555457878741229205, -0.46606178877213788603, -0.35944083482023936327, 0.46010505051543243438, -0.31661416601348107980, 0.16904316704908714519, 1.14152125428979256405, 0.41240383460054913511
Vector b: 1.36017665066268000906, -1.51115717744854172189, 0.22004801987371730432, -1.15217159741799313188, 0.43328992777751429433, 0.48692017325335051892, -1.12014850528031262300, 1.45823483937848696890, 0.82480766920109827023
-------------------------------------------------------------------
| Order |          Error^2           |         Efficiency         |
-------------------------------------------------------------------
|   2   | 7.46163406283678593925e-40 | 1.12989481739141648000e+17 |
|   4   | 6.94483518919379340350e-42 | 3.61475617009421450000e+15 |
|   6   | 1.86581385223764669069e-43 | 6.80660914445797812500e+13 |
|   8   | 1.02382055271541935580e-09 | 2.83601182532884788718e-06 |
-------------------------------------------------------------------

Scheme evaluation results:
Order: 8, No. cycles: 18
-------------------------------------------------------------------
Vector a: -0.71034151333689188323, -0.18654117053635835277, 0.61668633770215730561, 1.25932706626452217691, -0.00234492407545571976, -1.85611256391728973725, 0.10352730788702378673, 0.91040950530380826411, 0.49247279182316650026, 0.37291716288531756573
Vector b: -1.42068302667378376647, 1.04760068560106711644, 0.18577198980324757804, 2.33288214272579663700, -2.33757199087670830551, -1.37465313695787116899, 1.58170775273191877019, 0.23911125787569781354, 0.74583432577063513147
-------------------------------------------------------------------
| Order |          Error^2           |         Efficiency         |
-------------------------------------------------------------------
|   2   | 2.67470882560149403669e-39 | 5.96783400056790000000e+16 |
|   4   | 2.85579021835540419786e-40 | 5.63698434533318750000e+14 |
|   6   | 1.33367695705491187416e-40 | 2.54589006079916601562e+12 |
|   8   | 1.08717142056051019539e-09 | 2.75214268124986964742e-06 |
-------------------------------------------------------------------

Scheme evaluation results:
Order: 8, No. cycles: 18
-------------------------------------------------------------------
Vector a: -0.51334383722769438840, -0.40952611667970789666, 0.50404808836013437201, 1.39745964254326193732, -0.00710441318267355810, -1.84883938600507136130, 0.02086849702528447217, 1.01198042638904084356, 0.49553166502494916390, 0.34892543375247653259
Vector b: -1.02668767445538877681, 0.20763544109597292797, 0.80046073562429576054, 1.99445854946222800308, -2.00866737582757526326, -1.68901139618256768138, 1.73074839023313664654, 0.29321246254494520711, 0.69785086750495306518
-------------------------------------------------------------------
| Order |          Error^2           |         Efficiency         |
-------------------------------------------------------------------
|   2   | 1.86540851570919648481e-40 | 2.25978963478283296000e+17 |
|   4   | 7.79773549950509331372e-41 | 1.07876222336720812500e+15 |
|   6   | 6.44657499642888522600e-41 | 3.66184915099566845703e+12 |
|   8   | 1.09488066324551746673e-09 | 2.74243641067755598677e-06 |
-------------------------------------------------------------------

Scheme evaluation results:
Order: 8, No. cycles: 18
-------------------------------------------------------------------
Vector a: -0.70657396436366715076, -0.18754857051526918621, 0.61532269083012969269, 1.25275618952005673989, -0.00251530751547574807, -1.84770302734844871217, 0.10159536475656598398, 0.90524487038630252478, 0.49217121629244675596, 0.37725053795735891127
Vector b: -1.41314792872733452356, 1.03805078769679659523, 0.19259459396346262361, 2.31291778507664957942, -2.31794840010760117011, -1.37745765458929425584, 1.58064838410242614053, 0.22984135667017768778, 0.75450107591471737845
-------------------------------------------------------------------
| Order |          Error^2           |         Efficiency         |
-------------------------------------------------------------------
|   2   | 5.58041262263288534270e-37 | 4.13163391376895400000e+15 |
|   4   | 4.45062761878197905372e-39 | 1.42790511809910343750e+14 |
|   6   | 5.95937014542531574888e-41 | 3.80859496477648681641e+12 |
|   8   | 1.09780771933765759657e-09 | 2.73877792707937716646e-06 |
-------------------------------------------------------------------

Scheme evaluation results:
Order: 8, No. cycles: 18
-------------------------------------------------------------------
Vector a: -0.64814538041852465255, -0.64078540044211929061, 0.60653856505794889742, 0.84244609214035170996, -1.11276206345495598526, 0.24232296345225493028, -0.00208973299821536623, -0.23840548773011088768, 1.65645861181374698390, 0.29442183257962351028
Vector b: -1.29629076083704930511, 0.01471995995281068226, 1.19835717016308707095, 0.48653501411761634898, -2.71205914102752831951, 3.19670506793203790252, -3.20088453392846883361, 2.72407355846824694723, 0.58884366515924702057
-------------------------------------------------------------------
| Order |          Error^2           |         Efficiency         |
-------------------------------------------------------------------
|   2   | 2.86985925493722536125e-41 | 5.76135572218618880000e+17 |
|   4   | 3.68522578588158504622e-40 | 4.96224187075989062500e+14 |
|   6   | 2.90313217857740335886e-39 | 5.45671868256492309570e+11 |
|   8   | 1.13873610013633067304e-09 | 2.68910905284799223744e-06 |
-------------------------------------------------------------------

Scheme evaluation results:
Order: 8, No. cycles: 18
-------------------------------------------------------------------
Vector a: 0.43490513482973264248, -0.41722162569646825681, -0.77294234505183012640, 1.46670531602512932423, -0.00065710856480273084, -0.98048468496709584308, -0.16368575584960715075, 0.29760111046571191551, 1.00238007463650724560, 0.13339988417272297117
Vector b: 0.86981026965946528495, -1.70425352105240168754, 0.15836883094874160127, 2.77504180110151699168, -2.77635601823112221354, 0.81538664829693063840, -1.14275815999614493990, 1.73796038092756877091, 0.26679976834544594233
-------------------------------------------------------------------
| Order |          Error^2           |         Efficiency         |
-------------------------------------------------------------------
|   2   | 3.50122829102341494073e-40 | 1.64947134495674240000e+17 |
|   4   | 1.91222633530805872466e-40 | 6.88874854130104500000e+14 |
|   6   | 3.02198450210324089393e-40 | 1.69129300621435131836e+12 |
|   8   | 1.19484922780243789732e-09 | 2.62520610501598424563e-06 |
-------------------------------------------------------------------

Scheme evaluation results:
Order: 8, No. cycles: 18
-------------------------------------------------------------------
Vector a: 0.43538840169882642162, -0.41687422359444603615, -0.77125463547903228001, 1.48057554452032080761, -0.00059746613894571068, -0.99748442101712953001, -0.16509248714346250186, 0.30062132479302161592, 1.00155618706261373418, 0.13316177529823342018
Vector b: 0.87077680339765273221, -1.70452525058654469348, 0.16201597962848068857, 2.79913510941215992744, -2.80033004169005117490, 0.80536119965579300306, -1.13554617394271795128, 1.73678882352876096107, 0.26632355059646661832
-------------------------------------------------------------------
| Order |          Error^2           |         Efficiency         |
-------------------------------------------------------------------
|   2   | 1.99958161052564911352e-37 | 6.90216636119919000000e+15 |
|   4   | 1.28150890300778018512e-40 | 8.41490399946081000000e+14 |
|   6   | 5.11011231440870012711e-41 | 4.11291511747661474609e+12 |
|   8   | 1.19588274108100989098e-09 | 2.62407147378072272249e-06 |
-------------------------------------------------------------------

Scheme evaluation results:
Order: 8, No. cycles: 18
-------------------------------------------------------------------
Vector a: 0.45826896289853169542, 0.51994282155699689252, -0.46211106840666638096, -1.76179242916460743196, 0.03624329984416570921, -0.01755800434538560759, -0.03288197355015836515, 1.45277424744892558195, 0.50048077921412725821, 0.30663336450407069345
Vector b: 0.91653792579706339083, 0.12334771731693032482, -1.04756985413026315612, -2.47601500419895215188, 2.54850160388728319560, -2.58361761257805477854, 2.51785366547773792334, 0.38769482942011324056, 0.61326672900814138689
-------------------------------------------------------------------
| Order |          Error^2           |         Efficiency         |
-------------------------------------------------------------------
|   2   | 5.99226612430892655429e-39 | 3.98712125464202160000e+16 |
|   4   | 3.92490037197354094599e-39 | 1.52053233797225625000e+14 |
|   6   | 4.44546983693840779336e-39 | 4.40967046127884460449e+11 |
|   8   | 1.20878806791470084189e-09 | 2.61002626059021760498e-06 |
-------------------------------------------------------------------

Scheme evaluation results:
Order: 8, No. cycles: 18
-------------------------------------------------------------------
Vector a: -0.53344097784034161247, -0.33209763301593669960, 0.50500487046322306561, -0.57577348179827436692, 0.04275469087096000348, 1.86544776798330835810, -0.02814521406954191216, -0.90339171568527254497, 0.51382663057570043819, 0.44581506251617530889
Vector b: -1.06688195568068322494, 0.40268668964880977024, 0.60732305127763641650, -1.75887001487418515033, 1.84437939661610506015, 1.88651613935051143400, -1.94280656748959534852, 0.13602313611905017532, 0.89163012503235061779
-------------------------------------------------------------------
| Order |          Error^2           |         Efficiency         |
-------------------------------------------------------------------
|   2   | 1.17664229452426239811e-40 | 2.84533078181488448000e+17 |
|   4   | 2.71675338472509584808e-40 | 5.77942817981908250000e+14 |
|   6   | 8.72961191018586997596e-41 | 3.14678811309238183594e+12 |
|   8   | 1.26744366745982070442e-09 | 2.54891660327342482520e-06 |
-------------------------------------------------------------------

Scheme evaluation results:
Order: 8, No. cycles: 18
-------------------------------------------------------------------
Vector a: -0.60083955008696765532, -0.16816194030250658509, 1.46724186319178451221, 1.03519545564405057725, -1.04507820485314639747, -0.81118995245839475849, -0.60787495091076537701, 0.04210516841159866325, 1.28655084265909480656, 0.40205126870525215166
Vector b: -1.20167910017393531064, 0.86535521956892214046, 2.06912850681464677294, 0.00126240447345429482, -2.09141881417974717650, 0.46903890926295738195, -1.68478881108448819148, 1.76899914790768542083, 0.80410253741050430332
-------------------------------------------------------------------
| Order |          Error^2           |         Efficiency         |
-------------------------------------------------------------------
|   2   | 2.06629866355480226010e-40 | 2.14713050622761856000e+17 |
|   4   | 5.42190401816558221082e-41 | 1.29370145622530200000e+15 |
|   6   | 4.78342187766372768126e-41 | 4.25104425954976806641e+12 |
|   8   | 1.28433225761567565169e-09 | 2.53210239433467190024e-06 |
-------------------------------------------------------------------

Scheme evaluation results:
Order: 8, No. cycles: 18
-------------------------------------------------------------------
Vector a: 1.17671754013076523826, -0.00209412270837123615, -0.40658850250585026886, 0.06898655140769989480, -0.73201570551446670798, -0.66780591307886827401, -0.28826252847231953469, 0.66517768201602600620, 0.75014919636186949692, 0.43573580236351538986
Vector b: 2.35343508026153003243, -2.35762332567827259666, 1.54444632066657261404, -1.40647321785117296322, -0.05755819317775776045, -1.27805363297998186844, 0.70152857603534302111, 0.62882678799670876923, 0.87147160472703055767
-------------------------------------------------------------------
| Order |          Error^2           |         Efficiency         |
-------------------------------------------------------------------
|   2   | 1.14794370197489014450e-40 | 2.88067786109309440000e+17 |
|   4   | 8.89109862629453183330e-40 | 3.19471606529783750000e+14 |
|   6   | 1.60543183820259239283e-40 | 2.32043300266749218750e+12 |
|   8   | 1.56151393197118758095e-09 | 2.29639729948190943469e-06 |
-------------------------------------------------------------------

Scheme evaluation results:
Order: 8, No. cycles: 18
-------------------------------------------------------------------
Vector a: -0.66948190591687428697, -0.21868652582530762052, 0.57551079382822944996, -0.59594822977610528714, 0.10860240782137592364, 1.74007691495292737827, -0.02632544965610136498, -0.85147521005110315961, 0.51169415392337025406, 0.42603305069958863349
Vector b: -1.33896381183374857393, 0.90159076018313333289, 0.24943082747332559479, -1.44132728702553625233, 1.65853210266828798858, 1.82162172723756699000, -1.87427262654976956036, 0.17132220644756326888, 0.85206610139917726698
-------------------------------------------------------------------
| Order |          Error^2           |         Efficiency         |
-------------------------------------------------------------------
|   2   | 2.18396289300722849991e-39 | 6.60438469387680640000e+16 |
|   4   | 1.50746083598206521222e-40 | 7.75866428736685000000e+14 |
|   6   | 1.92501844294068743464e-41 | 6.70112195837324902344e+12 |
|   8   | 1.57059640850780946522e-09 | 2.28974784612377861296e-06 |
-------------------------------------------------------------------

Scheme evaluation results:
Order: 8, No. cycles: 18
-------------------------------------------------------------------
Vector a: -0.66955528533713726258, -0.21936549694650545050, 0.57382334571648119237, -0.59287755800226871195, 0.11125446006612682570, 1.73270042124661571847, -0.02736329743319689672, -0.84460371244189802464, 0.51184077698772634246, 0.42414634614405632984
Vector b: -1.33911057067427474720, 0.90037957678126390171, 0.24726711465169828874, -1.43302223065623546283, 1.65553115078848911423, 1.80986969170474232271, -1.86459628657113607453, 0.17538886168734016402, 0.84829269228811254866
-------------------------------------------------------------------
| Order |          Error^2           |         Efficiency         |
-------------------------------------------------------------------
|   2   | 2.61754122924314450749e-37 | 6.03265131907304500000e+15 |
|   4   | 3.66873950944880357339e-40 | 4.97337882807484562500e+14 |
|   6   | 1.05167132009308785413e-41 | 9.06619287658268164062e+12 |
|   8   | 1.57656960268084805147e-09 | 2.28540611335765691896e-06 |
-------------------------------------------------------------------

Scheme evaluation results:
Order: 8, No. cycles: 18
-------------------------------------------------------------------
Vector a: -1.28200594596337458242, -0.00328737232233951900, 1.28082519796451510530, 0.97291150514832414054, 0.02585717259928155265, -0.71828750092293625062, 0.56377609443625342767, -0.33553671635163423437, -0.08845251903667539217, 0.58420008444858584351
Vector b: -2.56401189192674916484, 2.55743714728207027775, 0.00421324864695986605, 1.94160976164968857027, -1.88989541645112546497, 0.45332041460525296372, 0.67423177426725389161, -1.34530520697052247137, 1.16840016889717168702
-------------------------------------------------------------------
| Order |          Error^2           |         Efficiency         |
-------------------------------------------------------------------
|   2   | 1.14794370197489014450e-40 | 2.88067786109309440000e+17 |
|   4   | 2.04472427239805737648e-39 | 2.10665104632075937500e+14 |
|   6   | 3.96181671104691570655e-40 | 1.47712680631454248047e+12 |
|   8   | 1.59279900779078965173e-09 | 2.27373303106961425200e-06 |
-------------------------------------------------------------------

Scheme evaluation results:
Order: 8, No. cycles: 18
-------------------------------------------------------------------
Vector a: 0.65975746034136029117, -0.05213187015549902020, -0.42860371767296623347, -0.85622042141302812102, -1.13898734209584762134, 1.15110094806929219580, 1.40921132357056655415, -1.29782464391243590462, -0.00137772414311307530, 1.55507598741167085699
Vector b: 1.31951492068272058233, -1.42377866099371863662, 0.56657122564778616969, -2.27901206847384241172, 0.00103738428214728766, 2.30116451185643677846, 0.51725813528469621883, -3.11290742310956813910, 3.11015197482334171397
-------------------------------------------------------------------
| Order |          Error^2           |         Efficiency         |
-------------------------------------------------------------------
|   2   | 1.83670992315982423120e-40 | 2.27737581156908032000e+17 |
|   4   | 7.28630359898046482734e-40 | 3.52903810783078875000e+14 |
|   6   | 1.86956212207195525573e-40 | 2.15028001783363574219e+12 |
|   8   | 1.66046076921358676664e-09 | 2.22692530134582110360e-06 |
-------------------------------------------------------------------

Scheme evaluation results:
Order: 8, No. cycles: 18
-------------------------------------------------------------------
Vector a: 0.34545416687212293638, 0.51836782546680448824, -0.82432712668469254602, -0.57030418939964422353, 0.50780874916167972888, -0.50576886897148132238, 0.11756432527675993172, 0.06351846613927975005, 0.35349988537412990741, 0.99418676676504125211
Vector b: 0.69090833374424587277, 0.34582731718936321474, -1.99448157055874819577, 0.85387319175945963767, 0.16174430656389979233, -1.17328204450686235383, 1.40841069506038230053, -1.28137376278182268940, 1.98837353353008250423
-------------------------------------------------------------------
| Order |          Error^2           |         Efficiency         |
-------------------------------------------------------------------
|   2   | 4.04694996497007170083e-42 | 1.53423212568864358400e+18 |
|   4   | 1.69845940407795439694e-41 | 2.31143877331733200000e+15 |
|   6   | 2.60937768148582601314e-42 | 1.82010523023819570312e+13 |
|   8   | 1.90329076329755967345e-09 | 2.08001941731027157272e-06 |
-------------------------------------------------------------------

Scheme evaluation results:
Order: 8, No. cycles: 18
-------------------------------------------------------------------
Vector a: 0.33898638568693073569, 0.97503055506526192797, 0.01613755101037982545, -0.44838130760588457147, 1.09884956987934256922, -0.00112630103259558066, -1.35200571494177035348, -0.23009007635247569201, 0.39803220836511737923, 0.20456712992569395237
Vector b: 0.67797277137386147139, 1.27208833875666238455, -1.23981323673590271284, 0.34305062152413356991, 1.85464851823455156854, -1.85690112029974252472, -0.84711030958379818223, 0.38693015687884685372, 0.40913425985138790475
-------------------------------------------------------------------
| Order |          Error^2           |         Efficiency         |
-------------------------------------------------------------------
|   2   | 4.00058380138249215359e-39 | 4.87970203343681200000e+16 |
|   4   | 4.16127209758508325192e-39 | 1.47671580265968250000e+14 |
|   6   | 3.88100879654121650748e-39 | 4.71946376294322631836e+11 |
|   8   | 2.17455791980770017817e-09 | 1.94596251104866092352e-06 |
-------------------------------------------------------------------

Scheme evaluation results:
Order: 8, No. cycles: 18
-------------------------------------------------------------------
Vector a: 0.34200199830390659583, 0.51744738656024236167, -0.85731780604756724351, -0.31626733538594398176, 0.04322375149815097656, -0.25038856287504746012, 0.50283973683690319501, -0.48122284353215688535, 0.46925231940860645530, 1.03043135523290607658
Vector b: 0.68400399660781319167, 0.35089077651267147617, -2.06552638860780612973, 1.43299171783591794416, -1.34654421483961606043, 0.84576708908952114019, 0.15991238458428527758, -1.12235807164859902052, 2.06086271046581215316
-------------------------------------------------------------------
| Order |          Error^2           |         Efficiency         |
-------------------------------------------------------------------
|   2   | 1.90128175639591180183e-40 | 2.23836934438822816000e+17 |
|   4   | 8.31079465787141899391e-42 | 3.30437025120238600000e+15 |
|   6   | 1.50469084977637517817e-42 | 2.39685261369300000000e+13 |
|   8   | 2.17842004453714251086e-09 | 1.94423674562651739147e-06 |
-------------------------------------------------------------------

Scheme evaluation results:
Order: 8, No. cycles: 18
-------------------------------------------------------------------
Vector a: 0.09133101763692232089, -0.65916823333714558153, -0.27315233909744435215, 1.50733106723512588765, -0.00683940816762421220, -0.91507009066314215495, -0.51546428611616346149, 0.17236434833025515712, 1.20412501574430974571, 0.39454290843490663621
Vector b: 0.18266203527384464178, -1.50099850194813577708, 0.95469382375324696177, 2.05996831071700459148, -2.07364712705225295863, 0.24350694572596895404, -1.27443551795829579376, 1.61916421461880610799, 0.78908581686981327241
-------------------------------------------------------------------
| Order |          Error^2           |         Efficiency         |
-------------------------------------------------------------------
|   2   | 2.86985925493722536125e-42 | 1.82190064925526425600e+18 |
|   4   | 2.68208526071769987375e-41 | 1.83938944413794400000e+15 |
|   6   | 8.40469328952596476899e-42 | 1.01415429591871621094e+13 |
|   8   | 2.21552859244269063765e-09 | 1.92788568932549725770e-06 |
-------------------------------------------------------------------

Scheme evaluation results:
Order: 8, No. cycles: 18
-------------------------------------------------------------------
Vector a: 0.40600184432168889836, -0.33122589554274911583, -0.23390866045084499070, -0.20691446990096179492, 0.32514936090427121185, 1.05206177549204227262, -1.02935893522746013673, -0.20636596374759669237, 1.03211639045234493395, 0.19244455369926538602
Vector b: 0.81200368864337779673, -1.47445547972887602839, 1.00663815882718599148, -1.42046709862910969235, 2.07076582043765222707, 0.03335773054643238061, -2.09207560100135259162, 1.67934367350615909587, 0.38488910739853077203
-------------------------------------------------------------------
| Order |          Error^2           |         Efficiency         |
-------------------------------------------------------------------
|   2   | 1.89697696751350596379e-39 | 7.08637222722351840000e+16 |
|   4   | 2.96994699775162542054e-41 | 1.74797666306051725000e+15 |
|   6   | 1.02362563061400751047e-42 | 2.90599186057703320312e+13 |
|   8   | 2.25698835846317184819e-09 | 1.91009645988666445815e-06 |
-------------------------------------------------------------------

Scheme evaluation results:
Order: 8, No. cycles: 18
-------------------------------------------------------------------
Vector a: 0.34094602388854094999, 0.51720620579848952669, -0.87624598058662872546, -0.33986632560758633925, 0.21718920147412545951, -0.39900579532988034170, 0.45712638742331374031, -0.32949471484062936577, 0.36098436780064852014, 1.05116062997960657555
Vector b: 0.68189204777708189997, 0.35252036381989709790, -2.10501232499315449331, 1.42527967377798181481, -0.99090127082973078476, 0.19288968016997015686, 0.72136309467665737927, -1.38035252435791599979, 2.10232125995921315109
-------------------------------------------------------------------
| Order |          Error^2           |         Efficiency         |
-------------------------------------------------------------------
|   2   | 1.40802469695357619286e-40 | 2.60105690453913536000e+17 |
|   4   | 1.45274363419634191764e-41 | 2.49928331018889300000e+15 |
|   6   | 1.50684611378329932289e-42 | 2.39513787366716640625e+13 |
|   8   | 2.25942087770114041267e-09 | 1.90906796677092122815e-06 |
-------------------------------------------------------------------

Scheme evaluation results:
Order: 8, No. cycles: 18
-------------------------------------------------------------------
Vector a: 0.33819560049290525727, 0.95983107769567721501, 0.01823137898897518247, -0.42229140535558784553, 1.10255851186242881390, -0.00109785840027348250, -1.34897075438115177093, -0.24919808227490269914, 0.38998526303684444283, 0.21275626833508504143
Vector b: 0.67639120098581151375, 1.24327095440555557282, -1.20680819642760495114, 0.36222538571642243221, 1.84289163800844901786, -1.84508735480899588310, -0.85285415395332309085, 0.35445798940351574968, 0.42551253667016991633
-------------------------------------------------------------------
| Order |          Error^2           |         Efficiency         |
-------------------------------------------------------------------
|   2   | 4.10274827973140930637e-35 | 4.81856313595236187500e+14 |
|   4   | 1.35067312411984545843e-38 | 8.19662092527405781250e+13 |
|   6   | 1.26402821228749289171e-39 | 8.26963965397341674805e+11 |
|   8   | 2.28310684982525294311e-09 | 1.89913938606301024537e-06 |
-------------------------------------------------------------------

Scheme evaluation results:
Order: 8, No. cycles: 18
-------------------------------------------------------------------
Vector a: 0.37850030833673137254, -0.33061086701779890396, -0.28450202733844531799, -0.20833661563531624683, 0.19261379706489487051, 1.07044164010402464982, -0.65108379241075153843, -0.88477157338603906744, 0.86447171434757064112, 0.85327741593512951290
Vector b: 0.75700061667346274508, -1.41822235070906055299, 0.84921829603216980598, -1.26589152730280241066, 1.65111912143259198515, 0.48976415877545725897, -1.79193174359696039133, 0.02238859682488217318, 1.70655483187025902581
-------------------------------------------------------------------
| Order |          Error^2           |         Efficiency         |
-------------------------------------------------------------------
|   2   | 2.18826768188963433795e-40 | 2.08643455409783872000e+17 |
|   4   | 2.03538601943179679552e-42 | 6.67708009765101400000e+15 |
|   6   | 5.36352461042450002713e-43 | 4.01457735476856796875e+13 |
|   8   | 2.43084876311945111240e-09 | 1.84052189956021417046e-06 |
-------------------------------------------------------------------

Scheme evaluation results:
Order: 8, No. cycles: 18
-------------------------------------------------------------------
Vector a: 0.03773775956876623122, -0.57414811969962686877, -0.30966572468443148702, 0.53150952954642571857, -0.60015680426944695292, 0.05835654152929961591, 1.82876777573871907023, -0.02679987710854192171, -0.45668300635360681294, 0.51108192573244348722
Vector b: 0.07547551913753246244, -1.22377175853678621387, 0.60444030916792323982, 0.45857874992492808630, -1.65889235846382199213, 1.77560544152242116844, 1.88193010995501674998, -1.93552986417210060033, 1.02216385146488697444
-------------------------------------------------------------------
| Order |          Error^2           |         Efficiency         |
-------------------------------------------------------------------
|   2   | 2.07777810057455116155e-39 | 6.77104043817674880000e+16 |
|   4   | 1.01414772460115661057e-40 | 9.45930805971334250000e+14 |
|   6   | 3.58795192034583827099e-41 | 4.90841937821517773438e+12 |
|   8   | 2.51335413827905740199e-09 | 1.81006060418889731122e-06 |
-------------------------------------------------------------------

Scheme evaluation results:
Order: 8, No. cycles: 18
-------------------------------------------------------------------
Vector a: -0.54893585227016139516, -0.52000801276301822362, 1.39826829619880022015, -0.02313826659996919347, -0.90946469222791259668, 0.70855339100688596865, 0.53390240441335357069, -1.03255921075521639452, 0.02622984388592008997, 1.36715209911131796439
Vector b: -1.09787170454032279032, 0.05785567901428613491, 2.73868091338331431928, -2.78495744658325294907, 0.96602806212742764469, 0.45107871988634418159, 0.61672608894036295979, -2.68184451045079574882, 2.73430419822263592877
-------------------------------------------------------------------
| Order |          Error^2           |         Efficiency         |
-------------------------------------------------------------------
|   2   | 1.49232681256735718785e-40 | 2.52652161911191872000e+17 |
|   4   | 5.42134349877985228399e-41 | 1.29376833319069725000e+15 |
|   6   | 1.34317748941087135374e-41 | 8.02228833083906640625e+12 |
|   8   | 2.94469636865211884533e-09 | 1.67224420176972762823e-06 |
-------------------------------------------------------------------

Scheme evaluation results:
Order: 8, No. cycles: 18
-------------------------------------------------------------------
Vector a: 0.27792536880857943160, -0.38546353136677674600, 0.18128296871407117985, 0.88578237675687043762, -0.83209802749246308817, -0.39287336842408193682, -0.16870897440985485605, 0.13323882588384886039, 1.04159866437966730501, 0.25931569715013935706
Vector b: 0.55585073761715886320, -1.32677780035071224418, 1.68934373777885471490, 0.08222101573488617421, -1.74641707071981233668, 0.96067033387164846303, -1.29808828269135823064, 1.56456593445905589590, 0.51863139430027871413
-------------------------------------------------------------------
| Order |          Error^2           |         Efficiency         |
-------------------------------------------------------------------
|   2   | 7.17464813734306340313e-41 | 3.64380129851052864000e+17 |
|   4   | 1.85882241292686984458e-42 | 6.98700460346591400000e+15 |
|   6   | 3.73679127207401469599e-44 | 1.52095214405594187500e+14 |
|   8   | 2.96143640946249058786e-09 | 1.66751117631038507077e-06 |
-------------------------------------------------------------------

Scheme evaluation results:
Order: 8, No. cycles: 18
-------------------------------------------------------------------
Vector a: 0.34360962926378091353, 0.51633264229856723482, -0.83209900859256669126, 0.06111375613160995729, -0.03575539321273512455, -0.57466146273093010599, 0.57948162551519633023, -0.55836873161065680993, 0.44476314702632457898, 1.05558379591140960585
Vector b: 0.68721925852756182707, 0.34544602606957269808, -2.00964404325470624713, 2.13187155551792617558, -2.20338234194339621652, 1.05405941648153622658, 0.10490383454885657266, -1.22164129777017005374, 2.11116759182281921170
-------------------------------------------------------------------
| Order |          Error^2           |         Efficiency         |
-------------------------------------------------------------------
|   2   | 4.13439098914394028605e-40 | 1.51792116680613344000e+17 |
|   4   | 6.73761817878176107914e-42 | 3.66992155843264250000e+15 |
|   6   | 7.14183479743632064382e-42 | 1.10017068691598359375e+13 |
|   8   | 3.00742691186979122593e-09 | 1.65471200728209992890e-06 |
-------------------------------------------------------------------

Scheme evaluation results:
Order: 8, No. cycles: 18
-------------------------------------------------------------------
Vector a: 0.30920646506754856375, -0.23199650753364398081, -0.15805502363440099289, -0.40777505960375165506, 0.07118068780352063141, 1.16731242448153849089, 0.32057398520206037418, -0.89483891823558625589, -0.04290611443872856950, 0.86729806089144334535
Vector b: 0.61841293013509712750, -1.08240594520238508913, 0.76629589793358310335, -1.58184601714108641346, 1.72420739274812762076, 0.61041745621494936103, 0.03073051418917132488, -1.82040835066034389911, 1.73459612178288669071
-------------------------------------------------------------------
| Order |          Error^2           |         Efficiency         |
-------------------------------------------------------------------
|   2   | 4.87876073339328311413e-41 | 4.41875812721226368000e+17 |
|   4   | 1.10492383912011826042e-42 | 9.06241211083524800000e+15 |
|   6   | 5.42403771403040179556e-43 | 3.99212029166202109375e+13 |
|   8   | 3.37213765376167122532e-09 | 1.56267013378266824603e-06 |
-------------------------------------------------------------------

Scheme evaluation results:
Order: 8, No. cycles: 18
-------------------------------------------------------------------
Vector a: 0.20993930353144940604, -0.44783635683528932869, -0.58942080406730990028, 0.40305542417563045010, -0.21933121044119988086, 0.23876246302081038930, 1.18076399370454310223, -0.43138447256830864118, -0.08195128272748274101, 0.73740294220715707496
Vector b: 0.41987860706289881207, -1.31555132073347746946, 0.13670971259885775217, 0.66940113575240312027, -1.10806355663480293750, 1.58558848267642371610, 0.77593950473266237733, -1.63870844986927965969, 1.47480588441431414992
-------------------------------------------------------------------
| Order |          Error^2           |         Efficiency         |
-------------------------------------------------------------------
|   2   | 1.17664229452426239811e-40 | 2.84533078181488448000e+17 |
|   4   | 8.12753109308393901136e-42 | 3.34141686112046100000e+15 |
|   6   | 3.03145914231834782638e-43 | 5.33997359769823203125e+13 |
|   8   | 3.91297286594573898893e-09 | 1.45066302252142315747e-06 |
-------------------------------------------------------------------

Scheme evaluation results:
Order: 8, No. cycles: 18
-------------------------------------------------------------------
Vector a: 0.25562750318262328353, -0.76633054807910727657, -0.02313406757514495371, 1.33648394262694969470, -0.47153567984986755057, -0.81917600359542519506, 0.88710128443060065617, 0.19428131448782351431, -0.14805904018821142154, 0.55474129455975917935
Vector b: 0.51125500636524656706, -2.04391610252346112020, 1.99764796737317107400, 0.67531991788072842642, -1.61839127758046363859, -0.01996072961038692500, 1.79416329847158806388, -1.40560066949594109076, 1.10948258911951835870
-------------------------------------------------------------------
| Order |          Error^2           |         Efficiency         |
-------------------------------------------------------------------
|   2   | 5.65362273222633396167e-40 | 1.29805046630494848000e+17 |
|   4   | 1.64680595527452502175e-41 | 2.34740899903298400000e+15 |
|   6   | 2.33492468488242042796e-42 | 1.92410394972800585938e+13 |
|   8   | 4.05664739726238418451e-09 | 1.42474233401712121683e-06 |
-------------------------------------------------------------------

Scheme evaluation results:
Order: 8, No. cycles: 18
-------------------------------------------------------------------
Vector a: -0.56622024511778135114, 0.62440186473944991885, 0.05477966331819052875, -1.05128052971966745588, 0.31853354340104794717, 0.45249753738415715576, 0.74299666278107645567, -0.67979816179555485611, -0.05008962438253358046, 1.15417928939161518187
Vector b: -1.13244049023556270228, 2.38124421971446231794, -2.27168489307808130206, 0.16912383363874639031, 0.46794325316334950404, 0.43705182160496480748, 1.04894150395718810387, -2.40853782754829781609, 2.30835857878323036374
-------------------------------------------------------------------
| Order |          Error^2           |         Efficiency         |
-------------------------------------------------------------------
|   2   | 3.28598884690312303863e-39 | 5.38420946645481120000e+16 |
|   4   | 4.94742435814519915060e-41 | 1.35431721254023925000e+15 |
|   6   | 7.62705149640293314468e-42 | 1.06460041233178105469e+13 |
|   8   | 4.12531486547723084805e-09 | 1.41283488027473720084e-06 |
-------------------------------------------------------------------

Scheme evaluation results:
Order: 8, No. cycles: 18
-------------------------------------------------------------------
Vector a: -0.56469334207483412591, 0.62074811512661531854, 0.05365642521416617156, -1.04167894047967846127, 0.32195868441780572944, 0.44582006592586276295, 0.73813357200717777395, -0.67492090189999698335, -0.04905533956431556986, 1.15003166132719725212
Vector b: -1.12938668414966825182, 2.37088291440289911094, -2.26357006397456661517, 0.18021218301520988692, 0.46370518582040154421, 0.42793494603132398169, 1.04833219798303156622, -2.39817400178302531089, 2.30006332265439450424
-------------------------------------------------------------------
| Order |          Error^2           |         Efficiency         |
-------------------------------------------------------------------
|   2   | 6.45718332360875706282e-42 | 1.21460043283684300800e+18 |
|   4   | 4.31039407626313731016e-41 | 1.45094680660223650000e+15 |
|   6   | 2.13083870072661386674e-42 | 2.01414012502594218750e+13 |
|   8   | 4.17876330365560515784e-09 | 1.40377037558152137752e-06 |
-------------------------------------------------------------------

Scheme evaluation results:
Order: 8, No. cycles: 18
-------------------------------------------------------------------
Vector a: 0.36584100129592045381, -0.42326754056376963975, -0.72143359340327140039, 1.16174196787277694831, -0.03638578040607778202, -0.44924570521660900368, -0.27317206668205140652, 0.08671512684235339885, 1.16515043919548011431, 0.12405615106524835178
Vector b: 0.73168200259184090761, -1.57821708371938007609, 0.13534989691283746960, 2.18813403883271639927, -2.26090559964487169964, 1.36241418921165391431, -1.90875832257575672735, 2.08218857626046327525, 0.24811230213049670357
-------------------------------------------------------------------
| Order |          Error^2           |         Efficiency         |
-------------------------------------------------------------------
|   2   | 1.01306031699284055252e-39 | 9.69699871175468640000e+16 |
|   4   | 5.64252970325812262853e-41 | 1.26815708566255325000e+15 |
|   6   | 7.08065369509195495311e-42 | 1.10491353158213925781e+13 |
|   8   | 4.60699333944419172497e-09 | 1.33693769062770222676e-06 |
-------------------------------------------------------------------

Scheme evaluation results:
Order: 8, No. cycles: 18
-------------------------------------------------------------------
Vector a: 0.36187032662294121854, -0.42150312753061169868, -0.70078264641605081398, 1.11170669823972789736, -0.05249043124914803266, -0.41977953379265303679, -0.23903282010094156762, 0.11485951756420864633, 1.13043557114319903611, 0.11471644551932820566
Vector b: 0.72374065324588243708, -1.56674690830710594547, 0.16518161547500431752, 2.05823178100445147720, -2.16321264350274766741, 1.32365357591744148280, -1.80171921611932450702, 2.03143825124774179969, 0.22943289103865638356
-------------------------------------------------------------------
| Order |          Error^2           |         Efficiency         |
-------------------------------------------------------------------
|   2   | 1.83670992315982423120e-40 | 2.27737581156908032000e+17 |
|   4   | 2.72163253081556682052e-41 | 1.82597671865208600000e+15 |
|   6   | 5.60411045212403241219e-43 | 3.92745869480503750000e+13 |
|   8   | 4.94373529443570437635e-09 | 1.29060206208655537673e-06 |
-------------------------------------------------------------------

Scheme evaluation results:
Order: 8, No. cycles: 18
-------------------------------------------------------------------
Vector a: 0.34288235045929377209, -0.73864132171861585086, -0.02683644904947793397, 1.23751947720502863959, -0.85033316781034218312, -0.73973113001629686725, 0.40333105468151386752, -0.32255636099810297557, 0.63095621171901250523, 1.06340933552798699857
Vector b: 0.68576470091858754419, -2.16304734435581913488, 2.10937444625686332245, 0.36566450815319395673, -2.06633084377387854502, 0.58686858374128469951, 0.21979352562174309105, -0.86490624761794909769, 2.12681867105597399714
-------------------------------------------------------------------
| Order |          Error^2           |         Efficiency         |
-------------------------------------------------------------------
|   2   | 4.66352128927299121203e-41 | 4.51957926956566592000e+17 |
|   4   | 7.34560654999069108578e-42 | 3.51476382811173300000e+15 |
|   6   | 3.72972251502570430285e-42 | 1.52239275416754062500e+13 |
|   8   | 5.02030812891544601708e-09 | 1.28072171288661888574e-06 |
-------------------------------------------------------------------

Scheme evaluation results:
Order: 8, No. cycles: 18
-------------------------------------------------------------------
Vector a: -0.49139522374724992071, -0.30488164888749302861, -0.47496653822325435312, 0.01909091590089889018, 1.10790321871500729856, 0.60496200599099914097, 0.35953444849107946135, 1.18970512997724475746, -0.00107590523558256847, -1.00887640298164971142
Vector b: -0.98279044749449984142, 0.37302714971951372869, -1.32296022616602249045, 1.36114205796782017366, 0.85466437946219442345, 0.35525963251980374746, 0.36380926446235523075, 2.01560099549213456172, -2.01775280596329942284
-------------------------------------------------------------------
| Order |          Error^2           |         Efficiency         |
-------------------------------------------------------------------
|   2   | 1.63467183161224356577e-38 | 2.41401353224098880000e+16 |
|   4   | 9.57942203716473927781e-39 | 9.73285662837704062500e+13 |
|   6   | 1.09628485598284426826e-38 | 2.80803981908904052734e+11 |
|   8   | 5.31101889096296639041e-09 | 1.24517684508715283493e-06 |
-------------------------------------------------------------------

Scheme evaluation results:
Order: 8, No. cycles: 18
-------------------------------------------------------------------
Vector a: -0.66544391005823955165, 0.40496663210249372877, 0.10127648838660222030, 0.07063889966985709146, 1.03412435269080638101, -1.11550760861576736538, -0.62445883240058852603, 0.67543501259849325624, 0.65450190138141950413, 0.46446706424492339993
Vector b: -1.33088782011647910331, 2.14082108432146656085, -1.93826810754826195371, 2.07954590688797624765, -0.01129720150636350819, -2.21971801572517124512, 0.97080035092399430408, 0.38006967427299215290, 0.92893412848984679986
-------------------------------------------------------------------
| Order |          Error^2           |         Efficiency         |
-------------------------------------------------------------------
|   2   | 1.43492962746861268063e-41 | 8.14778739997154560000e+17 |
|   4   | 5.53793153101167706429e-42 | 4.04795977846845000000e+15 |
|   6   | 2.08116908480160332285e-41 | 6.44482733285195410156e+12 |
|   8   | 5.42569367522735683602e-09 | 1.23194784971834624524e-06 |
-------------------------------------------------------------------

Scheme evaluation results:
Order: 8, No. cycles: 18
-------------------------------------------------------------------
Vector a: -0.49723812263607891637, -0.30141538460631162044, -0.45908101123846262182, 0.02102665648145960603, 1.10668258347418135834, 0.59358531237417122561, 0.35075184110011536909, 1.19251614788857196459, -0.00111529069975752093, -1.00571273213788869860
Vector b: -0.99447624527215772172, 0.39164547605953387022, -1.30980749853646005754, 1.35186081149937908918, 0.86150435544898507079, 0.32566626929935427182, 0.37583741290088029663, 2.00919488287626624157, -2.01142546427578139401
-------------------------------------------------------------------
| Order |          Error^2           |         Efficiency         |
-------------------------------------------------------------------
|   2   | 4.10295742072461285667e-35 | 4.81844032552329375000e+14 |
|   4   | 5.65817863379354680693e-38 | 4.00471534961573671875e+13 |
|   6   | 5.16574579402310969978e-39 | 4.09070775409039794922e+11 |
|   8   | 5.64088332601609821083e-09 | 1.20822105775434104482e-06 |
-------------------------------------------------------------------

Scheme evaluation results:
Order: 8, No. cycles: 18
-------------------------------------------------------------------
Vector a: -0.76394652860912393155, 0.18410229462214552920, 0.91934164319924571718, -0.85071315639883793303, -0.31793201058157627426, 1.54546331007981785355, -0.03050941019529082240, -0.86424035955570910339, 0.69304630618674523124, 0.48538791125258384795
Vector b: -1.52789305721824786310, 1.89609764646253875497, -0.05741436006404732756, -1.64401195273362854543, 1.00814793157047621897, 2.08277868858915926609, -2.14379750897974119539, 0.41531678986832271105, 0.97077582250516769591
-------------------------------------------------------------------
| Order |          Error^2           |         Efficiency         |
-------------------------------------------------------------------
|   2   | 1.72478541221727244211e-39 | 7.43168775970055680000e+16 |
|   4   | 6.37786983052797241660e-41 | 1.19281242402212575000e+15 |
|   6   | 1.55312275968122446003e-41 | 7.46039938130697558594e+12 |
|   8   | 5.67134525137698109554e-09 | 1.20497189087963121844e-06 |
-------------------------------------------------------------------

Scheme evaluation results:
Order: 8, No. cycles: 18
-------------------------------------------------------------------
Vector a: 0.25495343857755942141, -0.40066000746258617626, -0.17820155529043507636, 0.49224268154130684794, -0.69291441373096951395, 0.14279246126331163191, 1.17753397780705948428, -0.57342879240686173148, -0.06137144736321430150, 0.83905365706482948340
Vector b: 0.50990687715511884281, -1.31122689208029119534, 0.95482378149942104262, 0.02966158158319265672, -1.41549040904513168115, 1.70107533157175505600, 0.65399262404236402357, -1.80085020885608759755, 1.67810731412965896681
-------------------------------------------------------------------
| Order |          Error^2           |         Efficiency         |
-------------------------------------------------------------------
|   2   | 8.10735239519766164554e-41 | 3.42779992175210368000e+17 |
|   4   | 2.62953656830551923359e-42 | 5.87449275032839700000e+15 |
|   6   | 6.11310981239575178374e-43 | 3.76039849972544843750e+13 |
|   8   | 5.85891534528793258956e-09 | 1.18552672247508349143e-06 |
-------------------------------------------------------------------

Scheme evaluation results:
Order: 8, No. cycles: 18
-------------------------------------------------------------------
Vector a: 0.25076198165070373580, -0.40882123160264194350, -0.18267406913761422005, 0.49388191916873502851, -0.68322420963401231386, 0.14841827026153767144, 1.17759630696697503716, -0.56870203228022264685, -0.06246000984605171169, 0.83522307445259147407
Vector b: 0.50152396330140736058, -1.31916642650669135861, 0.95381828823146286300, 0.03394555010600807526, -1.40039396937403348709, 1.69723050989710877445, 0.65796210403684107781, -1.79536616859728637152, 1.67044614890518294814
-------------------------------------------------------------------
| Order |          Error^2           |         Efficiency         |
-------------------------------------------------------------------
|   2   | 8.27236930235655210381e-40 | 1.07309959911093840000e+17 |
|   4   | 3.06043584608540048290e-42 | 5.44525646773557000000e+15 |
|   6   | 1.54459115360463347866e-43 | 7.48097490327958750000e+13 |
|   8   | 5.87556055798699594430e-09 | 1.18384625811565269531e-06 |
-------------------------------------------------------------------

Scheme evaluation results:
Order: 8, No. cycles: 18
-------------------------------------------------------------------
Vector a: 0.03416414782620261215, 0.25639157383388977429, -0.43105988463170374914, -0.16502841774086696169, -0.22268904106197387471, 0.14016465420001156250, 1.18276933461497679723, -0.56610415164662453158, -0.06318455674750174389, 0.83457634135359015648
Vector b: 0.06832829565240522429, 0.44445485201537437980, -1.30657462127878187808, 0.97651778579704784367, -1.42189586792099564860, 1.70222517632101877361, 0.66331349290893470982, -1.79552179620218366196, 1.66915268270718031296
-------------------------------------------------------------------
| Order |          Error^2           |         Efficiency         |
-------------------------------------------------------------------
|   2   | 5.23749314026043628428e-41 | 4.26474684132422464000e+17 |
|   4   | 1.04620943346490842515e-41 | 2.94510419117146000000e+15 |
|   6   | 3.75315350998684550299e-43 | 4.79917741703615781250e+13 |
|   8   | 5.97050850768212129925e-09 | 1.17439528352322206803e-06 |
-------------------------------------------------------------------

Scheme evaluation results:
Order: 8, No. cycles: 18
-------------------------------------------------------------------
Vector a: 0.86213891605705084142, 0.05571019644180703889, -0.27153547196906502315, 0.58158257913277422446, -0.92331783681596157898, -0.74019756558183469330, 0.51302969745881066288, -0.34800151237915388780, 0.31968469526916515333, 0.95090630238640727612
Vector b: 1.72427783211410168285, -1.61285743923048752180, 1.06978649529235747551, 0.09337866297319094566, -1.94001433660511413137, 0.45961920544144480028, 0.56644018947617658100, -1.26244321423448435660, 1.90181260477281455223
-------------------------------------------------------------------
| Order |          Error^2           |         Efficiency         |
-------------------------------------------------------------------
|   2   | 5.15319102464665528930e-40 | 1.35961788529608128000e+17 |
|   4   | 3.91018323485196955471e-41 | 1.52339113827037775000e+15 |
|   6   | 1.89717803194784806996e-41 | 6.75011117550286230469e+12 |
|   8   | 6.13713884170906554082e-09 | 1.15834248361081582895e-06 |
-------------------------------------------------------------------

Scheme evaluation results:
Order: 8, No. cycles: 18
-------------------------------------------------------------------
Vector a: 0.24905523100671822512, 0.46688812104116106383, -0.77476168725784111402, -0.34804850365447564942, 0.86571870206162648831, 0.39642537805543837104, -0.19636003950788014083, -1.00735436948797274503, 0.35634779369737651367, 0.99208937404584884856
Vector b: 0.49811046201343645023, 0.43566578006888567742, -1.98518915458456790546, 1.28909214727561649561, 0.44234525684763636999, 0.35050549926324031658, -0.74322557827900059824, -1.27148316069694478081, 1.98417874809169769712
-------------------------------------------------------------------
| Order |          Error^2           |         Efficiency         |
-------------------------------------------------------------------
|   2   | 5.63462112505008944218e-41 | 4.11171145844497024000e+17 |
|   4   | 4.98361124883974967081e-42 | 4.26714991458122400000e+15 |
|   6   | 1.44064313845674432275e-42 | 2.44955255599274414062e+13 |
|   8   | 6.36727536286210030774e-09 | 1.13721647610050780778e-06 |
-------------------------------------------------------------------

Scheme evaluation results:
Order: 8, No. cycles: 18
-------------------------------------------------------------------
Vector a: 0.36430044378737813648, -0.48541830248992295926, -0.09588977051258583406, 1.02405294001199798082, -0.34269568706192865548, -0.24573293321772579634, -0.27006023828256675579, -0.61547778656325791147, 0.84434525206970312272, 0.82257608225890876952
Vector b: 0.72860088757475627297, -1.69943749255460230252, 1.50765795152943060664, 0.54044792849456524397, -1.22583930261842266596, 0.73437343618297101777, -1.27449391274810452934, 0.04353833962158858151, 1.64515216451781753904
-------------------------------------------------------------------
| Order |          Error^2           |         Efficiency         |
-------------------------------------------------------------------
|   2   | 4.66352128927299121203e-41 | 4.51957926956566592000e+17 |
|   4   | 4.77842776334762621185e-42 | 4.35780173102204450000e+15 |
|   6   | 2.95483076425882776983e-43 | 5.40877185894280859375e+13 |
|   8   | 6.83875844799320440280e-09 | 1.09731502806504127604e-06 |
-------------------------------------------------------------------

Scheme evaluation results:
Order: 8, No. cycles: 18
-------------------------------------------------------------------
Vector a: 0.36441618665612413031, -0.47849131724203575189, -0.10059892025504692248, 1.01926681788270867557, -0.33326715835377263009, -0.25854377507408260461, -0.27259377826318986759, -0.60017434615896836370, 0.84204367021588533149, 0.81794262059237810014
Vector b: 0.72883237331224826061, -1.68581500779631965337, 1.48461716728622583616, 0.55391646847919140395, -1.22045078518673655310, 0.70336323503857145489, -1.24855079156495119008, 0.04820209924701448351, 1.63588524118475620028
-------------------------------------------------------------------
| Order |          Error^2           |         Efficiency         |
-------------------------------------------------------------------
|   2   | 1.93141527857275266812e-39 | 7.02291089934226320000e+16 |
|   4   | 9.50640878197955900915e-42 | 3.08959630419982450000e+15 |
|   6   | 3.30512116895174285746e-43 | 5.11412426521497031250e+13 |
|   8   | 7.03284547159669686230e-09 | 1.08206767067066037788e-06 |
-------------------------------------------------------------------

Scheme evaluation results:
Order: 8, No. cycles: 18
-------------------------------------------------------------------
Vector a: -1.43979041071281255171, 0.01764367912433410443, 1.47730030792835331788, -0.55778692734946855314, -0.35238476269196311597, 0.53720896961689834637, 1.79179327690836376341, -0.01491597733757980652, -0.97691841143194146913, 0.51785025594581579611
Vector b: -2.87958082142562510342, 2.91486817967429345799, 0.03973243618241320552, -1.15530629088135028404, 0.45053676549742394108, 0.62388117373637275165, 2.95970538008035477517, -2.98953733475551475252, 1.03570051189163159222
-------------------------------------------------------------------
| Order |          Error^2           |         Efficiency         |
-------------------------------------------------------------------
|   2   | 3.73081703141839296963e-39 | 5.05304323822383760000e+16 |
|   4   | 5.81098854977001091873e-39 | 1.24964014836114906250e+14 |
|   6   | 2.76657986205921755680e-38 | 1.76763814002179779053e+11 |
|   8   | 7.38998395224779069950e-09 | 1.05559715612992041086e-06 |
-------------------------------------------------------------------

Scheme evaluation results:
Order: 8, No. cycles: 18
-------------------------------------------------------------------
Vector a: -0.81555303867362893833, 0.26646195582328424667, 1.07377989339141044489, -1.05895004714466822726, -0.31860714449848048790, 0.92280826081387423709, 0.56250615270440673665, -1.16634159647184154629, -0.00212586292370783945, 1.53602142697935128979
Vector b: -1.63110607734725787665, 2.16402998899382614795, -0.01647020221100529633, -2.10142989207833119636, 1.46421560308137022055, 0.38140091854637825364, 0.74361138686243521967, -3.07629457980611809020, 3.07204285395870257958
-------------------------------------------------------------------
| Order |          Error^2           |         Efficiency         |
-------------------------------------------------------------------
|   2   | 5.96930725026942875140e-40 | 1.26326080955595936000e+17 |
|   4   | 1.20937662665089012489e-40 | 8.66221969234920000000e+14 |
|   6   | 1.36676981330519842604e-40 | 2.51488007596832128906e+12 |
|   8   | 7.70523602260345731148e-09 | 1.03377728677383017444e-06 |
-------------------------------------------------------------------

Scheme evaluation results:
Order: 8, No. cycles: 18
-------------------------------------------------------------------
Vector a: -0.58854369653443439070, 0.37220765124982069239, 0.95300701056137948619, -0.91548878992136462074, -0.64619264097315110007, 1.26240250811439191914, -0.02963704491083791331, -0.67159174479450223227, 0.81136637185704396646, 0.45247037535165429700
Vector b: -1.17708739306886878140, 1.92150269556851016617, -0.01548867444575128399, -1.81548890539697804769, 0.52310362345067573653, 2.00170139277810799072, -2.06097548259978413654, 0.71779199301077933892, 0.90494075070330859401
-------------------------------------------------------------------
| Order |          Error^2           |         Efficiency         |
-------------------------------------------------------------------
|   2   | 3.32903673572718141905e-40 | 1.69159228594223328000e+17 |
|   4   | 6.95604557690839194007e-42 | 3.61184221865722550000e+15 |
|   6   | 7.67644196450519812351e-43 | 3.35571434104326796875e+13 |
|   8   | 7.78475722348449329664e-09 | 1.02848372240933397626e-06 |
-------------------------------------------------------------------

Scheme evaluation results:
Order: 8, No. cycles: 18
-------------------------------------------------------------------
Vector a: 0.61250752417232867675, 0.12939692624347051697, -1.14816599373903316383, -0.51283624982366604605, 0.78368621522766046539, 0.12022713301310242184, -0.29248747641742506298, 0.43793647283350906063, 0.54445973075646902917, 0.32527571773358399110
Vector b: 1.22501504834465735350, -0.96622119585771626404, -1.33011079162035006362, 0.30443829197301802703, 1.26293413848230295926, -1.02247987245609817109, 0.43750491962124798961, 0.43836802604577018716, 0.65055143546716798220
-------------------------------------------------------------------
| Order |          Error^2           |         Efficiency         |
-------------------------------------------------------------------
|   2   |            0.0             |          Infinity          |
|   4   | 3.60203770254694228081e-42 | 5.01921561484847100000e+15 |
|   6   | 8.31708897867221546328e-44 | 1.01948137382722968750e+14 |
|   8   | 8.13464241561772571056e-09 | 1.00612218599977320789e-06 |
-------------------------------------------------------------------

Scheme evaluation results:
Order: 8, No. cycles: 18
-------------------------------------------------------------------
Vector a: 0.18308503828107347555, 0.37464331102129588835, -0.67466564699916065084, -0.33547161968247152242, 0.76778559261168144445, 0.50746165933486309108, -0.22474258658226792251, -0.91199474954264603266, 0.44853760268867370886, 0.86536139886895857565
Vector b: 0.36617007656214695110, 0.38311654548044477009, -1.73244783947876612729, 1.06150460011382308245, 0.47406658510953969543, 0.54085673356018637570, -0.99034190672472233175, -0.83364759236056973357, 1.73072279773791715130
-------------------------------------------------------------------
| Order |          Error^2           |         Efficiency         |
-------------------------------------------------------------------
|   2   | 1.03314933177740113005e-40 | 3.03650108209210752000e+17 |
|   4   | 2.00946199784178767970e-42 | 6.72001249992220200000e+15 |
|   6   | 3.57153893411490400145e-43 | 4.91968475679177343750e+13 |
|   8   | 8.14631326898004665627e-09 | 1.00540121488120913815e-06 |
-------------------------------------------------------------------

Scheme evaluation results:
Order: 8, No. cycles: 18
-------------------------------------------------------------------
Vector a: 0.35598101897921108350, 0.49886939366955368458, -0.79028343401920930766, -0.82442642991326597901, 1.06861894534651713506, -0.05567127074717601043, -0.63669425852973793312, -0.11660969337279147862, 0.50237772822321913324, 0.99783800036367986674
Vector b: 0.71196203795842216699, 0.28577674938068520216, -1.86634361741910392851, 0.21749075759257183171, 1.91974713310046229964, -2.03108967459481437601, 0.75770115753533850977, -0.99092054428092146701, 1.99567600072735973349
-------------------------------------------------------------------
| Order |          Error^2           |         Efficiency         |
-------------------------------------------------------------------
|   2   | 7.37239937662858158818e-40 | 1.13671230928749696000e+17 |
|   4   | 3.60901634679849897356e-41 | 1.58568002366299100000e+15 |
|   6   | 3.86147504971165643825e-42 | 1.49619552975496542969e+13 |
|   8   | 8.81552885798207505519e-09 | 9.66486458424838887235e-07 |
-------------------------------------------------------------------

Scheme evaluation results:
Order: 8, No. cycles: 18
-------------------------------------------------------------------
Vector a: 0.35726171985755078575, 0.49932265026973998712, -0.78872961906117888820, -0.82768620605901144227, 1.06304508314627277343, -0.05840490330924569262, -0.62023803634341989621, -0.11274884738744878065, 0.48866085240077511420, 0.99951730648596592843
Vector b: 0.71452343971510157150, 0.28412186082437834722, -1.86158109894673629015, 0.20620868682871329458, 1.91988147946383258535, -2.03669128608232385957, 0.79621521339548406715, -1.02171290817038173948, 1.99903461297193185686
-------------------------------------------------------------------
| Order |          Error^2           |         Efficiency         |
-------------------------------------------------------------------
|   2   | 7.49580376359141680547e-38 | 1.12731655703933880000e+16 |
|   4   | 5.84138134928210816994e-41 | 1.24638495991556800000e+15 |
|   6   | 2.65436246601384374315e-42 | 1.80461621614557148438e+13 |
|   8   | 8.84614397133289435650e-09 | 9.64812580079197537727e-07 |
-------------------------------------------------------------------

Scheme evaluation results:
Order: 8, No. cycles: 18
-------------------------------------------------------------------
Vector a: -0.50381252549359711868, -0.19273457592386769588, 1.45182036811867676285, 1.14136751319297058416, -1.08703570040000596642, -0.74787077693217884899, -0.82078393081604494874, -0.04651261973394190535, 1.45981178859097138201, 0.34575045939701792852
Vector b: -1.00762505098719423735, 0.62215589913945890110, 2.28148483709789484664, 0.00125018928804637459, -2.17532159008805825451, 0.67958003622370066754, -2.32114789785579045400, 2.22812265838790679595, 0.69150091879403585704
-------------------------------------------------------------------
| Order |          Error^2           |         Efficiency         |
-------------------------------------------------------------------
|   2   | 6.61789544188524168305e-39 | 3.79398001709955120000e+16 |
|   4   | 2.38718199890054212117e-40 | 6.16548455475902250000e+14 |
|   6   | 1.12470857801575551300e-40 | 2.77233026211419287109e+12 |
|   8   | 8.85137975208511430424e-09 | 9.64527184213050356554e-07 |
-------------------------------------------------------------------

Scheme evaluation results:
Order: 8, No. cycles: 18
-------------------------------------------------------------------
Vector a: 0.15846191726296227076, 0.62710575429206505405, -0.68206441043381438316, -1.15287280477813092183, 1.18257534350951099000, 0.49813295576994892633, -0.14239690941177235439, -0.76081288443799943710, -0.01657594092688653362, 1.28844697915411643407
Vector b: 0.31692383452592454152, 0.93728767405820556657, -2.30141649492583422187, -0.00432911463042767210, 2.36947980164944960180, -1.37321389010955163812, 1.08842007128600704036, -2.61004584016200569252, 2.57689395830823286815
-------------------------------------------------------------------
| Order |          Error^2           |         Efficiency         |
-------------------------------------------------------------------
|   2   | 5.73971850987445072250e-41 | 4.07389369998577280000e+17 |
|   4   | 1.91249214411051033840e-41 | 2.17826217258640775000e+15 |
|   6   | 8.09662616705013158580e-41 | 3.26747990622737890625e+12 |
|   8   | 9.19855285747415826241e-09 | 9.46150460405578658067e-07 |
-------------------------------------------------------------------

Scheme evaluation results:
Order: 8, No. cycles: 18
-------------------------------------------------------------------
Vector a: 0.15424733422996009247, 0.62874494703859329370, -0.66793749005697067300, -1.14480915540992733703, 1.17584151458190389050, 0.48020191158913611007, -0.14561878332549774151, -0.75339766102527394587, -0.01653257542939526314, 1.28925995780747171260
Vector b: 0.30849466845991985187, 0.94899522561726712411, -2.28487020573120824807, -0.00474810508864613456, 2.35643113425245376291, -1.39602731107418120970, 1.10478974442318578220, -2.61158506647373389598, 2.57851991561494342520
-------------------------------------------------------------------
| Order |          Error^2           |         Efficiency         |
-------------------------------------------------------------------
|   2   | 2.03903500063289861917e-38 | 2.16143733804634040000e+16 |
|   4   | 3.70626628232342217454e-40 | 4.94813648439092875000e+14 |
|   6   | 1.50067050489620748243e-41 | 7.58965956514358203125e+12 |
|   8   | 9.28608429550714697177e-09 | 9.41680654014521680744e-07 |
-------------------------------------------------------------------

Scheme evaluation results:
Order: 8, No. cycles: 18
-------------------------------------------------------------------
Vector a: 0.26729141674101336568, -0.50353656401361091000, -0.73214156205527436416, 1.06185296386919736378, 0.37240327084741919883, -0.10433623746597471549, -0.48408133169645928273, -0.20708519928199717319, 1.07652820616330124892, 0.25310503689238550429
Vector b: 0.53458283348202673135, -1.54165596150924844032, 0.07737283739869971200, 2.04633309033969501556, -1.30152654864485661790, 1.09285407371290710365, -2.06101673710582566912, 1.64684633854183126722, 0.50621007378477100858
-------------------------------------------------------------------
| Order |          Error^2           |         Efficiency         |
-------------------------------------------------------------------
|   2   | 1.43492962746861268063e-41 | 8.14778739997154560000e+17 |
|   4   | 9.12875884584402080853e-42 | 3.15285583027808050000e+15 |
|   6   | 8.54700248424817326159e-43 | 3.18022651584108398438e+13 |
|   8   | 9.35494637475270683276e-09 | 9.38208380629699627013e-07 |
-------------------------------------------------------------------

Scheme evaluation results:
Order: 8, No. cycles: 18
-------------------------------------------------------------------
Vector a: 0.31753904345374334151, -0.69100468769987710704, 0.31822338409462164188, 0.84422956134516102811, -0.41522382867763796277, 0.46048099602050052148, -0.93451032545236289995, -0.31390318787948651158, 1.21397172658163587933, 0.20019731821370215230
Vector b: 0.63507808690748668301, -2.01708746230724100812, 2.65353423049648418086, -0.96507510780616212465, 0.13462745045088619911, 0.78633454159011484386, -2.65535519249484064375, 2.02754881673586728752, 0.40039463642740430460
-------------------------------------------------------------------
| Order |          Error^2           |         Efficiency         |
-------------------------------------------------------------------
|   2   | 9.67142568913844946742e-40 | 9.92452523101388800000e+16 |
|   4   | 8.72737441696898101878e-41 | 1.01969003576622650000e+15 |
|   6   | 1.08049976560167169655e-41 | 8.94442920284896484375e+12 |
|   8   | 1.17376095258509064435e-08 | 8.37587389868281221497e-07 |
-------------------------------------------------------------------

Scheme evaluation results:
Order: 8, No. cycles: 18
-------------------------------------------------------------------
Vector a: -0.85838883633291529485, -0.10436973875585472959, 0.89916692132623599054, -0.55647359537130558493, -0.40333015643651570770, 0.42479953162821032508, -0.42620784819432627755, 0.28947546821996777977, 1.28875991963752123404, 0.44656833427898229294
Vector b: -1.71677767266583058969, 1.50803819515412107499, 0.29029564749835096160, -1.40324283824096229800, 0.59658252536793088261, 0.25301653788848982307, -1.10543223427714232265, 1.68438317071707799322, 0.89313666855796458588
-------------------------------------------------------------------
| Order |          Error^2           |         Efficiency         |
-------------------------------------------------------------------
|   2   | 7.17464813734306340313e-41 | 3.64380129851052864000e+17 |
|   4   | 4.27844447127653148094e-41 | 1.45635425729486700000e+15 |
|   6   | 6.36107481000043640899e-42 | 1.16573468295066250000e+13 |
|   8   | 1.21567597063790072090e-08 | 8.23021239284105188702e-07 |
-------------------------------------------------------------------

Scheme evaluation results:
Order: 8, No. cycles: 18
-------------------------------------------------------------------
Vector a: 0.31082003689751597220, -0.69081440247961245493, 0.32631452008289818512, 0.84938128796020373468, -0.41183295364670785554, 0.45731093531019745280, -0.93821713000836537422, -0.32206780888871422430, 1.21291552667465896143, 0.20618998809792549176
Vector b: 0.62164007379503205541, -2.00326887875425718732, 2.65589791892005333551, -0.95713534299964586616, 0.13346943570623009956, 0.78115243491416486155, -2.65758669493089572100, 2.01345107715346705035, 0.41237997619585098352
-------------------------------------------------------------------
| Order |          Error^2           |         Efficiency         |
-------------------------------------------------------------------
|   2   | 1.89324615048208757082e-37 | 7.09335096751966800000e+15 |
|   4   | 1.76337471965246533582e-40 | 7.17360855100378375000e+14 |
|   6   | 5.73917806615901124018e-42 | 1.22727000385291308594e+13 |
|   8   | 1.22400396528617762359e-08 | 8.20216585387946617296e-07 |
-------------------------------------------------------------------

Scheme evaluation results:
Order: 8, No. cycles: 18
-------------------------------------------------------------------
Vector a: 0.20720631305400705191, 0.51961235003034667024, -0.76118348546316783043, -1.05748057188686317431, 1.27580905622628715257, -0.01812970619725972829, -0.46913030160313645700, -0.07504841304965616244, 0.24729841778601002744, 1.13104634110343238440
Vector b: 0.41441262610801410382, 0.62481207395267923665, -2.14717904487901511956, 0.03221790110528870155, 2.51940021134728553420, -2.55565962374180521977, 1.61739902053553219474, -1.76749584663484449187, 2.26209268220686476880
-------------------------------------------------------------------
| Order |          Error^2           |         Efficiency         |
-------------------------------------------------------------------
|   2   | 4.94333256662937068476e-40 | 1.38817773771907216000e+17 |
|   4   | 4.12318060142934174949e-41 | 1.48352134927598375000e+15 |
|   6   | 3.49919505347916770444e-41 | 4.97028043669044238281e+12 |
|   8   | 1.37517161460883002734e-08 | 7.73822778306224058236e-07 |
-------------------------------------------------------------------

Scheme evaluation results:
Order: 8, No. cycles: 18
-------------------------------------------------------------------
Vector a: 0.90777489089969909397, -0.05328639169923386071, -0.94152100441543185028, -0.79499706084838595022, 0.09638603766665675143, 0.27079231863288033555, -0.32910788472219426604, 0.55622173060469448647, 0.76646796057127020152, 0.52126940331004489870
Vector b: 1.81554978179939818794, -1.92212256519786595099, 0.03908055636700229207, -1.62907467806377415087, 1.82184675339708768149, -1.28026211613132701039, 0.62204634668693847832, 0.49039711452245055012, 1.04253880662008979741
-------------------------------------------------------------------
| Order |          Error^2           |         Efficiency         |
-------------------------------------------------------------------
|   2   | 1.75061414551170747036e-40 | 2.33270474678361504000e+17 |
|   4   | 7.21388449434415828112e-41 | 1.12156742591977825000e+15 |
|   6   | 2.23312485024678249494e-41 | 6.22169141654423632812e+12 |
|   8   | 1.40427547695650523826e-08 | 7.65761986020600265227e-07 |
-------------------------------------------------------------------

Scheme evaluation results:
Order: 8, No. cycles: 18
-------------------------------------------------------------------
Vector a: -0.62563171952678375831, -0.20403562157775961827, 0.60699150491151976361, -1.00579121031641993689, -1.19110677027684186413, 1.20868426529851680229, 2.55414132136027349773, -0.00798570998376012080, -0.84439433646816786094, 0.50912827657942294479
Vector b: -1.25126343905356751662, 0.84319219589804816906, 0.37079081392499135816, -2.38237323455783123194, 0.00015969400414748183, 2.41720883659288610090, 2.69107380612766133865, -2.70704522609518161147, 1.01825655315884588958
-------------------------------------------------------------------
| Order |          Error^2           |         Efficiency         |
-------------------------------------------------------------------
|   2   | 2.86182364902340113024e-38 | 1.82445667908106720000e+16 |
|   4   | 7.07219920661627602707e-39 | 1.13274652095626734375e+14 |
|   6   | 3.05280792989615854073e-39 | 5.32126918307325988770e+11 |
|   8   | 1.49249327542383118701e-08 | 7.42786099316516710769e-07 |
-------------------------------------------------------------------

Scheme evaluation results:
Order: 8, No. cycles: 18
-------------------------------------------------------------------
Vector a: -0.62868516084238756925, -0.20228236995362725015, 0.60953741969342123408, -1.00267281225969706604, -1.18572538077587097405, 1.20372240545965136782, 2.54743912735781874446, -0.00800103271209174141, -0.84256600543299142725, 0.50923380946577456729
Vector b: -1.25737032168477513849, 0.85280558177752074922, 0.36626925760932205201, -2.37161488212871596204, 0.00016412057699389382, 2.40728069034228875367, 2.68759756437334784707, -2.70359962979753110091, 1.01846761893154913459
-------------------------------------------------------------------
| Order |          Error^2           |         Efficiency         |
-------------------------------------------------------------------
|   2   | 1.90912508173965523874e-36 | 2.23376662661467025000e+15 |
|   4   | 9.17402358883864104956e-39 | 9.94557858559773906250e+13 |
|   6   | 2.99743183357833013440e-39 | 5.37019816345939147949e+11 |
|   8   | 1.49525779947306637243e-08 | 7.42099127461180393351e-07 |
-------------------------------------------------------------------

Scheme evaluation results:
Order: 8, No. cycles: 18
-------------------------------------------------------------------
Vector a: 0.77061520341188338712, -0.36552970176831445226, 0.33373603545703062201, 1.46881172616150013077, -1.54941572175987740678, -0.11256344447062424652, 1.43815740031360372875, -1.21167626818247087250, -0.49309291742264033109, 0.72095768825990957929
Vector b: 1.54123040682376677424, -2.27228981036039590080, 2.93976188127445681175, -0.00213842895145679220, -3.09669301456829781927, 2.87156612562704971481, 0.00474867500015794478, -2.42810121136509993178, 1.44191537651981915857
-------------------------------------------------------------------
| Order |          Error^2           |         Efficiency         |
-------------------------------------------------------------------
|   2   | 2.99613306215446327715e-39 | 5.63864095314077760000e+16 |
|   4   | 1.79469619260243756578e-39 | 2.24861192156318906250e+14 |
|   6   | 1.85194448991040450264e-39 | 6.83204922626775756836e+11 |
|   8   | 1.81805044170379055941e-08 | 6.73002991873597702135e-07 |
-------------------------------------------------------------------

Scheme evaluation results:
Order: 8, No. cycles: 18
-------------------------------------------------------------------
Vector a: 0.12959573293847687081, -0.85096430996448213513, 0.15210196648474622050, 1.09742836769165741373, -1.05919172833500341291, 0.57201270370114654096, -0.00441836292008922649, -0.82608885563054346157, 1.28191239183186955763, 0.50761209420222164201
Vector b: 0.25919146587695374162, -1.96112008580591812290, 2.26532401877541067492, -0.07046728339209562542, -2.04791617327791142245, 3.19194158068020428232, -3.20077830652038297643, 1.54860059525929605329, 1.01522418840444328403
-------------------------------------------------------------------
| Order |          Error^2           |         Efficiency         |
-------------------------------------------------------------------
|   2   | 2.98465362513471437570e-40 | 1.78652056968845312000e+17 |
|   4   | 1.86815506069927312627e-40 | 6.96953043964476000000e+14 |
|   6   | 8.16224896387104628248e-41 | 3.25431846704119042969e+12 |
|   8   | 1.95662167894923619979e-08 | 6.48733804047453056683e-07 |
-------------------------------------------------------------------

Scheme evaluation results:
Order: 8, No. cycles: 18
-------------------------------------------------------------------
Vector a: 0.11654524834923890575, -0.86569420144057440680, 0.54837201960478632046, -0.00740619655724491979, -0.37715499610035613243, 1.13483781869668320930, -1.08281723368744464686, -0.27384481382277581218, 1.29505496183377566410, 0.51210739312391206912
Vector b: 0.23309049669847781150, -1.96447889957962673613, 3.06122293878919959909, -3.07603533190368905181, 2.32172533970297712003, -0.05204970230961073613, -2.11358476506527859229, 1.56589513741972718996, 1.02421478624782413824
-------------------------------------------------------------------
| Order |          Error^2           |         Efficiency         |
-------------------------------------------------------------------
|   2   | 9.18354961579912115601e-41 | 3.22069575934142784000e+17 |
|   4   | 1.66622795199006698635e-40 | 7.37976906579432375000e+14 |
|   6   | 2.21003485259434780773e-40 | 1.97772274432262402344e+12 |
|   8   | 1.96065622809080222039e-08 | 6.48065992876136018436e-07 |
-------------------------------------------------------------------

Scheme evaluation results:
Order: 8, No. cycles: 18
-------------------------------------------------------------------
Vector a: 0.04684600740828355481, -0.60016670738286126419, 0.63335894946169113418, 0.07797655416691728902, -1.00992593498532223784, 0.49675546146667803882, 0.90054581515046372431, -0.69865692214121888348, -0.07082483703511613382, 1.22409161389048493085
Vector b: 0.09369201481656710961, -1.29402542958228972125, 2.56074332850567198960, -2.40479022017183741156, 0.38493835020119288037, 0.60857257273216325277, 1.19251905756876408482, -2.58983290185120207383, 2.44818322778096986170
-------------------------------------------------------------------
| Order |          Error^2           |         Efficiency         |
-------------------------------------------------------------------
|   2   | 2.55417473689413057151e-40 | 1.93121082579279104000e+17 |
|   4   | 1.74882048347737170451e-41 | 2.27791421039024400000e+15 |
|   6   | 9.91817773565589652775e-42 | 9.33574597439774218750e+12 |
|   8   | 2.17986345905921190454e-08 | 6.14618054365555665650e-07 |
-------------------------------------------------------------------

Scheme evaluation results:
Order: 8, No. cycles: 18
-------------------------------------------------------------------
Vector a: 0.76149092736502077550, -0.42809565839491270367, 0.26732051569569448279, -0.08920438051309222127, -0.10129567333947844809, 1.88901639886929717527, -0.00023923462638067680, -1.60568952198322700831, -0.42727653509485613581, 0.73397316202193474410
Vector b: 1.52298185473004155099, -2.37917317151986695833, 2.91381420291125570188, -3.09222296393744056076, 2.88963161725848349803, 0.88840118048011085250, -0.88887964973287225678, -2.32249939423358187085, 1.46794632404386948821
-------------------------------------------------------------------
| Order |          Error^2           |         Efficiency         |
-------------------------------------------------------------------
|   2   | 7.99255802500017263109e-39 | 3.45232831992700720000e+16 |
|   4   | 2.04522593724828566099e-39 | 2.10639266469727937500e+14 |
|   6   | 8.13691684377324475841e-40 | 1.03070653717689282227e+12 |
|   8   | 2.18900380572739541884e-08 | 6.13333520562120773464e-07 |
-------------------------------------------------------------------

Scheme evaluation results:
Order: 8, No. cycles: 18
-------------------------------------------------------------------
Vector a: 0.74477119710644612560, -0.43803716522763302965, 0.25873433489668223872, -0.10283553989021951280, -1.54452760285136192486, 1.45643189812092099800, 1.45689150201937689388, -1.16468027029184684196, -0.41586943117114338886, 0.74912107728877819213
Vector b: 1.48954239421289225120, -2.36561672466815853255, 2.88308539446152289898, -3.08875647424196175805, -0.00029873146076179921, 2.91316252770260408766, 0.00062047633614969403, -2.32998101691984338402, 1.49824215457755638425
-------------------------------------------------------------------
| Order |          Error^2           |         Efficiency         |
-------------------------------------------------------------------
|   2   | 7.46163406283678593925e-40 | 1.12989481739141648000e+17 |
|   4   | 4.43393254887801318313e-40 | 4.52392543926821437500e+14 |
|   6   | 1.94292397454022200796e-40 | 2.10929374974531323242e+12 |
|   8   | 2.20235084350838578512e-08 | 6.11472185382917648930e-07 |
-------------------------------------------------------------------

Scheme evaluation results:
Order: 8, No. cycles: 18
-------------------------------------------------------------------
Vector a: -0.57326512935800300053, -0.31193399924706177728, 0.43244565247787875029, -0.51103696134102893911, 0.13119606368701797194, 0.93543947030160901068, 0.86954565024078045443, -0.08722765914318869607, -0.35992223704767417614, 0.47475914942967034627
Vector b: -1.14653025871600600105, 0.52266226022188244649, 0.34222904473387505409, -1.36430296741593282128, 1.62669509478996876517, 0.24418384581324925620, 1.49490745466831165267, -1.66936277295468893378, 0.94951829885934069253
-------------------------------------------------------------------
| Order |          Error^2           |         Efficiency         |
-------------------------------------------------------------------
|   2   | 5.96930725026942875140e-40 | 1.26326080955595936000e+17 |
|   4   | 1.04957254977928798612e-41 | 2.94038194731422750000e+15 |
|   6   | 7.12935294347595472868e-42 | 1.10113333841773574219e+13 |
|   8   | 2.29498078306918338332e-08 | 5.99004979264661968436e-07 |
-------------------------------------------------------------------

Scheme evaluation results:
Order: 8, No. cycles: 18
-------------------------------------------------------------------
Vector a: -0.57649058754955950779, -0.31085222893561909041, 0.43250966076696362173, -0.50935004278761719654, 0.13440088785314571740, 0.93396381812698237024, 0.86819171034919873087, -0.08752121363277323707, -0.35861167141974897854, 0.47375966722902757011
Vector b: -1.15298117509911901557, 0.53127671722788072373, 0.33374260430604646421, -1.35244268988128069076, 1.62124446558757218106, 0.24668317066639164348, 1.48970025003200667868, -1.66474267729755331935, 0.94751933445805525125
-------------------------------------------------------------------
| Order |          Error^2           |         Efficiency         |
-------------------------------------------------------------------
|   2   | 2.70401008859440310763e-37 | 5.93541152962187100000e+15 |
|   4   | 5.73955035405873174446e-40 | 3.97622585004767875000e+14 |
|   6   | 4.44864644447054417461e-42 | 1.39396228468796796875e+13 |
|   8   | 2.29967991969321785895e-08 | 5.98392666738530603830e-07 |
-------------------------------------------------------------------

Scheme evaluation results:
Order: 8, No. cycles: 18
-------------------------------------------------------------------
Vector a: -0.50661542108760226899, -0.39253000634944062996, -0.69102918130785895290, 0.01507092655253380008, 1.00875012636017835632, 0.63179650419003019479, 0.69237119710962535812, 1.25363181124492517604, -0.00347672107434239454, -1.00796923563804852186
Vector b: -1.01323084217520453798, 0.22817082947632341683, -1.61022919209204129487, 1.64037104519710896788, 0.37712920752324757823, 0.88646380085681264482, 0.49827859336243812693, 2.00898502912741250270, -2.01593847127609704373
-------------------------------------------------------------------
| Order |          Error^2           |         Efficiency         |
-------------------------------------------------------------------
|   2   | 1.69436490411493785328e-38 | 2.37110898484573720000e+16 |
|   4   | 1.19393431757403064077e-38 | 8.71805815830569531250e+13 |
|   6   | 1.15219051322809896849e-38 | 2.73906804845478576660e+11 |
|   8   | 2.36832523526911605749e-08 | 5.89656768297687640950e-07 |
-------------------------------------------------------------------

Scheme evaluation results:
Order: 8, No. cycles: 18
-------------------------------------------------------------------
Vector a: 0.82636162072268770640, -0.06133500381508884963, -1.54040492779802584700, 0.19137635002262848305, 0.91776544681724403496, -0.63976361409968096616, -0.41145223693832477796, 0.82180564169019787446, 0.70773009719641877258, 0.18791662620194349298
Vector b: 1.65272324144537541279, -1.77539324907555307043, -1.30541660652049840152, 1.68816930656575547864, 0.14736158706873270230, -1.42688881526809474565, 0.60398434139144518973, 1.03962694198895055919, 0.37583325240388698596
-------------------------------------------------------------------
| Order |          Error^2           |         Efficiency         |
-------------------------------------------------------------------
|   2   | 2.29588740394978028900e-41 | 6.44139151868285568000e+17 |
|   4   | 1.01729013640740501285e-41 | 2.98667222218764550000e+15 |
|   6   | 8.23413188199827122833e-42 | 1.02460403084878242188e+13 |
|   8   | 2.43484506248912497476e-08 | 5.81546295769246387630e-07 |
-------------------------------------------------------------------

Scheme evaluation results:
Order: 8, No. cycles: 18
-------------------------------------------------------------------
Vector a: 0.38230336212543486463, -0.54755581308134504415, -0.11461826581232993638, 1.02209828582873663017, -0.58106740361160713615, -0.46678971071778507795, -0.17854703363116411485, -0.42743096570257821387, 0.99192934092966622561, 0.91967820367297170581
Vector b: 0.76460672425086972925, -1.85971835041355992857, 1.63048181878890008356, 0.41371475286857317677, -1.57584956009178744907, 0.64227013865621729316, -0.99936420591854546736, 0.14450227451338901186, 1.83935640734594341161
-------------------------------------------------------------------
| Order |          Error^2           |         Efficiency         |
-------------------------------------------------------------------
|   2   | 3.14428954619059753642e-40 | 1.74057893752911936000e+17 |
|   4   | 1.93070902414673296032e-41 | 2.16796150439418625000e+15 |
|   6   | 1.74552404515876775557e-42 | 2.22536909017229101562e+13 |
|   8   | 2.70096370584960805322e-08 | 5.52154460589737011463e-07 |
-------------------------------------------------------------------

Scheme evaluation results:
Order: 8, No. cycles: 18
-------------------------------------------------------------------
Vector a: 0.38055961259469306412, -0.54730395931352771033, -0.11456206554062858816, 1.02209176214268349092, -0.57808239681654860487, -0.47111414163397918875, -0.17967744935500251646, -0.42165557415592935797, 0.99176229911748658985, 0.91798191296075271062
Vector b: 0.76111922518938612825, -1.85572714381644154891, 1.62660301273518426157, 0.41758051155018283129, -1.57374530518327993001, 0.63151702191532166353, -0.99087192062532658543, 0.14756077231346789724, 1.83596382592150542123
-------------------------------------------------------------------
| Order |          Error^2           |         Efficiency         |
-------------------------------------------------------------------
|   2   | 2.67470882560149403669e-39 | 5.96783400056790000000e+16 |
|   4   | 3.99370062332572865213e-42 | 4.76674836799290700000e+15 |
|   6   | 8.15518928994632666666e-43 | 3.25572673952334453125e+13 |
|   8   | 2.70323726399885377201e-08 | 5.51922216946996890382e-07 |
-------------------------------------------------------------------

Scheme evaluation results:
Order: 8, No. cycles: 18
-------------------------------------------------------------------
Vector a: 0.87107772742809186362, -0.05198422922583442740, -1.62854070753764168522, 0.15701393805915653257, 0.92666289344094154856, -0.64237204811885861844, -0.34331057049997659725, 0.87676679970536253172, 0.67411065716858509234, 0.16057553958017387052
Vector b: 1.74215545485618394927, -1.84612391330785263754, -1.41095750176743117699, 1.72498537788574424212, 0.12834040899613882725, -1.41308450523385609188, 0.72646336423390289738, 1.02707023517682238811, 0.32115107916034785207
-------------------------------------------------------------------
| Order |          Error^2           |         Efficiency         |
-------------------------------------------------------------------
|   2   | 8.30896000785700172716e-38 | 1.07073415290650740000e+16 |
|   4   | 6.38939551039704403701e-41 | 1.19173609531226750000e+15 |
|   6   | 5.29652138462066985526e-42 | 1.27752557862467148438e+13 |
|   8   | 2.81827196694276030419e-08 | 5.40540835750775758912e-07 |
-------------------------------------------------------------------

Scheme evaluation results:
Order: 8, No. cycles: 18
-------------------------------------------------------------------
Vector a: 0.45234960844852417639, -0.31082310761446879654, 0.22612206343285790044, 0.25354516949066746578, -0.52918838008950808138, 0.68885738360924642087, -0.53425894437366794332, -1.02431258731262975203, 0.88497565258179389236, 0.89273314182718466192
Vector b: 0.90469921689704835277, -1.52634543212598594586, 1.97858955899170174675, -1.47149922001036692620, 0.41312245983135076344, 0.96459230738714218933, -2.03311019613447774290, -0.01551497849078168137, 1.78546628365436932384
-------------------------------------------------------------------
| Order |          Error^2           |         Efficiency         |
-------------------------------------------------------------------
|   2   | 1.49232681256735718785e-40 | 2.52652161911191872000e+17 |
|   4   | 7.08783769747814098559e-41 | 1.13149619406640300000e+15 |
|   6   | 5.45963825574106405797e-42 | 1.25829663523763828125e+13 |
|   8   | 2.87722991279241638337e-08 | 5.34974000237287052056e-07 |
-------------------------------------------------------------------

Scheme evaluation results:
Order: 8, No. cycles: 18
-------------------------------------------------------------------
Vector a: 0.43467573965875055952, -0.29962837799893859980, 0.25464306323887192507, 0.23241180298312194563, -0.54612157904095659511, 0.70353792062160569465, -0.52117543923208065060, -1.02163388300375457263, 0.87797821537541476111, 0.88531253739796555990
Vector b: 0.86935147931750111905, -1.46860823531537842968, 1.97789436179312239084, -1.51307075582687833304, 0.42082759774496514282, 0.98624824349824624647, -2.02859912196240754767, -0.01466864404510165830, 1.77062507479593134185
-------------------------------------------------------------------
| Order |          Error^2           |         Efficiency         |
-------------------------------------------------------------------
|   2   | 7.34970955189423415017e-39 | 3.60014424184802560000e+16 |
|   4   | 2.71851902079014511759e-41 | 1.82702206170447750000e+15 |
|   6   | 8.91988224098608035731e-43 | 3.11304507408254492188e+13 |
|   8   | 3.10893213336230319079e-08 | 5.14652798111293781076e-07 |
-------------------------------------------------------------------

Scheme evaluation results:
Order: 8, No. cycles: 18
-------------------------------------------------------------------
Vector a: 0.84146215518693645574, 0.14718084953964932771, -0.51283918772958392296, 0.41713599786351740484, -0.34318796546523255842, -1.43522758460758237398, -0.10811617794736134990, 0.87664703219097894760, 0.62268117595524141716, 0.49426370501343669384
Vector b: 1.68292431037387291148, -1.38856261129457414505, 0.36288423583540624362, 0.47138775989162856606, -1.15776369082209362738, -1.71269147839307112058, 1.49645912249834833752, 0.25683494188360950217, 0.98852741002687338767
-------------------------------------------------------------------
| Order |          Error^2           |         Efficiency         |
-------------------------------------------------------------------
|   2   | 2.29588740394978028900e-41 | 6.44139151868285568000e+17 |
|   4   | 3.68849781779578349409e-41 | 1.56850249607344025000e+15 |
|   6   | 9.28399887890642005375e-42 | 9.64933601010975585938e+12 |
|   8   | 3.57933914572919559332e-08 | 4.79643467636219630887e-07 |
-------------------------------------------------------------------

Scheme evaluation results:
Order: 8, No. cycles: 18
-------------------------------------------------------------------
Vector a: 0.60930753449351693352, -0.36650721277004566501, -0.65303321286383031463, 0.44808159735485164621, -0.62415559833552480828, 0.18025598113482460549, 0.15341158154989079088, -0.67095101785939526007, 1.01446969515594731526, 0.90912065213976467337
Vector b: 1.21861506898703386703, -1.95162949452712530807, 0.64556306879946456778, 0.25060012591023866912, -1.49891132258128823018, 1.85942328485093755219, -1.55260012175115602595, 0.21069808603236547806, 1.81824130427952934674
-------------------------------------------------------------------
| Order |          Error^2           |         Efficiency         |
-------------------------------------------------------------------
|   2   | 4.78010932150481599234e-40 | 1.41167939336365680000e+17 |
|   4   | 1.66922673070372209488e-41 | 2.33159069891501600000e+15 |
|   6   | 4.88250222766214100705e-42 | 1.33058843479204648438e+13 |
|   8   | 3.61411766303736874982e-08 | 4.77330093348204623515e-07 |
-------------------------------------------------------------------

Scheme evaluation results:
Order: 8, No. cycles: 18
-------------------------------------------------------------------
Vector a: -0.51954673424922026559, -0.37107966892852783936, 0.39205642741765384107, 1.24886907603701602376, 0.10425916649426335281, -0.75079814255148935587, -0.86311112997103578426, -0.09593768165009210203, 1.38634227030833878658, 0.46894641709309331512
Vector b: -1.03909346849844053118, 0.29693413064138474144, 0.48717872419392294070, 2.01055942788010888478, -1.80204109489158237345, 0.30044480978860366172, -2.02666706973067523023, 1.83479170643049105394, 0.93789283418618663024
-------------------------------------------------------------------
| Order |          Error^2           |         Efficiency         |
-------------------------------------------------------------------
|   2   | 8.06430450637360326512e-40 | 1.08685480730198192000e+17 |
|   4   | 1.51152460152860718172e-40 | 7.74822760212212875000e+14 |
|   6   | 9.39237332985076653479e-42 | 9.59350477487757617188e+12 |
|   8   | 3.64545294887120271075e-08 | 4.75274168317627904155e-07 |
-------------------------------------------------------------------

Scheme evaluation results:
Order: 8, No. cycles: 18
-------------------------------------------------------------------
Vector a: 0.83596182730193446808, 0.15602348365138843378, -0.50826617497913395560, 0.41543676443776139662, -0.34512519895221921429, -1.44027059251459177425, -0.10987910185607639713, 0.87286010391742108183, 0.62730864848549550139, 0.49595024050802055671
Vector b: 1.67192365460386871412, -1.35987668730109168003, 0.34334433734282349127, 0.48752919153269957953, -1.17777958943713834117, -1.70276159559204498528, 1.48300339187989216327, 0.26271681595494983386, 0.99190048101604122444
-------------------------------------------------------------------
| Order |          Error^2           |         Efficiency         |
-------------------------------------------------------------------
|   2   | 2.41756943635911864432e-38 | 1.98502285520939240000e+16 |
|   4   | 2.56675839710376742881e-40 | 5.94589839836467750000e+14 |
|   6   | 5.41924606698661923016e-42 | 1.26297726789072089844e+13 |
|   8   | 3.69694695393516427559e-08 | 4.71952563762357148594e-07 |
-------------------------------------------------------------------

Scheme evaluation results:
Order: 8, No. cycles: 18
-------------------------------------------------------------------
Vector a: 0.17883714721652574364, -0.52388695156317477419, -0.50645296405342488111, 0.35534057492235998632, 0.88985175019083240233, -0.32658234859064766420, -0.53582307582406996094, -0.06074742885832813688, 0.47358714247013666832, 1.05587615408979074161
Vector b: 0.35767429443305148729, -1.40544819755940109118, 0.39254226945255138448, 0.31813888039216858816, 1.46156461998949627201, -2.11472931717079148939, 1.04308316552265156751, -1.16457802323930792454, 2.11175230817958148322
-------------------------------------------------------------------
| Order |          Error^2           |         Efficiency         |
-------------------------------------------------------------------
|   2   | 5.18368327923036330876e-41 | 4.28682505707121024000e+17 |
|   4   | 3.20687153560734386681e-42 | 5.31948021787725400000e+15 |
|   6   | 1.54670135479854546896e-42 | 2.36407764575942226562e+13 |
|   8   | 4.23200416175846334100e-08 | 4.41110012935207172372e-07 |
-------------------------------------------------------------------

Scheme evaluation results:
Order: 8, No. cycles: 18
-------------------------------------------------------------------
Vector a: 0.17904161611989860559, -0.52553572602261200419, -0.50273120980836805138, 0.35678740641273049006, 0.88472653460689554272, -0.32621575770092864355, -0.54779399362998471013, -0.05961009254420758519, 0.48675705271155861320, 1.05457416985501772899
Vector b: 0.35808323223979726668, -1.40915468428502133058, 0.40369226466828517230, 0.30988254815717586332, 1.45957052105661522212, -2.11200203645847262024, 1.01641404919850319999, -1.13563423428691834260, 2.10914833971003545798
-------------------------------------------------------------------
| Order |          Error^2           |         Efficiency         |
-------------------------------------------------------------------
|   2   | 2.31472085531030583043e-39 | 6.41513318906799040000e+16 |
|   4   | 7.02442894196744301313e-41 | 1.13659166732464650000e+15 |
|   6   | 9.16316156132220815254e-43 | 3.07144184960583632812e+13 |
|   8   | 4.25642939071511178999e-08 | 4.39842552189322550276e-07 |
-------------------------------------------------------------------

Scheme evaluation results:
Order: 8, No. cycles: 18
-------------------------------------------------------------------
Vector a: -0.53734346999181392679, -0.49580249966178902010, 0.37023312480989356565, 1.28396285030800316740, 0.10980884774182333996, -0.61865776842505892930, -0.74491795226726587043, -0.09098542084481921199, 1.30221944970736291936, 0.42148283862366414665
Vector b: -1.07468693998362785358, 0.08308194066004985501, 0.65738430895973731793, 1.91054139165626879482, -1.69092369617262217041, 0.45360815932250420079, -1.94344406385703605267, 1.76147322216739765643, 0.84296567724732829330
-------------------------------------------------------------------
| Order |          Error^2           |         Efficiency         |
-------------------------------------------------------------------
|   2   | 4.96485651104139987497e-40 | 1.38516541358091328000e+17 |
|   4   | 1.94247993124706142371e-41 | 2.16138289062997750000e+15 |
|   6   | 1.57690597478317926182e-41 | 7.40392600982002050781e+12 |
|   8   | 4.26313799455361207134e-08 | 4.39496341112948190393e-07 |
-------------------------------------------------------------------

Scheme evaluation results:
Order: 8, No. cycles: 18
-------------------------------------------------------------------
Vector a: 0.15643044037110850897, -1.00471022669259646420, 0.09407981891088221249, 1.20210345214096525623, -1.16016205590628906918, -0.15036162673334019235, 1.41260434635584819496, -1.37054253482526977592, -0.00295254973154971539, 1.82351093611024106522
Vector b: 0.31286088074221701794, -2.32228133412741000186, 2.51044097194917448235, -0.10623406766724394212, -2.21409004414533416849, 1.91336679067865400583, 0.91184190203304227307, -3.65292697168358149185, 3.64702187222048213044
-------------------------------------------------------------------
| Order |          Error^2           |         Efficiency         |
-------------------------------------------------------------------
|   2   | 1.83670992315982423120e-39 | 7.20169465273273600000e+16 |
|   4   | 7.28635965091903782002e-39 | 1.11597554455808890625e+14 |
|   6   | 3.27849368732190949407e-39 | 5.13485037891340942383e+11 |
|   8   | 4.41456517080581157840e-08 | 4.31892828668066664191e-07 |
-------------------------------------------------------------------

Scheme evaluation results:
Order: 8, No. cycles: 18
-------------------------------------------------------------------
Vector a: 0.15777046203216357756, -1.01149455602605886639, 0.09208534840547194511, 1.20781560155195455408, -1.16540541858886914639, -0.14695883295447384476, 1.41842232623051978102, -1.38530447450687987931, -0.00287271807928856553, 1.83594226193546017356
Vector b: 0.31554092406433459361, -2.33853003611645471338, 2.52270073292739782644, -0.10706952982349306203, -2.22374130735424158090, 1.92982364144529516814, 0.90702101101573906483, -3.67762996002949060781, 3.67188452387091368578
-------------------------------------------------------------------
| Order |          Error^2           |         Efficiency         |
-------------------------------------------------------------------
|   2   | 1.17312885211224997034e-33 | 9.01118968751751250000e+13 |
|   4   | 1.04205004331116093013e-37 | 2.95097609619310820312e+13 |
|   6   | 1.00652999519489165466e-39 | 9.26726556728262329102e+11 |
|   8   | 4.41609858590573403141e-08 | 4.31817838439394215913e-07 |
-------------------------------------------------------------------

Scheme evaluation results:
Order: 8, No. cycles: 18
-------------------------------------------------------------------
Vector a: 0.16204172946900469165, -0.51442000913858443312, -0.52365131217010529863, 1.21864460457469792054, -0.14715290954630638742, -0.56507876850832039484, 0.85386422069416878511, -0.84719751355040417984, 0.15489827155323818153, 1.20805168662261119827
Vector b: 0.32408345893800938331, -1.35292347721517813852, 0.30562085287496770780, 2.13166835627442807777, -2.42597417536704051955, 1.29581663835039995192, 0.41191180303793756279, -2.10630683013874575593, 2.41610337324522239655
-------------------------------------------------------------------
| Order |          Error^2           |         Efficiency         |
-------------------------------------------------------------------
|   2   | 2.09499725610417451371e-40 | 2.13237342066211232000e+17 |
|   4   | 3.13246258715169608034e-41 | 1.70202930460172525000e+15 |
|   6   | 4.12216096521277102566e-42 | 1.44811314625187031250e+13 |
|   8   | 4.74748300632590264655e-08 | 4.16474341078065197197e-07 |
-------------------------------------------------------------------

Scheme evaluation results:
Order: 8, No. cycles: 18
-------------------------------------------------------------------
Vector a: 0.20120824332202638662, -0.51341545890108131189, -0.56702809784519669911, 1.21547033018494765599, -0.14260875857197033434, -0.52459427135268554832, 0.85633643415234994567, -0.88194637652914287251, 0.15209217894279064565, 1.20448577659796218775
Vector b: 0.40241648664405288427, -1.42924740444621578561, 0.29519120875582238739, 2.13574945161407292460, -2.42096696875801375981, 1.37177842605264244114, 0.34089444225205739469, -2.10478719531034341728, 2.40897155319592437550
-------------------------------------------------------------------
| Order |          Error^2           |         Efficiency         |
-------------------------------------------------------------------
|   2   | 1.29958706500577313259e-37 | 8.56154807627354800000e+15 |
|   4   | 2.07672432412937889911e-40 | 6.61029063770489000000e+14 |
|   6   | 3.79523351758253703124e-42 | 1.50919625192182871094e+13 |
|   8   | 5.07486906501267057051e-08 | 4.02816765936270112529e-07 |
-------------------------------------------------------------------

Scheme evaluation results:
Order: 8, No. cycles: 18
-------------------------------------------------------------------
Vector a: 0.25579514580110968014, -0.23866424835381669367, 0.20202678302859769510, 0.80128008267063444148, -0.61069551528327359335, -1.26029273895890581159, 0.08079134785728628310, 0.88230144053946546467, 0.57208223859627993502, 0.31537546410262257135
Vector b: 0.51159029160221936028, -0.98891878830985280313, 1.39297235436704802680, 0.20958781097422077289, -1.43097884154076782082, -1.08960663637704380236, 1.25118933209161631304, 0.51341354898731472733, 0.63075092820524514270
-------------------------------------------------------------------
| Order |          Error^2           |         Efficiency         |
-------------------------------------------------------------------
|   2   | 1.14794370197489014450e-40 | 2.88067786109309440000e+17 |
|   4   | 2.12913288669512705756e-41 | 2.06447009148512750000e+15 |
|   6   | 3.13369250607187448876e-43 | 5.25214587534872812500e+13 |
|   8   | 5.14255375911713275035e-08 | 4.00157111029292576549e-07 |
-------------------------------------------------------------------

Scheme evaluation results:
Order: 8, No. cycles: 18
-------------------------------------------------------------------
Vector a: 0.15970734195041799697, -0.33987504010043689817, 0.46637513365791877229, 0.31445614056025550376, -0.44182131362717202983, 0.38865284916529441173, -0.78854197186606078684, -0.53811707949841403043, 1.10428080988489618619, 0.67488312987330101311
Vector b: 0.31941468390083599393, -0.99916476410170973477, 1.93191503141754727935, -1.30300275029703627183, 0.41936012304269226769, 0.35794557528789655576, -1.93502951902001818496, 0.85879536002319023513, 1.34976625974660202623
-------------------------------------------------------------------
| Order |          Error^2           |         Efficiency         |
-------------------------------------------------------------------
|   2   | 1.86540851570919648481e-40 | 2.25978963478283296000e+17 |
|   4   | 2.31214246613594816702e-42 | 6.26473470432632900000e+15 |
|   6   | 1.33982265225245777436e-42 | 2.54004441857651484375e+13 |
|   8   | 5.17116945667299805149e-08 | 3.99048400492016010899e-07 |
-------------------------------------------------------------------

Scheme evaluation results:
Order: 8, No. cycles: 18
-------------------------------------------------------------------
Vector a: 0.25486425444995891576, -0.23947898865363956289, 0.20142165039953299766, 0.80285901487575461744, -0.60829754516852119206, -1.26322194724112968345, 0.08010198583551290941, 0.87654441574159724926, 0.57190965448351638312, 0.32329750527741746291
Vector b: 0.50972850889991783152, -0.98868648620719690179, 1.39152978700626284159, 0.21418824274524636553, -1.43078333308228877740, -1.09566056139997058949, 1.25586453307099654708, 0.49722429841219795144, 0.64659501055483492582
-------------------------------------------------------------------
| Order |          Error^2           |         Efficiency         |
-------------------------------------------------------------------
|   2   | 2.98465362513471437570e-39 | 5.64947408695708240000e+16 |
|   4   | 1.58605966684604420173e-41 | 2.39193965553015600000e+15 |
|   6   | 1.03500250216963297981e-43 | 9.13890724553847656250e+13 |
|   8   | 5.39965779924079525607e-08 | 3.90514208971157246853e-07 |
-------------------------------------------------------------------

Scheme evaluation results:
Order: 8, No. cycles: 18
-------------------------------------------------------------------
Vector a: 0.19932576540015387034, -0.55036077326336152460, -0.38726668564954092044, 1.12951587830699873294, -0.30424446875828403680, -0.99592500985092402566, 0.41494268143608387112, -0.15290619218352172193, 0.57724270757158713252, 1.06967609699080856700
Vector b: 0.39865153080030774069, -1.49937307732703062335, 0.72483970602794889349, 1.53419205058604868341, -2.14268098810261653497, 0.15083096840076859468, 0.67905439447139914755, -0.98486677883844264692, 2.13935219398161713400
-------------------------------------------------------------------
| Order |          Error^2           |         Efficiency         |
-------------------------------------------------------------------
|   2   | 7.17464813734306340313e-41 | 3.64380129851052864000e+17 |
|   4   | 2.18217203356982138370e-41 | 2.03922659659577400000e+15 |
|   6   | 4.18223860060998689284e-42 | 1.43767448873731269531e+13 |
|   8   | 5.87502840054838612293e-08 | 3.74382012036917495032e-07 |
-------------------------------------------------------------------

Scheme evaluation results:
Order: 8, No. cycles: 18
-------------------------------------------------------------------
Vector a: 0.26907726549111959935, -0.56688904707722787002, -0.52335584698635628786, 1.16530301481365339278, -0.23484753923249168661, -0.70595611378097500310, 0.41188788833498968245, -0.47691748496733155083, 0.57723823239273874819, 1.08445963101188103117
Vector b: 0.53815453098223919870, -1.67193262513669482772, 0.62522093116398236301, 1.70538509846332431152, -2.17508017692830746270, 0.76316794936635767854, 0.06060782730362162390, -1.01444279723828456596, 2.16891926202376206234
-------------------------------------------------------------------
| Order |          Error^2           |         Efficiency         |
-------------------------------------------------------------------
|   2   | 7.41141152587538449543e-40 | 1.13371665179886224000e+17 |
|   4   | 5.24758248920357496720e-41 | 1.31501389712611700000e+15 |
|   6   | 6.15869853997438162348e-42 | 1.18473302868105957031e+13 |
|   8   | 7.67946332281788432522e-08 | 3.27457184872440015867e-07 |
-------------------------------------------------------------------

Scheme evaluation results:
Order: 8, No. cycles: 18
-------------------------------------------------------------------
Vector a: 0.26849282736012602957, -0.56638624633811329723, -0.52238402514245552144, 1.16492674562153686324, -0.23553396875638113461, -0.69855316677391476876, 0.41781004798968174319, -0.48476322742170702140, 0.57161511854902891105, 1.08477589491219816864
Vector b: 0.53698565472025217016, -1.66975814739647887563, 0.62499009711156794378, 1.70486339413150567168, -2.17593133164426788539, 0.77882499809643856992, 0.05679509788292468747, -1.02632155272633851517, 2.16955178982439633728
-------------------------------------------------------------------
| Order |          Error^2           |         Efficiency         |
-------------------------------------------------------------------
|   2   | 2.93891524325915234651e-39 | 5.69326578689031600000e+16 |
|   4   | 2.43552679591974831012e-41 | 1.93024983295845000000e+15 |
|   6   | 1.96493792866671712480e-42 | 2.09744485543083359375e+13 |
|   8   | 7.67997476202426366597e-08 | 3.27446281371046534262e-07 |
-------------------------------------------------------------------

Scheme evaluation results:
Order: 8, No. cycles: 18
-------------------------------------------------------------------
Vector a: 0.20496576837445509844, 0.26261195679975801731, -0.76834995899426150601, -0.51406777271353398806, 1.15858545568081860999, -0.24228219673599715733, -0.62919838564040841966, -0.09186065606645489601, 0.53399712057939630050, 1.08559866871622801021
Vector b: 0.40993153674891019689, 0.11529237685060583773, -1.65199229483912879424, 0.62385674941206081812, 1.69331416194957617982, -2.17787855542157027244, 0.91948178414075354414, -1.10320309627366341942, 2.17119733743245602042
-------------------------------------------------------------------
| Order |          Error^2           |         Efficiency         |
-------------------------------------------------------------------
|   2   | 1.66182787481208706075e-39 | 7.57115208458172640000e+16 |
|   4   | 2.24887384047168267627e-41 | 2.00875713916564950000e+15 |
|   6   | 1.41096865533863671920e-42 | 2.47517714578542890625e+13 |
|   8   | 7.73374961429148652932e-08 | 3.26305884272895658660e-07 |
-------------------------------------------------------------------

Scheme evaluation results:
Order: 8, No. cycles: 18
-------------------------------------------------------------------
Vector a: 0.51006110459687314940, -0.42832047769269337989, -0.96217123398530046696, 1.10215769312331945962, 0.40752796705597410520, -0.52646000785094737573, 0.68512458963312539151, -0.65441666070872106520, -0.14054242730067220690, 1.00703945312904230569
Vector b: 1.02012220919374629879, -1.87676316457913294755, -0.04757930339146783372, 2.25189468963810668356, -1.43683875552615858417, 0.38391873982426383272, 0.98633043944198695030, -2.29516376085942930274, 2.01407890625808461138
-------------------------------------------------------------------
| Order |          Error^2           |         Efficiency         |
-------------------------------------------------------------------
|   2   | 1.65344250480156735540e-39 | 7.59032620828348160000e+16 |
|   4   | 1.74894993937065796203e-41 | 2.27782990412470450000e+15 |
|   6   | 6.97902247515900907387e-42 | 1.11292954272784140625e+13 |
|   8   | 7.81220405464501000062e-08 | 3.24663278498421479308e-07 |
-------------------------------------------------------------------

Scheme evaluation results:
Order: 8, No. cycles: 18
-------------------------------------------------------------------
Vector a: 0.51110889886542976157, -0.43519748142148723113, -0.96948324635731342180, 1.10717553628874609828, 0.41643586403858501299, -0.52207241750488730947, 0.68160335875422717322, -0.66185390307210012484, -0.13966487530092852598, 1.01194826570972851165
Vector b: 1.02221779773085952314, -1.89261276057383409643, -0.04635373214079276105, 2.26070480471828494373, -1.42783307664111513979, 0.38368824163134040983, 0.97951847587711382559, -2.30322628202131429731, 2.02389653141945702330
-------------------------------------------------------------------
| Order |          Error^2           |         Efficiency         |
-------------------------------------------------------------------
|   2   | 1.91495842940772201644e-39 | 7.05302323405087120000e+16 |
|   4   | 4.85424786314742609926e-41 | 1.36725337956300625000e+15 |
|   6   | 2.44252823564696443719e-42 | 1.88124419551613281250e+13 |
|   8   | 7.85393076968886691701e-08 | 3.23799687137934607652e-07 |
-------------------------------------------------------------------

Scheme evaluation results:
Order: 8, No. cycles: 18
-------------------------------------------------------------------
Vector a: 0.59799221795623325182, -0.49085853486660735445, -0.83071878028979140307, 0.53844026120171928351, -0.29827322819238144547, -0.46099192341527889250, 0.36393127344228648479, -0.17513644053907795328, 0.66706851708365311193, 1.08854663761924475018
Vector b: 1.19598443591246650364, -2.17770150564568121254, 0.51626394506609829538, 0.56061657733734027165, -1.15716303372210327360, 0.23517918689154537759, 0.49268335999302753647, -0.84295624107118338753, 2.17709327523848950037
-------------------------------------------------------------------
| Order |          Error^2           |         Efficiency         |
-------------------------------------------------------------------
|   2   | 7.60512702558364720732e-40 | 1.11918467219411408000e+17 |
|   4   | 9.46156723112116486288e-41 | 9.79328604635792750000e+14 |
|   6   | 1.27281049674173118446e-41 | 8.24106036392341113281e+12 |
|   8   | 8.60329056530728310972e-08 | 3.09376743473816968323e-07 |
-------------------------------------------------------------------

Scheme evaluation results:
Order: 8, No. cycles: 18
-------------------------------------------------------------------
Vector a: -1.59243098001889293869, -0.01422489970186389605, 0.94245356759999432406, -0.62862481535636260954, 0.47940877259728198467, 0.62268601526931677270, -1.35986369617913638308, 0.01867055095614545204, 2.03043233600075279099, 0.50149314883276430166
Vector b: -3.18486196003778587738, 3.15641216063405805059, -1.27150502543406962452, 0.01425539472134429962, 0.94456215047321967493, 0.30080988006541387048, -3.02053727242368630357, 3.05787837433597742276, 1.00298629766552860332
-------------------------------------------------------------------
| Order |          Error^2           |         Efficiency         |
-------------------------------------------------------------------
|   2   | 4.45689142291751098602e-39 | 4.62316041329545040000e+16 |
|   4   | 1.49233942425353611120e-38 | 7.79787328189862031250e+13 |
|   6   | 1.09761366698988954641e-37 | 8.87442485565221099854e+10 |
|   8   | 9.37505444330969890939e-08 | 2.96369194605481690445e-07 |
-------------------------------------------------------------------

Scheme evaluation results:
Order: 8, No. cycles: 18
-------------------------------------------------------------------
Vector a: -1.57969522927212868701, -0.01457453688427609584, 0.92071852198926540378, -0.63796930390661832355, 0.49135220425822728751, 0.63144989200295364995, -1.34614690370823764098, 0.01954429909741488280, 2.01377140673286447736, 0.50154964969053494883
Vector b: -3.15939045854425337723, 3.13024138477570135208, -1.28880434079717431928, 0.01286573298392882508, 0.96983867553253677585, 0.29306110847336303005, -2.98535491588982893063, 3.02444351408465861297, 1.00309929938106834335
-------------------------------------------------------------------
| Order |          Error^2           |         Efficiency         |
-------------------------------------------------------------------
|   2   | 3.51991136175898177155e-35 | 5.20222493244048125000e+14 |
|   4   | 6.33427924683465032103e-37 | 1.19690967330195937500e+13 |
|   6   | 1.71406994571095321528e-38 | 2.24569462395441864014e+11 |
|   8   | 9.41161629583711657286e-08 | 2.95792973127759794369e-07 |
-------------------------------------------------------------------

Scheme evaluation results:
Order: 8, No. cycles: 18
-------------------------------------------------------------------
Vector a: 0.45755917946573693156, -0.32323138332686213170, -0.41793340403678158612, -0.29801401821684397886, -0.32698900198464259104, 1.18341761710259163465, -0.23586845572079698230, -1.13927332008332604651, 1.02323168227648420014, 1.07710110452444052243
Vector b: 0.91511835893147386312, -1.56158112558519812652, 0.72571431751163495427, -1.32174235394532280097, 0.66776434997603761889, 1.69907088422914576142, -2.17080779567073989256, -0.10773884449591239476, 2.15420220904888104485
-------------------------------------------------------------------
| Order |          Error^2           |         Efficiency         |
-------------------------------------------------------------------
|   2   | 8.10735239519766164554e-41 | 3.42779992175210368000e+17 |
|   4   | 6.76350716791016207452e-41 | 1.15830785707281325000e+15 |
|   6   | 1.29267381694506474349e-41 | 8.17749887857831445312e+12 |
|   8   | 1.00101638651737684865e-07 | 2.86813352387377384590e-07 |
-------------------------------------------------------------------

Scheme evaluation results:
Order: 8, No. cycles: 18
-------------------------------------------------------------------
Vector a: 0.29508972451849130314, -0.55351625022261818909, 0.44627399209059748220, 0.28851254620016758556, -1.15636437119990898026, 0.94790411936726370890, -0.21465875297835046442, -0.81284689813694710470, 1.12965940756917060384, 0.62994648279213405484
Vector b: 0.59017944903698260628, -1.69721194948221909549, 2.58975993366341405988, -2.01273484126307877773, -0.29999390113673896074, 2.19580213987126615649, -2.62511964582796730738, 0.99942584955407298697, 1.25989296558426810968
-------------------------------------------------------------------
| Order |          Error^2           |         Efficiency         |
-------------------------------------------------------------------
|   2   | 2.09499725610417451371e-40 | 2.13237342066211232000e+17 |
|   4   | 3.71091859322498056722e-41 | 1.56375699697084750000e+15 |
|   6   | 3.99979452686473885821e-42 | 1.47009746426970312500e+13 |
|   8   | 1.38447549988329664924e-07 | 2.43880637620748802100e-07 |
-------------------------------------------------------------------

Scheme evaluation results:
Order: 8, No. cycles: 18
-------------------------------------------------------------------
Vector a: 0.55681401264979712984, -0.53467974076011559603, -0.89634345848425600600, 1.40791922665618285393, 1.21242917948112371995, -1.23005460879180561484, -0.83861122780670571686, -0.26779575824130197326, 0.46571149416004092858, 1.12461088113704055225
Vector b: 1.11362802529959425968, -2.18298750681982545174, 0.39030058985131338423, 2.42553786346105226812, -0.00067950449880472901, -2.45942971308480684556, 0.78220725747139518980, -1.31779877395399913631, 2.24922176227408110449
-------------------------------------------------------------------
| Order |          Error^2           |         Efficiency         |
-------------------------------------------------------------------
|   2   | 7.29661715567789548098e-40 | 1.14259997391736800000e+17 |
|   4   | 3.45436887037639305788e-40 | 5.12537473719393000000e+14 |
|   6   | 1.30451663809414647793e-40 | 2.57418738746384179688e+12 |
|   8   | 1.43058156792619384991e-07 | 2.39918449783283267948e-07 |
-------------------------------------------------------------------

Scheme evaluation results:
Order: 8, No. cycles: 18
-------------------------------------------------------------------
Vector a: 0.55716678778556505414, -0.53636741928983822092, -0.89176265466649851099, 1.41607687540346782740, 1.21398140965420053838, -1.23062523614096575031, -0.85034696183420455107, -0.27379778521307290839, 0.47096141906093463847, 1.12471356524041166125
Vector b: 1.11433357557113010827, -2.18706841415080655011, 0.40354310481780930608, 2.42861064598912657075, -0.00064782668071972278, -2.46060264560121755295, 0.75990872193280833979, -1.30750429235895415658, 2.24942713048082332250
-------------------------------------------------------------------
| Order |          Error^2           |         Efficiency         |
-------------------------------------------------------------------
|   2   | 6.08410162046691776585e-38 | 1.25128650320092900000e+16 |
|   4   | 2.09091947757298929604e-39 | 2.08324968808695656250e+14 |
|   6   | 6.78083188336257945768e-41 | 3.57045431760838769531e+12 |
|   8   | 1.43225581429756118964e-07 | 2.39778181527393748363e-07 |
-------------------------------------------------------------------

Scheme evaluation results:
Order: 8, No. cycles: 18
-------------------------------------------------------------------
Vector a: 0.56283760905479895964, -0.53881154416781895655, -0.91574430271076046051, 1.44689682736284974673, -0.01225316047987511960, -0.86042327452785305475, -0.26092648602683155001, -0.67867417361381832119, 1.12608634016266817568, 1.13101216494664047474
Vector b: 1.12567521810959791928, -2.20329830644523561034, 0.37180970102371468933, 2.52198395370198502619, -2.54649027466173505374, 0.82564372560602916629, -1.34749669765969226631, -0.00985164956794442118, 2.26202432989328094948
-------------------------------------------------------------------
| Order |          Error^2           |         Efficiency         |
-------------------------------------------------------------------
|   2   | 1.66451836786359070953e-39 | 7.56503068316219200000e+16 |
|   4   | 7.76319349235948657292e-41 | 1.08115951352952125000e+15 |
|   6   | 1.95643362242269620193e-40 | 2.10199854209816333008e+12 |
|   8   | 1.45677059448529214659e-07 | 2.37752107834103824510e-07 |
-------------------------------------------------------------------

Scheme evaluation results:
Order: 8, No. cycles: 18
-------------------------------------------------------------------
Vector a: 0.56356741860035097780, -0.53934415724921569435, -0.91319428702500482498, 1.45358771426299582252, -0.01156049530651903287, -0.86994882808387041795, -0.26480444998117913524, -0.67514689605155908669, 1.12599181371235190774, 1.13085216712164937647
Vector b: 1.12713483720070217764, -2.20582315169913334429, 0.37943457764912374985, 2.52774085087686772866, -2.55086184148990557929, 0.81096418532216518749, -1.34057308528452345797, -0.00972070681859497562, 2.26170433424329875294
-------------------------------------------------------------------
| Order |          Error^2           |         Efficiency         |
-------------------------------------------------------------------
|   2   | 3.15942805376039140020e-38 | 1.73640390857249420000e+16 |
|   4   | 3.72655708408684552573e-40 | 4.93464699566082812500e+14 |
|   6   | 5.67369326738739625567e-41 | 3.90330099954556591797e+12 |
|   8   | 1.45755582355846817023e-07 | 2.37688057107916760956e-07 |
-------------------------------------------------------------------

Scheme evaluation results:
Order: 8, No. cycles: 18
-------------------------------------------------------------------
Vector a: 0.80904545945020889253, 0.07770135802739062958, -0.16119386687184888984, -0.54241856221875661692, -0.82547072681803002059, 0.52629381522431173401, -0.46350738508692207462, -0.67032756388861647334, 1.14112651932659203702, 1.10875095285567071279
Vector b: 1.61809091890041778505, -1.46268820284563672018, 1.14030046910193871845, -2.22513759353945195230, 0.57419613990339191112, 0.47839149054523144589, -1.40540626071907559513, 0.06475113294184262069, 2.21750190571134142559
-------------------------------------------------------------------
| Order |          Error^2           |         Efficiency         |
-------------------------------------------------------------------
|   2   | 1.67886766413827683633e-39 | 7.53263211594277600000e+16 |
|   4   | 3.14906797395394516263e-41 | 1.69753587796863700000e+15 |
|   6   | 2.12898844621377013916e-41 | 6.37203741334984375000e+12 |
|   8   | 1.90339745645446752776e-07 | 2.07996111972577852071e-07 |
-------------------------------------------------------------------

Scheme evaluation results:
Order: 8, No. cycles: 18
-------------------------------------------------------------------
Vector a: -0.53660731670052386200, -0.40089656876560819665, 0.27554694841855642551, -0.50058141279687040637, 0.11941568149893493078, 1.15307980857369929417, 1.11124905650236494026, -0.07043705625817935079, -0.46960436971933244843, 0.31883522924695872902
Vector b: -1.07321463340104772399, 0.27142149586983121967, 0.27967240096728163135, -1.28083522656102233306, 1.51966658955889233340, 0.78649302758850614392, 1.43600508541622362557, -1.57687919793258246592, 0.63767045849391745804
-------------------------------------------------------------------
| Order |          Error^2           |         Efficiency         |
-------------------------------------------------------------------
|   2   | 1.43492962746861268063e-41 | 8.14778739997154560000e+17 |
|   4   | 2.50839431606463879781e-41 | 1.90200684511549900000e+15 |
|   6   | 3.00225120805427213769e-41 | 5.36588616741033691406e+12 |
|   8   | 1.90436650803495878090e-07 | 2.07943185026024671082e-07 |
-------------------------------------------------------------------

Scheme evaluation results:
Order: 8, No. cycles: 18
-------------------------------------------------------------------
Vector a: 0.80486901934612387066, 0.07995769494427761026, -0.15726246344265798482, -0.54563475767956304274, -0.83204883641760285506, 0.52692415801793057728, -0.45698150914390961441, -0.67087630857570723641, 1.14142378965804658364, 1.10962921329306207774
Vector b: 1.60973803869224774132, -1.44982264880369249305, 1.13529772191837641238, -2.22656723727750271991, 0.56246956444229667671, 0.49137875159356453336, -1.40534176988138370668, 0.06358915272996924772, 2.21925842658612415548
-------------------------------------------------------------------
| Order |          Error^2           |         Efficiency         |
-------------------------------------------------------------------
|   2   | 3.55383281116641428160e-37 | 5.17733769986089100000e+15 |
|   4   | 3.67527656678487884502e-40 | 4.96895389141615437500e+14 |
|   6   | 1.49605006874511811886e-41 | 7.60137057135927343750e+12 |
|   8   | 1.91590628553584482664e-07 | 2.07316003430619201548e-07 |
-------------------------------------------------------------------

Scheme evaluation results:
Order: 8, No. cycles: 18
-------------------------------------------------------------------
Vector a: -0.54690774978021394759, -0.38648206496379999830, 0.27728269950766565310, -0.51269815356515757721, 0.12854189779446728581, 1.15710280865682735296, 1.11290122541906022491, -0.07280589546731033868, -0.47181807294097932726, 0.31488330533944070000
Vector b: -1.09381549956042789518, 0.32085136963282762101, 0.23371402938250390724, -1.25911033651281956125, 1.51619413210175424389, 0.79801148521190101714, 1.42779096562622020983, -1.57340275656084105371, 0.62976661067888151102
-------------------------------------------------------------------
| Order |          Error^2           |         Efficiency         |
-------------------------------------------------------------------
|   2   | 1.16258285403432493107e-36 | 2.86248377023160550000e+15 |
|   4   | 4.14328923439240287445e-40 | 4.67990841201113687500e+14 |
|   6   | 1.44600299964221893491e-41 | 7.73179574365823828125e+12 |
|   8   | 2.33121672252796204841e-07 | 1.87944072968308426491e-07 |
-------------------------------------------------------------------

Scheme evaluation results:
Order: 8, No. cycles: 18
-------------------------------------------------------------------
Vector a: -0.57355319707683227737, -0.28693271890685484449, -0.30907081686108761609, 0.14193380020130139108, 1.15742400680387635958, 1.12712739362384395392, -0.06426082937191068822, -0.60032521687623807694, 0.28946083650595427761, 0.11819674195794770133
Vector b: -1.14710639415366455474, 0.57324095633995475474, -1.19138259006212998692, 1.47525019046473282458, 0.83959782314301967254, 1.41465696410466801325, -1.54317862284848938970, 0.34252818909601323583, 0.23639348391589540266
-------------------------------------------------------------------
| Order |          Error^2           |         Efficiency         |
-------------------------------------------------------------------
|   2   | 1.47080286815532799764e-40 | 2.54494121864428160000e+17 |
|   4   | 5.70073613822001471761e-41 | 1.26166631955994350000e+15 |
|   6   | 1.79976827348574254537e-41 | 6.93037402246573144531e+12 |
|   8   | 2.53015677540385857973e-07 | 1.80404033416841952506e-07 |
-------------------------------------------------------------------

Scheme evaluation results:
Order: 8, No. cycles: 18
-------------------------------------------------------------------
Vector a: -0.52153281379420723951, -0.34893097677929701961, -0.45540680064561989138, 0.10379488924882897261, 1.16105342541121681066, 0.60017833362761785487, 0.86590393177405888814, -0.06348889761181768232, -0.55001774274544867893, 0.20844665151466792996
Vector b: -1.04306562758841447902, 0.34520367402982032878, -1.25601727532106011154, 1.46360705381871802899, 0.85849979700371570335, 0.34185687025151989538, 1.38995099329659788090, -1.51692878852023338432, 0.41689330302933585992
-------------------------------------------------------------------
| Order |          Error^2           |         Efficiency         |
-------------------------------------------------------------------
|   2   | 2.29588740394978028900e-40 | 2.03694684999288640000e+17 |
|   4   | 3.55074317226033235193e-40 | 5.05533976286558687500e+14 |
|   6   | 3.74985328810251794753e-41 | 4.80128881524920898438e+12 |
|   8   | 5.24303970423715319263e-07 | 1.25322308414024087451e-07 |
-------------------------------------------------------------------

Scheme evaluation results:
Order: 8, No. cycles: 18
-------------------------------------------------------------------
Vector a: -0.53089541580360000150, -0.34722852786486951837, -0.43747884256910285483, 0.11130149957500867774, 1.16516869977866766028, 0.58774365685446761098, 0.84819463995329902328, -0.06596757859837230897, -0.54498908135926316110, 0.21415095003376474758
Vector b: -1.06179083160720022505, 0.36733377587746168791, -1.24229146101566789717, 1.46489446016568503062, 0.86544293939165073404, 0.31004437431728559815, 1.38634490558931178228, -1.51828006278605642798, 0.42830190006752955068
-------------------------------------------------------------------
| Order |          Error^2           |         Efficiency         |
-------------------------------------------------------------------
|   2   | 1.30867088701246318516e-36 | 2.69798648130981850000e+15 |
|   4   | 3.06661855007230961642e-39 | 1.72020458298420687500e+14 |
|   6   | 3.75333429151541260295e-41 | 4.79906183805899609375e+12 |
|   8   | 5.73889023626313646492e-07 | 1.19785982671152589826e-07 |
-------------------------------------------------------------------

Scheme evaluation results:
Order: 8, No. cycles: 18
-------------------------------------------------------------------
Vector a: -0.52344094963606935256, -0.34916064110257039044, -0.51701535901953843410, 0.09231933186685856163, 0.94451402552954177860, 0.61041897278767653923, 1.19101007979124240421, -0.06514164314177274540, -0.59506779666517639615, 0.21156397958980810436
Vector b: -1.04688189927213870511, 0.34856061706699792424, -1.38259133510607479245, 1.56722999883979197122, 0.32179805221929164150, 0.89903989335606138145, 1.48298026622642331596, -1.61326355250996900104, 0.42312795917961620873
-------------------------------------------------------------------
| Order |          Error^2           |         Efficiency         |
-------------------------------------------------------------------
|   2   | 3.41226265412036095453e-39 | 5.28364661754690320000e+16 |
|   4   | 4.40380638351811002213e-40 | 4.53937301149874062500e+14 |
|   6   | 1.44586292827587831002e-40 | 2.44512692541697851562e+12 |
|   8   | 7.18595792581617473965e-07 | 1.07047769892775627399e-07 |
-------------------------------------------------------------------

Scheme evaluation results:
Order: 8, No. cycles: 18
-------------------------------------------------------------------
Vector a: -0.54568994761318734277, -0.34538649840367724453, -0.47408416368925299089, 0.10750621560569120772, 0.90933184442534831238, 0.58546872548805828362, 1.19387939412645116555, -0.07063426663218876078, -0.58343712724935814506, 0.22304582394211561192
Vector b: -1.09137989522637424145, 0.40060689841902069608, -1.34877522579752540111, 1.56378765700890753898, 0.25487603184178558857, 0.91606141913433192236, 1.47169736911856730011, -1.61296590238294457187, 0.44609164788423111281
-------------------------------------------------------------------
| Order |          Error^2           |         Efficiency         |
-------------------------------------------------------------------
|   2   | 3.52741575672471712215e-38 | 1.64333711712171780000e+16 |
|   4   | 8.33285635056913283267e-40 | 3.29999310166102062500e+14 |
|   6   | 7.14968988613876369707e-41 | 3.47713351396714404297e+12 |
|   8   | 9.06642497302205079408e-07 | 9.53019798924060192901e-08 |
-------------------------------------------------------------------

Scheme evaluation results:
Order: 8, No. cycles: 18
-------------------------------------------------------------------
Vector a: 0.61844342055938117397, -0.52008757103279246170, -1.27510885549336161482, 1.08066792256623256385, -0.11362988199021217817, -0.80608101474364612926, 0.78915735427504873911, -0.54945532901282123639, 0.48113796264914387990, 1.29495599222302737452
Vector b: 1.23688684111876234795, -2.27706198318434749339, -0.27315572780237595829, 2.43449157293484086395, -2.66175133691526522028, 1.04958930742797318381, 0.52872540112212451646, -1.62763605914776698924, 2.58991198444605474904
-------------------------------------------------------------------
| Order |          Error^2           |         Efficiency         |
-------------------------------------------------------------------
|   2   | 2.29588740394978028900e-40 | 2.03694684999288640000e+17 |
|   4   | 3.15875094634242964859e-40 | 5.35984569661047562500e+14 |
|   6   | 6.91225198929607195875e-41 | 3.53634956674042285156e+12 |
|   8   | 2.00894297133815680009e-06 | 6.40230198176807208774e-08 |
-------------------------------------------------------------------

Scheme evaluation results:
Order: 8, No. cycles: 18
-------------------------------------------------------------------
Vector a: 1.22596791123601001061, 0.06687414056106820437, -0.90868523611584395283, 0.47697064854228438113, -0.38107316309574584823, -0.54644707677295367709, -1.17858082375162176447, -0.06098700281663429340, 1.74237131172720194350, 0.56358929048623507274
Vector b: 2.45193582247201957713, -2.31818754134988314064, 0.50081706911819501293, 0.45312422796637413791, -1.21527055415786611192, 0.12237640061195888264, -2.47953804811520139850, 2.35756404248193263129, 1.12717858097247036753
-------------------------------------------------------------------
| Order |          Error^2           |         Efficiency         |
-------------------------------------------------------------------
|   2   | 2.38450865774224180816e-36 | 1.99873647496044900000e+15 |
|   4   | 2.32060883119770584680e-38 | 6.25329632761906328125e+13 |
|   6   | 5.03808816522925449447e-40 | 1.30988173912905126953e+12 |
|   8   | 2.02754431029627738134e-06 | 6.37286593085884707406e-08 |
-------------------------------------------------------------------

Scheme evaluation results:
Order: 8, No. cycles: 18
-------------------------------------------------------------------
Vector a: 1.24339979192876715075, 0.06358188504352009496, -0.92619287481847689669, 0.47990554762218284868, -0.37847552460826688892, -0.54586459618139171468, -1.19841811718714641444, -0.05812057070883283605, 1.75968672468512288276, 0.56049773422452164873
Vector b: 2.48679958385753430150, -2.35963581377049447241, 0.50725006413354056800, 0.45256103111082512935, -1.20951208032735890718, 0.11778288796457546395, -2.51461912233886808465, 2.39837798092120246807, 1.12099546844904329745
-------------------------------------------------------------------
| Order |          Error^2           |         Efficiency         |
-------------------------------------------------------------------
|   2   | 6.25629317576315128753e-39 | 3.90208246904322480000e+16 |
|   4   | 1.69533572369102208655e-39 | 2.31356722289009843750e+14 |
|   6   | 7.40585710856058402826e-40 | 1.08038191370600476074e+12 |
|   8   | 2.05129588779213776177e-06 | 6.33586338681395364881e-08 |
-------------------------------------------------------------------

Scheme evaluation results:
Order: 8, No. cycles: 18
-------------------------------------------------------------------
Vector a: 0.31127012462112746416, -0.60765633218875703125, -1.05240158439163988824, 0.91436993017322476529, 1.57892756226898911542, -0.27799397110252599408, -0.29827034898524601436, -0.65506566682765265952, -0.03952575351323064923, 1.12634603994571080854
Vector b: 0.62254024924225492832, -1.83785291361976899083, -0.26695025516351078565, 2.09569011550996053828, 1.06216500902801769257, -1.61815295123306968073, 1.02161225326257776302, -2.33174358691788308207, 2.25269207989142161708
-------------------------------------------------------------------
| Order |          Error^2           |         Efficiency         |
-------------------------------------------------------------------
|   2   | 1.08193693911133396119e-39 | 9.38326572945240800000e+16 |
|   4   | 1.06695565722923734189e-40 | 9.22224794646208125000e+14 |
|   6   | 1.38394331784251646206e-41 | 7.90325178038645019531e+12 |
|   8   | 1.06838092176212113920e-05 | 2.77623929593855347443e-08 |
-------------------------------------------------------------------

Scheme evaluation results:
Order: 8, No. cycles: 18
-------------------------------------------------------------------
Vector a: 0.02914507757609622121, 1.23124031799097988227, 1.20143995246074086758, -1.13441143758342244396, -2.10984471519756722202, -0.29309669584500386286, -1.74483839423946918146, -0.00036576532885151318, 3.12409807940019934591, 0.69663358076629777749
Vector b: 0.05829015515219244242, 2.40419048082976738456, -0.00131057590828581919, -2.26751229925855879443, -1.95217713113657587165, 1.36598373944656814594, -4.85566052792550628681, 4.85492899726780358094, 1.39326716153259555497
-------------------------------------------------------------------
| Order |          Error^2           |         Efficiency         |
-------------------------------------------------------------------
|   2   | 4.42796324162774375438e-37 | 4.63823753717993800000e+15 |
|   4   | 2.91904039732668531672e-36 | 5.57557839959698632812e+12 |
|   6   | 2.92491713164508510614e-35 | 5.43635972383422470093e+09 |
|   8   | 2.70982145955760845961e-05 | 1.74320964567572701840e-08 |
-------------------------------------------------------------------

Scheme evaluation results:
Order: 8, No. cycles: 18
-------------------------------------------------------------------
Vector a: 0.88144986435855743334, 0.27958980066177713253, -1.64970753334790409816, -0.80470350185728078962, 0.23821261482813060884, 1.03211188177799084720, 0.19824037896931492875, -0.43404910826949077984, 0.83180467519190104397, 0.42705092768700353423
Vector b: 1.76289972871711486668, -1.20372012739356049060, -2.09569493930224748368, 0.48628793558768601546, -0.00986270593142479259, 2.07408646948740660321, -1.67760571154877657918, 0.80950749500979513051, 0.85410185537400706846
-------------------------------------------------------------------
| Order |          Error^2           |         Efficiency         |
-------------------------------------------------------------------
|   2   | 9.55663131894096045297e-40 | 9.98395405695128000000e+16 |
|   4   | 4.20193357512439646887e-41 | 1.46955345523431850000e+15 |
|   6   | 1.90688362426480583138e-41 | 6.73291101664836230469e+12 |
|   8   | 3.83103490864797452376e-05 | 1.46609429745740145526e-08 |
-------------------------------------------------------------------

Scheme evaluation results:
Order: 8, No. cycles: 18
-------------------------------------------------------------------
Vector a: 0.05074554124780280423, 1.25230222211996755632, 1.19884986261010539899, -1.10994251233185803329, -2.11467017924898703640, -0.41319944313762768662, -1.22859314413472064942, -0.00279497813830795758, 2.59366791952598152449, 0.77363471148764373364
Vector b: 0.10149108249525548575, 2.40311336174503509255, -0.00541363652483516609, -2.21447138813887045572, -2.01486897035911027842, 1.18847008408385335088, -3.64565637235330086696, 3.64006641607668468552, 1.54726942297528746728
-------------------------------------------------------------------
| Order |          Error^2           |         Efficiency         |
-------------------------------------------------------------------
|   2   | 1.88497604549868316418e-33 | 7.10889454807280312500e+13 |
|   4   | 8.96211375598644670206e-36 | 3.18203354402102294922e+12 |
|   6   | 1.29926379332483075369e-36 | 2.57938578036115951538e+10 |
|   8   | 9.36222967046687880874e-05 | 9.37843372570314260046e-09 |
-------------------------------------------------------------------

