Scheme evaluation results:
Order: 8, No. cycles: 22
-------------------------------------------------------------------
Vector a: 0.13073325824579845600, 0.42483372863034135625, -0.20760370687645751664, 0.16008970143525536045, -0.09210979255951391720, -0.01725380039226385651, 0.13621281656590281117, -0.22169493725370539861, 0.59298243346258350250, -0.05256263510303078867, -0.06021500883831328033, 0.20658794268340327505
Vector b: 0.26146651649159691200, 0.58820094076908602254, -1.00340835452200161093, 1.32358775739251255388, -1.50780734251154058256, 1.47329974172701283486, -1.20087410859520704598, 0.75748423408779563815, 0.42848063283737175544, -0.53360590304343336054, 0.41317588536680671663
-------------------------------------------------------------------
| Order |          Error^2           |         Efficiency         |
-------------------------------------------------------------------
|   2   | 1.38470709050721123680e-40 | 1.75580256982297824000e+17 |
|   4   | 4.40515688491310306458e-42 | 2.03389527189904425000e+15 |
|   6   | 1.24469807955345162107e-43 | 2.49995335384293164062e+13 |
|   8   | 8.63219263066082960265e-14 | 6.20237459097072361090e-05 |
-------------------------------------------------------------------

Scheme evaluation results:
Order: 8, No. cycles: 22
-------------------------------------------------------------------
Vector a: -0.43978935639201482966, -0.38224679399319216877, 0.59583660244714420351, 0.10596738747419089111, -0.18450308451609104266, 0.47720791249680655222, -0.35885088578305296414, -0.60338830496107542789, 0.54440274304351787826, 0.75664395089534430827, 0.34290398120049669917, 0.14581584808792588670
Vector b: -0.87957871278402954829, 0.11508512479764533565, 1.07658808009664297423, -0.86465330514826110875, 0.49564713611607907895, 0.45876868887753430304, -1.17647046044364000927, -0.03030614947851056548, 1.11911163556554615894, 0.39417626622514184698, 0.29163169617585171789
-------------------------------------------------------------------
| Order |          Error^2           |         Efficiency         |
-------------------------------------------------------------------
|   2   | 2.59722262571818895193e-40 | 1.28203549544255200000e+17 |
|   4   | 1.26292024097274138517e-43 | 1.20121657120684520000e+16 |
|   6   | 1.59492423098273609231e-45 | 2.20848211726011281250e+14 |
|   8   | 9.29383259359730240301e-14 | 5.97752127764281188864e-05 |
-------------------------------------------------------------------

Scheme evaluation results:
Order: 8, No. cycles: 22
-------------------------------------------------------------------
Vector a: 0.15272804266705397591, 0.30486710615488127329, -0.33258730131173586120, 0.04063328704035665956, 0.66148264520166233371, -0.18580264243734762042, -0.88062324856079177149, -0.56890333300915651993, 0.52491298374833517126, 0.69679677526839234325, 0.37408687825547620731, 0.21240880698287384343
Vector b: 0.30545608533410795182, 0.30427812697565465028, -0.96945272959912631716, 1.05071930367983967791, 0.27224598672348504502, -0.64385127159818023035, -1.11739522552340342365, -0.02041144049490973070, 1.07023740799157995873, 0.32335614254520472777, 0.42481761396574768685
-------------------------------------------------------------------
| Order |          Error^2           |         Efficiency         |
-------------------------------------------------------------------
|   2   | 6.38543684223532642879e-41 | 2.58558804775563776000e+17 |
|   4   | 3.81328344604390845425e-43 | 6.91289137433695200000e+15 |
|   6   | 5.91275423801899742109e-45 | 1.14701474553861687500e+14 |
|   8   | 1.70673345523685896177e-13 | 4.41098623624352798207e-05 |
-------------------------------------------------------------------

Scheme evaluation results:
Order: 8, No. cycles: 22
-------------------------------------------------------------------
Vector a: -0.34748468956310857303, -0.24073774610874265623, 0.23669956956164711626, -0.19789522984567153863, 0.08430289828737402846, 0.56329791552908936580, 0.35980807613085674657, 0.32199715407368517672, -0.34621761023949904068, -0.01733417892029899543, 0.51289175582273038856, 0.07067208527193795387
Vector b: -0.69496937912621725708, 0.21349388690873224994, 0.25990525221456162175, -0.65569571190590447696, 0.82430150848065242286, 0.30229432257752669733, 0.41732182968418618518, 0.22667247846318450133, -0.91910769894218258269, 0.88443934110158461959, 0.14134417054387599100
-------------------------------------------------------------------
| Order |          Error^2           |         Efficiency         |
-------------------------------------------------------------------
|   2   | 5.34511286232058223533e-41 | 2.82602629499447776000e+17 |
|   4   | 3.45967453668694289651e-43 | 7.25757703194501700000e+15 |
|   6   | 2.52979318021994391664e-45 | 1.75356313323295468750e+14 |
|   8   | 1.93157461879220091152e-13 | 4.14631992218757847884e-05 |
-------------------------------------------------------------------

Scheme evaluation results:
Order: 8, No. cycles: 22
-------------------------------------------------------------------
Vector a: 0.56864462023335404783, 0.01190162602842254232, -0.92891257112416603103, -0.07721718775292654713, 0.52445274097362326593, 0.40363233164861433977, 0.37293960234907486129, -0.12690038069726539138, -0.03710668836970351658, -1.25551647480581807237, -0.00001770406218220319, 1.54410008557897260317
Vector b: 1.13728924046670831771, -1.11348598840986334757, -0.74433915383847004676, 0.58990477833261767415, 0.45900070361462991242, 0.34826395968259882263, 0.39761524501554990074, -0.65141600641008035044, 0.57720262967067348381, -3.08823557928230751912, 3.08820017115794342999
-------------------------------------------------------------------
| Order |          Error^2           |         Efficiency         |
-------------------------------------------------------------------
|   2   | 2.46064028405721652254e-36 | 1.31713585875652775000e+15 |
|   4   | 6.20517380778458196078e-40 | 1.71369015354013656250e+14 |
|   6   | 1.81917558768908138370e-41 | 2.06788605906749096680e+12 |
|   8   | 2.02874563241827232088e-13 | 4.04580320863721042395e-05 |
-------------------------------------------------------------------

Scheme evaluation results:
Order: 8, No. cycles: 22
-------------------------------------------------------------------
Vector a: 0.09915464631124494554, 0.51496236614960977374, -0.01802838252924120893, -0.31126690153948211037, 0.29209715081103232448, 0.31695645426657398369, -0.19352296694357645768, -0.24414509367073125579, 0.21986799455694930328, -0.16988390631496727567, 0.10043155779358971247, 0.39337708110899821667
Vector b: 0.19830929262249177847, 0.83161543967672579836, -0.86767220473520823010, 0.24513840165624314893, 0.33905589996582269352, 0.29485700856732510733, -0.68190294245447813370, 0.19361275511301573315, 0.24612323400088265135, -0.58589104663081714719, 0.78675416221799654437
-------------------------------------------------------------------
| Order |          Error^2           |         Efficiency         |
-------------------------------------------------------------------
|   2   | 2.29588740394978028900e-41 | 4.31200589267199424000e+17 |
|   4   | 3.39114228366605731164e-43 | 7.33054511128407300000e+15 |
|   6   | 8.81200902964440572628e-45 | 9.39564173432273750000e+13 |
|   8   | 2.66267065685091165468e-13 | 3.53150501463651248380e-05 |
-------------------------------------------------------------------

Scheme evaluation results:
Order: 8, No. cycles: 22
-------------------------------------------------------------------
Vector a: 0.45878464789399764356, -0.00710068142782006081, -0.35947205188188185998, 0.21597852177218507252, 0.23785909098197680067, 0.32418623353797398901, -0.15668907140953006185, -0.23430822107431809043, 0.22449447723118975961, -0.18736806696733712685, 0.09502290718424812044, 0.38861221415931584966
Vector b: 0.91756929578799517611, -0.93177065864363528558, 0.21282655487987120480, 0.21913048866449960639, 0.25658769329945374515, 0.39178477377649428837, -0.70516291659555441207, 0.23654647444691831448, 0.21244248001546117699, -0.58717861395013548620, 0.77722442831863169932
-------------------------------------------------------------------
| Order |          Error^2           |         Efficiency         |
-------------------------------------------------------------------
|   2   | 4.59177480789956057800e-41 | 3.04904860722471936000e+17 |
|   4   | 4.11981748511496218852e-43 | 6.65074487519601500000e+15 |
|   6   | 6.23791477435468366681e-45 | 1.11671974895964562500e+14 |
|   8   | 2.74678654200037807853e-13 | 3.47701126696810402139e-05 |
-------------------------------------------------------------------

Scheme evaluation results:
Order: 8, No. cycles: 22
-------------------------------------------------------------------
Vector a: 0.17197298276020875352, 0.26023716444379657586, -0.47397620984176586090, -0.00206620492605101179, 0.21286255269048298677, -0.68125639313776686912, -0.28117873941310767005, 0.44790382622328894779, 0.59832247931899507076, 0.34732402297779302325, 0.27199693448518663663, 0.12785758441893940729
Vector b: 0.34394596552041761806, 0.17652836336717539489, -1.12448078305070708893, 1.12034837319860502980, -0.69462326781763905625, -0.66788951845789457096, 0.10553203963167924473, 0.79027561281489855372, 0.40636934582309158781, 0.28827870013249445869, 0.25571516883787881458
-------------------------------------------------------------------
| Order |          Error^2           |         Efficiency         |
-------------------------------------------------------------------
|   2   | 1.21969018334832077853e-41 | 5.91602327775526272000e+17 |
|   4   | 7.19041274506671759518e-44 | 1.59196078848717540000e+16 |
|   6   | 9.92130260386223023847e-46 | 2.80013884939633343750e+14 |
|   8   | 3.68062552139023286079e-13 | 3.00370817700455895293e-05 |
-------------------------------------------------------------------

Scheme evaluation results:
Order: 8, No. cycles: 22
-------------------------------------------------------------------
Vector a: -0.47653300409825344319, -0.45693286987808262589, 0.62146342431889189939, 0.03864799869630691082, -0.18644681275699512280, 0.56589415133087972443, 0.41603831911910177377, -0.61726660708825165091, -0.84528342517556687152, 0.84061891078835149216, 0.97076149859281091192, 0.12903841615080699490
Vector b: -0.95306600819650488798, 0.03920026844032403063, 1.20372658019748213221, -1.12643058280486751954, 0.75353695729086944688, 0.37825134537087656827, 0.45382529286734046847, -1.68835850704387180343, -0.00220834330729394613, 1.68344616488402887278, 0.25807683230161654331
-------------------------------------------------------------------
| Order |          Error^2           |         Efficiency         |
-------------------------------------------------------------------
|   2   | 6.38543684223532642879e-40 | 8.17634732181602560000e+16 |
|   4   | 7.14876790633006443785e-42 | 1.59659100441285650000e+15 |
|   6   | 2.54985088953153659702e-43 | 1.74665255234894511719e+13 |
|   8   | 3.79978560821058768467e-13 | 2.95623535531329058605e-05 |
-------------------------------------------------------------------

Scheme evaluation results:
Order: 8, No. cycles: 22
-------------------------------------------------------------------
Vector a: 0.15284178435702991394, 0.36583291958278035816, 0.39390926046165408714, -0.31944978274836477450, -0.42300368062868287655, 0.65023881419041129615, -0.04504284688233902573, -0.65504451624236870177, 0.54985642995344208295, 0.16963303228317608284, -0.12856094726110475768, 0.28878953293436632199
Vector b: 0.30568356871406043851, 0.42598227045149944514, 0.36183625047180889567, -1.00073581596853822262, 0.15472845471117158134, 1.14574917366965189913, -1.23583486743432979793, -0.07425416505040859094, 1.17396702495729376992, -0.83470096039094188178, 0.57757906586873242194
-------------------------------------------------------------------
| Order |          Error^2           |         Efficiency         |
-------------------------------------------------------------------
|   2   | 3.93170717926399874491e-40 | 1.04199121053322544000e+17 |
|   4   | 6.58400083463015300774e-42 | 1.66365909307607325000e+15 |
|   6   | 2.10552366857579925771e-43 | 1.92213484229127460938e+13 |
|   8   | 5.76678744761187206654e-13 | 2.39967032640471273491e-05 |
-------------------------------------------------------------------

Scheme evaluation results:
Order: 8, No. cycles: 22
-------------------------------------------------------------------
Vector a: 0.63732067898217303892, 0.01081987305622366530, -0.43137696672457026548, -1.02686148418954803496, -0.00014134885853744157, 1.37951551387659532288, -0.25263797039240620812, -0.05734907541281340088, 0.67997339830554359708, -0.02678746687374891633, -0.13313779131220213059, 0.22066263954329087826
Vector b: 1.27464135796433253311, -1.25300161185188474455, 0.39024767840275420561, -2.44397064678180697683, 2.44368794906473230100, 0.31534307868841476852, -0.82061901947323478979, 0.70592086864760927867, 0.65402592796348590909, -0.70760086171098379726, 0.44132527908658153448
-------------------------------------------------------------------
| Order |          Error^2           |         Efficiency         |
-------------------------------------------------------------------
|   2   | 9.24812144903520872663e-40 | 6.79403650675227840000e+16 |
|   4   | 3.16178475751769287755e-40 | 2.40072893008547406250e+14 |
|   6   | 2.31294231984130212557e-41 | 1.83392475928313989258e+12 |
|   8   | 5.87528416239293803197e-13 | 2.37741016468317323393e-05 |
-------------------------------------------------------------------

Scheme evaluation results:
Order: 8, No. cycles: 22
-------------------------------------------------------------------
Vector a: -0.33688310698196727300, 0.64431336061944954885, -0.00112891358537990519, -0.70929545481627298553, 0.45397339619979920622, -0.58305326790957745509, 0.00548947032227693320, 0.97692516951289454230, 0.41274406997083656901, -0.15426156057131487631, -0.03419491592556540838, 0.32537175316482114251
Vector b: -0.67376621396393454599, 1.96239293520283353267, -1.96465076237359337341, 0.54605985274104751337, 0.36188693965855067702, -1.52799347547770536515, 1.53897241612225932350, 0.41487792290352981661, 0.41061021703814326589, -0.71913333818077296300, 0.65074350632964217400
-------------------------------------------------------------------
| Order |          Error^2           |         Efficiency         |
-------------------------------------------------------------------
|   2   | 2.09499725610417451371e-40 | 1.42745658738538096000e+17 |
|   4   | 7.60204416896213260976e-43 | 4.89603013719869400000e+15 |
|   6   | 1.16844020681995631991e-43 | 2.58024335698651640625e+13 |
|   8   | 6.53587840234635889730e-13 | 2.25406570596193371581e-05 |
-------------------------------------------------------------------

Scheme evaluation results:
Order: 8, No. cycles: 22
-------------------------------------------------------------------
Vector a: -0.65063376178492537960, 0.22677130876289083861, 0.13567802016701896450, -0.61223063539412858614, 0.35853225541821470701, 0.40020691479058712048, 0.77861517468199792358, -0.21058746496620478483, 0.13918772390634223668, -0.01893079895761302575, -0.26137941238864847993, 0.71477067576446839947
Vector b: -1.30126752356985053716, 1.75481014109563226988, -1.48345410076159445190, 0.25899282997333689105, 0.45807168086309252297, 0.34234214871808182901, 1.21488820064591362957, -1.63606313057832353230, 1.91443857839100761709, -1.95230017630623375879, 1.42954135152893702099
-------------------------------------------------------------------
| Order |          Error^2           |         Efficiency         |
-------------------------------------------------------------------
|   2   | 1.11350539091564344017e-38 | 1.95798101453670520000e+16 |
|   4   | 1.09166755564760549093e-40 | 4.08567742613635750000e+14 |
|   6   | 1.12359795436082577444e-42 | 8.32067281689809277344e+12 |
|   8   | 6.59819654334702684790e-13 | 2.24339593943568767242e-05 |
-------------------------------------------------------------------

Scheme evaluation results:
Order: 8, No. cycles: 22
-------------------------------------------------------------------
Vector a: 0.53546988166294606781, 0.01238911478310294328, -0.82735490358076757555, -0.15591353380926264993, 0.35174753935431551932, 0.41252101095292792454, 0.31011847136232945088, 0.17349321088229313625, 0.13401260564585024126, -0.56757337646198469105, -0.00399359444468645394, 0.62508357365293620855
Vector b: 1.07093976332589169154, -1.04616153375968590211, -0.60854827340184791673, 0.29672120578332206176, 0.40677387292530969853, 0.41826814898054215375, 0.20196879374412740615, 0.14501762802044124157, 0.12300758327127232772, -1.25815433619524608133, 1.25016714730587330529
-------------------------------------------------------------------
| Order |          Error^2           |         Efficiency         |
-------------------------------------------------------------------
|   2   | 5.73971850987445072250e-41 | 2.72715198098221152000e+17 |
|   4   | 1.98984381934124024071e-42 | 3.02621501313343300000e+15 |
|   6   | 1.86111662862554226237e-44 | 6.46512789053829687500e+13 |
|   8   | 9.04215424684579374474e-13 | 1.91638427161335963222e-05 |
-------------------------------------------------------------------

Scheme evaluation results:
Order: 8, No. cycles: 22
-------------------------------------------------------------------
Vector a: -0.50262322505628032054, -0.40017765346265316007, 0.91104707618225033716, 0.14716391867344064126, -0.45041156289902850585, 0.59848622887259572689, -0.43313272359011018020, -0.58474303787594483772, -0.02757364819794782401, 0.44154674952622730011, 1.00269408356111644487, 0.29772379426633427402
Vector b: -1.00524645011256064109, 0.20489114318725432096, 1.61720300917724646439, -1.32287517183036507085, 0.42205204603230822569, 0.77492041171288328361, -1.64118585889310342196, 0.47169978314121396856, -0.52684707953710963046, 1.40994057858956423068, 0.59544758853266865906
-------------------------------------------------------------------
| Order |          Error^2           |         Efficiency         |
-------------------------------------------------------------------
|   2   | 2.86985925493722536125e-42 | 1.21961944288988774400e+18 |
|   4   | 1.13855500226391387013e-42 | 4.00066575599829450000e+15 |
|   6   | 4.69189117923132337682e-44 | 4.07183292398736406250e+13 |
|   8   | 9.28784389545413601078e-13 | 1.89086751044506065080e-05 |
-------------------------------------------------------------------

Scheme evaluation results:
Order: 8, No. cycles: 22
-------------------------------------------------------------------
Vector a: 0.14171573163395612127, 0.55553369426482501758, 0.04985834935925927136, -0.28699027967697587904, 0.72925472893479814651, -0.00092777533293267301, -0.48013353365172400933, -0.18787786485553201188, -0.10998052993026177782, 0.34598777746686110168, 0.16928525365397462110, 0.07427444813375214117
Vector b: 0.28343146326790874534, 0.82763592526174356578, -0.72791922654322605002, 0.15393866718927901038, 1.30457079068030989966, -1.30642634134617519059, 0.34615927404272928136, -0.72191500375378947485, 0.50195394389326775109, 0.19002161104044965056, 0.14854889626750281129
-------------------------------------------------------------------
| Order |          Error^2           |         Efficiency         |
-------------------------------------------------------------------
|   2   | 2.15544366666128982289e-39 | 4.45026937778222560000e+16 |
|   4   | 3.36933238678615183844e-41 | 7.35423237672461000000e+14 |
|   6   | 5.35764962402231257624e-42 | 3.81045433031415429688e+12 |
|   8   | 9.62818503720103111335e-13 | 1.85714724922346337786e-05 |
-------------------------------------------------------------------

Scheme evaluation results:
Order: 8, No. cycles: 22
-------------------------------------------------------------------
Vector a: -0.32647802787542923308, -0.17034179841838803515, 0.27960232194957879148, 0.57203054678458753468, -0.02746516213213523114, -0.85190301733622664226, -0.34477983673941636766, 0.47364579416127888800, 0.60095391089046701349, 0.35138569567302230245, 0.31816679390693508589, 0.12518277913572598004
Vector b: -0.65295605575085846617, 0.31227245891408239586, 0.24693218498507513159, 0.89712890858409988226, -0.95205923284837035148, -0.75174680182408293305, 0.06218712834525016303, 0.88510445997730757828, 0.31680336180362639320, 0.38596802954241821171, 0.25036555827145196007
-------------------------------------------------------------------
| Order |          Error^2           |         Efficiency         |
-------------------------------------------------------------------
|   2   | 2.86985925493722536125e-42 | 1.21961944288988774400e+18 |
|   4   | 1.64871522443216758501e-43 | 1.05132369453069960000e+16 |
|   6   | 3.33973977967215260866e-45 | 1.52618647424715906250e+14 |
|   8   | 1.00463089824054285887e-12 | 1.81808962234162932166e-05 |
-------------------------------------------------------------------

Scheme evaluation results:
Order: 8, No. cycles: 22
-------------------------------------------------------------------
Vector a: -0.51719235364962756751, -0.37907427974532198478, 0.73078055340836778342, -0.02662187191057031194, -0.71375091257202216699, 0.47880707248592258019, 0.78475483297088099999, -0.17443114732518599785, -0.15500429168877502550, 0.43685521939059884788, 0.37041217153117561578, 0.16446500710455724814
Vector b: -1.03438470729925513503, 0.27623614780861116547, 1.18532495900812429035, -1.23856870282926490034, -0.18893312231477940588, 1.14654726728662459401, 0.42296239865513762801, -0.77182469330550973474, 0.46181610992796001680, 0.41189432885323712386, 0.32893001420911449628
-------------------------------------------------------------------
| Order |          Error^2           |         Efficiency         |
-------------------------------------------------------------------
|   2   | 5.08682552937623195282e-40 | 9.16075392304848640000e+16 |
|   4   | 1.39902135432028924318e-42 | 3.60908495358487000000e+15 |
|   6   | 1.57308620646157455087e-44 | 7.03214235162077343750e+13 |
|   8   | 1.02198542200600316743e-12 | 1.80258686842933495088e-05 |
-------------------------------------------------------------------

Scheme evaluation results:
Order: 8, No. cycles: 22
-------------------------------------------------------------------
Vector a: -0.28352916893839080759, -0.09509101734652147808, 0.37887575986730931410, 0.93597310187388871316, -0.08565808222415698114, -0.00776917653763243166, 0.09467179621142039758, -0.53177734736346993216, 0.46243879362484963114, -0.14497121046228883534, -0.06679909854103267819, 0.34363564983602512548
Vector b: -0.56705833787678228131, 0.37687630318373843696, 0.38087521655088291128, 1.49107098719689701305, -1.66238715164521067003, 1.64684879856994581537, -1.45750520614710521450, 0.39395051142016140888, 0.53092707582953857504, -0.82086949675411635674, 0.68727129967205047301
-------------------------------------------------------------------
| Order |          Error^2           |         Efficiency         |
-------------------------------------------------------------------
|   2   | 1.27608291770783725688e-37 | 5.78382562217522000000e+15 |
|   4   | 9.84916638635340926469e-41 | 4.30139711606504437500e+14 |
|   6   | 2.91108564909971833962e-42 | 5.16935577969168359375e+12 |
|   8   | 1.03366573209291111653e-12 | 1.79237341618160143410e-05 |
-------------------------------------------------------------------

Scheme evaluation results:
Order: 8, No. cycles: 22
-------------------------------------------------------------------
Vector a: 0.14065687298853238318, 0.43531673574107532243, -0.09594449452714218229, 0.21059603594955880745, 0.04651482299278691945, -0.39569117224916605657, -0.83286076237895112495, -0.00085983303726595882, 1.33630509289935162087, -0.15335368999625711983, -0.09467153197457733871, 0.40399192359205482461
Vector b: 0.28131374597706443330, 0.58931972550508637809, -0.78120871455937068717, 1.20240078645848846861, -1.10937114047291451868, 0.31798879597458257207, -1.98371032073248509953, 1.98199065465795309926, 0.69061953114075003146, -0.99732691113326421561, 0.80798384718410953820
-------------------------------------------------------------------
| Order |          Error^2           |         Efficiency         |
-------------------------------------------------------------------
|   2   | 1.94949539187885718790e-38 | 1.47976766067084340000e+16 |
|   4   | 8.63760373409817242517e-42 | 1.45248828622741800000e+15 |
|   6   | 2.02345319410711917883e-43 | 1.96072792253695234375e+13 |
|   8   | 1.04897606409184808867e-12 | 1.77924504161249856710e-05 |
-------------------------------------------------------------------

Scheme evaluation results:
Order: 8, No. cycles: 22
-------------------------------------------------------------------
Vector a: 0.13616880512406431825, 0.29879640537615159701, 0.41152831238917508827, -0.14687238660685011937, -0.99526827528077976837, -0.60169364550097970135, 0.59373590600343340018, 0.71513974764859633559, 0.27920454305315961507, -0.21286587147472918469, 0.07463070871094723557, 0.44749575055781115607
Vector b: 0.27233761024812896956, 0.32525520050417378037, 0.49780142427417656270, -0.79154619748787680145, -1.19899035307368273529, -0.00439693792827640460, 1.19186874993514302368, 0.23841074536204967527, 0.31999834074426952712, -0.74573008369372784099, 0.89499150111562231213
-------------------------------------------------------------------
| Order |          Error^2           |         Efficiency         |
-------------------------------------------------------------------
|   2   | 1.52102540511672944146e-40 | 1.67527614478140896000e+17 |
|   4   | 2.13557885963102121609e-42 | 2.92113393630421800000e+15 |
|   6   | 2.67550589757886620200e-44 | 5.39213750669288750000e+13 |
|   8   | 1.12260803990122845438e-12 | 1.71990508022878889707e-05 |
-------------------------------------------------------------------

Scheme evaluation results:
Order: 8, No. cycles: 22
-------------------------------------------------------------------
Vector a: -0.73359189972301208638, 0.05081649830977394422, -0.02272066872599170714, -0.03994127564060657998, 1.03688184590764542747, -0.13883937656450773268, -0.06017156729664991516, 0.64009068179825678868, -0.06202178870597330890, -0.13692541283573411715, 0.34162407854398230134, 0.12479888493281691975
Vector b: -1.46718379944602417275, 1.56881679606557211670, -1.61425813351755564895, 1.53437558223634229471, 0.53938810957894778308, -0.81706686270796380356, 0.69672372811466409814, 0.58345763548185125558, -0.70750121289379797052, 0.43365038722232979174, 0.24959776986563403378
-------------------------------------------------------------------
| Order |          Error^2           |         Efficiency         |
-------------------------------------------------------------------
|   2   | 2.00954719678841862858e-38 | 1.45748983002528740000e+16 |
|   4   | 3.88513502480216344956e-41 | 6.84866964984260500000e+14 |
|   6   | 1.39711855966788040726e-42 | 7.46186322274010253906e+12 |
|   8   | 1.23534531200973908015e-12 | 1.63954887558990695202e-05 |
-------------------------------------------------------------------

Scheme evaluation results:
Order: 8, No. cycles: 22
-------------------------------------------------------------------
Vector a: 0.48532553738568440238, 0.08903727955287696338, -0.80727699643935213469, -0.23405120331946094314, -0.19730867388108724869, 0.36534882268563145802, -0.00182583241754022234, -0.49779047990271763080, 0.52057152605693013392, 0.53799703776012686163, 0.50051443929535999189, 0.23945854322354839794
Vector b: 0.97065107477136536307, -0.79257651566561071466, -0.82197747721308422886, 0.35387507057415706901, -0.74849241833633239906, 1.47919006370760919289, -1.48284172854268980757, 0.48726076873724155636, 0.55388228337661693512, 0.52211179214363112600, 0.47891708644709579668
-------------------------------------------------------------------
| Order |          Error^2           |         Efficiency         |
-------------------------------------------------------------------
|   2   | 2.64744516267959039575e-40 | 1.26981704312399808000e+17 |
|   4   | 1.87073344987363078968e-42 | 3.12106864610800550000e+15 |
|   6   | 8.27845463252165704135e-44 | 3.06541500215644101562e+13 |
|   8   | 1.28833612528425824056e-12 | 1.60547652982401263370e-05 |
-------------------------------------------------------------------

Scheme evaluation results:
Order: 8, No. cycles: 22
-------------------------------------------------------------------
Vector a: 0.21059077135656803503, 0.47120294136305990174, -0.13682557288556934649, -0.25373856249055598555, -0.41915603808358931071, -0.56889512013606102769, 0.53725078436032447371, 0.67831097878617652164, -0.29601765939107133052, 0.07203165219235291294, 0.60415771464333745122, 0.10108811028502777407
Vector b: 0.42118154271313623660, 0.52122434001298334483, -0.79487548578412192679, 0.28739836080301006671, -1.12571043697018846608, -0.01207980330193314696, 1.08658137202258164855, 0.27004058554977106166, -0.86207590433191372270, 1.00613920871661943757, 0.20217622057005549263
-------------------------------------------------------------------
| Order |          Error^2           |         Efficiency         |
-------------------------------------------------------------------
|   2   | 2.08064795982948838691e-41 | 4.52955289789490560000e+17 |
|   4   | 4.74032996134879524773e-43 | 6.20018988587751800000e+15 |
|   6   | 6.29081947902624858743e-45 | 1.11201412464802234375e+14 |
|   8   | 1.34613428079499339862e-12 | 1.57063171004535391984e-05 |
-------------------------------------------------------------------

Scheme evaluation results:
Order: 8, No. cycles: 22
-------------------------------------------------------------------
Vector a: 0.57042274767779888034, 0.04307189467209263101, -0.28800467406963847772, -0.13489400861910083584, -0.08108549306538545554, 0.68692614208472480009, -0.06161974630681688048, -0.30957052773971094339, -0.64600179443019167813, -0.00289608467440451330, 1.00628896019423352826, 0.21736258427639890134
Vector b: 1.14084549535559776068, -1.05470170601141255418, 0.47869235787213554323, -0.74848037511033727043, 0.58630938897956630385, 0.78754289518988318530, -0.91078238780351694626, 0.29164133232409505947, -1.58364492118447830471, 1.57785275183566930934, 0.43472516855279780268
-------------------------------------------------------------------
| Order |          Error^2           |         Efficiency         |
-------------------------------------------------------------------
|   2   | 6.06257767605488857564e-40 | 8.39123686456065120000e+16 |
|   4   | 9.84412171188183992324e-43 | 4.30249911224146950000e+15 |
|   6   | 4.64857608706309824496e-44 | 4.09075945796847656250e+13 |
|   8   | 1.34950555995064251438e-12 | 1.56866863956939164675e-05 |
-------------------------------------------------------------------

Scheme evaluation results:
Order: 8, No. cycles: 22
-------------------------------------------------------------------
Vector a: -0.53147134116725014419, 0.03518503993471265578, 0.13665074640250837734, -0.18688952278682499641, 0.43100772159850803122, 0.50402248092897417031, 0.40309790106665305265, 0.15306025728081401605, -0.69026160848082551702, -0.75829987846853863509, 0.75097658058040028806, 0.75292162311086874293
Vector b: -1.06294268233449895611, 1.13331276220392473952, -0.86001126939890948364, 0.48623222382525549401, 0.37578321937176867307, 0.63226174248617483808, 0.17393405964712541079, 0.13218645491451178065, -1.51270967187617300098, -0.00389008506092438158, 1.50584324622174481334
-------------------------------------------------------------------
| Order |          Error^2           |         Efficiency         |
-------------------------------------------------------------------
|   2   | 1.04032397991474419345e-40 | 2.02567763747483456000e+17 |
|   4   | 2.30933986920729853288e-42 | 2.80908803548209900000e+15 |
|   6   | 5.02635427314048550949e-44 | 3.93402728028390312500e+13 |
|   8   | 1.45868088030505025889e-12 | 1.50882339085884553757e-05 |
-------------------------------------------------------------------

Scheme evaluation results:
Order: 8, No. cycles: 22
-------------------------------------------------------------------
Vector a: 0.17474080941246514231, 0.39795637231933128630, -0.12940396568148423984, -0.09559807323532429346, 0.55148644953947134617, -0.05428404578733182773, -0.11301493716789010047, -0.54057218011852148365, -0.00265597978090110912, 0.20375191475178328071, 0.01884762367833933347, 0.58874601207006271864
Vector b: 0.34948161882493006258, 0.44643112581373295411, -0.70523905717670143378, 0.51404291070605290237, 0.58892998837288934588, -0.69749807994755308460, 0.47146820561177271713, -1.55261256584881524034, 1.54730060628701293624, -1.13979677678344648584, 1.17749202414012521523
-------------------------------------------------------------------
| Order |          Error^2           |         Efficiency         |
-------------------------------------------------------------------
|   2   | 2.89855784748659761486e-40 | 1.21356670357862624000e+17 |
|   4   | 1.34328470790176964419e-41 | 1.16472994527119800000e+15 |
|   6   | 4.09530844654459356182e-44 | 4.35833497607086093750e+13 |
|   8   | 1.48531552982761832763e-12 | 1.49523409852551956658e-05 |
-------------------------------------------------------------------

Scheme evaluation results:
Order: 8, No. cycles: 22
-------------------------------------------------------------------
Vector a: -0.53339271974406565757, -0.30058187207814252018, 1.00459576281569717970, -0.00468535660517463599, -0.98306349856395636166, 0.38184166113445500157, 0.11011427434900034061, -0.13331923372161130770, 0.57364027999268363267, 0.40751909834598049054, 0.32810590115064153238, 0.14922570292449244267
Vector b: -1.06678543948813131514, 0.46562169533184621928, 1.54356983029954797360, -1.55294054350989729762, -0.41318645361801537019, 1.17686977588692553987, -0.95664122718892463659, 0.69000275974570191018, 0.45727780023966430045, 0.35776039645229773534, 0.29845140584898494085
-------------------------------------------------------------------
| Order |          Error^2           |         Efficiency         |
-------------------------------------------------------------------
|   2   | 1.16875018157318502837e-39 | 6.04357328366189120000e+16 |
|   4   | 1.37800187735541698712e-42 | 3.63650653274107350000e+15 |
|   6   | 1.19736357690360144171e-44 | 8.06029419535512500000e+13 |
|   8   | 1.57515705717460480007e-12 | 1.45196658491588002275e-05 |
-------------------------------------------------------------------

Scheme evaluation results:
Order: 8, No. cycles: 22
-------------------------------------------------------------------
Vector a: 0.19156163308142892809, -0.46637706666667605448, 0.10361164157192138957, 0.28090000704539735965, -0.79773323315429567337, -0.10150989774323447568, 0.44587390628520739977, 0.67045789944965628049, -0.33288814593003013265, -0.08531715280527187029, 0.88957419814576821349, 0.20184621072012851051
Vector b: 0.38312326616285780068, -1.31587739949620985414, 1.52310068264005282757, -0.96130066854925777520, -0.63416579775933390462, 0.43114600227286487000, 0.46060181029755004056, 0.88031398860176279797, -1.54609028046182350735, 1.37545597485127979454, 0.40369242144025713204
-------------------------------------------------------------------
| Order |          Error^2           |         Efficiency         |
-------------------------------------------------------------------
|   2   | 5.81146499124788135653e-41 | 2.71026542864419488000e+17 |
|   4   | 1.14380987150513193414e-43 | 1.26221215051524420000e+16 |
|   6   | 4.53762748573540312993e-45 | 1.30933113478424531250e+14 |
|   8   | 1.57728360596249332633e-12 | 1.45098745877761795052e-05 |
-------------------------------------------------------------------

Scheme evaluation results:
Order: 8, No. cycles: 22
-------------------------------------------------------------------
Vector a: -0.74880993875611456811, 0.07212329234059043637, -0.01171128345048613913, -0.06307481663575550956, 0.93266213029067523976, 0.36391728704282733098, -0.22834168873974200475, -0.04858210232955809116, 0.63510882958571657220, -0.05104622585593626000, -0.07890804893004957354, 0.22666256543783253052
Vector b: -1.49761987751222802601, 1.64186646219340892650, -1.66528902909438114577, 1.53913939582287007113, 0.32618486475847979777, 0.40164970932717392049, -0.85833308680665743040, 0.76116888214754141462, 0.50904877702389161875, -0.61114122873576415262, 0.45332513087566495003
-------------------------------------------------------------------
| Order |          Error^2           |         Efficiency         |
-------------------------------------------------------------------
|   2   | 4.25671873988563951708e-39 | 3.16677465661378880000e+16 |
|   4   | 2.41177478694944266077e-41 | 8.69242398295218750000e+14 |
|   6   | 1.16399672880751626942e-42 | 8.17500515443690527344e+12 |
|   8   | 1.58606656954161766665e-12 | 1.44696440516112741854e-05 |
-------------------------------------------------------------------

Scheme evaluation results:
Order: 8, No. cycles: 22
-------------------------------------------------------------------
Vector a: 0.18295479848303242143, 0.51050402888589530015, -0.09664983094825764509, -0.18706551874759375087, 0.39969322611332908091, -0.49651858286805705678, 0.05824842223755637843, 1.01238056235534235050, -0.00332683366173487996, -1.04359112429900680041, -0.04091978222392474857, 0.70429063467341923577
Vector b: 0.36590959696606412122, 0.65509846080572764482, -0.84839812270224268520, 0.47426708520705540550, 0.32511936701960209017, -1.31815653275571476044, 1.43465337723082764221, 0.59010774747985639266, -0.59676141480332611788, -1.49042083379468648374, 1.40858126934683691722
-------------------------------------------------------------------
| Order |          Error^2           |         Efficiency         |
-------------------------------------------------------------------
|   2   | 8.37998902441669805486e-40 | 7.13728293692690480000e+16 |
|   4   | 1.31862185492965286374e-41 | 1.17557175245786175000e+15 |
|   6   | 5.55957126044623215564e-43 | 1.18288701514207500000e+13 |
|   8   | 1.65845359031183501327e-12 | 1.41503405511671256326e-05 |
-------------------------------------------------------------------

Scheme evaluation results:
Order: 8, No. cycles: 22
-------------------------------------------------------------------
Vector a: 0.53116238009097238582, 0.07510984739931383936, -1.08955845766005166020, -0.01246572610189408681, 0.80077071381112263637, 0.46383380905018695151, -0.13212981409894897222, -0.77457255103706534882, -0.12499127799084196189, 0.52925761578359220572, 0.51474645584774758600, 0.21883700490586641130
Vector b: 1.06232476018194477163, -0.91210506538331703741, -1.26701184993678617197, 1.24208039773299794284, 0.35946102988924727439, 0.56820658821112657311, -0.83246621640902451755, -0.71667888566510606907, 0.46669632968342217305, 0.59181890188376218287, 0.43767400981173287811
-------------------------------------------------------------------
| Order |          Error^2           |         Efficiency         |
-------------------------------------------------------------------
|   2   | 6.34238895341126804837e-40 | 8.20404818260966880000e+16 |
|   4   | 1.68243396872998349578e-42 | 3.29109381672024900000e+15 |
|   6   | 1.82461735374452323863e-44 | 6.52947125840133125000e+13 |
|   8   | 1.66525992038234730377e-12 | 1.41213929672208236284e-05 |
-------------------------------------------------------------------

Scheme evaluation results:
Order: 8, No. cycles: 22
-------------------------------------------------------------------
Vector a: 0.50488249400144036283, 0.52123299090589125804, -0.45829306426944910191, -0.87293858397651247216, -0.18104240380351871442, 0.48474848179728674546, 0.46363019353865647654, 0.36738817040822824289, -0.86621316897528788381, -1.03772826057710698677, 1.03703594950816002651, 1.03729720144221193578
Vector b: 1.00976498800288116975, 0.03270099380890104102, -0.94928712234779888401, -0.79659004560522683747, 0.43450523799818840942, 0.53499172559638841218, 0.39226866148092154329, 0.34250767933553616373, -2.07493401728611370771, -0.00052250386810275180, 2.07459440288442564793
-------------------------------------------------------------------
| Order |          Error^2           |         Efficiency         |
-------------------------------------------------------------------
|   2   | 3.09630908677211579991e-40 | 1.17417406823318192000e+17 |
|   4   | 3.87774317540285003951e-41 | 6.85519409331105750000e+14 |
|   6   | 3.48031042915168156102e-42 | 4.72775457541314160156e+12 |
|   8   | 1.67239777563606771188e-12 | 1.40912254313243453282e-05 |
-------------------------------------------------------------------

Scheme evaluation results:
Order: 8, No. cycles: 22
-------------------------------------------------------------------
Vector a: 0.73506903830093528462, -0.09511458938029095089, -0.00557164796306552652, 0.10233098425537524856, -0.53394475136818175809, 0.41310160944368573555, 0.48857939674727063339, -0.01240738507472560065, -0.65076493834404114391, -0.09578070436965581413, 0.46663290262709028466, 0.18787008512560365858
Vector b: 1.47013807660188877691, -1.66036725536247331547, 1.64922395943634181315, -1.44456199092558867925, 0.37667248818920168185, 0.44953073069818327845, 0.52762806279634910656, -0.55244283294580076582, -0.74908704374227930156, 0.55752563500296536958, 0.37574017025121181357
-------------------------------------------------------------------
| Order |          Error^2           |         Efficiency         |
-------------------------------------------------------------------
|   2   | 6.80874108233856716957e-40 | 7.91810449125666720000e+16 |
|   4   | 2.18868807142893178308e-41 | 9.12467366361153625000e+14 |
|   6   | 1.12304532283830827170e-42 | 8.32271979596948828125e+12 |
|   8   | 1.67895906525537619388e-12 | 1.40636645696665067554e-05 |
-------------------------------------------------------------------

Scheme evaluation results:
Order: 8, No. cycles: 22
-------------------------------------------------------------------
Vector a: -0.38063493532335485048, -0.63712643982519168162, -0.01771222751120419062, 0.49205691098039988640, 1.01270253901820983522, -0.00956997067631439047, -0.52266123597520175448, -0.42641149029715463836, 0.02023773855556758317, 0.91713670237113753547, 0.38806812123598333208, 0.16391428744712327470
Vector b: -0.76126987064670970096, -0.51298300900367355126, 0.47755855398126512146, 0.50655526797953442930, 1.51884981005688568523, -1.53798975140951443841, 0.49266727945911054087, -1.34549026005341998413, 1.38596573716455528924, 0.44830766757772011477, 0.32782857489424660491
-------------------------------------------------------------------
| Order |          Error^2           |         Efficiency         |
-------------------------------------------------------------------
|   2   | 4.49132973397675769036e-40 | 9.74915933289048480000e+16 |
|   4   | 4.68962047317104092998e-42 | 1.97124419847473150000e+15 |
|   6   | 5.44870161258807316408e-44 | 3.77848238952135000000e+13 |
|   8   | 1.81815038836657115536e-12 | 1.35146141823915241954e-05 |
-------------------------------------------------------------------

Scheme evaluation results:
Order: 8, No. cycles: 22
-------------------------------------------------------------------
Vector a: 0.50447930480939096043, 0.07549827406319122025, -0.84710050337917641716, -0.24881249640767072462, -0.18804826639193444882, -0.11958566494259688373, 0.49764593798305967187, 0.94741025898500974556, -0.00399767534083762983, -0.40680255423578720597, 0.53702120231949779239, 0.25229218253785390402
Vector b: 1.00895860961878192086, -0.85796206149239939709, -0.83623894526595354826, 0.33861395245061187698, -0.71471048523448066359, 0.47553915534928692388, 0.51975272061683241986, 1.37506779735318729330, -1.38306314803486252174, 0.56945803956328788775, 0.50458436507570780805
-------------------------------------------------------------------
| Order |          Error^2           |         Efficiency         |
-------------------------------------------------------------------
|   2   | 1.43492962746861268063e-41 | 5.45430396196442304000e+17 |
|   4   | 1.28253841947328882416e-41 | 1.19199404267498150000e+15 |
|   6   | 1.28574265810045343273e-43 | 2.45972688783345625000e+13 |
|   8   | 1.84565588305715848708e-12 | 1.34135331759525937349e-05 |
-------------------------------------------------------------------

Scheme evaluation results:
Order: 8, No. cycles: 22
-------------------------------------------------------------------
Vector a: -0.43833633210297384686, -0.39425139038692413873, 0.70700108150609308755, 0.63553925585014803268, -0.56198640683875289437, -0.26096931775182852231, 0.55843512238648684853, -0.39294971339320183823, -0.08823976091719715198, 0.75864800611962790455, 0.32312629596634406814, 0.15398315956217858980
Vector b: -0.87667266420594769372, 0.08816988343209940238, 1.32583227958008675884, -0.05475376787979053389, -1.06921904579771531729, 0.54728041029405827267, 0.56958983447891542440, -1.35548926126531910086, 1.17900973943092468588, 0.33828627280833095670, 0.30796631912435717959
-------------------------------------------------------------------
| Order |          Error^2           |         Efficiency         |
-------------------------------------------------------------------
|   2   | 1.86540851570919648481e-41 | 4.78374102957899904000e+17 |
|   4   | 6.85760435978957354083e-43 | 5.15493346242424700000e+15 |
|   6   | 7.56554917050464973353e-45 | 1.01401338086572890625e+14 |
|   8   | 2.08993696348573811242e-12 | 1.26052644073582640130e-05 |
-------------------------------------------------------------------

Scheme evaluation results:
Order: 8, No. cycles: 22
-------------------------------------------------------------------
Vector a: -0.79727170698615623667, -0.00328013793481210470, 1.37867294322980615817, 0.04704754431360151645, -0.37447472011903554234, 0.34937335501047378505, -0.29252901630119004794, -0.08547375662217156222, 0.65545030070091392371, -0.06646154534095866095, -0.06984780052428971042, 0.25879454057381845455
Vector b: -1.59454341397243615219, 1.58798313810281155334, 1.16936274835698483798, -1.07526765972977478292, 0.32631821949161238239, 0.37242849052942667010, -0.95748652313186632945, 0.78653900988750324874, 0.52436159151432948367, -0.65728468219626157154, 0.51758908114767054887
-------------------------------------------------------------------
| Order |          Error^2           |         Efficiency         |
-------------------------------------------------------------------
|   2   | 7.87977255628113967439e-38 | 7.36033865979270400000e+15 |
|   4   | 1.00711320631024602887e-40 | 4.25373206751158062500e+14 |
|   6   | 1.58976459769366803341e-42 | 6.99515761259709765625e+12 |
|   8   | 2.13863660553690258144e-12 | 1.24609184954811488670e-05 |
-------------------------------------------------------------------

Scheme evaluation results:
Order: 8, No. cycles: 22
-------------------------------------------------------------------
Vector a: 0.14789441049424228991, 0.73377756818415962314, -0.00988961090044448120, -0.29201759432786689175, -0.18879223383046420115, 0.31176348253878949368, -0.17836466667486436388, -0.00482277083404616079, 0.19507543496258536453, -0.37065746783022551769, 0.53407666594894664946, 0.12195678226918814369
Vector b: 0.29578882098848308102, 1.17176631537983921838, -1.19154553718072842017, 0.60751034852499385952, -0.98509481618592376062, 1.60862178126350441332, -1.96535111461323452886, 1.95570557294514224544, -1.56555470301996990656, 0.82423976735951676176, 0.24391356453837689799
-------------------------------------------------------------------
| Order |          Error^2           |         Efficiency         |
-------------------------------------------------------------------
|   2   | 2.20993511926441038943e-38 | 1.38984022378107040000e+16 |
|   4   | 2.56569866514012178590e-41 | 8.42764925319259125000e+14 |
|   6   | 2.52654629763182978709e-42 | 5.54881550024291210938e+12 |
|   8   | 2.21593040604172402212e-12 | 1.22416651252225719393e-05 |
-------------------------------------------------------------------

Scheme evaluation results:
Order: 8, No. cycles: 22
-------------------------------------------------------------------
Vector a: 0.75184564679449827906, -0.00686810661855691978, -0.14687940867470064554, 0.04380301404425300527, -0.36911910760058724845, 0.35024276377238433566, -0.31991456101158205483, -0.08412093308947679593, 0.68438903899657366203, -0.03947791732500226941, -0.10032160850420138165, 0.23642117921639799194
Vector b: 1.50369129358899877857, -1.51742750682611271529, 1.22366868947671059153, -1.13606266138820433120, 0.39782444618702827999, 0.30266108135774177912, -0.94249020338090672144, 0.77424833720195274100, 0.59452974079119458306, -0.67348557544119924678, 0.47284235843279626144
-------------------------------------------------------------------
| Order |          Error^2           |         Efficiency         |
-------------------------------------------------------------------
|   2   | 4.70656917809704959245e-40 | 9.52362782342998560000e+16 |
|   4   | 1.90660669056034610670e-41 | 9.77639455250403875000e+14 |
|   6   | 1.32544069778651079622e-42 | 7.66097004662979101562e+12 |
|   8   | 2.24181757157644691477e-12 | 1.21707801913503983022e-05 |
-------------------------------------------------------------------

Scheme evaluation results:
Order: 8, No. cycles: 22
-------------------------------------------------------------------
Vector a: -0.48078550499810168706, -0.41441547381167870290, 0.58504409009047753099, 0.62911379913797593755, -0.59604161211446471391, -0.71623479726559535763, 0.69364604774166849221, 0.30337630755768879576, -0.16194368192161334719, 0.49105898969385070041, 0.46008066120203372495, 0.20710117468775854355
Vector b: -0.96157100999620337411, 0.13274006237284591281, 1.03734811780810920467, 0.22087948046784280920, -1.41296270469677232029, -0.01950688983441836027, 1.40679898531775537940, -0.80004637020237778788, 0.47615900635915103800, 0.50595897302855030730, 0.41420234937551708709
-------------------------------------------------------------------
| Order |          Error^2           |         Efficiency         |
-------------------------------------------------------------------
|   2   | 1.65877864935371625880e-39 | 5.07294810902587520000e+16 |
|   4   | 4.16535968520551874332e-42 | 2.09162113730954650000e+15 |
|   6   | 5.55305570154655780479e-44 | 3.74281102565386406250e+13 |
|   8   | 2.26583912227375473749e-12 | 1.21060933342805768871e-05 |
-------------------------------------------------------------------

Scheme evaluation results:
Order: 8, No. cycles: 22
-------------------------------------------------------------------
Vector a: 0.22914688517202708162, 0.40800544640021002563, -0.26016417653306883606, -0.39179624037541588288, 0.56170162073205143205, 0.10386615669237182769, -0.18942696042307091697, 0.40555886848115829668, -0.40216066023851287925, -0.59493248670032972125, 0.56090329129057314717, 0.56929825550200641171
Vector b: 0.45829377034405394120, 0.35771712245636633210, -0.87804547552250378217, 0.09445299477167128088, 1.02895024669243251303, -0.82121793330768888541, 0.44236401246154710698, 0.36875372450076931985, -1.17307504497779468977, -0.01678992842286548132, 1.13859651100401237933
-------------------------------------------------------------------
| Order |          Error^2           |         Efficiency         |
-------------------------------------------------------------------
|   2   | 5.73971850987445072250e-41 | 2.72715198098221152000e+17 |
|   4   | 1.28078679639288280282e-42 | 3.77199280632642150000e+15 |
|   6   | 1.16517146235289599125e-44 | 8.17088306816633593750e+13 |
|   8   | 2.40265370843638415043e-12 | 1.17563623411241617735e-05 |
-------------------------------------------------------------------

Scheme evaluation results:
Order: 8, No. cycles: 22
-------------------------------------------------------------------
Vector a: -0.38642696758661210232, -0.16807422004930805404, 0.34463393721520513280, -0.57327233860965798318, 0.01406267522225137720, 1.58988292165380862286, -0.00330540109275209324, -0.56541992884814862297, 0.68213222455268451849, -0.03335682303549593331, -0.15109646831077644391, 0.25024038888880145715
Vector b: -0.77285393517322453771, 0.43670549507460859617, 0.25256237935580172493, -1.39910705657511802436, 1.42723240701962095223, 1.75253343628799851395, -1.75914423847350276375, 0.62830438077720462964, 0.73596006832816418530, -0.80267371439915602416, 0.50048077777760302531
-------------------------------------------------------------------
| Order |          Error^2           |         Efficiency         |
-------------------------------------------------------------------
|   2   | 5.16574665888700565025e-40 | 9.09050660327403840000e+16 |
|   4   | 5.49386069430866156741e-41 | 5.75930999695317750000e+14 |
|   6   | 5.40278877486963870432e-42 | 3.79450317565177392578e+12 |
|   8   | 2.82997148139325790131e-12 | 1.08324707225111093535e-05 |
-------------------------------------------------------------------

Scheme evaluation results:
Order: 8, No. cycles: 22
-------------------------------------------------------------------
Vector a: 0.12682339738852455024, 0.49080730115626169940, -0.42447336087524212278, -0.00398869025140349484, 0.80475498871616535368, -0.39390287643668175921, -0.30136854226654014033, 0.31238774635357596798, 0.28004521228741530159, -0.56705673644883847206, 0.01421830474967687198, 0.66175325562708620097
Vector b: 0.25364679477704926702, 0.72796780753547385423, -1.57691452928595854388, 1.56893714878315160277, 0.04057282864917987480, -0.82837858152254362221, 0.22564149698946325828, 0.39913399571768887197, 0.16095642885714167569, -1.29506990175481884187, 1.32350651125417262399
-------------------------------------------------------------------
| Order |          Error^2           |         Efficiency         |
-------------------------------------------------------------------
|   2   | 5.62492413967696170805e-40 | 8.71156744921348320000e+16 |
|   4   | 6.19373921231569145348e-42 | 1.71527129195448250000e+15 |
|   6   | 1.19059052385175680872e-43 | 2.55612862754602578125e+13 |
|   8   | 2.91126366468501975245e-12 | 1.06801606022560299569e-05 |
-------------------------------------------------------------------

Scheme evaluation results:
Order: 8, No. cycles: 22
-------------------------------------------------------------------
Vector a: 0.09492211223800312014, 0.19714804409531336282, 0.56245607405885533758, 0.14740855752379858346, -0.13170623744414516887, 0.25916320427658684489, -0.44444610915644311433, -0.29690814792194175631, 0.33718051135060800316, -0.31914022377573220135, 0.08159364895317997024, 0.51232856580191699081
Vector b: 0.18984422447592441685, 0.20445186371481791077, 0.92046028440285987404, -0.62564316935526187446, 0.36223069446696981588, 0.15609571408620662170, -1.04498793239909604225, 0.45117163655520908794, 0.22318938614600924986, -0.86146983369747565096, 1.02465713160383664615
-------------------------------------------------------------------
| Order |          Error^2           |         Efficiency         |
-------------------------------------------------------------------
|   2   | 6.68677206400373509172e-40 | 7.98999262885950240000e+16 |
|   4   | 6.56087940996879352606e-42 | 1.66658799449111550000e+15 |
|   6   | 4.73759305028566083939e-44 | 4.05214556946522187500e+13 |
|   8   | 2.95293839627776037116e-12 | 1.06045284111693554545e-05 |
-------------------------------------------------------------------

Scheme evaluation results:
Order: 8, No. cycles: 22
-------------------------------------------------------------------
Vector a: 0.26583199158321241251, -0.12489078477508649967, -0.74500009214728535323, 0.25352941578976873060, 0.03317292963789034849, -0.38042317588351703961, 0.52512016301725639167, 0.58899278695911194692, 0.43146850444057222029, -0.52864149673637661486, -0.01059349653164617065, 0.69143325464609950437
Vector b: 0.53166398316642493604, -0.78144555271659799089, -0.70855463157797271556, 1.21561346315751017677, -1.14926760388172954919, 0.38842125211469541446, 0.66181907391981764643, 0.51616649999840624741, 0.34677050888273819318, -1.40405350235549142290, 1.38286650929219900874
-------------------------------------------------------------------
| Order |          Error^2           |         Efficiency         |
-------------------------------------------------------------------
|   2   | 4.59177480789956057800e-40 | 9.64193829539424160000e+16 |
|   4   | 4.30478888240583804188e-42 | 2.05746922552184150000e+15 |
|   6   | 4.47847599538341072965e-44 | 4.16772245324374843750e+13 |
|   8   | 2.98460657154604331862e-12 | 1.05481186910417409376e-05 |
-------------------------------------------------------------------

Scheme evaluation results:
Order: 8, No. cycles: 22
-------------------------------------------------------------------
Vector a: 0.17830896805780224734, -0.33178270435272583239, -0.19703687014328805094, -0.14111757002339136990, -0.24713025319623302400, 0.84286118185525626956, -0.02094349300009102494, -0.79099583794550998306, 0.45039298516160253261, 0.77530565116267868842, 0.33640866312020728524, 0.14572927930369233840
Vector b: 0.35661793611560455020, -1.02018334482105643701, 0.62610960453448027963, -0.90834474458126290841, 0.41408423818879680489, 1.27163812552171573422, -1.31352511152189799226, -0.26846656436912225141, 1.16925253469232748316, 0.38135876763302989367, 0.29145855860738467680
-------------------------------------------------------------------
| Order |          Error^2           |         Efficiency         |
-------------------------------------------------------------------
|   2   | 3.65189590190761927219e-40 | 1.08117362756727760000e+17 |
|   4   | 2.47854665877452019420e-43 | 8.57453795818789500000e+15 |
|   6   | 8.66358505976356591766e-45 | 9.47578270785172031250e+13 |
|   8   | 3.12669824298164815711e-12 | 1.03056542651525183120e-05 |
-------------------------------------------------------------------

Scheme evaluation results:
Order: 8, No. cycles: 22
-------------------------------------------------------------------
Vector a: -0.49505173371013372341, 0.04315396923795639800, 0.76343541370612211239, -0.14376290708855921086, -0.13036194281977875331, 0.41878838175548988021, 0.29914707790262007325, -0.47882090581355235548, -0.60503579232663629028, 0.57375992375600914919, 0.66786697724780652585, 0.08688153815265628466
Vector b: -0.99010346742026744682, 1.07641140589618022894, 0.45045942151606405135, -0.73798523569318230653, 0.47726135005362491093, 0.36031541345735468296, 0.23797874234788529701, -1.19562055397498978593, -0.01445103067828243382, 1.16197087819030042688, 0.17376307630531251380
-------------------------------------------------------------------
| Order |          Error^2           |         Efficiency         |
-------------------------------------------------------------------
|   2   | 4.48415508583941462696e-42 | 9.75695554311910144000e+17 |
|   4   | 5.55581998172032355721e-43 | 5.72710563996704100000e+15 |
|   6   | 1.42499259029890213763e-44 | 7.38852270102778281250e+13 |
|   8   | 3.14514484537049714040e-12 | 1.02753879528227961974e-05 |
-------------------------------------------------------------------

Scheme evaluation results:
Order: 8, No. cycles: 22
-------------------------------------------------------------------
Vector a: 0.09981106884567353399, 0.21376473258147279943, 0.31587522837859421942, 0.29420744000450238520, -0.44433666065759030994, -0.89340397482088529379, -0.29683414204364999556, 0.31666192094857020800, -0.17743822542820414379, 0.04952385451012554507, 1.00292273090517114476, 0.51924602677621989333
Vector b: 0.19962213769135453423, 0.22790732747158060079, 0.40384312928561116873, 0.18457175072339321309, -1.07324507203857355542, -0.71356287760319714319, 0.11989459351589713820, 0.51342924838124326392, -0.86830569923765155149, 0.96735340825790272490, 1.03849205355243978666
-------------------------------------------------------------------
| Order |          Error^2           |         Efficiency         |
-------------------------------------------------------------------
|   2   | 7.46163406283678593925e-40 | 7.56375869493427520000e+16 |
|   4   | 2.97355534129726182450e-42 | 2.47554750026473600000e+15 |
|   6   | 3.46344121053758162599e-44 | 4.73925421457275078125e+13 |
|   8   | 3.23455997436533788802e-12 | 1.01323678764611125691e-05 |
-------------------------------------------------------------------

Scheme evaluation results:
Order: 8, No. cycles: 22
-------------------------------------------------------------------
Vector a: -0.76191449793860932527, -0.00566420033074051081, 1.14634662505334472549, -0.08405328045147382465, -0.90842032724867893823, 0.14739204167413211266, 0.07321842837476787158, -0.32880828016090474231, 0.52674593535760638741, 0.63273554592378256078, 0.42402383640156943168, 0.13839817334520429504
Vector b: -1.52382899587721909462, 1.51250059521573798627, 0.78019265489095201982, -0.94829921579389964137, -0.86854143870345901224, 1.16332552205172334858, -1.01688866530218735562, 0.35927210498037775999, 0.69421976573483534789, 0.57125132611272988470, 0.27679634669040870110
-------------------------------------------------------------------
| Order |          Error^2           |         Efficiency         |
-------------------------------------------------------------------
|   2   | 2.61874657013021814214e-40 | 1.27675598572943232000e+17 |
|   4   | 5.34875623832782675972e-42 | 1.84579248604040600000e+15 |
|   6   | 4.85579534794301646695e-43 | 1.26570859050000351562e+13 |
|   8   | 3.24328503493714643893e-12 | 1.01187296887007591542e-05 |
-------------------------------------------------------------------

Scheme evaluation results:
Order: 8, No. cycles: 22
-------------------------------------------------------------------
Vector a: 0.65871361991054455665, 0.06468036987491011802, 0.07559720706720234051, -0.03071874619493305050, -0.46418861036159353439, -0.31892683176650915566, -0.02533280721841054892, 0.74742585171527620158, -0.15594167225180369241, -0.14413318261411750543, 0.41115226285406064610, 0.18167253898537363832
Vector b: 1.31742723982108889125, -1.18806650007126868296, 1.33926091420567350276, -1.40069840659553945805, 0.47232118587235277785, -1.11017484940537070059, 1.05950923496854976236, 0.43534246846200197467, -0.74722581296560897091, 0.45895944773737412659, 0.36334507797074711011
-------------------------------------------------------------------
| Order |          Error^2           |         Efficiency         |
-------------------------------------------------------------------
|   2   | 1.47080286815532799764e-39 | 5.38737745235537840000e+16 |
|   4   | 1.70527513369847801403e-41 | 1.03374172739775775000e+15 |
|   6   | 2.84780834737966968652e-43 | 1.65275521328384492188e+13 |
|   8   | 3.29166520140013314486e-12 | 1.00440930006321103217e-05 |
-------------------------------------------------------------------

Scheme evaluation results:
Order: 8, No. cycles: 22
-------------------------------------------------------------------
Vector a: -0.32097299947030616396, -0.04904220296678944019, 0.42215686028305970945, -0.71673704290249085069, 0.00240798062264776591, 1.07785906358573702057, 0.43744523187907030648, -1.12917821015227315407, -0.00014501065773311650, 0.97504044140433754340, -0.04089206265673778901, 0.34205795103147818015
Vector b: -0.64194599894061221690, 0.54386159300703362796, 0.30045212755908456970, -1.73392621336406560495, 1.73874217460936120183, 0.41697595256211339443, 0.45791451119602682995, -2.71627093150057330462, 2.71598091018510734429, -0.76590002737643170239, 0.68411590206295613825
-------------------------------------------------------------------
| Order |          Error^2           |         Efficiency         |
-------------------------------------------------------------------
|   2   | 3.76812520173257689932e-39 | 3.36582844303734200000e+16 |
|   4   | 7.66103883431020740845e-41 | 4.87714249823572937500e+14 |
|   6   | 9.25798107694565775675e-42 | 2.89871668743564355469e+12 |
|   8   | 3.39002848666365030509e-12 | 9.89730330708154504272e-06 |
-------------------------------------------------------------------

Scheme evaluation results:
Order: 8, No. cycles: 22
-------------------------------------------------------------------
Vector a: -0.63347536448728591907, 0.20569508118077281522, 0.15861557189680161595, -0.32432784426033256509, -0.08732652329765079602, -0.15170530254662073499, 0.44829055476167944949, 0.29267117619903643133, 0.73153793477782791399, -0.25530198839460349625, -0.11764217365137141780, 0.73296887782174668935
Vector b: -1.26695072897457161609, 1.67834089133611730205, -1.36110974754251401464, 0.71245405902184866243, -0.88710710561715033773, 0.58369650052390886774, 0.31288460899944964266, 0.27245774339862482982, 1.19061812615702944385, -1.70122210294623643634, 1.46593775564349360074
-------------------------------------------------------------------
| Order |          Error^2           |         Efficiency         |
-------------------------------------------------------------------
|   2   | 3.73081703141839296963e-41 | 3.38261572145562688000e+17 |
|   4   | 1.42175742190395940016e-41 | 1.13213058885718350000e+15 |
|   6   | 1.55046011726564232554e-43 | 2.23992571402450546875e+13 |
|   8   | 3.46602560687473826792e-12 | 9.78819628894338869031e-06 |
-------------------------------------------------------------------

Scheme evaluation results:
Order: 8, No. cycles: 22
-------------------------------------------------------------------
Vector a: -0.49104835653282369323, -0.43956347415270918821, 0.65293747959155434835, 0.15073295437928752039, -0.24522166354398353127, 0.78267665370163441718, 0.55584583778490426198, -0.65154578438704235932, -0.31479807066740012056, 0.50080119929230870746, 0.34228477336774859596, 0.15689845116652104129
Vector b: -0.98209671306564738646, 0.10296976476022912106, 1.20290519442287924257, -0.90143928566430442384, 0.41099595857633725027, 1.15435734882693208370, -0.04266567325712378178, -1.26042589551696071482, 0.63082975418216091779, 0.37077264440245555344, 0.31379690233304202707
-------------------------------------------------------------------
| Order |          Error^2           |         Efficiency         |
-------------------------------------------------------------------
|   2   | 5.30923962163386691832e-40 | 8.96682047802549120000e+16 |
|   4   | 2.15397090197528444014e-42 | 2.90863590358500150000e+15 |
|   6   | 5.56678355565053334006e-45 | 1.18212049572028546875e+14 |
|   8   | 3.72617247748236606963e-12 | 9.44032784012846211755e-06 |
-------------------------------------------------------------------

Scheme evaluation results:
Order: 8, No. cycles: 22
-------------------------------------------------------------------
Vector a: -0.45922115958210579789, -0.32250561297692842411, 0.29725766538089720692, -0.22161324215240396640, 0.13743942242098652895, 0.64832367794809775408, 0.66816931974828108753, -0.02468502825829298544, -0.56925053829856175902, 0.28078972015585684785, 0.42560529033048061232, 0.13969048528369282236
Vector b: -0.91844231916421026352, 0.27343109321035186099, 0.32108423755144321898, -0.76431072185625159587, 1.03918956669822559746, 0.25745778919796402651, 1.07888085029860336661, -1.12825090681518935831, -0.01025016978189725696, 0.57182961009357469173, 0.27938097056738586677
-------------------------------------------------------------------
| Order |          Error^2           |         Efficiency         |
-------------------------------------------------------------------
|   2   | 1.21251553521097771513e-40 | 1.87633760444598112000e+17 |
|   4   | 5.13720396079178953254e-42 | 1.88341433829952675000e+15 |
|   6   | 1.16336413885593164855e-43 | 2.58586637489204921875e+13 |
|   8   | 3.75022402689169021721e-12 | 9.41000702093107233633e-06 |
-------------------------------------------------------------------

Scheme evaluation results:
Order: 8, No. cycles: 22
-------------------------------------------------------------------
Vector a: 0.61661402019308242384, 0.62101537046308352696, -0.67431298399910932773, -0.02728671665612445590, 0.11148793355323201315, -0.57083647289951600090, -0.48808399834728993794, -0.20614553687947623217, 0.48473415110550338580, 0.50921563005300063409, 0.44956087749458145675, 0.17403772591903240996
Vector b: 1.23322804038616484767, 0.00880270054000236411, -1.35742866853822086171, 1.30285523522597190826, -1.07987936811950802074, -0.06179357767952399494, -0.91437441901505589481, 0.50208334525610343047, 0.46738495695490317461, 0.55104630315109814909, 0.34807545183806481992
-------------------------------------------------------------------
| Order |          Error^2           |         Efficiency         |
-------------------------------------------------------------------
|   2   | 1.67169301600093377293e-40 | 1.59799852577190048000e+17 |
|   4   | 2.62200458905977334183e-42 | 2.63628617999413200000e+15 |
|   6   | 1.51320185780751790695e-43 | 2.26733390385674570312e+13 |
|   8   | 3.79258296138093779832e-12 | 9.35730980799860850622e-06 |
-------------------------------------------------------------------

Scheme evaluation results:
Order: 8, No. cycles: 22
-------------------------------------------------------------------
Vector a: -0.37696841866415503608, -0.15748752864289081166, 0.34200749262120994088, -0.44279120584374215275, 0.04137412066978129327, 1.22663179310397718602, 0.62169616640469416158, -0.64258422020267258468, -0.35409103343369879857, 0.42852727139308882665, 0.22598167240216859852, 0.08770389019223917559
Vector b: -0.75393683732831073829, 0.43896178004252917049, 0.24505320519989143291, -1.13063561688737612698, 1.21338385822693850535, 1.23987972798101675487, 0.00351260482837028156, -1.28868104523371407311, 0.58049897836631658699, 0.27655556441985990057, 0.17540778038447812914
-------------------------------------------------------------------
| Order |          Error^2           |         Efficiency         |
-------------------------------------------------------------------
|   2   | 2.56439861048984443686e-39 | 4.08001605362431920000e+16 |
|   4   | 2.58432279754253880778e-41 | 8.39722707426280625000e+14 |
|   6   | 1.36655363229097321579e-43 | 2.38589086650476562500e+13 |
|   8   | 3.90321968797607498052e-12 | 9.22374006499408204975e-06 |
-------------------------------------------------------------------

Scheme evaluation results:
Order: 8, No. cycles: 22
-------------------------------------------------------------------
Vector a: 0.62481184591419480778, 0.61291733593208197473, -0.68288337162585766027, -1.18777647896505844649, -0.48620409409364545583, 0.66245255925448010004, 0.92678062799011207140, -0.19490976308608054524, -0.18262008655218509023, 0.46068416717609067534, 0.30011507836738066102, 0.14663217968848685224
Vector b: 1.24962369182838917148, -0.02378901996422641898, -1.34197772328748743398, -1.03357523464262857082, 0.06116704645533857509, 1.26373807205362065353, 0.58982318392660315620, -0.97964271009876413565, 0.61440253699439384416, 0.30696579735778761755, 0.29326435937697364897
-------------------------------------------------------------------
| Order |          Error^2           |         Efficiency         |
-------------------------------------------------------------------
|   2   | 4.66352128927299121203e-40 | 9.56748205915799840000e+16 |
|   4   | 3.87848761521202259858e-42 | 2.16759465891969575000e+15 |
|   6   | 7.15042417585667321002e-44 | 3.29835967488390273438e+13 |
|   8   | 3.93839062439408989901e-12 | 9.18246240602109108368e-06 |
-------------------------------------------------------------------

Scheme evaluation results:
Order: 8, No. cycles: 22
-------------------------------------------------------------------
Vector a: 0.22561239078064251884, 0.27911788079276245167, -0.39300258006038574221, 0.13661302607414432808, -0.00575469251295982441, -0.49201049540224878198, -0.25439061068550222755, -0.27903225977222895215, 0.55092635868027672874, 0.71224616756188341427, 0.37660913379792865241, 0.14306568074568748461
Vector b: 0.45122478156128503768, 0.10701098002423985178, -0.89301614014501140559, 1.16624219229329995073, -1.17775157731921975568, 0.19373058651472213620, -0.70251180788572664682, 0.14444728834126877026, 0.95740542901928460395, 0.46708690610448233560, 0.28613136149137496922
-------------------------------------------------------------------
| Order |          Error^2           |         Efficiency         |
-------------------------------------------------------------------
|   2   | 2.33176064463649560602e-40 | 1.35304628858225072000e+17 |
|   4   | 5.37792076261658701500e-43 | 5.82106001876052200000e+15 |
|   6   | 3.36049914317543869224e-45 | 1.52146519032737781250e+14 |
|   8   | 4.40358722743943421842e-12 | 8.68390875927007655551e-06 |
-------------------------------------------------------------------

Scheme evaluation results:
Order: 8, No. cycles: 22
-------------------------------------------------------------------
Vector a: 0.26731543391734485793, 0.46070663403657424739, -0.32143170234738671631, 0.06015357294843475672, 0.19972673407276711477, -0.72133150580098970295, -0.06589578474542519271, 0.50100655930689574902, 0.44698919727273728197, -0.39920358259785032606, -0.02670387817003719300, 0.59866832210693521343
Vector b: 0.53463086783468960483, 0.38678240023845883444, -1.02964580493323265564, 1.14995295083010229398, -0.75049948268456767586, -0.69216352891741161901, 0.56037195942656103931, 0.44164115918723040322, 0.45233723535824427175, -1.25074440055394520144, 1.19733664421387087096
-------------------------------------------------------------------
| Order |          Error^2           |         Efficiency         |
-------------------------------------------------------------------
|   2   | 1.67599780488333961097e-39 | 5.04682116394805200000e+16 |
|   4   | 9.55685552669525242370e-43 | 4.36668401508025200000e+15 |
|   6   | 2.77338040305067433280e-44 | 5.29613679227978984375e+13 |
|   8   | 4.51240708887206452535e-12 | 8.57856047142348829369e-06 |
-------------------------------------------------------------------

Scheme evaluation results:
Order: 8, No. cycles: 22
-------------------------------------------------------------------
Vector a: 0.14024601858924842790, -0.27280463481411382221, 0.05869924085451106582, 0.59315535070384850513, -0.38619278456449585013, -0.39685604716770356282, -0.23980459150535349266, -0.29022774367419695851, 0.54274254949521072433, 0.75112104345164909525, 0.38430956713087910392, 0.11561203150051686805
Vector b: 0.28049203717849696682, -0.82610130680672488879, 0.94349978851574700656, 0.24281091289195003147, -1.01519648202094181499, 0.22148438768553466161, -0.70109357069624156367, 0.12063808334784771603, 0.96484701564257357997, 0.53739507126072449950, 0.23122406300103370835
-------------------------------------------------------------------
| Order |          Error^2           |         Efficiency         |
-------------------------------------------------------------------
|   2   | 7.17464813734306340313e-42 | 7.71355063631539328000e+17 |
|   4   | 6.37590801267791767270e-44 | 1.69058984271431780000e+16 |
|   6   | 1.64179917846833301955e-45 | 2.17672666819334656250e+14 |
|   8   | 4.86810301634201559496e-12 | 8.25921313294222700059e-06 |
-------------------------------------------------------------------

Scheme evaluation results:
Order: 8, No. cycles: 22
-------------------------------------------------------------------
Vector a: -0.45263932016287172777, -0.28846583116664853419, 0.41591696639056419116, 0.65769810519685478756, -0.04523876681478148504, -1.28164361756387013003, -0.00220539166615282139, 0.32013334624552697294, 0.05876127311406167258, 0.92589065076877430371, 0.52540523913917969168, 0.16638734651936312736
Vector b: -0.90527864032574312247, 0.32834697799244572103, 0.50348695478868266129, 0.81190925560502658076, -0.90238678923458970349, -1.66090044589315066759, 1.65648966256084495541, -1.01622297006979045442, 1.13374551629791398000, 0.71803578523963396130, 0.33277469303872614370
-------------------------------------------------------------------
| Order |          Error^2           |         Efficiency         |
-------------------------------------------------------------------
|   2   | 7.56781885526946327762e-39 | 2.37503095441180720000e+16 |
|   4   | 2.31469983583334095818e-41 | 8.87282541552822750000e+14 |
|   6   | 4.70588504826136496815e-42 | 4.06577422089784033203e+12 |
|   8   | 5.05773256812409545899e-12 | 8.10290267287778989312e-06 |
-------------------------------------------------------------------

Scheme evaluation results:
Order: 8, No. cycles: 22
-------------------------------------------------------------------
Vector a: 0.35057073884446565692, -0.33414381767291145842, -0.03236398959600757241, 0.87216996950054059834, -0.12009384841903211760, -0.21548694665900419709, -0.40891045398224540319, 0.09478975815409040884, 0.14132323779031125133, -0.21037356727238201715, 0.56947431536250825435, 0.29304460394966669323
Vector b: 0.70114147768893120283, -1.36942911303475356455, 1.30470113384273833645, 0.43963880515834213858, -0.67982650199640637378, 0.24885260867839786858, -1.06667351664288823088, 1.25625303295106882651, -0.97360655737044665692, 0.55285942282568301120, 0.58608920789933327544
-------------------------------------------------------------------
| Order |          Error^2           |         Efficiency         |
-------------------------------------------------------------------
|   2   | 5.73971850987445072250e-41 | 2.72715198098221152000e+17 |
|   4   | 9.78806977330884724040e-43 | 4.31480077884016050000e+15 |
|   6   | 6.28643881766640747877e-45 | 1.11240150684495156250e+14 |
|   8   | 5.26064394356143527662e-12 | 7.94509508696383172518e-06 |
-------------------------------------------------------------------

Scheme evaluation results:
Order: 8, No. cycles: 22
-------------------------------------------------------------------
Vector a: -0.48207411795035182145, -0.32422173364390505235, 0.43366174228273146607, 0.54043394733955274489, -0.08395739599745617732, -0.73344784867073242740, 0.12617140286394296078, 1.69183315187730953788, -0.00008408105495406805, -0.88801469275902944478, 0.50628244985608461537, 0.21341717585680752833
Vector b: -0.96414823590070009018, 0.31570476861288865322, 0.55161871595257183643, 0.52924917872653520767, -0.69716397072144886682, -0.76973172662001398958, 1.02207453234790079932, 2.36159177140671472372, -2.36175993351662283359, 0.58573054799855994723, 0.42683435171361444604
-------------------------------------------------------------------
| Order |          Error^2           |         Efficiency         |
-------------------------------------------------------------------
|   2   | 1.97629987731997087277e-37 | 4.64759436544669600000e+15 |
|   4   | 7.84934707356925673246e-40 | 1.52367559134591812500e+14 |
|   6   | 2.04347608264006877809e-40 | 6.16991435457821899414e+11 |
|   8   | 5.61412943878492744788e-12 | 7.69090315504799969953e-06 |
-------------------------------------------------------------------

Scheme evaluation results:
Order: 8, No. cycles: 22
-------------------------------------------------------------------
Vector a: 1.18042849673638805541, -0.00008621141572886680, -1.66103503230178195516, -0.32515008436302561545, 0.43742015833760322652, 0.54668225307214368680, -0.08565330513685917579, -0.73977892943293799277, 0.12159338638969320601, 0.80549099220803055399, 0.50724629597495618505, 0.21284197993151876549
Vector b: 2.36085699347278099580, -2.36102941630423845965, -0.96104064829933100178, 0.31074047957327888270, 0.56409983710193090101, 0.52926466904235847100, -0.70057127931607654503, -0.77898657954980521367, 1.02217335232919159793, 0.58880863208687272969, 0.42568395986303786405
-------------------------------------------------------------------
| Order |          Error^2           |         Efficiency         |
-------------------------------------------------------------------
|   2   | 2.21359418981445535177e-38 | 1.38869104594475660000e+16 |
|   4   | 5.02044076625192415011e-40 | 1.90519026186315375000e+14 |
|   6   | 3.05820175903985806721e-40 | 5.04348633159841796875e+11 |
|   8   | 5.67974322697091899823e-12 | 7.64635050978629825810e-06 |
-------------------------------------------------------------------

Scheme evaluation results:
Order: 8, No. cycles: 22
-------------------------------------------------------------------
Vector a: -0.51410811794291266796, -0.49459566685632050387, 0.44645466271846612205, -0.19879928484375522513, 0.14384287725400599078, 0.76265439148054159357, -0.78895848800712109483, -0.10764167385196232729, 0.86038217699688657181, 0.39921865760877678353, 0.35238688898067577204, 0.13916357646271892978
Vector b: -1.02821623588582444775, 0.03902490217318328736, 0.85388442326374891511, -1.25148299295125875474, 1.53916874745927123591, -0.01385996449818605210, -1.56405701151605791566, 1.34877366381213303903, 0.37199069018163888334, 0.42644662503591446168, 0.27832715292543769303
-------------------------------------------------------------------
| Order |          Error^2           |         Efficiency         |
-------------------------------------------------------------------
|   2   | 2.68905812187618016349e-39 | 3.98432304845915040000e+16 |
|   4   | 4.00939954518386761838e-41 | 6.74170287879179750000e+14 |
|   6   | 6.17405643843763050631e-43 | 1.12248001517888378906e+13 |
|   8   | 5.74902335346970883053e-12 | 7.60013868122829772627e-06 |
-------------------------------------------------------------------

Scheme evaluation results:
Order: 8, No. cycles: 22
-------------------------------------------------------------------
Vector a: 0.20575324135673969672, 0.48310514646202140643, -0.18225660740905552659, -0.33715398795224860162, 0.31593138710865109609, -0.41576871367669077095, -0.61978343530648338788, 0.51180073332093978244, 0.10852535309431064758, 0.18248051091895534093, 0.67183006115583743245, 0.07553631092702281502
Vector b: 0.41150648271347939344, 0.55470381021056347493, -0.91921702502867441709, 0.24490904912417721384, 0.38695372509312492282, -1.21849115244650652023, -0.02107571816646036308, 1.04467718480834004247, -0.82762647861971860852, 1.19258750045762940140, 0.15107262185404563004
-------------------------------------------------------------------
| Order |          Error^2           |         Efficiency         |
-------------------------------------------------------------------
|   2   | 1.53716836342575133412e-40 | 1.66645626174190112000e+17 |
|   4   | 1.34659308599488651699e-42 | 3.67867216809597950000e+15 |
|   6   | 1.34121645093900607273e-44 | 7.61578156575906875000e+13 |
|   8   | 5.78304524548670645113e-12 | 7.57774974033275255822e-06 |
-------------------------------------------------------------------

Scheme evaluation results:
Order: 8, No. cycles: 22
-------------------------------------------------------------------
Vector a: 0.27861734878432231621, -0.10023867761805912990, -0.07045620222752457806, 0.68535299916702396850, -0.04483738061430860011, -0.22627843714504802808, 0.32440992449696209876, -0.70200264172224957626, -0.00869293462357969768, 0.10720535676901894739, 0.02095924418412824231, 0.73596140054931402652
Vector b: 0.55723469756864518754, -0.75771205280476305877, 0.61679964834971379162, 0.75390634998433359026, -0.84358111121295076273, 0.39102423692285459556, 0.25779561207106965748, -1.66180089551556875449, 1.64441502626840918566, -1.43000431273037142965, 1.47192280109862783100
-------------------------------------------------------------------
| Order |          Error^2           |         Efficiency         |
-------------------------------------------------------------------
|   2   | 1.49232681256735718785e-39 | 5.34838506444673680000e+16 |
|   4   | 3.27623580959142231182e-42 | 2.35842299296282550000e+15 |
|   6   | 7.39629687979100346268e-44 | 3.24307317204281523438e+13 |
|   8   | 5.87378538867827952294e-12 | 7.51899015398429515635e-06 |
-------------------------------------------------------------------

Scheme evaluation results:
Order: 8, No. cycles: 22
-------------------------------------------------------------------
Vector a: -0.38168480018020134459, -0.13210998413612409785, -0.14515152737509162684, 0.13943177251139196593, 0.10644191973780574301, -0.17659675216881723370, 0.49125615138690803541, 0.51342474922761172085, 0.45846160081150288956, -0.40401927696312311955, -0.02932334438092354389, 0.55986949152906062555
Vector b: -0.76336960036040268918, 0.49914963208815443796, -0.78945268683833780266, 1.06831623186112145696, -0.85543239238551027626, 0.50223888804787619744, 0.48027341472593987337, 0.54657608372928379037, 0.37034711789372198876, -1.17838567181996789479, 1.11973898305812080700
-------------------------------------------------------------------
| Order |          Error^2           |         Efficiency         |
-------------------------------------------------------------------
|   2   | 5.73971850987445072250e-41 | 2.72715198098221152000e+17 |
|   4   | 1.54142831075729877802e-42 | 3.43833043180634150000e+15 |
|   6   | 2.38391795876664802578e-44 | 5.71239542167838125000e+13 |
|   8   | 5.99907775403446219855e-12 | 7.44005777435817006269e-06 |
-------------------------------------------------------------------

Scheme evaluation results:
Order: 8, No. cycles: 22
-------------------------------------------------------------------
Vector a: -0.64710954200323322905, 0.18690005564896861046, 0.18521460988231008837, -0.48503045943199918355, 0.34322573690017310621, -0.36343497977053496051, -0.05028096124036394998, 0.68814526756696914322, 0.78653675795796262893, -0.25613922622628187975, -0.11758660149684860285, 0.72955934221287821462
Vector b: -1.29421908400646645809, 1.66801919530440367900, -1.29758997553978350226, 0.32752905667578519067, 0.35892241712456096625, -1.08579237666563077624, 0.98523045418490284852, 0.39106008094903543792, 1.18201343496688981993, -1.69429188741945346841, 1.45911868442575642923
-------------------------------------------------------------------
| Order |          Error^2           |         Efficiency         |
-------------------------------------------------------------------
|   2   | 1.43492962746861268063e-41 | 5.45430396196442304000e+17 |
|   4   | 1.02799255342868580323e-41 | 1.33141759619073350000e+15 |
|   6   | 3.38200271128460284678e-43 | 1.51662056058902402344e+13 |
|   8   | 6.08752988312875067166e-12 | 7.38580777422091986207e-06 |
-------------------------------------------------------------------

Scheme evaluation results:
Order: 8, No. cycles: 22
-------------------------------------------------------------------
Vector a: 0.15433220775589318041, 0.23478360076342696949, 0.14586579711211969390, -0.33579324801679072410, -0.77377589278347569390, -0.29787723683424299770, 0.54401886953330691465, 0.69325705517720581650, -0.30228359881894006911, -0.01790488155200877299, 0.73184261720109600180, 0.22353471046240958042
Vector b: 0.30866441551178636082, 0.16090278601506777245, 0.13082880820917131004, -0.80241530424275264721, -0.74513648132419874059, 0.14938200765571268969, 0.93865573141090119513, 0.44785837894351038235, -1.05242557658139057608, 1.01661581347737284275, 0.44706942092481916085
-------------------------------------------------------------------
| Order |          Error^2           |         Efficiency         |
-------------------------------------------------------------------
|   2   | 4.66352128927299121203e-41 | 3.02550347797371008000e+17 |
|   4   | 2.39797199707584321262e-43 | 8.71740499720268200000e+15 |
|   6   | 2.81636701243602913382e-45 | 1.66195511564377968750e+14 |
|   8   | 6.36512759155476199777e-12 | 7.22295645400859223086e-06 |
-------------------------------------------------------------------

Scheme evaluation results:
Order: 8, No. cycles: 22
-------------------------------------------------------------------
Vector a: -0.42968120131617926205, -0.14760289796847597676, 0.96833791449065564905, -0.01314233146242310343, -0.48919740742737416461, -0.34990531821300790982, -0.89310624859087395233, -0.00231060241505845433, 0.93653260828762652235, 0.86489817278530212175, 0.40711433455614909338, 0.14806297727365944072
Vector b: -0.85936240263235796899, 0.56415660669541078942, 1.37251922228588441044, -1.39880388521073006913, 0.42040907035599217600, -1.12021970678200011307, -0.66599279039975933792, 0.66137158556964237288, 1.21169363100562010871, 0.51810271456498024900, 0.29612595454731721611
-------------------------------------------------------------------
| Order |          Error^2           |         Efficiency         |
-------------------------------------------------------------------
|   2   | 1.79366203433576585078e-41 | 4.87847777155955072000e+17 |
|   4   | 3.22232960929192700512e-42 | 2.37806814661887700000e+15 |
|   6   | 3.16590789372129306702e-43 | 1.56752608720372753906e+13 |
|   8   | 6.38727893811779164918e-12 | 7.21042082073362472348e-06 |
-------------------------------------------------------------------

Scheme evaluation results:
Order: 8, No. cycles: 22
-------------------------------------------------------------------
Vector a: 0.27100446920251214378, -0.51711518886242002768, -1.10046572660606067906, -0.00248187739649504075, 1.09585259168414883568, 1.05179971220344858907, -0.21678667933124753930, -0.32138579887843454763, 0.35910200164641453702, -0.24834562645396829339, 0.09129334340423163330, 0.53752877938787013701
Vector b: 0.54200893840502495369, -1.57623931612985623829, -0.62469213708227067094, 0.61972838228928062154, 1.57197680107902271196, 0.53162262332786514030, -0.96519598199035994135, 0.32242438423348979137, 0.39577961905933989328, -0.89247087196727614700, 1.07505755877573982993
-------------------------------------------------------------------
| Order |          Error^2           |         Efficiency         |
-------------------------------------------------------------------
|   2   | 7.71992139578113622177e-40 | 7.43615098471471360000e+16 |
|   4   | 3.91410687055207904250e-41 | 6.82327597239012875000e+14 |
|   6   | 1.13434358036551579929e-42 | 8.28116821014951562500e+12 |
|   8   | 6.84039597330456399974e-12 | 6.96751531661376840459e-06 |
-------------------------------------------------------------------

Scheme evaluation results:
Order: 8, No. cycles: 22
-------------------------------------------------------------------
Vector a: 0.21744387658283900744, 0.41415837557604467944, -0.37550259523063872491, -0.61126455640749888243, 0.50925473986960356765, 0.71596065449618251364, -0.26769798700136943070, -0.21908000169943106505, -0.18911736467156878283, -0.31692284428242090133, 0.60561933045113436336, 0.51714837231712362797
Vector b: 0.43488775316567812590, 0.39342899798641106646, -1.14443418844768829423, -0.07809492436730922083, 1.09660440410651616183, 0.33531690488584892096, -0.87071287888858772686, 0.43255287548972565226, -0.81078760483286316241, 0.17694191626802149853, 1.03429674463424725595
-------------------------------------------------------------------
| Order |          Error^2           |         Efficiency         |
-------------------------------------------------------------------
|   2   | 4.59177480789956057800e-41 | 3.04904860722471936000e+17 |
|   4   | 8.23963497022992437703e-43 | 4.70278680119278100000e+15 |
|   6   | 1.61320807981153478429e-44 | 6.94414404196512031250e+13 |
|   8   | 7.47628704733377086223e-12 | 6.66462272556295573538e-06 |
-------------------------------------------------------------------

Scheme evaluation results:
Order: 8, No. cycles: 22
-------------------------------------------------------------------
Vector a: 0.82747440990906206970, -0.00125387520520724095, -0.30020078588941473408, 0.71617583165120601851, -0.02130315338097232836, -0.69025508585759409730, -0.24312788902092566379, 0.42251050485232394260, -0.24974057580220376806, -0.15263591141113830307, 0.48689799418445406376, 0.20545853597040994454
Vector b: 1.65494881981812436145, -1.65745657022853887241, 1.05705499844970929324, 0.37529666485270229970, -0.41790297161464695641, -0.96260720010054090512, 0.47635142205868974408, 0.36866958764595764153, -0.86815073925036456703, 0.56287891642808807191, 0.41091707194081977805
-------------------------------------------------------------------
| Order |          Error^2           |         Efficiency         |
-------------------------------------------------------------------
|   2   | 9.30551863413395323386e-40 | 6.77305101567314560000e+16 |
|   4   | 4.56825050992970771142e-41 | 6.31588656010690875000e+14 |
|   6   | 2.02029901101744517691e-42 | 6.20520436679418261719e+12 |
|   8   | 7.58052309519872653155e-12 | 6.61864314178919514671e-06 |
-------------------------------------------------------------------

Scheme evaluation results:
Order: 8, No. cycles: 22
-------------------------------------------------------------------
Vector a: 0.14919973449574275293, 0.50557047744951699730, 0.39740373289806690815, -0.40656688703494553438, -0.32526125464321342662, 0.38862117355011543962, -0.40296049497689134800, 0.10220551802345466397, 0.76576959997371563116, -0.78952868731046643713, -0.08415131774742043436, 0.69969840532232485675
Vector b: 0.29839946899148517279, 0.71274148590754915489, 0.08206597988858461978, -0.89519975395847561916, 0.24467724467204923777, 0.53256510242818133616, -1.33848609238196436522, 1.54289712842887327682, -0.01135792848144225042, -1.56769944613949041567, 1.39939681064464993554
-------------------------------------------------------------------
| Order |          Error^2           |         Efficiency         |
-------------------------------------------------------------------
|   2   | 2.02181584510327526700e-38 | 1.45306097970882260000e+16 |
|   4   | 2.58735748452934223975e-41 | 8.39230111554928125000e+14 |
|   6   | 1.52518645416701052351e-43 | 2.25840821728413007812e+13 |
|   8   | 7.58217172390413632069e-12 | 6.61792354068534625607e-06 |
-------------------------------------------------------------------

Scheme evaluation results:
Order: 8, No. cycles: 22
-------------------------------------------------------------------
Vector a: 0.19338752400314246360, -0.77948152135562931431, 0.21797654821580073059, 0.26454545671115414773, -0.77343835511486058731, 0.33450327235855870089, 0.67897019282961634801, -0.02883651363803449788, 0.47086942326645009338, -0.19722756657452142348, -0.28776533320014890949, 0.90649687249847221704
Vector b: 0.38677504800628470516, -1.94573809071754300071, 2.38169118714914418433, -1.85260027372683588887, 0.30572356349711460322, 0.36328298122000263204, 0.99465740443922923131, -1.05233043171529860871, 1.99406927824819968365, -2.38852441139724236407, 1.81299374499694465612
-------------------------------------------------------------------
| Order |          Error^2           |         Efficiency         |
-------------------------------------------------------------------
|   2   | 2.46795340290361030707e-38 | 1.31518292127591620000e+16 |
|   4   | 1.52183815822603783536e-40 | 3.46038995026074250000e+14 |
|   6   | 4.11286645800660193641e-42 | 4.34902206233851171875e+12 |
|   8   | 8.29202648279670611968e-12 | 6.32831681560612888717e-06 |
-------------------------------------------------------------------

Scheme evaluation results:
Order: 8, No. cycles: 22
-------------------------------------------------------------------
Vector a: 0.16375320091833317493, 0.74688295640564394962, -0.01238123977985876832, -1.61802455386877563903, 0.00505019964976455901, 1.20132558486796936492, -0.32211752468488519252, -0.01969249841727478342, -0.80729805688081601733, -0.00113975059391022886, 1.47299342077746375779, 0.19064826160634593122
Vector b: 0.32750640183666579475, 1.16625951097462343675, -1.19102199053434110176, -2.04502711720321306288, 2.05512751650274205772, 0.34752365323320022483, -0.99175870260296816738, 0.95237370576841851033, -2.56696981953005698429, 2.56469031834223626376, 0.38129652321269263959
-------------------------------------------------------------------
| Order |          Error^2           |         Efficiency         |
-------------------------------------------------------------------
|   2   | 1.69008666143064018458e-36 | 1.58927902337811700000e+15 |
|   4   | 2.26772130481685146588e-40 | 2.83474786328175687500e+14 |
|   6   | 3.32118367688262509242e-41 | 1.53044408667090258789e+12 |
|   8   | 8.42851103426366129842e-12 | 6.27686984792654603204e-06 |
-------------------------------------------------------------------

Scheme evaluation results:
Order: 8, No. cycles: 22
-------------------------------------------------------------------
Vector a: -0.31900085707039282923, -0.14257445493766573996, 0.82554142139352437724, 0.09343277442988129344, -0.45133259865363895003, 0.21856490029956121557, -0.53982968258039987219, -0.63444632143750212538, 0.58846046470374213655, 0.81345688307728158950, 0.39616125220716530420, 0.15156621856844376683
Vector b: -0.63800171414078565846, 0.35285280426545423405, 1.29823003852159435390, -1.11136448966183176701, 0.20869929235455386696, 0.22843050824456864745, -1.30808987340536830857, 0.03919723053036414107, 1.13772369887711999326, 0.48919006727744307472, 0.30313243713688753367
-------------------------------------------------------------------
| Order |          Error^2           |         Efficiency         |
-------------------------------------------------------------------
|   2   | 2.33176064463649560602e-40 | 1.35304628858225072000e+17 |
|   4   | 3.24926081415316958320e-43 | 7.48888204486449800000e+15 |
|   6   | 1.30963359310396613826e-44 | 7.70706482320304843750e+13 |
|   8   | 8.84380082993796090313e-12 | 6.12772231862389277706e-06 |
-------------------------------------------------------------------

Scheme evaluation results:
Order: 8, No. cycles: 22
-------------------------------------------------------------------
Vector a: 0.35501221980325325944, -0.19035313426913749724, 0.17099866090884280334, 0.55648176028604257048, -0.05868937041638264129, -0.65786484186686744469, -0.05322519926885061620, 0.82810741917476982099, -0.47009432203609913259, -0.34587106139937828786, 0.55599801100923673669, 0.30949985807457053300
Vector b: 0.71002443960650640786, -1.09073070814478101376, 1.43272802996246650942, -0.31976450939038131294, 0.20238576855761605811, -1.51811545229135114177, 1.41166505375364992325, 0.24454978459588960771, -1.18473842866808798391, 0.49299630586933179677, 0.61899971614914106599
-------------------------------------------------------------------
| Order |          Error^2           |         Efficiency         |
-------------------------------------------------------------------
|   2   | 5.79711569497319522973e-40 | 8.58121245522651360000e+16 |
|   4   | 4.85549917888549115075e-43 | 6.12621640873230100000e+15 |
|   6   | 1.78279072424334845052e-44 | 6.60562221529445781250e+13 |
|   8   | 9.03064993570503348008e-12 | 6.06399800325842164501e-06 |
-------------------------------------------------------------------

Scheme evaluation results:
Order: 8, No. cycles: 22
-------------------------------------------------------------------
Vector a: 0.13206572702503135974, 0.48567896510896990669, 0.39132551602043147421, -0.41532576226611600534, -0.27379906697629086132, -0.58440981180678341911, -0.00493539592878223816, 0.98619109696171214363, -0.33348319017539140852, -0.57025924874987199420, 0.58882641003500169052, 0.59812476075208931281
Vector b: 0.26413145405006266397, 0.70722647616787714941, 0.07542455587298574349, -0.90607608040521780968, 0.35847794645263614255, -1.52729757006620281423, 1.51742677820863836047, 0.45495541571478598231, -1.12192179606556874383, -0.01859670143417516477, 1.19624952150417862562
-------------------------------------------------------------------
| Order |          Error^2           |         Efficiency         |
-------------------------------------------------------------------
|   2   | 4.87876073339328311413e-41 | 2.95801163887763136000e+17 |
|   4   | 2.69329564843229841032e-42 | 2.60116116852015500000e+15 |
|   6   | 4.04955071470781517235e-44 | 4.38288922194056875000e+13 |
|   8   | 9.72922569780611393231e-12 | 5.84224027474585817370e-06 |
-------------------------------------------------------------------

Scheme evaluation results:
Order: 8, No. cycles: 22
-------------------------------------------------------------------
Vector a: 0.17257330956229233188, 0.63916601640060721756, -0.13414167099422766305, -0.28558719223340101045, -0.08796026758373683141, 0.29527037321868510045, 0.10846654235429133151, -0.47881887602809020121, 0.45949399920414152332, -0.45318547116631668903, -0.01843191254276068183, 0.78315514980851563820
Vector b: 0.34514661912458460824, 0.93318541367662988240, -1.20146875566508515298, 0.63029437119828313207, -0.80621490636575676714, 1.39675565280312707905, -1.17982256809454444380, 0.22218481603836390259, 0.69680318236991922731, -1.60317412470255260537, 1.56631029961703127640
-------------------------------------------------------------------
| Order |          Error^2           |         Efficiency         |
-------------------------------------------------------------------
|   2   | 8.21497211725780759658e-40 | 7.20861102120396320000e+16 |
|   4   | 3.87038635846514474989e-42 | 2.16986201155939750000e+15 |
|   6   | 2.51459861975365818808e-43 | 1.75885314089241113281e+13 |
|   8   | 1.02996090798810577363e-11 | 5.67816727894669505731e-06 |
-------------------------------------------------------------------

Scheme evaluation results:
Order: 8, No. cycles: 22
-------------------------------------------------------------------
Vector a: 0.17614334018340779831, 0.57277016953059056714, -0.07026627775851865265, -0.23929561894656170562, -0.24265773355376260567, 0.12800763848444399184, 0.19685218468651249912, -0.11811775437026501845, -0.34908180474424566064, -0.04946217441739777371, 0.78901029118660681583, 0.20609773971918990410
Vector b: 0.35228668036681548559, 0.79325365869436570421, -0.93378621421140306502, 0.45519497631827965378, -0.94051044342580492064, 1.19652572039469284881, -0.80282135102166785057, 0.56658584228113784143, -1.26474945176962916271, 1.16582510293483365693, 0.41219547943837980819
-------------------------------------------------------------------
| Order |          Error^2           |         Efficiency         |
-------------------------------------------------------------------
|   2   | 1.17664229452426239811e-40 | 1.90472556468599712000e+17 |
|   4   | 3.72920553818441943000e-43 | 6.99038533800174000000e+15 |
|   6   | 1.96675498102722620309e-44 | 6.28910413295402890625e+13 |
|   8   | 1.06519746314604794453e-11 | 5.58346106064770722569e-06 |
-------------------------------------------------------------------

Scheme evaluation results:
Order: 8, No. cycles: 22
-------------------------------------------------------------------
Vector a: 0.18270280842014258171, 0.86158621198918738937, 0.03719844978006774799, 0.05129310722248309196, -0.02401347960937122092, -0.45665133839581650843, -0.11462858611075064930, -0.10402752251776026249, 0.46953974882649546219, -0.10233963574806174968, -0.05079894130657788137, 0.25013917744996194692
Vector b: 0.36540561684027167422, 1.35776680713805220080, -1.28336990757791413742, 1.38595612202287443715, -1.43398308124161832922, 0.52068040445003482830, -0.74993757667154248292, 0.54188253163603961049, 0.39719696601695420046, -0.60187623751308427789, 0.50027835489993255358
-------------------------------------------------------------------
| Order |          Error^2           |         Efficiency         |
-------------------------------------------------------------------
|   2   | 1.06184792432677338366e-38 | 2.00504201309021560000e+16 |
|   4   | 4.56634124077206514817e-41 | 6.31720681483027750000e+14 |
|   6   | 6.68882701936491065315e-42 | 3.41027132004878662109e+12 |
|   8   | 1.06819408341295832247e-11 | 5.57562387843039696146e-06 |
-------------------------------------------------------------------

Scheme evaluation results:
Order: 8, No. cycles: 22
-------------------------------------------------------------------
Vector a: 0.24252199921521760961, -0.15775060654065900523, -0.72376869848402125562, -0.15235515271862232201, 1.35886712735816006514, -0.00368991551653090766, -0.80813251118766404879, 0.59974622310431946470, -0.92096255143564398349, 0.00481384334623401189, 1.35147463453395455524, 0.20923560832525578412
Vector b: 0.48504399843042761420, -0.80054521151173985150, -0.64699218545629766375, 0.34228188001904413795, 2.37545237469735193159, -2.38283220573041454315, 0.76656718335501550232, 0.43292526285362564753, -2.27485036572498033891, 2.28447805241744950067, 0.41847121665051822959
-------------------------------------------------------------------
| Order |          Error^2           |         Efficiency         |
-------------------------------------------------------------------
|   2   | 1.31359915281800413542e-37 | 5.70063465354958400000e+15 |
|   4   | 5.07508965473751160985e-40 | 1.89490489353366531250e+14 |
|   6   | 1.21405508125391557858e-41 | 2.53130641401164404297e+12 |
|   8   | 1.10651972304599083838e-11 | 5.47821375130439053281e-06 |
-------------------------------------------------------------------

Scheme evaluation results:
Order: 8, No. cycles: 22
-------------------------------------------------------------------
Vector a: -0.36787268937706613103, 0.50607588777359024945, -0.00166707841067222041, -0.54964720770146879847, 0.52720118066408960811, 0.36989333781448985317, 0.37024454118128885538, -0.25483925090532355551, -0.05407010462221908259, -0.17947392511459286935, 0.02616415056457908200, 0.60799115813330495417
Vector b: -0.73574537875413215104, 1.74789715430131264995, -1.75123131112265695286, 0.65193689571971957797, 0.40246546560845941620, 0.33732121002052051217, 0.40316787234205708756, -0.91284637415270419858, 0.80470616490826607503, -1.16365401513745192474, 1.21598231626661013038
-------------------------------------------------------------------
| Order |          Error^2           |         Efficiency         |
-------------------------------------------------------------------
|   2   | 3.73081703141839296963e-41 | 3.38261572145562688000e+17 |
|   4   | 2.12156587498777304538e-42 | 2.93076513268381500000e+15 |
|   6   | 4.19980713207389419031e-44 | 4.30377186084971484375e+13 |
|   8   | 1.19664594623797691942e-11 | 5.26787809674869681722e-06 |
-------------------------------------------------------------------

Scheme evaluation results:
Order: 8, No. cycles: 22
-------------------------------------------------------------------
Vector a: -0.47734408471663980489, -0.65134946508215663119, -0.02945272778642070433, 0.72757596425918102945, 0.09267547944582661679, -0.26970876441016911063, 0.50056310290595962265, 0.54053926671871477261, 0.43274197984932943895, -0.49310453483683069908, -0.01918374969805581795, 0.64604753335126141600
Vector b: -0.95468816943327905467, -0.34801076073103448527, 0.28910530515819310438, 1.16604662336016962065, -0.98069566446851619279, 0.44127813564817702785, 0.55984807016374216193, 0.52123046327368660613, 0.34425349642497299341, -1.33046256609863577935, 1.29209506670252394223
-------------------------------------------------------------------
| Order |          Error^2           |         Efficiency         |
-------------------------------------------------------------------
|   2   | 6.55762839753155995046e-39 | 2.55141577848978840000e+16 |
|   4   | 3.76949286903375792078e-42 | 2.19870930152384800000e+15 |
|   6   | 2.33145479482519033588e-44 | 5.77630897289812187500e+13 |
|   8   | 1.24073913030077874872e-11 | 5.17342686312241068674e-06 |
-------------------------------------------------------------------

Scheme evaluation results:
Order: 8, No. cycles: 22
-------------------------------------------------------------------
Vector a: -0.41659236962437246055, -0.15378457883241813953, 0.53636168405427264716, -0.28730978472940893464, -0.77422095561866521862, -0.02013933955282521185, 0.77899080846968438152, 0.81329821118680778458, 0.37708736129541398086, -0.69990275027816617470, -0.00162652857633316687, 0.84783824220601067267
Vector b: -0.83318473924874492109, 0.52561558158390864204, 0.54710778652463643024, -1.12172735598345418850, -0.42671455525387619323, 0.38643587614822572096, 1.17154574079114293106, 0.45505068158247263810, 0.29912404100835526810, -1.69892954156468745097, 1.69567648441202112330
-------------------------------------------------------------------
| Order |          Error^2           |         Efficiency         |
-------------------------------------------------------------------
|   2   | 3.45100575406201349691e-40 | 1.11219719810097104000e+17 |
|   4   | 6.51323526218174974565e-42 | 1.67267241200215100000e+15 |
|   6   | 2.42203628759845249796e-43 | 1.79214684606392968750e+13 |
|   8   | 1.25329899365283538475e-11 | 5.14743899119624454393e-06 |
-------------------------------------------------------------------

Scheme evaluation results:
Order: 8, No. cycles: 22
-------------------------------------------------------------------
Vector a: -0.38086003209982294271, -0.11827752707939387378, 0.85291021927533838820, 0.12751811524972306300, -0.13731678511642059215, -0.19665772108683055031, -0.16092820942755947655, 0.55274095798627842502, 0.33952091911858928164, -0.54758334944312214709, -0.01332611175012580855, 0.68225952437334635992
Vector b: -0.76172006419964544133, 0.52516501004085791582, 1.18065542850981941569, -0.92561919801037351174, 0.65098562777753365971, -1.04430106995119409419, 0.72244465109607469699, 0.38303726487647915544, 0.29600457336069985192, -1.39117127224694403509, 1.36451904874669249779
-------------------------------------------------------------------
| Order |          Error^2           |         Efficiency         |
-------------------------------------------------------------------
|   2   | 3.32042715796236974297e-39 | 3.58556549361914800000e+16 |
|   4   | 3.55369290552773609186e-42 | 2.26448437858017750000e+15 |
|   6   | 2.78455042132709163684e-44 | 5.28550358726871953125e+13 |
|   8   | 1.28987421271332330062e-11 | 5.07393469469435069952e-06 |
-------------------------------------------------------------------

Scheme evaluation results:
Order: 8, No. cycles: 22
-------------------------------------------------------------------
Vector a: -0.56344832914293774273, 0.50404149607351123041, 0.05662564890826201486, -0.88672335086197617837, 0.47379373237194211121, 0.45151319441707821190, 0.58131363605371455527, -0.61632932531854145441, -0.49274492614229281617, -0.00264702400045529161, 0.44446023795131262002, 1.05014500969038282463
Vector b: -1.12689665828587526342, 2.13497965043289772424, -2.02172835261637384718, 0.24828165089242079655, 0.69930581385146350915, 0.20372057498269433018, 0.95890669712473297626, -2.19156534776181599611, 1.20607549547723014172, -1.21136954347814085331, 2.10029001938076609335
-------------------------------------------------------------------
| Order |          Error^2           |         Efficiency         |
-------------------------------------------------------------------
|   2   | 2.17696761107331901309e-39 | 4.42821454948099600000e+16 |
|   4   | 3.90067192152536485884e-41 | 6.83501645814561000000e+14 |
|   6   | 2.59073508081381519620e-42 | 5.47964485611581250000e+12 |
|   8   | 1.33100474306315647048e-11 | 4.99492247317864424450e-06 |
-------------------------------------------------------------------

Scheme evaluation results:
Order: 8, No. cycles: 22
-------------------------------------------------------------------
Vector a: 0.26254100175733735556, 0.54320019917673922905, -0.12582916951840228403, -0.19924742590803692921, 0.32065018534911804426, -0.52515885071942136619, -0.58374733354874652758, 0.72320678576122365833, -0.07195884983136305313, -0.76887737842461101323, 0.69834416579205615960, 0.72687667011410672657
Vector b: 0.52508200351467482214, 0.56131839483880330288, -0.81297673387560787095, 0.41448188205953384600, 0.22681848863870265887, -1.27713619007754553003, 0.10964152298005273856, 1.33677204854239417564, -1.48068974820512044843, -0.05706500864410134211, 1.45375334022821345314
-------------------------------------------------------------------
| Order |          Error^2           |         Efficiency         |
-------------------------------------------------------------------
|   2   | 2.29588740394978028900e-40 | 1.36357599049110576000e+17 |
|   4   | 2.62323072521605755677e-42 | 2.63566998874875950000e+15 |
|   6   | 1.40856667376685338408e-43 | 2.35003976275378750000e+13 |
|   8   | 1.36705395018577096681e-11 | 4.92862444077571134704e-06 |
-------------------------------------------------------------------

Scheme evaluation results:
Order: 8, No. cycles: 22
-------------------------------------------------------------------
Vector a: 0.16558654765424848931, -0.72965781930130191313, -0.89544806808984700464, 0.89488171880631028898, 1.01681193007674908202, -0.29457210595359556438, -0.76018065560798930846, -0.24138315537692012214, 0.54384690073095320884, 0.65919873943080697920, 0.42938334523588567171, 0.21153262239470010941
Vector b: 0.33117309530850125299, -1.79048873391111396103, -0.00040740226858990256, 1.79017083988122038818, 0.24345302027228110653, -0.83259723217947134710, -0.68776407903650715880, 0.20499776828266644269, 0.88269603317924083541, 0.43570144568237212379, 0.42306524478940021883
-------------------------------------------------------------------
| Order |          Error^2           |         Efficiency         |
-------------------------------------------------------------------
|   2   | 3.15225340562304833680e-38 | 1.16370815309586620000e+16 |
|   4   | 4.93602129189175595169e-41 | 6.07604196222490375000e+14 |
|   6   | 9.82981835808048733639e-43 | 8.89592614529524023438e+12 |
|   8   | 1.39897619380335301461e-11 | 4.87206856257237701057e-06 |
-------------------------------------------------------------------

Scheme evaluation results:
Order: 8, No. cycles: 22
-------------------------------------------------------------------
Vector a: 0.29985802669513067498, -0.46198187931622708424, -0.76572089030389867137, 0.75538285730901011394, 1.00613939831365084565, -0.23661696482895444582, -0.32276792923632424692, 0.32667453738544782738, -0.27841698887527538409, -0.42004303598693121247, 0.56090838340671655970, 0.53658448543765502325
Vector b: 0.59971605339026123893, -1.52367981202271374208, -0.00776196858508352086, 1.51852768320310360650, 0.49375111342419669702, -0.96698504308210542213, 0.32144918460945803851, 0.33189989016143606193, -0.88873386791198583090, 0.04864779593812344760, 1.07316897087530938038
-------------------------------------------------------------------
| Order |          Error^2           |         Efficiency         |
-------------------------------------------------------------------
|   2   | 1.43492962746861268063e-41 | 5.45430396196442304000e+17 |
|   4   | 2.51392944499872182524e-42 | 2.69235754901666300000e+15 |
|   6   | 4.44229745226760276938e-44 | 4.18465922700154218750e+13 |
|   8   | 1.41904917107124649473e-11 | 4.83748722641171041313e-06 |
-------------------------------------------------------------------

Scheme evaluation results:
Order: 8, No. cycles: 22
-------------------------------------------------------------------
Vector a: 0.12840285516290528278, 0.25162457073887528614, 0.28104334693239246823, -0.39397156686460466091, -0.02800829128796320303, 0.64990899117112332917, -0.36813236749733513342, -0.28348958640992016900, -0.08249079577060580704, -0.25649869574298189701, 0.56918525246060625022, 0.53242628710750816712
Vector b: 0.25680571032581078761, 0.24644343115193956262, 0.31564326271284537384, -1.10358639644205469565, 1.04756981386612824103, 0.25224816847611852833, -0.98851290347078879517, 0.42153373065094851269, -0.58651532219216007125, 0.07351793070619626336, 1.06485257421501633424
-------------------------------------------------------------------
| Order |          Error^2           |         Efficiency         |
-------------------------------------------------------------------
|   2   | 5.73971850987445072250e-41 | 2.72715198098221152000e+17 |
|   4   | 7.87529736950547193859e-43 | 4.81034024405221200000e+15 |
|   6   | 3.39992776817871876241e-45 | 1.51261732313275343750e+14 |
|   8   | 1.45413412704046419738e-11 | 4.77877210483607860566e-06 |
-------------------------------------------------------------------

Scheme evaluation results:
Order: 8, No. cycles: 22
-------------------------------------------------------------------
Vector a: 0.31501852076586100981, 0.42673729011385563847, -0.49503064355327336399, -0.50260979421551021940, 0.15075498258381420102, -0.33504884227387110585, 0.20505299670048021676, 0.06448326996798289801, -0.33272217918042473750, 0.75191715181464624518, 0.65692632268354278491, 0.09452092459289647419
Vector b: 0.63003704153172201963, 0.22343753869598925732, -1.21349882580253609632, 0.20827923737151574080, 0.09323072779611249472, -0.76332841234385462315, 1.17343440574481516769, -1.04446786580884931617, 0.37902350744799984117, 1.12481079618129253817, 0.18904184918579294838
-------------------------------------------------------------------
| Order |          Error^2           |         Efficiency         |
-------------------------------------------------------------------
|   2   | 1.21969018334832077853e-41 | 5.91602327775526272000e+17 |
|   4   | 7.09385452275933566888e-43 | 5.06836797063075900000e+15 |
|   6   | 7.32255075773955262807e-45 | 1.03070105287708671875e+14 |
|   8   | 1.50052992785031517726e-11 | 4.70431313920564977336e-06 |
-------------------------------------------------------------------

Scheme evaluation results:
Order: 8, No. cycles: 22
-------------------------------------------------------------------
Vector a: 0.20200366085756296664, 0.43245962091160844443, -0.23994914878769449396, 0.11330923874708165311, 0.18447636775121170616, -0.19535761546745572526, -0.23965088437176010339, -0.04565094917896880822, 0.64040181977174515104, -0.37536400677721437624, -0.04728181522106519180, 0.57060371176494883994
Vector b: 0.40400732171512593327, 0.46091192010809084456, -0.94081021768348005452, 1.16742869517764336074, -0.79847595967521989291, 0.40776072874030855342, -0.88706249748382870468, 0.79576059912589103273, 0.48504304041759926935, -1.23577105397202813286, 1.14120742352989767987
-------------------------------------------------------------------
| Order |          Error^2           |         Efficiency         |
-------------------------------------------------------------------
|   2   | 1.43492962746861268063e-41 | 5.45430396196442304000e+17 |
|   4   | 1.82168800362226219220e-42 | 3.16280398649851150000e+15 |
|   6   | 2.93740690420314834273e-44 | 5.14614310991366953125e+13 |
|   8   | 1.55866692410250283917e-11 | 4.61574591145522844672e-06 |
-------------------------------------------------------------------

Scheme evaluation results:
Order: 8, No. cycles: 22
-------------------------------------------------------------------
Vector a: 0.34047631515595533358, -0.09152120856841398921, -0.92824249505460421084, 0.05505642289942591638, 0.94160751055293590017, 0.52923508146992392920, -0.30816793401874509328, 0.47247094961413138581, -0.00087060250271205194, -0.72770648377121971428, 0.45519720586716994060, 0.26246523835615270803
Vector b: 0.68095263031190989000, -0.86399504744873756312, -0.99248994266047041446, 1.10260278845932191416, 0.78061223264655021925, 0.27785793029329741710, -0.89419379833078727060, 1.83913569755904870995, -1.84087690256447289450, 0.38546393502203446513, 0.52493047671230541606
-------------------------------------------------------------------
| Order |          Error^2           |         Efficiency         |
-------------------------------------------------------------------
|   2   | 2.68303141744081199023e-38 | 1.26136785542402960000e+16 |
|   4   | 4.24758087259977738496e-40 | 2.07127826769639031250e+14 |
|   6   | 8.06320996261180396699e-42 | 3.10606064293853955078e+12 |
|   8   | 1.60169206328023863091e-11 | 4.55332910826555437478e-06 |
-------------------------------------------------------------------

Scheme evaluation results:
Order: 8, No. cycles: 22
-------------------------------------------------------------------
Vector a: -0.65592884329539302701, 0.05449625584244443405, -0.02365396956601685183, -1.02686599202162787137, -0.00245061044367514370, 0.98371785847019976856, 0.87288916087311008152, 0.45754736003824836299, -0.11536825119340546331, -0.15347931875470943730, 0.42451251362538283685, 0.18458383642544232139
Vector b: -1.31185768659076540388, 1.42085019827565273154, -1.46815813740768486007, -0.58557384663558265103, 0.58067262574823230725, 1.38676309119218021948, 0.35901523055401224349, 0.55607948952248587027, -0.78681599190929862875, 0.47985735439988297379, 0.36916767285088492034
-------------------------------------------------------------------
| Order |          Error^2           |         Efficiency         |
-------------------------------------------------------------------
|   2   | 4.66352128927299121203e-41 | 3.02550347797371008000e+17 |
|   4   | 7.86601376717932002550e-41 | 4.81317802940636875000e+14 |
|   6   | 2.80796378205486682620e-42 | 5.26342166976213476562e+12 |
|   8   | 1.61490164587802085329e-11 | 4.53466819426309648052e-06 |
-------------------------------------------------------------------

Scheme evaluation results:
Order: 8, No. cycles: 22
-------------------------------------------------------------------
Vector a: 0.16120967019421983402, 0.55888418370948744762, -0.27291926991196646668, -0.98027040326560166417, 0.00704994996011849926, 1.15934352675468388405, -0.02207328254632482875, -0.10523234690309300754, 0.16008615739846276949, -0.21356992214124451146, 0.46664677490549033578, 0.08084496184576768496
Vector b: 0.32241934038843983457, 0.79534902703053578232, -1.34118756685447060306, -0.61935323967674094092, 0.63345313959697790995, 1.68523391391239907300, -1.72938047900504887622, 1.51891578519886238929, -1.19874347040193574010, 0.77160362611944521838, 0.16168992369153586952
-------------------------------------------------------------------
| Order |          Error^2           |         Efficiency         |
-------------------------------------------------------------------
|   2   | 4.09851774845722496904e-40 | 1.02056631139591536000e+17 |
|   4   | 1.66721455369010567787e-41 | 1.04547470669979762500e+15 |
|   6   | 1.27033158297872373311e-42 | 7.82537876024801855469e+12 |
|   8   | 1.61922655020420830090e-11 | 4.52860816536427838899e-06 |
-------------------------------------------------------------------

Scheme evaluation results:
Order: 8, No. cycles: 22
-------------------------------------------------------------------
Vector a: -0.50058689365867026222, -0.45769985862003320642, 0.52373906121318747342, 0.75721318814943783249, -0.76168593006496032594, -0.01074918138616210057, 0.50336736328127862361, -0.06601295964596635979, -0.45337582597429909592, 0.02302786726302126843, 1.18854222520346364256, 0.25422094423970259536
Vector b: -1.00117378731734074648, 0.08577407007727420873, 0.96170405234910072423, 0.55272232394977505177, -2.07609418407969581466, 2.05459582130737183903, -1.04786109474481414772, 0.91583517545288140038, -1.82258682740147981427, 1.86864256192752242747, 0.50844188847940507969
-------------------------------------------------------------------
| Order |          Error^2           |         Efficiency         |
-------------------------------------------------------------------
|   2   | 2.86985925493722536125e-42 | 1.21961944288988774400e+18 |
|   4   | 1.37032976826323861366e-41 | 1.15317901475751725000e+15 |
|   6   | 8.93407141427901780556e-43 | 9.33123668216580468750e+12 |
|   8   | 1.62669474469310852186e-11 | 4.51820073221553675230e-06 |
-------------------------------------------------------------------

Scheme evaluation results:
Order: 8, No. cycles: 22
-------------------------------------------------------------------
Vector a: 0.21718227074617996175, -0.45060377856994870971, -0.48450648116529443366, 0.33865879913428409420, -0.19861817072602461209, 0.25439481888980314261, 0.83796209020044243321, -0.35274893799974793573, -0.63846746334755333230, 0.59881397707064876190, 0.76644775429225009411, 0.11148512147496066060
Vector b: 0.43436454149235992350, -1.33557209863225745394, 0.36655913630166847561, 0.31075846196689976830, -0.70799480341894893698, 1.21678444119855533323, 0.45913973920232953319, -1.16463761520182540465, -0.11229731149328132933, 1.30992526563457878375, 0.22297024294992132121
-------------------------------------------------------------------
| Order |          Error^2           |         Efficiency         |
-------------------------------------------------------------------
|   2   | 1.29143666472175141256e-40 | 1.81810132065480768000e+17 |
|   4   | 7.60861275551365518978e-43 | 4.89391628656960400000e+15 |
|   6   | 1.10337072762026020664e-44 | 8.39659461497225156250e+13 |
|   8   | 1.74681419557755146222e-11 | 4.36008742147751141916e-06 |
-------------------------------------------------------------------

Scheme evaluation results:
Order: 8, No. cycles: 22
-------------------------------------------------------------------
Vector a: 0.16853773470580182825, 0.57568590680573394902, 0.04947442407337625248, -0.29596276286199646455, 0.13434200777763918855, 0.18129234038119224071, -0.25555284469561267979, -0.10752686947480814827, 0.40326139431076390984, 1.10227463590135066340, -0.00006271617197851929, -0.95576325075146228993
Vector b: 0.33707546941170607457, 0.81429634419962315661, -0.71534749605288117102, 0.12342197032898420683, 0.14526204522612706782, 0.21732263553631897546, -0.72842832492749431950, 0.51337458597787111181, 0.29314820264370200498, 1.91140106915888008388, -1.91152650150283709429
-------------------------------------------------------------------
| Order |          Error^2           |         Efficiency         |
-------------------------------------------------------------------
|   2   | 2.93873587705571876992e-39 | 3.81131075903089920000e+16 |
|   4   | 5.20274093834518082093e-39 | 5.91824821753226250000e+13 |
|   6   | 2.89681034072043054768e-39 | 1.63871671670266632080e+11 |
|   8   | 1.78845356497566214512e-11 | 4.30903199787782564297e-06 |
-------------------------------------------------------------------

Scheme evaluation results:
Order: 8, No. cycles: 22
-------------------------------------------------------------------
Vector a: -0.50917189026556619602, -0.09710868228650433587, 0.54314508402801808806, -0.56327471909475657075, -0.69258718691408260870, 1.22821415059228278288, 1.22613045118429875302, -1.22718951656858421551, -0.51281117268982900903, 1.02466669924664111058, 0.44529471465702891164, 0.13469206811105344235
Vector b: -1.01834378053112128981, 0.82412641595806968020, 0.26216375209808112645, -1.38871319028766393444, 0.00353881645931915408, 2.45288948472561640912, -0.00062858235652588133, -2.45375045078113629415, 1.42812810540129664361, 0.62120529309193317502, 0.26938413622213119858
-------------------------------------------------------------------
| Order |          Error^2           |         Efficiency         |
-------------------------------------------------------------------
|   2   | 8.70284819059713590800e-40 | 7.00364193440997440000e+16 |
|   4   | 6.98813969079913126604e-41 | 5.10656057318949062500e+14 |
|   6   | 2.40890756497559123642e-41 | 1.79702387582206054688e+12 |
|   8   | 2.08493739810578563263e-11 | 3.99091100785052186971e-06 |
-------------------------------------------------------------------

Scheme evaluation results:
Order: 8, No. cycles: 22
-------------------------------------------------------------------
Vector a: 0.05042205169651761687, -0.56564788827460510401, -0.61890719147540895761, 0.64831761891976680268, 0.23996400621157448763, -0.13259264235208517713, 0.56711598975487931273, 0.45423338764928739009, 0.27772680091043888684, -0.60304328168404319754, -0.01632165709799622902, 0.69873280574167417889
Vector b: 0.10084410339302617154, -1.23213987994222695654, -0.00567450300859142359, 1.30230974084812567426, -0.82238172842497603288, 0.55719644372080512351, 0.57703553578895261378, 0.33143123950962277702, 0.22402236231125471910, -1.43010892567934200237, 1.39746561148334946800
-------------------------------------------------------------------
| Order |          Error^2           |         Efficiency         |
-------------------------------------------------------------------
|   2   | 1.29143666472175141256e-40 | 1.81810132065480768000e+17 |
|   4   | 4.10860709740036365195e-42 | 2.10601747599098700000e+15 |
|   6   | 7.13574294658060778855e-44 | 3.30175098910617617188e+13 |
|   8   | 2.15149643407017272846e-11 | 3.92869431231060770417e-06 |
-------------------------------------------------------------------

Scheme evaluation results:
Order: 8, No. cycles: 22
-------------------------------------------------------------------
Vector a: 0.15352287110786347335, -0.29556600601865518074, -0.29734206409122432291, 0.54244456534908402912, 0.53999747058156455370, -0.81575132182723730789, -0.00046645054642930771, 1.07757575067603506014, -0.44342867134598373813, -0.58625297393867825679, 0.54771684429420952611, 0.57754998575945160066
Vector b: 0.30704574221572689119, -0.89817775425303714165, 0.30349362607058844032, 0.78139550462757967342, 0.29859943653554926746, -1.93010208019002349467, 1.92916917909716501001, 0.22598232225490483271, -1.11283966494687236448, -0.05966628293048425319, 1.15509997151890320133
-------------------------------------------------------------------
| Order |          Error^2           |         Efficiency         |
-------------------------------------------------------------------
|   2   | 2.06629866355480226010e-40 | 1.43733529755733136000e+17 |
|   4   | 1.05657904210091207148e-42 | 4.15296509301629650000e+15 |
|   6   | 2.01664502092698393440e-43 | 1.96403483267576601562e+13 |
|   8   | 2.27261605765289752029e-11 | 3.82257062372527989518e-06 |
-------------------------------------------------------------------

Scheme evaluation results:
Order: 8, No. cycles: 22
-------------------------------------------------------------------
Vector a: -0.54729282461164940887, 0.05311483941401490272, 1.09612238847139265019, 0.00505713602313184133, -0.93087785871426864670, -0.16218372852040943699, 0.52421305115692029553, 0.47793520889069296409, 0.37443442285588957041, -0.54007874721704796084, -0.01659917915828830123, 0.66615529140962148613
Vector b: -1.09458564922329926183, 1.20081532805132895625, 0.99142944889145767640, -0.98131517684519398159, -0.88044054058334519919, 0.55607308354252527050, 0.49235301877132203741, 0.46351739901005756250, 0.28535144670172352122, -1.36550894113581811062, 1.33231058281924141795
-------------------------------------------------------------------
| Order |          Error^2           |         Efficiency         |
-------------------------------------------------------------------
|   2   | 2.42503107042195543026e-39 | 4.19561843228032560000e+16 |
|   4   | 5.27168482278996182082e-42 | 1.85923616321591050000e+15 |
|   6   | 1.13022281864608405573e-43 | 2.62350489857919453125e+13 |
|   8   | 2.44282636769516066978e-11 | 3.68699249746325779161e-06 |
-------------------------------------------------------------------

Scheme evaluation results:
Order: 8, No. cycles: 22
-------------------------------------------------------------------
Vector a: 0.28851826938495622743, -0.17798996405858460990, -0.76051835966417336010, -0.10373691968552901932, 0.61830944398385634386, 0.63768750025337250786, 0.35181122199853326338, -0.95325828435111314985, 0.26228264546485424713, -0.00065290756743163595, -0.26040322116807296249, 1.09795057540933216345
Vector b: 0.57703653876994698280, -0.93301646688713957278, -0.58802025244117650526, 0.38054641307010900197, 0.85607247489755766701, 0.41930252560913744420, 0.28431991838800069194, -2.19083648709078371297, 2.71540177802061366563, -2.71670759315547760693, 2.19590115081921233298
-------------------------------------------------------------------
| Order |          Error^2           |         Efficiency         |
-------------------------------------------------------------------
|   2   | 1.45020445335301606261e-37 | 5.42550316459684300000e+15 |
|   4   | 2.89152332919568703317e-40 | 2.51041734226305062500e+14 |
|   6   | 6.10660143788761816070e-42 | 3.56914446823628076172e+12 |
|   8   | 2.47682234434323757945e-11 | 3.66160190144450788772e-06 |
-------------------------------------------------------------------

Scheme evaluation results:
Order: 8, No. cycles: 22
-------------------------------------------------------------------
Vector a: 0.25661624861792842189, 0.46169833817168970391, -0.28240964837480531102, -0.70893027184639234584, 0.05157667832964868415, 0.82762461710576284979, 0.07639711428954515382, 0.38304596388192208023, -0.00145399770961750392, -0.58700412720041839076, 0.39927360484730217705, 0.12356547988743443733
Vector b: 0.51323249723585573356, 0.41016417910752589471, -0.97498347585713707186, -0.44287706783564978474, 0.54603042449494731958, 1.10921880971658026738, -0.95642458113748962667, 1.72251650890133323202, -1.72542450432056826415, 0.55141624991973270387, 0.24713095977486948529
-------------------------------------------------------------------
| Order |          Error^2           |         Efficiency         |
-------------------------------------------------------------------
|   2   | 7.26433123905985169567e-38 | 7.66578825363910100000e+15 |
|   4   | 3.36526949705115007195e-40 | 2.32701590772329812500e+14 |
|   6   | 1.68979652355896841133e-41 | 2.14558986429869970703e+12 |
|   8   | 2.48171320671829373058e-11 | 3.65799205182205058697e-06 |
-------------------------------------------------------------------

Scheme evaluation results:
Order: 8, No. cycles: 22
-------------------------------------------------------------------
Vector a: 0.56016681657232070268, 0.11130765198118404424, -0.26100540663132343333, 0.33472269457784431523, -0.36820416711418479938, -0.16318198309581488648, 0.60085960403057525614, -0.17267812065472115668, 0.50934012989397126070, -0.00082592128365306975, -0.54115697675136076317, 0.39065567847516252664
Vector b: 1.12033363314464695648, -0.89771832918227778553, 0.37570751591962864291, 0.29373787323606259658, -1.03014620746443497090, 0.70378224127279798150, 0.49793696678835258629, -0.84329320809779362289, 1.86197346788576068022, -1.86362531045306689670, 0.78131135695032372102
-------------------------------------------------------------------
| Order |          Error^2           |         Efficiency         |
-------------------------------------------------------------------
|   2   | 4.67032285570719243614e-37 | 3.02329959815783700000e+15 |
|   4   | 1.89964503978958041549e-39 | 9.79429200237526406250e+13 |
|   6   | 2.06834693042920140422e-41 | 1.93933226076977685547e+12 |
|   8   | 2.51731235754334811316e-11 | 3.63203478756287816864e-06 |
-------------------------------------------------------------------

Scheme evaluation results:
Order: 8, No. cycles: 22
-------------------------------------------------------------------
Vector a: 0.58883366287640814818, 0.09681531821923432257, -0.24962558777344465155, 0.44221297206394050150, -0.49904211452502494906, -0.41907397939776930285, 0.55955084747918337751, -0.21941650460742959106, -0.71363574496637116606, -0.08623215823273260028, 0.81391893690924910221, 0.68569435195475669786
Vector b: 1.17766732575281629636, -0.98403668931434773448, 0.48478551376745837587, 0.39964043036042257162, -1.39772465941047241422, 0.55957670061493380853, 0.55952499434343283546, -0.99835800355829196207, -0.42891348637445031455, 0.25644916990898508624, 1.37138870390951339573
-------------------------------------------------------------------
| Order |          Error^2           |         Efficiency         |
-------------------------------------------------------------------
|   2   | 2.55417473689413057151e-40 | 1.29279402387781888000e+17 |
|   4   | 6.06481975359780828296e-42 | 1.73340612825709075000e+15 |
|   6   | 9.25652401232102704234e-44 | 2.89894482120055273438e+13 |
|   8   | 2.52776454990388517345e-11 | 3.62451785898923238037e-06 |
-------------------------------------------------------------------

Scheme evaluation results:
Order: 8, No. cycles: 22
-------------------------------------------------------------------
Vector a: -0.48824206533446723455, 1.12008138183346672712, -0.00008593826317207248, -1.53664365547599568451, 0.54934383897804150987, 0.68392494653766366941, -0.45567569191290291375, -0.16708001587039530977, -0.08768250806718957957, 0.11748852784361185631, 0.98234236459969070943, 0.28222881513164838063
Vector b: -0.97648413066893446910, 3.21664689433586525880, -3.21681877086220957551, 0.14353145991022175920, 0.95515621804586003929, 0.41269367502946735504, -1.32404505885527212783, 0.98988502711448178584, -1.16525004324886083396, 1.40022709893608432452, 0.56445763026329642820
-------------------------------------------------------------------
| Order |          Error^2           |         Efficiency         |
-------------------------------------------------------------------
|   2   | 1.28827407982281059022e-36 | 1.82033158179958600000e+15 |
|   4   | 8.98527218894024900215e-39 | 4.50343250225268515625e+13 |
|   6   | 6.88658325762917671203e-41 | 1.06282561778083300781e+12 |
|   8   | 2.59913776719117471690e-11 | 3.57440618965299456938e-06 |
-------------------------------------------------------------------

Scheme evaluation results:
Order: 8, No. cycles: 22
-------------------------------------------------------------------
Vector a: -0.52880375349106556460, 0.12262138686007587052, 0.25258870564243796064, -0.25703073165426465474, -0.27696634976122835869, -0.13472348702039424473, 0.48558249723267665754, 0.79569298324151560564, -0.07706071020802217342, -0.34424467998989871642, 0.64465961058520149241, 0.31768452856296608422
Vector b: -1.05760750698213090715, 1.30285028070228281472, -0.79767286941740689343, 0.28361140610887758395, -0.83754410563133441237, 0.56809713159054586740, 0.40306786287480744768, 1.18831810360822376360, -1.34243952402426813819, 0.65395016404447081637, 0.63536905712593216844
-------------------------------------------------------------------
| Order |          Error^2           |         Efficiency         |
-------------------------------------------------------------------
|   2   | 2.86985925493722536125e-42 | 1.21961944288988774400e+18 |
|   4   | 1.19530759006906896150e-42 | 3.90453606019791600000e+15 |
|   6   | 1.93994294138058308555e-44 | 6.33241598988379453125e+13 |
|   8   | 2.61068995303201739606e-11 | 3.56648912832067991962e-06 |
-------------------------------------------------------------------

Scheme evaluation results:
Order: 8, No. cycles: 22
-------------------------------------------------------------------
Vector a: -0.49034428273767055595, -0.42075798756738713724, 0.54724338155860530186, 0.68989363646017831666, -0.42179052531443267382, -0.14887741746005744847, -0.11453470592628520186, 0.55384787613649799631, -0.00088178838830444794, -0.45944884334142693794, 0.98030792080808770717, 0.28534273577219521068
Vector b: -0.98068856547534111190, 0.13917259034056686517, 0.95531417277664365528, 0.42447310014371286702, -1.26805415077257821466, 0.97029931585246342873, -1.19936872770503377694, 2.30706447997803021366, -2.30882805675463931294, 1.38993037007178488196, 0.57068547154439042135
-------------------------------------------------------------------
| Order |          Error^2           |         Efficiency         |
-------------------------------------------------------------------
|   2   | 4.87876073339328311413e-41 | 2.95801163887763136000e+17 |
|   4   | 3.33018580046792776905e-42 | 2.33924141536840300000e+15 |
|   6   | 2.17474271521659013317e-43 | 1.89129804088398046875e+13 |
|   8   | 2.64116625672004138773e-11 | 3.54585264248521917681e-06 |
-------------------------------------------------------------------

Scheme evaluation results:
Order: 8, No. cycles: 22
-------------------------------------------------------------------
Vector a: 0.28824162086921512049, 0.76830936292685336753, 0.01706369112157716736, -0.34997559117385429461, 0.74256822568337021995, -0.00214985609318853882, -0.97262271939812561250, -0.22072534353951622776, 0.25260052984131214915, 0.23129217182818137544, 0.17214865188264438789, 0.07324925605153090324
Vector b: 0.57648324173843068507, 0.96013548411527493975, -0.92600810187212079239, 0.22605691952441189785, 1.25907953184232912491, -1.26337924402870616092, -0.68186619476754406488, 0.24041550768850614150, 0.26478555199412884269, 0.19779879166222685827, 0.14649851210306250038
-------------------------------------------------------------------
| Order |          Error^2           |         Efficiency         |
-------------------------------------------------------------------
|   2   | 1.59708564368273759237e-37 | 5.16999990909974300000e+15 |
|   4   | 4.20231564790881003228e-40 | 2.08240377078286531250e+14 |
|   6   | 1.89762743394715885935e-41 | 2.02468954329205078125e+12 |
|   8   | 2.70011463216696212216e-11 | 3.50693286674957613289e-06 |
-------------------------------------------------------------------

Scheme evaluation results:
Order: 8, No. cycles: 22
-------------------------------------------------------------------
Vector a: -0.43713183361191232379, 0.10029993352829942588, 0.81783141201905751316, -0.41289707367864586507, -0.49518693881351882879, 0.35211989064563603558, -0.30124541298243051601, 0.23142361198958247281, 0.98781050514136481411, -0.09845984597963400309, -0.07207773175255978437, 0.32751348349476105959
Vector b: -0.87426366722382498065, 1.07486353428042380465, 0.56079928975769188781, -1.38659343711498350693, 0.39621955948794490565, 0.30802022180332833123, -0.91051104776819014042, 1.37335827174735536360, 0.60226273853537415359, -0.79918243049464254835, 0.65502696698952278531
-------------------------------------------------------------------
| Order |          Error^2           |         Efficiency         |
-------------------------------------------------------------------
|   2   | 2.78376347728910860041e-40 | 1.23833592426064832000e+17 |
|   4   | 1.02645112511792850445e-42 | 4.21347226134030100000e+15 |
|   6   | 1.35388148015601344640e-44 | 7.58007654605107187500e+13 |
|   8   | 2.71716816534996118825e-11 | 3.49591041134627133398e-06 |
-------------------------------------------------------------------

Scheme evaluation results:
Order: 8, No. cycles: 22
-------------------------------------------------------------------
Vector a: -0.51147998153348728234, -0.37161841780548249270, 0.42984862814792790253, 1.01320155217561191918, -0.01894090684096159938, -1.19666748763794350552, 0.10077753136912573351, 0.75702597351632072709, 0.47927228586236692021, -0.41344798465906051899, 0.02052244299502826302, 0.71150636441055381542
Vector b: -1.02295996306697456468, 0.27972312745600952377, 0.57997412883984633680, 1.44642897551137750156, -1.48431078919330072807, -0.90902418608258617194, 1.11057924882083769447, 0.40347269821180381522, 0.55507187351293008071, -1.38196784283105111868, 1.42301272882110763085
-------------------------------------------------------------------
| Order |          Error^2           |         Efficiency         |
-------------------------------------------------------------------
|   2   | 8.75307072755853735182e-40 | 6.98352061495557600000e+16 |
|   4   | 2.95113456586806475137e-42 | 2.48493349601882600000e+15 |
|   6   | 2.37294465597289350734e-43 | 1.81058997083109570312e+13 |
|   8   | 2.83360267036115833311e-11 | 3.42333245036605765907e-06 |
-------------------------------------------------------------------

Scheme evaluation results:
Order: 8, No. cycles: 22
-------------------------------------------------------------------
Vector a: -0.33930814937952208377, -0.11533703765136987807, 0.88640417870561238889, -0.00999803983694716805, -0.40225176314486421614, 0.43802540916368892798, 0.39311302142419118910, -0.22461870112869256055, -0.10732877525561194954, -0.14187661808993565216, 0.06937148765019454655, 0.55380498754325646615
Vector b: -0.67861629875904416753, 0.44794222345630441140, 1.32486613395492036638, -1.34486221362881464003, 0.54035868733908642980, 0.33569213098829120412, 0.45053391186009122960, -0.89977131411747635070, 0.68511376360625253490, -0.96886699978612378370, 1.10760997508651293231
-------------------------------------------------------------------
| Order |          Error^2           |         Efficiency         |
-------------------------------------------------------------------
|   2   | 1.20821074632857187709e-39 | 5.94406145984056880000e+16 |
|   4   | 3.13050076930164133644e-42 | 2.41269469498071100000e+15 |
|   6   | 3.22779316800170906777e-44 | 4.90920384907120546875e+13 |
|   8   | 2.85916142466289720406e-11 | 3.40799709215564046105e-06 |
-------------------------------------------------------------------

Scheme evaluation results:
Order: 8, No. cycles: 22
-------------------------------------------------------------------
Vector a: 0.16623194359702511691, 0.54256663466211407787, -0.09067385865326428596, -0.24655144339796866704, -0.46579195962050312652, -0.00746198900758401375, 0.93955656204845139357, -0.10900133098308646684, -0.13145654778990514822, -0.22557245108103438080, 0.08213386041819495387, 0.54602057980756057987
Vector b: 0.33246388719405139955, 0.75266938213017564596, -0.93401709943670430114, 0.44091421264076596787, -1.37249813188177105516, 1.35757415386660307277, 0.52153897023029927027, -0.73954163219647217620, 0.47662853661666210181, -0.92777343877873130751, 1.09204115961512138178
-------------------------------------------------------------------
| Order |          Error^2           |         Efficiency         |
-------------------------------------------------------------------
|   2   | 1.86540851570919648481e-40 | 1.51275173898685504000e+17 |
|   4   | 2.48870607264087511796e-42 | 2.70596685670182850000e+15 |
|   6   | 1.63427801857413358101e-44 | 6.89923511673224843750e+13 |
|   8   | 2.91121309758293616830e-11 | 3.37739265983729693908e-06 |
-------------------------------------------------------------------

Scheme evaluation results:
Order: 8, No. cycles: 22
-------------------------------------------------------------------
Vector a: 0.64385747491917633134, -0.04025925464612949839, -1.22643658540091582410, 0.09793311409208550755, 0.64611180332710227425, -0.48462956812110236093, -0.29565606367086844086, 0.44421843975342967248, 0.60471290332629135111, 0.42747206470098247921, 0.12741046747751452739, 0.05526520424243382135
Vector b: 1.28771494983999890138, -1.36823345913248473060, -1.08463971167210293522, 1.28050593985678662357, 0.01171766684503830133, -0.98097680313360668958, 0.38966467579068042593, 0.49877220371793656861, 0.71065360293317647589, 0.14429052646937381987, 0.11053040848520322148
-------------------------------------------------------------------
| Order |          Error^2           |         Efficiency         |
-------------------------------------------------------------------
|   2   | 5.61434153367438068953e-39 | 2.75743462193742200000e+16 |
|   4   | 5.44983017230560604036e-40 | 1.82859611278531375000e+14 |
|   6   | 2.70872814255586184678e-41 | 1.69465464020603930664e+12 |
|   8   | 3.12557467676028874249e-11 | 3.25951972577193941542e-06 |
-------------------------------------------------------------------

Scheme evaluation results:
Order: 8, No. cycles: 22
-------------------------------------------------------------------
Vector a: -0.59960584215257106688, -0.22953180263852138165, 0.89722569148320963084, -0.02117858421133844357, 1.07693859597893837332, -0.00003561999643750111, -1.52815068475899940026, -0.35973241877715911308, 0.17255428816266418779, 0.84649229666815783979, 0.48103795128675558290, 0.26398612895530149114
Vector b: -1.19921168430513969128, 0.74014807902809831575, 1.05430330393832250024, -1.09666047236099983841, 3.25053766431885415855, -3.25060890431172921922, 0.19430753479374629489, -0.91377237234805974708, 1.25888094867338740102, 0.43410364466291917473, 0.52797225791060053979
-------------------------------------------------------------------
| Order |          Error^2           |         Efficiency         |
-------------------------------------------------------------------
|   2   | 9.41887003909805981140e-35 | 2.12889987303163500000e+14 |
|   4   | 9.14494566479497606796e-38 | 1.41162295500430917969e+13 |
|   6   | 1.79853644925851290062e-39 | 2.07971724607790191650e+11 |
|   8   | 3.21548620764982791071e-11 | 3.21362522646296306725e-06 |
-------------------------------------------------------------------

Scheme evaluation results:
Order: 8, No. cycles: 22
-------------------------------------------------------------------
Vector a: 0.26524145575801250097, 0.52467722844980047014, -0.34487681294704158885, -1.08236030797128979231, 0.07510071785050936866, 0.79823507396402149094, -0.11482610650381229467, -0.73583128020551291648, -0.14355228888885543381, 0.41994072116415581686, 0.76291303473118754486, 0.57533856459882493084
Vector b: 0.53048291151602489091, 0.51887154538357627143, -1.20862517127765944913, -0.95609544466491991344, 1.10629688036593853973, 0.49017326756210466421, -0.71982548056972939232, -0.75183707984129688473, 0.46473250206358612813, 0.37514894026472539457, 1.15067712919764986168
-------------------------------------------------------------------
| Order |          Error^2           |         Efficiency         |
-------------------------------------------------------------------
|   2   | 1.49232681256735718785e-40 | 1.69130786072781344000e+17 |
|   4   | 1.81047761590766365563e-42 | 3.17258083821530750000e+15 |
|   6   | 7.08422059581710255152e-44 | 3.31373577891834687500e+13 |
|   8   | 3.23781813489007036680e-11 | 3.20252351884840748581e-06 |
-------------------------------------------------------------------

Scheme evaluation results:
Order: 8, No. cycles: 22
-------------------------------------------------------------------
Vector a: -0.36773237149840620752, -0.06590228273558687566, -0.30177344661415544946, 0.02921556153148168605, 0.81227334416745200496, 0.67954847887173519538, -0.97759450697918315321, -0.00005766860240052585, 0.93153191462557183300, -0.28201823386723512410, 0.40329506629873529411, 0.13921414480199134633
Vector b: -0.73546474299681385833, 0.60366017752563316812, -1.20720707075395528030, 1.26563819381692255206, 0.35890849451797912639, 1.00018846322553023320, -2.95537747718396648366, 2.95526213997916542553, -1.09219831072795803273, 0.52816184299347179731, 0.27842828960399146343
-------------------------------------------------------------------
| Order |          Error^2           |         Efficiency         |
-------------------------------------------------------------------
|   2   | 1.24776673390418538855e-36 | 1.84964310080422850000e+15 |
|   4   | 6.95267238876130004447e-40 | 1.61894984224110593750e+14 |
|   6   | 3.52335708807633094542e-41 | 1.48588632140649633789e+12 |
|   8   | 3.34026669083709907660e-11 | 3.15302912226275354018e-06 |
-------------------------------------------------------------------

Scheme evaluation results:
Order: 8, No. cycles: 22
-------------------------------------------------------------------
Vector a: 0.58390685962579913504, -0.04337030402266384144, -0.98335792942186528443, -0.20152783677524715999, 0.26528576889240457204, 0.20292027752398592022, -0.45821275605173439338, -0.54263072828656644386, 0.61652533953685206836, 0.87637560628106114802, 0.47585271741854562322, 0.20823298527942873948
Vector b: 1.16781371925159827008, -1.25455432729692595295, -0.71216153154680439386, 0.30910585799631051795, 0.22146567978849612812, 0.18437487525947937606, -1.10080038736294993917, 0.01553893078981686757, 1.21751174828388730731, 0.53523946427823432259, 0.41646597055885736793
-------------------------------------------------------------------
| Order |          Error^2           |         Efficiency         |
-------------------------------------------------------------------
|   2   | 5.16574665888700565025e-40 | 9.09050660327403840000e+16 |
|   4   | 6.19811827001670650683e-42 | 1.71466525324992975000e+15 |
|   6   | 7.03719062797832027693e-44 | 3.32479028785510585938e+13 |
|   8   | 3.47968602932675436665e-11 | 3.08921776518411019766e-06 |
-------------------------------------------------------------------

Scheme evaluation results:
Order: 8, No. cycles: 22
-------------------------------------------------------------------
Vector a: 0.07273433421430347545, -0.50036725216584021503, -0.14977338380443608323, 1.10613973906559426297, 0.68873571209110839852, -0.60523919273728621349, -0.32954330508393225863, 0.51357114892254784877, -0.66973663401697369757, -0.91047383861436614882, 0.88758327659993019321, 0.89636939552935068765
Vector b: 0.14546866842860697866, -1.14620317276028749198, 0.84665640515141527001, 1.36562307297977314491, 0.01184835120244364347, -1.22232673667701607911, 0.56324012650915156186, 0.46390217133594413568, -1.80337543936989153082, -0.01757223785884089520, 1.79273879105870137529
-------------------------------------------------------------------
| Order |          Error^2           |         Efficiency         |
-------------------------------------------------------------------
|   2   | 4.58976590642110452025e-38 | 9.64404816172149200000e+15 |
|   4   | 1.02133638572314292214e-41 | 1.33574905196406225000e+15 |
|   6   | 5.12072125602794545010e-43 | 1.23253240733826796875e+13 |
|   8   | 3.48948310662733605289e-11 | 3.08487807110627094075e-06 |
-------------------------------------------------------------------

Scheme evaluation results:
Order: 8, No. cycles: 22
-------------------------------------------------------------------
Vector a: 1.16270628854327995327, -0.00032319102466454131, -1.69214115940972731345, -0.29333966864288535392, 0.53009306359343333348, 0.63708040209501881623, 0.42409057049000720152, -0.40760289037771568754, -1.03292547620219310467, 0.05813266253950596929, 1.10817671298519893064, 0.50605268541074188704
Vector b: 2.32541257708655990655, -2.32605895913588911483, -1.05822335968356484592, 0.47154402239779341643, 0.58864210478907330604, 0.68551869940096332723, 0.16266244157905265788, -0.97786822233448567054, -1.08798273006989987266, 1.20424805514891208880, 1.01210537082148488430
-------------------------------------------------------------------
| Order |          Error^2           |         Efficiency         |
-------------------------------------------------------------------
|   2   | 1.37507584284764190849e-36 | 1.76194079909052975000e+15 |
|   4   | 6.53587183757445284062e-39 | 5.28028681197368125000e+13 |
|   6   | 2.49166195198418500910e-40 | 5.58752339850723754883e+11 |
|   8   | 3.56208171374523846491e-11 | 3.05327987005449438029e-06 |
-------------------------------------------------------------------

Scheme evaluation results:
Order: 8, No. cycles: 22
-------------------------------------------------------------------
Vector a: -0.45048804409101916857, -0.07731290215131061960, 0.59088711348326372619, -0.47372814059002499310, 0.01710786018508732298, 0.92123958023755481150, -0.68681997584827292336, -1.27511507727852335670, -0.00134893614685634980, 1.27067099772883640441, 1.03066198241779938272, 0.13424554205346572733
Vector b: -0.90097608818203689385, 0.74635028387941615424, 0.43542394308710674622, -1.38288022426715317970, 1.41709594463732768688, 0.42538321583778204715, -1.79902316753432556240, -0.75120698702272514780, 0.74850911472901249244, 1.79283288072866420215, 0.26849108410693139914
-------------------------------------------------------------------
| Order |          Error^2           |         Efficiency         |
-------------------------------------------------------------------
|   2   | 1.43492962746861268063e-39 | 5.45430396196442320000e+16 |
|   4   | 3.55008456198209968790e-41 | 7.16456665963038750000e+14 |
|   6   | 4.74686871984615319885e-42 | 4.04818456432655126953e+12 |
|   8   | 3.72467368893142036805e-11 | 2.98589435597726598990e-06 |
-------------------------------------------------------------------

Scheme evaluation results:
Order: 8, No. cycles: 22
-------------------------------------------------------------------
Vector a: -0.60776726867231511964, 0.01060393750110556754, 0.86692787188217013128, -0.44270596504010384376, -0.01558360496136925594, 0.99785605123287213214, -0.18390475735330838458, -0.34864903323305335148, 0.34525347430039243779, -0.29411607116063442913, 0.09507428480443026741, 0.57701108069981388304
Vector b: -1.21553453734463023928, 1.23674241234684134660, 0.49711333141749886044, -1.38252526149770638142, 1.35135805157496791118, 0.64435405089077613106, -1.01216356559739284471, 0.31486549913128625278, 0.37564144946949851178, -0.96387359179076725901, 1.15402216139962776609
-------------------------------------------------------------------
| Order |          Error^2           |         Efficiency         |
-------------------------------------------------------------------
|   2   | 2.55417473689413057151e-40 | 1.29279402387781888000e+17 |
|   4   | 9.92119312741970486214e-43 | 4.28575484555596250000e+15 |
|   6   | 4.18802130880827164439e-44 | 4.30982338909214062500e+13 |
|   8   | 3.91632772426826443203e-11 | 2.91191732187656227701e-06 |
-------------------------------------------------------------------

Scheme evaluation results:
Order: 8, No. cycles: 22
-------------------------------------------------------------------
Vector a: -0.52582710723988312917, 0.97153737293405684206, -0.00014190149434076951, -1.44526757464715904788, 0.46607364522999811252, 0.62412673635695914420, 0.55488490128995682227, -0.11752895039449970382, -1.14530795916136374224, 0.02615744657300782608, 1.15031842137556727934, 0.44097496917770012681
Vector b: -1.05165421447973184144, 2.99472896034715008184, -2.99501276333583188460, 0.10447761404217012493, 0.82766967641785060827, 0.42058379629596254201, 0.68918600628399961927, -0.92424390707301617987, -1.36637201124957696763, 1.41868690439560074523, 0.88194993835542312421
-------------------------------------------------------------------
| Order |          Error^2           |         Efficiency         |
-------------------------------------------------------------------
|   2   | 6.06771472412122620904e-37 | 2.65241857917580100000e+15 |
|   4   | 2.18591630306649729491e-39 | 9.13045692927125625000e+13 |
|   6   | 2.49351785308666586586e-41 | 1.76627236505004882812e+12 |
|   8   | 3.98223727852683762395e-11 | 2.88771937429331361827e-06 |
-------------------------------------------------------------------

Scheme evaluation results:
Order: 8, No. cycles: 22
-------------------------------------------------------------------
Vector a: 0.23356245459957750144, -0.33703053359026879932, -0.61575539584016281136, 0.60038717290808085725, 0.83416576948368903466, -0.17350803071000719946, -0.20472306439012083468, -0.50238445865501957233, -0.05933863010756954687, 0.82274955945192351781, 0.31208886625458659436, 0.08978629059529127932
Vector b: 0.46712490919915483634, -1.14118597637969232395, -0.09032481530063193875, 1.29109916111679279282, 0.37723237785058466587, -0.72424843927059856519, 0.31480231049035684032, -1.31957122780039615151, 1.20089396758525701614, 0.44460515131859057458, 0.17957258119058244761
-------------------------------------------------------------------
| Order |          Error^2           |         Efficiency         |
-------------------------------------------------------------------
|   2   | 1.30937328506510907107e-41 | 5.70982634954152384000e+17 |
|   4   | 2.91875143416905843187e-43 | 7.90152140725851700000e+15 |
|   6   | 2.74249714137850103055e-45 | 1.68418898751219937500e+14 |
|   8   | 4.04216913845866541205e-11 | 2.86623181571418734717e-06 |
-------------------------------------------------------------------

Scheme evaluation results:
Order: 8, No. cycles: 22
-------------------------------------------------------------------
Vector a: -0.53274556904795711265, -0.30257384701570150254, 0.41262039241057812955, 0.82209414837239247476, -0.01579737414503077503, -1.05059721405536077299, 0.18413096255844182969, 0.80292690393098642421, -0.11750609627850863714, -0.09482943713448425960, 0.56929768450247653089, 0.32297944590216781657
Vector b: -1.06549113809591422530, 0.46034344406451127574, 0.36489734075664498336, 1.27929095598813979962, -1.31088570427820139130, -0.79030872383252026570, 1.15857064894940386957, 0.44728315891256897885, -0.68229535146958641967, 0.49263647720061781721, 0.64595889180433563315
-------------------------------------------------------------------
| Order |          Error^2           |         Efficiency         |
-------------------------------------------------------------------
|   2   | 5.79711569497319522973e-40 | 8.58121245522651360000e+16 |
|   4   | 2.06131004102180591133e-42 | 2.97329237638717250000e+15 |
|   6   | 1.56567670131313921380e-44 | 7.04876238386759375000e+13 |
|   8   | 4.34437410031932808741e-11 | 2.76474413514435906836e-06 |
-------------------------------------------------------------------

Scheme evaluation results:
Order: 8, No. cycles: 22
-------------------------------------------------------------------
Vector a: 0.15158802211004593352, -0.30596211463134664887, -0.32200513664218022303, 1.05448910482631630359, -0.00062844505972478506, -0.53699445496885689355, 0.55360623139122433489, 0.30014094211151659541, -0.39465945827452325601, -0.56783892748681630280, 0.51209878647515783001, 0.55616545014918705725
Vector b: 0.30317604422009214460, -0.91510027348278577541, 0.27109000019842544038, 1.83788820945420727782, -1.83914509957365668313, 0.76515618963594322910, 0.34205627314650532966, 0.25822561107652791668, -1.04754452762557437318, -0.08813332734805830182, 1.11233090029837411450
-------------------------------------------------------------------
| Order |          Error^2           |         Efficiency         |
-------------------------------------------------------------------
|   2   | 9.67142568913844946742e-40 | 6.64369044390185920000e+16 |
|   4   | 1.61709842783083889985e-42 | 3.35692044621971250000e+15 |
|   6   | 6.25916678184933394390e-43 | 1.11482231463732734375e+13 |
|   8   | 4.35152549490827387160e-11 | 2.76247137972811826904e-06 |
-------------------------------------------------------------------

Scheme evaluation results:
Order: 8, No. cycles: 22
-------------------------------------------------------------------
Vector a: 0.20016951486782552649, 0.40460927112375777437, -0.61062456885969740306, -1.12514039857026593161, -0.00406902286702273339, 1.17324985190446651195, 0.29944295033280654561, -0.05267695352686082438, -0.39209054971980683568, -0.03462289161107483249, 1.00717167624589509778, 0.13458112067997721195
Vector b: 0.40033902973565088645, 0.40887951251186499535, -1.63012865023125996800, -0.62015214690927245034, 0.61201410117522703214, 1.73448560263370632484, -1.13559970196809323362, 1.03024579491437173751, -1.81442689435398518683, 1.74518111113183560512, 0.26916224135995453492
-------------------------------------------------------------------
| Order |          Error^2           |         Efficiency         |
-------------------------------------------------------------------
|   2   | 1.01377778180657485886e-38 | 2.05202786517339880000e+16 |
|   4   | 2.86430660977233827361e-41 | 7.97626407730486250000e+14 |
|   6   | 5.32948481362970784182e-43 | 1.20815123048318417969e+13 |
|   8   | 4.35897546698159197592e-11 | 2.76010968535418378883e-06 |
-------------------------------------------------------------------

Scheme evaluation results:
Order: 8, No. cycles: 22
-------------------------------------------------------------------
Vector a: -0.61681441397446912234, 0.10494058484799112518, 0.09779025817435389734, -0.54979853392483080121, 0.42192116375864968658, 1.10777904756807954456, -0.03365398996665833892, -0.59101641925324188698, -0.37843411570676088740, 0.05333285990583513936, 1.00919109771488479943, 0.37476246085616682358
Vector b: -1.23362882794893824467, 1.44350999764492060606, -1.24792948129621272813, 0.14833241344655104244, 0.69550991407074824746, 1.52004818106541095268, -1.58735616099872745011, 0.40532332249224384269, -1.16219155390576567299, 1.26885727371743595171, 0.74952492171233364715
-------------------------------------------------------------------
| Order |          Error^2           |         Efficiency         |
-------------------------------------------------------------------
|   2   | 3.35773532827655367266e-40 | 1.12753857381854224000e+17 |
|   4   | 8.65161671874142059588e-42 | 1.45131151516311275000e+15 |
|   6   | 1.15541055235928639367e-43 | 2.59475137193590156250e+13 |
|   8   | 4.38457519729181836801e-11 | 2.75204031735226501849e-06 |
-------------------------------------------------------------------

Scheme evaluation results:
Order: 8, No. cycles: 22
-------------------------------------------------------------------
Vector a: 0.56391270781454461147, 0.03730944520263922148, -0.37437479095365006065, 0.34216299027995666915, 0.32674702354278267746, -0.50380594900873887365, -0.38961085500359460276, 0.45510759254373545080, -0.17507004863891342805, -0.45851801338405606678, 0.54839596323883088580, 0.62774393436646358513
Vector b: 1.12782541562908922295, -1.05320652522381075222, 0.30445694331651057540, 0.37986903724340281840, 0.27362500984216248101, -1.28123690785964017280, 0.50201519785245107830, 0.40819998723501976778, -0.75834008451284662389, -0.15869594225526545417, 1.25548786873292717026
-------------------------------------------------------------------
| Order |          Error^2           |         Efficiency         |
-------------------------------------------------------------------
|   2   | 2.68905812187618016349e-39 | 3.98432304845915040000e+16 |
|   4   | 5.88545355016423169788e-43 | 5.56441238375286500000e+15 |
|   6   | 3.89654028058445715600e-44 | 4.46811487219001093750e+13 |
|   8   | 4.43974068771464429713e-11 | 2.73488929260151957361e-06 |
-------------------------------------------------------------------

Scheme evaluation results:
Order: 8, No. cycles: 22
-------------------------------------------------------------------
Vector a: 1.10946352192891906085, -0.00039037141081828920, -0.81532129998221247735, 0.50587971128507491780, -0.36726205273398149220, -1.04730231773316861954, 0.14095273443760406029, 0.08463604567823400371, -0.42321675019261462136, 0.43333087635601075238, 0.85538384654228549753, 0.52384605582466714502
Vector b: 2.21892704385783368082, -2.21970778667947055141, 0.58906518671505037066, 0.42269423585509863228, -1.15721834132306078402, -0.93738629414327612199, 1.21929176301848518627, -1.05001967166201648496, 0.20358617127678582670, 0.66307558143523592786, 1.04769211164933406799
-------------------------------------------------------------------
| Order |          Error^2           |         Efficiency         |
-------------------------------------------------------------------
|   2   | 1.75812169732262325191e-36 | 1.55822501317825500000e+15 |
|   4   | 6.68370602296379239197e-39 | 5.22156401759311171875e+13 |
|   6   | 5.95959380237625626381e-41 | 1.14249835950575561523e+12 |
|   8   | 4.57216376454178573345e-11 | 2.69499314406462791579e-06 |
-------------------------------------------------------------------

Scheme evaluation results:
Order: 8, No. cycles: 22
-------------------------------------------------------------------
Vector a: 0.13413550951955935386, 0.44891290553391643980, -0.58020492880567620109, -0.20508606432216672233, 0.03647341637271331316, -0.90807842075858891118, -0.00874869536088645865, 1.13635415855430133014, 0.37885460472743859306, -0.11968842637921804639, 0.53949009354684962503, 0.14758584737175758916
Vector b: 0.26827101903912126124, 0.62955479202870856525, -1.78996464964006052334, 1.37979252099572691215, -1.30684568825030034134, -0.50931115326687648182, 0.49181376254510361656, 1.78089455456349843310, -1.02318534510862124698, 0.78380849235018512644, 0.29517169474351484526
-------------------------------------------------------------------
| Order |          Error^2           |         Efficiency         |
-------------------------------------------------------------------
|   2   | 1.30958852450922936297e-38 | 1.80545724321144760000e+16 |
|   4   | 1.58733835169474059730e-41 | 1.07145644618297987500e+15 |
|   6   | 7.16073449936408935933e-43 | 1.04228173992459589844e+13 |
|   8   | 4.61601560664682580578e-11 | 2.68216146826251362436e-06 |
-------------------------------------------------------------------

Scheme evaluation results:
Order: 8, No. cycles: 22
-------------------------------------------------------------------
Vector a: 0.17777478281054101550, -0.77058087762703397772, -0.00064181913712977635, 0.47016044003681600749, -0.35127813415131164954, 0.53259514919733430549, 0.55863494822885217950, 0.27787322876035874808, -0.41962786996808493223, -0.58748157175953319431, 0.53513809221713348752, 0.57743363139205772239
Vector b: 0.35554956562108169793, -1.89671132087514937581, 1.89542768260088978494, -0.95510680252725754791, 0.25255053422463402679, 0.81263976417003469521, 0.30463013228766949725, 0.25111632523304805442, -1.09037206516921791888, -0.08459107834984844199, 1.15486726278411544477
-------------------------------------------------------------------
| Order |          Error^2           |         Efficiency         |
-------------------------------------------------------------------
|   2   | 7.80601717342925298260e-40 | 7.39502909719407840000e+16 |
|   4   | 1.93883655523981689933e-41 | 9.69479604496804500000e+14 |
|   6   | 8.74080615012519601952e-43 | 9.43383271115664062500e+12 |
|   8   | 4.76144766330167236551e-11 | 2.64088230058075686371e-06 |
-------------------------------------------------------------------

Scheme evaluation results:
Order: 8, No. cycles: 22
-------------------------------------------------------------------
Vector a: 0.57855947221179726547, -0.05052941976643120225, -1.11646707641699172164, 0.10910755847551727171, 0.87520393791056494415, 0.46249775382904462218, -0.16197292093437226645, -0.16593780076222466868, -0.25495416881377802598, -0.14378494730006730062, 0.57963075604277980446, 0.28864685552416136094
Vector b: 1.15711894442359453095, -1.25817778395645696321, -0.97475636887752648008, 1.19297148582856138432, 0.55743638999256850397, 0.36755911766552062936, -0.69150495953426527329, 0.35962935800981576939, -0.86953769563737171033, 0.58196780103723710909, 0.57729371104832283290
-------------------------------------------------------------------
| Order |          Error^2           |         Efficiency         |
-------------------------------------------------------------------
|   2   | 6.57197769380624607727e-40 | 8.05947213338311840000e+16 |
|   4   | 3.06954428610351179386e-42 | 2.43653315232531600000e+15 |
|   6   | 2.39284312196305889471e-44 | 5.70173202054132734375e+13 |
|   8   | 4.91062809132894327959e-11 | 2.60045912332420564770e-06 |
-------------------------------------------------------------------

Scheme evaluation results:
Order: 8, No. cycles: 22
-------------------------------------------------------------------
Vector a: -0.53982364519966330452, -0.73812491827118242860, -0.02050274348923672441, 0.74248049620639799961, 0.80617076138890553239, 0.45627819229286953329, -0.19895988111247822627, 0.49899819607424511503, -0.00076323230717075549, -0.62719766713499447430, 0.45387874071958567157, 0.16756570083272201432
Vector b: -1.07964729039948093003, -0.39660254614284151664, 0.35559705916436895601, 1.12936393324838535435, 0.48297758952966157731, 0.42957879505603463466, -0.82749855728098342666, 1.82549494942975321088, -1.82702141404409457159, 0.57262607977375923340, 0.33513140166543731180
-------------------------------------------------------------------
| Order |          Error^2           |         Efficiency         |
-------------------------------------------------------------------
|   2   | 7.21267377247098163917e-39 | 2.43280048410555040000e+16 |
|   4   | 1.08864600583390510412e-40 | 4.09134342026544750000e+14 |
|   6   | 4.56577517118995736164e-41 | 1.30528892761318676758e+12 |
|   8   | 4.97500253196290616932e-11 | 2.58357991934407603415e-06 |
-------------------------------------------------------------------

Scheme evaluation results:
Order: 8, No. cycles: 22
-------------------------------------------------------------------
Vector a: 0.89670426128558378132, -0.00738885887892621641, -0.17017357995241219615, 0.04072334467412320330, -0.48818121627520461026, 0.46652108949265758131, -0.27523692307302777271, -0.74444996707871846642, 0.04578550628856231652, 0.67754158251687546244, 0.49110195172649889761, 0.06705280927398801771
Vector b: 1.79340852257116423196, -1.80818624032901653642, 1.46783908042419342088, -1.38639239107594702816, 0.41002995852553886236, 0.52301222045977724395, -1.07348606660583301142, -0.41541386755161141542, 0.50698488012873665909, 0.84809828490502192633, 0.13410561854797603543
-------------------------------------------------------------------
| Order |          Error^2           |         Efficiency         |
-------------------------------------------------------------------
|   2   | 4.03733593646603199587e-38 | 1.02827006931307640000e+16 |
|   4   | 1.93184443170127426962e-40 | 3.07130680129922875000e+14 |
|   6   | 1.84680238330799604983e-42 | 6.49013457155928222656e+12 |
|   8   | 5.10901178027072183072e-11 | 2.54947114743336868771e-06 |
-------------------------------------------------------------------

Scheme evaluation results:
Order: 8, No. cycles: 22
-------------------------------------------------------------------
Vector a: 0.62383034078026911029, -0.05875294017298909877, -0.80523361615473387776, 0.13502047613063491993, 0.49982675374345109098, 0.37512404914968255909, -0.42493232726786872577, 0.09805414593924648148, 0.21194426141042027600, -0.16967793854748750015, 0.39456458748846195972, 0.12023220750091273556
Vector b: 1.24766068156053822058, -1.36516656190651652913, -0.24530067040295117087, 0.51534162266422101073, 0.48431188482268111573, 0.26593621347668378041, -1.11580086801242117645, 1.31190915989091405613, -0.88802063707007361515, 0.54866475997509855933, 0.24046441500182544337
-------------------------------------------------------------------
| Order |          Error^2           |         Efficiency         |
-------------------------------------------------------------------
|   2   | 8.96831017167882925391e-41 | 2.18172158478576928000e+17 |
|   4   | 6.49475563868346622053e-42 | 1.67505036137627400000e+15 |
|   6   | 1.21306844833598507318e-43 | 2.53233560680876367188e+13 |
|   8   | 5.68086148513135844030e-11 | 2.41775034180978395893e-06 |
-------------------------------------------------------------------

Scheme evaluation results:
Order: 8, No. cycles: 22
-------------------------------------------------------------------
Vector a: 0.34104104250523215036, -0.50252573031492397959, -0.56480700346157841629, 0.58487892966275167872, 0.45547715019669332559, -0.75570486556823734947, -0.02172852574063280015, 0.56694063127583527173, -0.74100430867465238993, 0.44748740173158685351, 1.03102164517493810614, 0.15892363321298735857
Vector b: 0.68208208501046430072, -1.68713354564031225991, 0.55751953871715542732, 0.61223832060834793012, 0.29871597978503866555, -1.81012571092151297591, 1.76666865944024742419, -0.63278739688857699175, -0.84922122046072756607, 1.74419602392390138412, 0.31784726642597466162
-------------------------------------------------------------------
| Order |          Error^2           |         Efficiency         |
-------------------------------------------------------------------
|   2   | 1.45286624781197033913e-39 | 5.42053085728838960000e+16 |
|   4   | 1.18581379297326832584e-41 | 1.23965554660136175000e+15 |
|   6   | 5.87677714117938910961e-43 | 1.15052034861789179688e+13 |
|   8   | 6.29471563106362659847e-11 | 2.29683869311818210214e-06 |
-------------------------------------------------------------------

Scheme evaluation results:
Order: 8, No. cycles: 22
-------------------------------------------------------------------
Vector a: -0.92115201907679211679, 0.06351943906319666711, 0.40291240997115990163, -0.43629681927323027413, 0.58152031740145293526, -0.03688701261842849272, -0.21248115692424562884, 0.40171632423487285690, 1.08994844307209981515, -0.05404599621387665143, -0.44074799444367646073, 0.56199406480746749715
Vector b: -1.84230403815358445563, 1.96934291627997781760, -1.16351809633765790331, 0.29092445779119724403, 0.87211617701171240125, -0.94589020224856934504, 0.52092788840007608897, 0.28250476006966673825, 1.89739212607453455739, -2.00548411850228758269, 1.12398812961493477225
-------------------------------------------------------------------
| Order |          Error^2           |         Efficiency         |
-------------------------------------------------------------------
|   2   | 8.82079940597505587034e-38 | 6.95665819403438300000e+15 |
|   4   | 7.20797101482470755308e-40 | 1.59002063638658375000e+14 |
|   6   | 7.58575012289900921101e-41 | 1.01266231530168786621e+12 |
|   8   | 6.57275905661354460285e-11 | 2.24773287365687639673e-06 |
-------------------------------------------------------------------

Scheme evaluation results:
Order: 8, No. cycles: 22
-------------------------------------------------------------------
Vector a: 0.19494210371782266789, -0.58719009281603717909, -0.77152018541394973283, 0.68915284097854545564, -0.19588215753337986924, 0.32023802059838113454, 0.21290893243431111004, -0.63021502516188454557, 1.37809216803947109931, -0.18029395587503038723, -0.31854086124427521964, 0.88830821227602552170
Vector b: 0.38988420743564516924, -1.56426439306771936089, 0.02122402223981988828, 1.35708165971727101606, -1.74884597478403058801, 2.38932201598079307914, -1.96350415111217091457, 0.70307410078840149037, 2.05311023529054059722, -2.41369814704060159372, 1.77661642455205126545
-------------------------------------------------------------------
| Order |          Error^2           |         Efficiency         |
-------------------------------------------------------------------
|   2   | 7.94377041766623979994e-39 | 2.31814872933995800000e+16 |
|   4   | 2.88546971982980382342e-40 | 2.51304934416023812500e+14 |
|   6   | 1.80033879729705881829e-41 | 2.07867596626042578125e+12 |
|   8   | 6.96117716323510281707e-11 | 2.18412359242158227984e-06 |
-------------------------------------------------------------------

Scheme evaluation results:
Order: 8, No. cycles: 22
-------------------------------------------------------------------
Vector a: 0.28130532521277279434, 0.55611012069536303049, -0.04690540142899503329, -1.27043401327139182655, 0.01113768225185457310, 1.04629411425795004753, -0.60250763689411468427, 0.80305278449086092696, -0.00047750305878324005, -0.83739538102848909418, 0.85744753391727546177, 0.20237237485569695150
Vector b: 0.56261065042554192495, 0.54960959096518768874, -0.64342039382318017005, -1.89744763271961081053, 1.91972299722332007121, 0.17286523129259989684, -1.37788050508084003454, 2.98398607406257942998, -2.98494108018014614458, 1.31015031812314930448, 0.40474474971139851043
-------------------------------------------------------------------
| Order |          Error^2           |         Efficiency         |
-------------------------------------------------------------------
|   2   | 1.35609172387623216273e-36 | 1.77423076499694300000e+15 |
|   4   | 2.99542137769689431068e-39 | 7.79974338138287500000e+13 |
|   6   | 2.07252778899586309978e-40 | 6.12651828272542724609e+11 |
|   8   | 7.15764216123005010293e-11 | 2.15393980517144170215e-06 |
-------------------------------------------------------------------

Scheme evaluation results:
Order: 8, No. cycles: 22
-------------------------------------------------------------------
Vector a: 0.25796309725482730046, 0.76158962598736945626, 0.52188096214979129428, -0.40185652903735208374, -0.16787516758312098775, -0.33086160965553307323, -0.47438050590992519862, 0.21490388195738585608, 0.21852400874878374903, -0.31312033277081324778, 0.14388760533964406463, 0.56934496351894292587
Vector b: 0.51592619450965448991, 1.00725305746508442262, 0.03650886683449797165, -0.84022192490920211139, 0.50447158974296013589, -1.16619480905402639337, 0.21743379723417596838, 0.21237396668059591032, 0.22467405081697131020, -0.85091471635859772249, 1.13868992703788585175
-------------------------------------------------------------------
| Order |          Error^2           |         Efficiency         |
-------------------------------------------------------------------
|   2   | 1.49232681256735718785e-40 | 1.69130786072781344000e+17 |
|   4   | 8.17797783779963242591e-42 | 1.49274736097807750000e+15 |
|   6   | 4.31687508166063958911e-43 | 1.34239144045509785156e+13 |
|   8   | 7.31678552429126636860e-11 | 2.13038644920339658237e-06 |
-------------------------------------------------------------------

Scheme evaluation results:
Order: 8, No. cycles: 22
-------------------------------------------------------------------
Vector a: 0.74710180920294699813, 0.18441169393859499492, -0.00516531481539006694, -0.20368227139479874732, -0.59950198547523592119, 0.35032216713485059278, 0.40304865055575456179, -0.41949306091192484214, 0.04055493533860926592, 0.21953817184047910716, -0.08603809480668457577, 0.36890329939279870031
Vector b: 1.49420361840589421831, -1.12538023052870461704, 1.11504960089792448663, -1.52241414368752159270, 0.32341017273704930624, 0.37723416153265232342, 0.42886313957885663362, -1.26784926140270637340, 1.34895913207992501626, -0.90988278839896663541, 0.73780659878559740061
-------------------------------------------------------------------
| Order |          Error^2           |         Efficiency         |
-------------------------------------------------------------------
|   2   | 2.35328458904852479623e-40 | 1.34684436308884448000e+17 |
|   4   | 4.74402588604845195276e-41 | 6.19777422664531625000e+14 |
|   6   | 9.65752983338382343221e-43 | 8.97492619503441406250e+12 |
|   8   | 7.52722605962411961205e-11 | 2.10039547448474523726e-06 |
-------------------------------------------------------------------

Scheme evaluation results:
Order: 8, No. cycles: 22
-------------------------------------------------------------------
Vector a: -0.57721589767732706111, -0.47921855594713441695, 0.41034862909511549134, -0.22260582418925989323, 0.15494969518168058564, 1.43228631879681622685, -0.06860268602672639493, -0.47193763126571502964, 0.55008349317519311672, -0.59422597703959767479, 0.03043676625206423111, 0.83570166964489078776
Vector b: -1.15443179535465412222, 0.19599468346038531608, 0.62470257472984558333, -1.06991422310836514775, 1.37981361347172626353, 1.48475902412190574609, -1.62196439617535870248, 0.67808913364392864320, 0.42207785270645770126, -1.61052980678565305084, 1.67140333928978157552
-------------------------------------------------------------------
| Order |          Error^2           |         Efficiency         |
-------------------------------------------------------------------
|   2   | 9.17278764359310656090e-39 | 2.15726734070506680000e+16 |
|   4   | 1.94395129463460248164e-41 | 9.68203363289131375000e+14 |
|   6   | 4.54329973391374919122e-43 | 1.30851353842167031250e+13 |
|   8   | 7.63075760764145855068e-11 | 2.08609808429124048355e-06 |
-------------------------------------------------------------------

Scheme evaluation results:
Order: 8, No. cycles: 22
-------------------------------------------------------------------
Vector a: 0.33967350973234683442, 0.55453671349765942811, -1.46953139973961399711, -0.00113027801169318805, 1.39553306081244254955, -0.20356959881871300455, -0.35035429000223200502, -0.09869809488256012231, 0.58295194588394905200, -1.32383871297444133397, 0.00172717331310759110, 1.57269997118974824701
Vector b: 0.67934701946469167044, 0.42972640753063079400, -3.36878920700985595715, 3.36652865098646980613, -0.57546252936158570623, 0.16832333172415769873, -0.86903191172862581659, 0.67163572196350607157, 0.49426816980439647331, -3.14194559575327714285, 3.14539994237949205313
-------------------------------------------------------------------
| Order |          Error^2           |         Efficiency         |
-------------------------------------------------------------------
|   2   | 8.15797671245475430091e-36 | 7.23374854016239125000e+14 |
|   4   | 1.74408969986181112208e-38 | 3.23239828801890273438e+13 |
|   6   | 3.88703838223190964250e-40 | 4.47357271117720703125e+11 |
|   8   | 7.83358829903731485801e-11 | 2.05891388234815770421e-06 |
-------------------------------------------------------------------

Scheme evaluation results:
Order: 8, No. cycles: 22
-------------------------------------------------------------------
Vector a: -0.51402535911861524376, -0.36217535349616658547, 0.57734901102438263010, 0.75625849600005157214, -0.16601018440007039856, -0.37730546933601100124, -0.45957771187662205259, 0.31609211207820109291, -0.00351929878953919023, -0.25395863038868199402, 1.06578354316046408634, 0.42108884514260702669
Vector b: -1.02805071823723048752, 0.30370001124489726108, 0.85099801080386805463, 0.66151898119623508965, -0.99353934999637583125, 0.23892841132435382878, -1.15808383507759793396, 1.79026805923400011977, -1.79730665681307844039, 1.28938939603571434134, 0.84217769028521405339
-------------------------------------------------------------------
| Order |          Error^2           |         Efficiency         |
-------------------------------------------------------------------
|   2   | 1.86540851570919648481e-40 | 1.51275173898685504000e+17 |
|   4   | 3.13050076930164133644e-42 | 2.41269469498071100000e+15 |
|   6   | 4.82153176055904826210e-44 | 4.01671852383840546875e+13 |
|   8   | 7.99892833886355527415e-11 | 2.03752361252014522124e-06 |
-------------------------------------------------------------------

Scheme evaluation results:
Order: 8, No. cycles: 22
-------------------------------------------------------------------
Vector a: 0.53637295629690973087, -0.07901646368037570922, -1.06365220240823865616, -0.22978852194816531962, 0.42544626171377314394, -0.22259021968298511873, 0.16776496540630478349, 0.81654486888009292223, -0.12571203558483146079, -0.10210714674652586476, 0.55978005457608259743, 0.31695748317795907623
Vector b: 1.07274591259381946173, -1.23077883995457071364, -0.89652556486190670970, 0.43694852096557607046, 0.41394400246197027293, -0.85912444182794045489, 1.19465437264055007738, 0.43843536511963576707, -0.68985943628929857763, 0.48564514279624687587, 0.63391496635591815245
-------------------------------------------------------------------
| Order |          Error^2           |         Efficiency         |
-------------------------------------------------------------------
|   2   | 2.86985925493722536125e-42 | 1.21961944288988774400e+18 |
|   4   | 4.21090188529607529813e-43 | 6.57842178578780300000e+15 |
|   6   | 1.63079807892159354228e-44 | 6.90659228980221796875e+13 |
|   8   | 8.09112941945749737725e-11 | 2.02588122446630098067e-06 |
-------------------------------------------------------------------

Scheme evaluation results:
Order: 8, No. cycles: 22
-------------------------------------------------------------------
Vector a: 0.11147452938691654323, -0.49210831228503332246, -0.55908281575040563727, 0.58896055410007541742, 0.76914784815904646553, 0.38419257638883913542, -0.75673984156177298566, -0.12483492361283887728, 0.03746461398372560869, -0.76221774797905716969, 0.89773566578249019976, 0.90600785338801470559
Vector b: 0.22294905877383253134, -1.20716568334389862116, 0.08900005184308755479, 1.08892105635706304412, 0.44937463996103016450, 0.31901051281664805082, -1.83249019594019380008, 1.58282034871451604552, -1.50789112074706488364, -0.01654437521104922676, 1.81201570677602941117
-------------------------------------------------------------------
| Order |          Error^2           |         Efficiency         |
-------------------------------------------------------------------
|   2   | 4.27788395189080155412e-40 | 9.98941690884002720000e+16 |
|   4   | 6.26170218783544508142e-42 | 1.70593732935049800000e+15 |
|   6   | 9.66517947307763700260e-43 | 8.97137382739770312500e+12 |
|   8   | 8.24076966013477983081e-11 | 2.00740344813334993499e-06 |
-------------------------------------------------------------------

Scheme evaluation results:
Order: 8, No. cycles: 22
-------------------------------------------------------------------
Vector a: 0.15711904674697468876, 0.34527728125368067902, 0.92177503613493882995, -0.00417295949195993412, -0.42397873511636935406, -0.14077394565608403187, 0.08753598341875254429, 0.13962766661999892470, -0.13665496009171512748, -0.19701653967610061047, -0.10579637109257442051, 0.35705849695045777104
Vector b: 0.31423809349394660195, 0.37631646901342830080, 1.46723360325646856595, -1.47557952224038824163, 0.62762205200762732904, -0.90916994331978684407, 1.08424191015729753929, -0.80498657691730979291, 0.53167665673387276559, -0.92570973608605988669, 0.71411699390090344064
-------------------------------------------------------------------
| Order |          Error^2           |         Efficiency         |
-------------------------------------------------------------------
|   2   | 1.85687929400352305104e-36 | 1.51622202715694750000e+15 |
|   4   | 2.22022289207009746644e-39 | 9.05964100129977031250e+13 |
|   6   | 2.60094136416519284064e-41 | 1.72941266173755126953e+12 |
|   8   | 8.72869693062585858444e-11 | 1.95049053022638179186e-06 |
-------------------------------------------------------------------

Scheme evaluation results:
Order: 8, No. cycles: 22
-------------------------------------------------------------------
Vector a: -0.49640199193966505486, 0.16628106062118938602, 0.95998511350766502215, -0.42069495045241994680, -0.39411152288522127707, 0.56020293797966369542, -0.33731337864477850541, -0.79799342752001356516, -0.11291809139786403160, 0.79468828469961128036, 0.88075987135986388843, 0.19751609467196909464
Vector b: -0.99280398387933010973, 1.32536610512170893728, 0.59460412189362121804, -1.43599402279846088959, 0.64777097702801844648, 0.47263489893130894437, -1.14726165622086595519, -0.44872519881916117512, 0.22288901602343308417, 1.36648755337578942104, 0.39503218934393818929
-------------------------------------------------------------------
| Order |          Error^2           |         Efficiency         |
-------------------------------------------------------------------
|   2   | 5.23749314026043628428e-41 | 2.85491317477076192000e+17 |
|   4   | 6.74199723648277613248e-43 | 5.19894222990870200000e+15 |
|   6   | 4.38970278830240854346e-44 | 4.20965356365168437500e+13 |
|   8   | 8.95592802563616992605e-11 | 1.92558749124013794715e-06 |
-------------------------------------------------------------------

Scheme evaluation results:
Order: 8, No. cycles: 22
-------------------------------------------------------------------
Vector a: 0.68063571463232519498, -0.04148867447647147655, -0.57077271345692304205, 0.77257075749138326426, 0.04166460177550249805, -0.39609258000003727540, 0.42732110668613454418, -0.22562759108340693648, -0.11629376344825993750, -0.30478073752882262060, 0.03744505381122074233, 0.69541882559735490599
Vector b: 1.36127142926465038997, -1.44424877821759345409, 0.30270335130374720345, 1.24243816367901960263, -1.15910896012801467592, 0.36692380012793995858, 0.48771841324432918530, -0.93897359541114300274, 0.70638606851462304448, -1.31594754357226850772, 1.39083765119470981197
-------------------------------------------------------------------
| Order |          Error^2           |         Efficiency         |
-------------------------------------------------------------------
|   2   | 7.62952082925061362289e-38 | 7.48007593774417600000e+15 |
|   4   | 1.86793085294498115554e-41 | 9.87708699555367375000e+14 |
|   6   | 1.11654903991772310576e-42 | 8.34689622081846289062e+12 |
|   8   | 9.22045343591437748445e-11 | 1.89776491764610356699e-06 |
-------------------------------------------------------------------

Scheme evaluation results:
Order: 8, No. cycles: 22
-------------------------------------------------------------------
Vector a: 0.67891034669658334444, 0.05899633516778227116, -1.03867369813495780129, -0.31037646545979385992, 0.27389444302859927705, -0.41643810898057720404, -0.09323400878660757785, 0.80980280506302637633, 0.68138132966265985146, -0.62209789760944711468, -0.00227841246627687004, 0.98011333181900939238
Vector b: 1.35782069339316668888, -1.23982802305760220207, -0.83751937321231362255, 0.21676644229272606923, 0.33102244376447220731, -1.16389866172562661539, 0.97743064415241132092, 0.64217496597364143174, 0.72058769335167838221, -1.96478348857057238952, 1.96022666363801856271
-------------------------------------------------------------------
| Order |          Error^2           |         Efficiency         |
-------------------------------------------------------------------
|   2   | 1.30140269940002951157e-39 | 5.72728489211131120000e+16 |
|   4   | 3.36607655738544714628e-41 | 7.35778819882307625000e+14 |
|   6   | 4.35274572228184492844e-43 | 1.33684872557632089844e+13 |
|   8   | 9.30701818457599834688e-11 | 1.88891872660677225058e-06 |
-------------------------------------------------------------------

Scheme evaluation results:
Order: 8, No. cycles: 22
-------------------------------------------------------------------
Vector a: -0.57161331573988549692, -0.46048808039620081622, 0.39570687442499291597, -0.22239850914001271787, 0.15010955654492005862, 1.39509393838793749332, -0.06002993574575962721, -0.45705298480834410935, 0.55080398885999759528, -0.56724973577221005083, 0.03502283165573453344, 0.81209537172883017320
Vector b: -1.14322663147977099385, 0.22225047068736938916, 0.56916327816261647055, -1.01396029644264196179, 1.31417940953248213454, 1.47600846724339307414, -1.59606833873491238407, 0.68196236911822394333, 0.41964560860177124724, -1.55414508014619134890, 1.62419074345766034639
-------------------------------------------------------------------
| Order |          Error^2           |         Efficiency         |
-------------------------------------------------------------------
|   2   | 2.29588740394978028900e-40 | 1.36357599049110576000e+17 |
|   4   | 7.28955461141769840295e-42 | 1.58109796517891775000e+15 |
|   6   | 5.22276527444749740612e-43 | 1.22043220994606953125e+13 |
|   8   | 9.44232227831499120979e-11 | 1.87533622919597450764e-06 |
-------------------------------------------------------------------

Scheme evaluation results:
Order: 8, No. cycles: 22
-------------------------------------------------------------------
Vector a: 0.34560434207843571119, -0.07514937488985605485, 0.22765659822791176059, 0.08813161031756841512, -0.11997725690046003033, -0.06385485493107129207, -0.27204120505091272664, 0.36424707134311273826, 0.35122978239338081830, -0.48480127870301370496, -0.03247226074835569271, 0.67142682686326005115
Vector b: 0.69120868415687153341, -0.84150743393658344882, 1.29682063039240680347, -1.12055740975726991771, 0.88060289595634999582, -1.00831260581849257996, 0.46423019571666734873, 0.26426394696955768371, 0.43819561781720400839, -1.40779817522323114076, 1.34285365372651988025
-------------------------------------------------------------------
| Order |          Error^2           |         Efficiency         |
-------------------------------------------------------------------
|   2   | 7.49033265538615819287e-40 | 7.54925482982484320000e+16 |
|   4   | 2.05430354870018182597e-42 | 2.97835847714120800000e+15 |
|   6   | 6.54616098649902246161e-44 | 3.44723249012914179688e+13 |
|   8   | 9.67304959198155545588e-11 | 1.85283542800879458264e-06 |
-------------------------------------------------------------------

Scheme evaluation results:
Order: 8, No. cycles: 22
-------------------------------------------------------------------
Vector a: 0.75989816295980361360, -0.14341938168240406237, -0.45748275352735545685, -0.00810355152872532965, 0.43473652385228078732, 0.89263071724195763856, -0.68340468025438749766, -1.26726534781069122282, -0.25315336858211184845, 0.69522050137621704824, 0.69940611555177045755, 0.33093706240364567650
Vector b: 1.51979632591960700516, -1.80663508928441540746, 0.89166958222970560399, -0.90787668528715637084, 1.77734973299171694627, 0.00791170149219881484, -1.37472106200097377027, -1.15980963362040867537, 0.65350289645618486745, 0.73693810629624945108, 0.66187412480729146402
-------------------------------------------------------------------
| Order |          Error^2           |         Efficiency         |
-------------------------------------------------------------------
|   2   | 2.71216048887842482765e-37 | 3.96731739018738650000e+15 |
|   4   | 5.67399761189761680188e-41 | 5.66714992864440250000e+14 |
|   6   | 3.21626186426818226575e-42 | 4.91799648989348632812e+12 |
|   8   | 9.69882322007597781823e-11 | 1.85037193022591335327e-06 |
-------------------------------------------------------------------

Scheme evaluation results:
Order: 8, No. cycles: 22
-------------------------------------------------------------------
Vector a: -0.39252377887041567384, -0.23709448189752169167, 0.42201139724480818405, 0.56736202761713194764, -0.69097727208608383798, -0.01120101641254453960, 0.04099891303317418356, -1.26911006700337525288, -0.00173337280465143853, 1.28189806299612163443, 1.12222411348316808422, 0.16814547470018834097
Vector b: -0.78504755774083045949, 0.31085859394578768677, 0.53316420054382762661, 0.60155985469043549152, -1.98351439886260649814, 1.96111236603751803997, -1.87911453997116950632, -0.65910559403557966718, 0.65563884842627684346, 1.90815727756596431597, 0.33629094940037618233
-------------------------------------------------------------------
| Order |          Error^2           |         Efficiency         |
-------------------------------------------------------------------
|   2   | 1.76926823066879943521e-39 | 4.91199367269882080000e+16 |
|   4   | 5.48692426691025372291e-41 | 5.76294923234777250000e+14 |
|   6   | 1.12146344069682401924e-41 | 2.63373063207401562500e+12 |
|   8   | 9.72414562364069835919e-11 | 1.84796110615950083074e-06 |
-------------------------------------------------------------------

Scheme evaluation results:
Order: 8, No. cycles: 22
-------------------------------------------------------------------
Vector a: 0.22186567559847911180, -0.40373048047248771830, -0.49347582225208885820, 0.28683076103780513755, -0.28591365053624007153, -0.13281915802508822977, 0.99734094861362498907, -0.03732617571706696447, -0.89295894001579911858, 0.52252366861194254888, 0.95314178859202403071, 0.26452138456489526774
Vector b: 0.44373135119695822359, -1.25119231214193371571, 0.26424066763775599931, 0.30942085443785422028, -0.88124815551033430783, 0.61560983946015790380, 1.37907205776709207434, -1.45372440920122603103, -0.33219347083037237267, 1.37724080805425730389, 0.52904276912979053549
-------------------------------------------------------------------
| Order |          Error^2           |         Efficiency         |
-------------------------------------------------------------------
|   2   | 3.58732406867153170156e-40 | 1.09086079239288464000e+17 |
|   4   | 8.75811540203010669327e-43 | 4.56146077902491900000e+15 |
|   6   | 2.66229709438159057111e-44 | 5.40549731520533359375e+13 |
|   8   | 1.04865265894498440721e-10 | 1.77951938061368200435e-06 |
-------------------------------------------------------------------

Scheme evaluation results:
Order: 8, No. cycles: 22
-------------------------------------------------------------------
Vector a: -0.49202575776407869723, -0.33502679132887602798, 0.30623824429914392464, -0.28776338692148883958, 0.11055703999474811305, 0.86936400136099922786, 1.41824836517147345738, -0.00026323336236120883, -0.75575941547409086763, -0.09668710973962967026, -0.08725847622719271057, 0.35037651999135338565
Vector b: -0.98405151552815384175, 0.31399793287040711487, 0.29847855572787673761, -0.87400532957085164121, 1.09511940956034581340, 0.64360859316165153210, 2.19288813718125297214, -2.19341460390597564611, 0.68189577295783443400, -0.87526999243709147080, 0.70075303998270388472
-------------------------------------------------------------------
| Order |          Error^2           |         Efficiency         |
-------------------------------------------------------------------
|   2   | 1.80514147135551475223e-39 | 4.86294117868942800000e+16 |
|   4   | 4.35563429653463186689e-39 | 6.46820196982811953125e+13 |
|   6   | 2.49839603176727725571e-39 | 1.76454717776435485840e+11 |
|   8   | 1.07452749270048173048e-10 | 1.75796323210551973618e-06 |
-------------------------------------------------------------------

Scheme evaluation results:
Order: 8, No. cycles: 22
-------------------------------------------------------------------
Vector a: 0.13307517240389427071, 1.01127515382200350302, -0.01787935590809049818, -0.12211162781412628064, 0.04477803174804798753, -0.56792661241811304151, 0.41788269475777811701, -0.29949039440961944258, 0.42073509087231480974, 0.00251037995268492842, -0.49859163387398286460, 0.47574310086720850155
Vector b: 0.26615034480784882653, 1.75639996283610910766, -1.79215867465229106159, 1.54793541902403708477, -1.45837935552793873661, 0.32252613069168700743, 0.51323925882388932163, -1.11222004764314585934, 1.95369022938778003073, -1.94866946948240982174, 0.95148620173443432257
-------------------------------------------------------------------
| Order |          Error^2           |         Efficiency         |
-------------------------------------------------------------------
|   2   | 6.87656446611049861653e-36 | 7.87895969752082625000e+14 |
|   4   | 3.86168513578076623077e-38 | 2.17230522331923398438e+13 |
|   6   | 9.51946884688982389338e-41 | 9.03977365897941040039e+11 |
|   8   | 1.07545841429526473381e-10 | 1.75720221698246279872e-06 |
-------------------------------------------------------------------

Scheme evaluation results:
Order: 8, No. cycles: 22
-------------------------------------------------------------------
Vector a: 0.32945272766905786543, -0.16082995469927066634, -0.16637365935236436698, 0.50852218962379103218, 0.35389556601770127964, -0.59649809018485377976, -0.66983923375817744361, 0.79555024827678222366, 0.06279995896926129917, -0.78618344781820714839, 0.59006464045452100553, 0.73943905480175875500
Vector b: 0.65890545533811606393, -0.98056536473665745213, 0.64781804603192871816, 0.36922633321565279108, 0.33856479881975004576, -1.53156097918945777181, 0.19188251167310296785, 1.39921798488046134068, -1.27361806694193857581, -0.29874882869447549893, 1.47887810960351751000
-------------------------------------------------------------------
| Order |          Error^2           |         Efficiency         |
-------------------------------------------------------------------
|   2   | 4.16129591965897677382e-40 | 1.01283881873741728000e+17 |
|   4   | 4.45052392269561901725e-42 | 2.02350232066177675000e+15 |
|   6   | 2.40150945462494443540e-43 | 1.79978971082668710938e+13 |
|   8   | 1.15933717812332928138e-10 | 1.69244152250238259473e-06 |
-------------------------------------------------------------------

Scheme evaluation results:
Order: 8, No. cycles: 22
-------------------------------------------------------------------
Vector a: 0.72326800803415514096, -0.04552555910183619936, -1.40201614340698421657, 0.09403620301264208059, 0.16409005466637996418, -0.45094557238320320813, 0.61137414105221010718, 0.08503798652342457742, -0.16655648121834909503, 0.46531360434706947604, 0.56984042087258823805, 0.35208333760190319017
Vector b: 1.44653601606831072601, -1.53758713427198334678, -1.26644515254198619658, 1.45451755856727049654, -1.12633744923451017961, 0.22444630446810354130, 0.99830197763631722818, -0.82822600458946826762, 0.49511304215276946694, 0.43551416654136992923, 0.70416667520380649137
-------------------------------------------------------------------
| Order |          Error^2           |         Efficiency         |
-------------------------------------------------------------------
|   2   | 1.60769515461583364737e-38 | 1.62949407972660300000e+16 |
|   4   | 1.50114097990796028723e-41 | 1.10178926396158750000e+15 |
|   6   | 3.63234594161023928295e-43 | 1.46342447207170800781e+13 |
|   8   | 1.19470134470057883137e-10 | 1.66720451277198514878e-06 |
-------------------------------------------------------------------

Scheme evaluation results:
Order: 8, No. cycles: 22
-------------------------------------------------------------------
Vector a: 0.16568514738204792591, 0.61336991136522267531, -1.02859379359720648495, 0.00025370902521136925, 0.68559452949553978396, 0.19755258384912391389, -0.13603717650386096261, -0.03053371616232969377, 1.09482547396538687501, -0.86886371048220856217, -0.28147418074190916348, 0.58822122240498231349
Vector b: 0.33137029476410007067, 0.89536952796634017293, -2.95255711516076280176, 2.95306453321118533850, -1.58187547422010088560, 1.97698064191834887993, -2.24905499492607274803, 2.18798756260141358254, 0.00166338532936743879, -1.73939080629378839404, 1.17644244480996928992
-------------------------------------------------------------------
| Order |          Error^2           |         Efficiency         |
-------------------------------------------------------------------
|   2   | 1.91017832008621720045e-38 | 1.49491907174343720000e+16 |
|   4   | 8.73989852199388407135e-41 | 4.56621211160002062500e+14 |
|   6   | 3.96111530232193327822e-41 | 1.40137760516031982422e+12 |
|   8   | 1.22539383013001402073e-10 | 1.64619284127689081687e-06 |
-------------------------------------------------------------------

Scheme evaluation results:
Order: 8, No. cycles: 22
-------------------------------------------------------------------
Vector a: 0.29745437247968764538, 0.53102728971076196274, -0.59313683817745554983, 0.16736685505519766082, -0.07762656369457128502, -0.05328614477281233552, 0.20075299338196930798, -0.87864366000643567833, 0.26528919099028530626, 0.11185965340486585251, 0.40726684502008458910, 0.62167600660842259330
Vector b: 0.59490874495937540178, 0.46714583446214852369, -1.65341951081705929028, 1.98815322092745461191, -2.14340634831659704318, 2.03683405877097278847, -1.63532807200703400596, -0.12195924800583707315, 0.65253762998640763016, -0.42881832317667595289, 1.24335201321684496456
-------------------------------------------------------------------
| Order |          Error^2           |         Efficiency         |
-------------------------------------------------------------------
|   2   | 4.27322043060152856290e-39 | 3.16065425115318600000e+16 |
|   4   | 2.78830368431352100772e-41 | 8.08424078754690375000e+14 |
|   6   | 1.51663463343636417285e-42 | 7.16182047662172460938e+12 |
|   8   | 1.38111079679935443234e-10 | 1.55061611540987663586e-06 |
-------------------------------------------------------------------

Scheme evaluation results:
Order: 8, No. cycles: 22
-------------------------------------------------------------------
Vector a: 0.23446252012104992768, -0.18503773832424674772, 0.20518111921231463324, 0.09788887414708148660, -0.93126673591153241727, -0.27440466783186012734, 0.47888598174282431819, 0.61618890334809328646, -0.39159834876645971402, -0.04961853864049724228, 0.90433546360180327994, 0.29498316730142931652
Vector b: 0.46892504024209985536, -0.83900051689059329529, 1.24936275531522267279, -1.05358500702105950531, -0.80894846480200521821, 0.26013912913828496354, 0.69763283434736367283, 0.53474497234882290009, -1.31794166988174232813, 1.21870459260074781582, 0.58996633460285863304
-------------------------------------------------------------------
| Order |          Error^2           |         Efficiency         |
-------------------------------------------------------------------
|   2   | 1.43492962746861268063e-41 | 5.45430396196442304000e+17 |
|   4   | 1.91277240380337530181e-43 | 9.76062500780358600000e+15 |
|   6   | 1.05670024663498533236e-44 | 8.58001428025212500000e+13 |
|   8   | 1.40961450762934212221e-10 | 1.53485860376506025725e-06 |
-------------------------------------------------------------------

Scheme evaluation results:
Order: 8, No. cycles: 22
-------------------------------------------------------------------
Vector a: 0.26494941429752827400, -0.47821537066948544004, -0.60730063202935091748, 0.93401448966220501635, -0.01761352355383304438, -0.54359831199595476381, 0.59793974265334270957, -0.07769842638586001160, -0.71942560996069904178, 0.45419816546854124839, 0.98145060859301203049, 0.21129945392055368703
Vector b: 0.52989882859505643697, -1.48632956993402709500, 0.27172830587532514901, 1.59630067344908477267, -1.63152772055675088225, 0.54433109656484146566, 0.65154838874184406450, -0.80694524151356417097, -0.63190597840783402361, 1.54030230934491663142, 0.42259890784110737405
-------------------------------------------------------------------
| Order |          Error^2           |         Efficiency         |
-------------------------------------------------------------------
|   2   | 3.91018323485196955471e-40 | 1.04485514047107824000e+17 |
|   4   | 6.45788397284091947135e-42 | 1.67982545411108525000e+15 |
|   6   | 1.01581138335999349202e-43 | 2.76730722788782265625e+13 |
|   8   | 1.45087659044813193878e-10 | 1.51287594182349837335e-06 |
-------------------------------------------------------------------

Scheme evaluation results:
Order: 8, No. cycles: 22
-------------------------------------------------------------------
Vector a: 0.12799955116888819817, 0.94039570425145002641, 0.01774122704215557941, -0.65656782365288923753, 0.44415405277649844251, -0.21327375080988647538, 0.43397315012962761616, 0.17401830740296317379, 0.00609416501723278759, -0.17463464394074434960, -0.52996214613441150476, 0.43006220674911566082
Vector b: 0.25599910233779032964, 1.62479230616509062735, -1.58930985208077935056, 0.27617420477500176368, 0.61213390077799900713, -1.03868140239777440037, 1.90662770265703018779, -1.55859108785110178630, 1.57077941788556718627, -1.92004870576705766183, 0.86012441349823443026
-------------------------------------------------------------------
| Order |          Error^2           |         Efficiency         |
-------------------------------------------------------------------
|   2   | 1.08624172799373979923e-38 | 1.98240049398707800000e+16 |
|   4   | 8.84883546461049535044e-40 | 1.43504730282590906250e+14 |
|   6   | 1.03201920143641401518e-40 | 8.68200489191296020508e+11 |
|   8   | 1.55579910209548947674e-10 | 1.46097167217283094759e-06 |
-------------------------------------------------------------------

Scheme evaluation results:
Order: 8, No. cycles: 22
-------------------------------------------------------------------
Vector a: 0.32993374232664707257, -0.44562973546326856145, 0.18410945368109307707, -0.00249176085968063525, -0.81905127896133611554, 0.43034476867457815974, 0.60635396222625959073, -0.09641586437853146008, -0.75458654696440941034, 0.44628516873486745453, 0.95324066769174575775, 0.16790742329203509065
Vector b: 0.65986748465329414515, -1.55112695557983126804, 1.91934586294201725565, -1.92432938466137848366, 0.28622682673870658565, 0.57446271061044973383, 0.63824521384206944763, -0.83107694259913234003, -0.67809615132968648066, 1.57066648879942127870, 0.33581484658407018129
-------------------------------------------------------------------
| Order |          Error^2           |         Efficiency         |
-------------------------------------------------------------------
|   2   | 1.20892821114230618343e-39 | 5.94229738161212400000e+16 |
|   4   | 7.79367173395855134421e-42 | 1.52910821645496625000e+15 |
|   6   | 1.20743087259784068290e-43 | 2.53824054460604335938e+13 |
|   8   | 1.60729669423793533796e-10 | 1.43737645856928908351e-06 |
-------------------------------------------------------------------

Scheme evaluation results:
Order: 8, No. cycles: 22
-------------------------------------------------------------------
Vector a: 0.61272345278464357410, 0.05735689901618885173, -1.09714862905579213503, -0.46086579528008009277, 0.46589672636251328042, 1.45438239128582180726, -0.00084391929659474252, -0.77376943457251290415, 0.51275892226303276811, -0.46942269516629969717, 0.00661344694219713220, 0.69231863471688215306
Vector b: 1.22544690556928670411, -1.11073310753690912556, -1.08356415057467470042, 0.16183256001451493122, 0.76996089271051115777, 2.13880388986113123551, -2.14049172845432034151, 0.59295285930929575446, 0.43256498521677028135, -1.37141037554936984222, 1.38463726943376408407
-------------------------------------------------------------------
| Order |          Error^2           |         Efficiency         |
-------------------------------------------------------------------
|   2   | 2.96669978563582709384e-36 | 1.19954857247524850000e+15 |
|   4   | 2.94637015108936037332e-40 | 2.48694180980464250000e+14 |
|   6   | 4.88331960615114609810e-41 | 1.26213654101864208984e+12 |
|   8   | 1.65473191912071921444e-10 | 1.41662444375517747733e-06 |
-------------------------------------------------------------------

Scheme evaluation results:
Order: 8, No. cycles: 22
-------------------------------------------------------------------
Vector a: 0.22591529985034577988, -0.41113278693060290037, -0.44129732509199559587, 0.86161768600519805794, -0.05392201632474558082, -1.09039822851122591985, -0.02245259107542197166, 0.55819424826839147968, -0.14487310085381752134, 0.34896080292712011728, 0.93662973349563494185, 0.23275827824111933184
Vector b: 0.45183059970069150424, -1.27409617356189719395, 0.39150152337790594670, 1.33173384863248989163, -1.43957788128198105326, -0.74121857574047100847, 0.69631339358962707209, 0.42007510294715599830, -0.70982130465479109649, 1.40774291050903110900, 0.46551655648223860817
-------------------------------------------------------------------
| Order |          Error^2           |         Efficiency         |
-------------------------------------------------------------------
|   2   | 9.18354961579912115601e-41 | 2.15600294633599712000e+17 |
|   4   | 2.54405736198170539226e-42 | 2.67636799049627950000e+15 |
|   6   | 1.26573295164305400818e-43 | 2.47909330101815156250e+13 |
|   8   | 1.72021287037416058418e-10 | 1.38940052003148587650e-06 |
-------------------------------------------------------------------

Scheme evaluation results:
Order: 8, No. cycles: 22
-------------------------------------------------------------------
Vector a: 0.73352073538298989686, -0.16376169504359142093, -0.21890090096844860845, -0.09814702461201825490, -0.78819760102264646573, 0.97432882141147436617, 0.22666333481687545026, -0.51372020836203657890, 0.57025476807177599703, -0.79518529187705355721, -0.02334033628054626303, 1.09648539848322545964
Vector b: 1.46704147076597979371, -1.79456486085316258006, 1.35676305891626558520, -1.55305710814030195621, -0.02333809390499121117, 1.97199573672794015167, -1.51866906709418936217, 0.49122865037011609335, 0.64928088577343612275, -2.23965146952754334819, 2.19297079696645047520
-------------------------------------------------------------------
| Order |          Error^2           |         Efficiency         |
-------------------------------------------------------------------
|   2   | 2.86985925493722536125e-42 | 1.21961944288988774400e+18 |
|   4   | 2.53081509149383587094e-41 | 8.48553187038076250000e+14 |
|   6   | 2.22412220894695547345e-42 | 5.91404454970216406250e+12 |
|   8   | 1.72199682824222273320e-10 | 1.38868063651130021109e-06 |
-------------------------------------------------------------------

Scheme evaluation results:
Order: 8, No. cycles: 22
-------------------------------------------------------------------
Vector a: -0.52176031420726565191, -0.35289878430609228355, 0.29014600484372154998, 0.40381270242955785710, 0.69428208449582196060, -0.08743279639496771838, -1.17275827664657672500, 0.04402005955399618253, 1.53894080488789364303, -0.01215677044149564463, -0.32885030337355752872, 0.50465558915896446823
Vector b: -1.04352062841446580066, 0.33772305980221739574, 0.24256894988519495104, 0.56505645497400047716, 0.82350771401758715573, -0.99837330680754388101, -1.34714324648560257458, 1.43518336559360815130, 1.64269824418221688234, -1.66701178506521197065, 1.00931117831799932461
-------------------------------------------------------------------
| Order |          Error^2           |         Efficiency         |
-------------------------------------------------------------------
|   2   | 6.21037542768415568175e-39 | 2.62177676898884960000e+16 |
|   4   | 3.75127598899753529886e-41 | 6.96979120518205875000e+14 |
|   6   | 2.20731505192942387920e-42 | 5.93651750392945117188e+12 |
|   8   | 1.76854691479041297515e-10 | 1.37028297198494853539e-06 |
-------------------------------------------------------------------

Scheme evaluation results:
Order: 8, No. cycles: 22
-------------------------------------------------------------------
Vector a: 0.63782904691091335536, 0.04673302848616162075, -1.12854092810948047898, -0.45967354747911576274, 0.49142335975183876196, 1.46480298775409489842, -0.00152994150402984731, -0.15908007842028829004, 0.00212909244207033516, -0.64537391416931511046, 0.49868937050868789029, 0.25259152382846239426
Vector b: 1.27565809382182937526, -1.18219203684950624478, -1.07488981936945715567, 0.15554272441122551918, 0.82730399509245255985, 2.10230198041571547662, -2.10536186342377540370, 1.78720170658317600854, -1.78294352169903524974, 0.49219569336045004837, 0.50518304765692489955
-------------------------------------------------------------------
| Order |          Error^2           |         Efficiency         |
-------------------------------------------------------------------
|   2   | 1.00158087997309165108e-39 | 6.52847320087387440000e+16 |
|   4   | 2.56290482632687418187e-40 | 2.66650889806205781250e+14 |
|   6   | 7.58115003504021072134e-41 | 1.01296950017262451172e+12 |
|   8   | 1.78379210163003337488e-10 | 1.36441484243659028299e-06 |
-------------------------------------------------------------------

Scheme evaluation results:
Order: 8, No. cycles: 22
-------------------------------------------------------------------
Vector a: 0.37121728106285245552, -0.32319430040957286554, -0.58809557792749822536, 0.22689829212660816982, 0.29672609318610548845, 0.28459055195157201279, -0.19136922381698506790, -0.64336459738753093429, -0.27051916491788952079, 0.76718205604627709437, 0.88204059241341503661, 0.18788799767264638407
Vector b: 0.74243456212570491104, -1.38882316294485064212, 0.21263200708985413590, 0.24116457716336225925, 0.35228760920884855112, 0.21689349469429566875, -0.59963194232826588781, -0.68709725244679586975, 0.14605892261101682816, 1.38830518948153747161, 0.37577599534529276815
-------------------------------------------------------------------
| Order |          Error^2           |         Efficiency         |
-------------------------------------------------------------------
|   2   | 1.75061414551170747036e-40 | 1.56156268173118016000e+17 |
|   4   | 2.79559043632801005649e-43 | 8.07369806046147900000e+15 |
|   6   | 2.88863649880427178264e-44 | 5.18940382823771328125e+13 |
|   8   | 1.92211525125011853762e-10 | 1.31440390618819954900e-06 |
-------------------------------------------------------------------

Scheme evaluation results:
Order: 8, No. cycles: 22
-------------------------------------------------------------------
Vector a: -0.45284372815720763672, -0.11756630059107420205, 0.47597963780046176341, 0.48866095843073825700, 0.47881482706976929986, -1.14727257973745855324, -0.21707066014684550659, 1.05572300400614760285, -1.06213161355412433196, -1.05638371862347679730, 1.27725153698794846591, 1.27683863651512163884
Vector b: -0.90568745631441438526, 0.67055485513226664729, 0.28140442046865238312, 0.69591749639282707296, 0.26171215774671213739, -2.55625731722162763404, 2.12211599692793795313, -0.01066998891564064147, -2.11359323819261035737, 0.00082580094565559822, 2.55367727303024105723
-------------------------------------------------------------------
| Order |          Error^2           |         Efficiency         |
-------------------------------------------------------------------
|   2   | 1.43722551487256246091e-38 | 1.72342416878874480000e+16 |
|   4   | 1.44210427560595574403e-40 | 3.55476540106730750000e+14 |
|   6   | 6.47351508772746928263e-41 | 1.09621018491522863770e+12 |
|   8   | 1.94644532165254806742e-10 | 1.30616321667621441717e-06 |
-------------------------------------------------------------------

Scheme evaluation results:
Order: 8, No. cycles: 22
-------------------------------------------------------------------
Vector a: 0.16930867708474414690, 0.31545092305273164657, -0.50366729144733690671, 0.34960498050212091004, -0.00225896830401042803, -0.87301179052840005568, 0.69877717236298675374, 0.72057305663746418212, -0.51531662956725177160, -0.73553191589550914742, 0.65315703987086826121, 0.72291474623159235335
Vector b: 0.33861735416948812727, 0.29228449193597555444, -1.29961907483064931235, 1.99882903583489124344, -2.00334697244291204399, 0.25732339138611187712, 1.14023095333986157485, 0.30091515993506667836, -1.33154841906957011055, -0.13951541272144821204, 1.44582949246318470671
-------------------------------------------------------------------
| Order |          Error^2           |         Efficiency         |
-------------------------------------------------------------------
|   2   | 9.18354961579912115601e-41 | 2.15600294633599712000e+17 |
|   4   | 4.37205120869342926128e-42 | 2.04158119450452725000e+15 |
|   6   | 3.23144352313216458490e-43 | 1.55154947983098378906e+13 |
|   8   | 1.96566145700741859036e-10 | 1.29976306746152050751e-06 |
-------------------------------------------------------------------

Scheme evaluation results:
Order: 8, No. cycles: 22
-------------------------------------------------------------------
Vector a: 0.51205766431771138070, 0.54259055791230892396, -1.42506461818583574086, -0.00048028381222138165, 0.86164626531447296998, 0.17284769486621276435, 0.00949809608238342228, -0.52444140141142692180, -0.68055561436671541120, 0.00849667759144688735, 1.22241820683798341207, 0.30098675485367964999
Vector b: 1.02411532863542276139, 0.06106578718919490611, -2.91119502356086856665, 2.91023445593642549056, -1.18694192530747710812, 1.53263731503990130456, -1.51364112287513452593, 0.46475832005228256971, -1.82586954878571527949, 1.84286290396860907848, 0.60197350970735918896
-------------------------------------------------------------------
| Order |          Error^2           |         Efficiency         |
-------------------------------------------------------------------
|   2   | 4.62908297821374450770e-39 | 3.03673682160865320000e+16 |
|   4   | 2.55421677584806031603e-40 | 2.67104005168054375000e+14 |
|   6   | 1.35196189011744286213e-41 | 2.39873178693478466797e+12 |
|   8   | 2.17270018327286042682e-10 | 1.23628515086689613171e-06 |
-------------------------------------------------------------------

Scheme evaluation results:
Order: 8, No. cycles: 22
-------------------------------------------------------------------
Vector a: 0.10183570482387459266, -0.53155576385299141418, -0.81675417510102277241, -0.02365417453365327091, 0.89795185641580810287, 0.15009383636183593058, -0.30712420757422376205, 0.72840428614764585191, 0.65914726416320212898, -0.59175479581053747058, -0.03505644272763714514, 0.76846661168769925254
Vector b: 0.20367140964774710366, -1.26678293735372715645, -0.36672541284831872144, 0.31941706378101220043, 1.47648664905060478247, -1.17629897632693247722, 0.56205056117848395392, 0.89475801111680686173, 0.42353651720959778482, -1.60704610883067422478, 1.53693322337539983735
-------------------------------------------------------------------
| Order |          Error^2           |         Efficiency         |
-------------------------------------------------------------------
|   2   | 3.12240686937170119304e-39 | 3.69751454859703920000e+16 |
|   4   | 2.91021665070978009289e-41 | 7.91309930867075000000e+14 |
|   6   | 1.68487666185383095522e-43 | 2.14872015595717421875e+13 |
|   8   | 2.18523914759803891547e-10 | 1.23273312847198154729e-06 |
-------------------------------------------------------------------

Scheme evaluation results:
Order: 8, No. cycles: 22
-------------------------------------------------------------------
Vector a: 0.16041148501772231616, 0.34824463727858961937, 1.02509725026622033894, -0.00420131254741706959, -0.59378163246712756251, 0.50015942582622907597, -0.41727693223535122780, 0.01806775630189385098, 0.39138678819794775476, -0.73198517356002013035, -0.06583695816977062909, 0.36971466609108355472
Vector b: 0.32082296923185665838, 0.37566630648251453373, 1.67452819392023921630, -1.68293081901681462753, 0.49536755385674841046, 0.50495129801884774956, -1.33950516265057650855, 1.37564067526238931194, -0.59286709871932696814, -0.87110324861858434708, 0.73942933223270623788
-------------------------------------------------------------------
| Order |          Error^2           |         Efficiency         |
-------------------------------------------------------------------
|   2   | 5.57959471274522823347e-36 | 8.74688287851010375000e+14 |
|   4   | 1.88907810590902440572e-36 | 3.10587747722301025391e+12 |
|   6   | 4.58666314068744336407e-39 | 1.30231334963618026733e+11 |
|   8   | 2.28907429740708001104e-10 | 1.20444953677716032570e-06 |
-------------------------------------------------------------------

Scheme evaluation results:
Order: 8, No. cycles: 22
-------------------------------------------------------------------
Vector a: 0.21532222941183132292, -0.60649222041562222962, -0.49394038407909407473, 0.82419328703693339744, 0.66481116943766427330, -0.51790464317022577578, -0.50967722324418329727, -0.36267412260064108009, 0.18216717134358800800, 0.35251902907605203730, 0.44131703713019360125, 0.81035867007350370628
Vector b: 0.43064445882366270135, -1.64362889965490710509, 0.65574813149671895562, 0.99263844257714772823, 0.33698389629818092939, -1.37279318263863259197, 0.35343873615026610846, -1.07878698135154849069, 1.44312132403872461772, -0.73808326588662032108, 1.62071734014700763460
-------------------------------------------------------------------
| Order |          Error^2           |         Efficiency         |
-------------------------------------------------------------------
|   2   | 8.26519465421920904041e-40 | 7.18667648778665680000e+16 |
|   4   | 1.28807354840737185159e-41 | 1.18943015799675725000e+15 |
|   6   | 5.16184334475153993544e-43 | 1.22761307402051308594e+13 |
|   8   | 2.43459639518238744960e-10 | 1.16789840710231344137e-06 |
-------------------------------------------------------------------

Scheme evaluation results:
Order: 8, No. cycles: 22
-------------------------------------------------------------------
Vector a: -0.62601060324981461225, -0.65462309244876815129, 0.57733705763780696074, 0.78069236696187771507, 0.34756965533361622311, -0.33787634650135928149, -0.45019177241485008878, 0.62507266633432478908, 0.78311123094732082439, -0.18268897027406749700, -0.13181556825407919620, 0.26942337592799225909
Vector b: -1.25202120649962944654, -0.05722497839790697399, 1.21189909367352099956, 0.34948564025023465263, 0.34565367041699779360, -1.02140636341971635659, 0.12102281859001606801, 1.12912251407863362118, 0.43709994781600819413, -0.80247788836414324365, 0.53884675185598462921
-------------------------------------------------------------------
| Order |          Error^2           |         Efficiency         |
-------------------------------------------------------------------
|   2   | 4.87876073339328311413e-41 | 2.95801163887763136000e+17 |
|   4   | 8.63900503256249724224e-43 | 4.59279872411339000000e+15 |
|   6   | 1.53043661934233882527e-43 | 2.25453115292818281250e+13 |
|   8   | 2.55854672327012164179e-10 | 1.13925745000061268253e-06 |
-------------------------------------------------------------------

Scheme evaluation results:
Order: 8, No. cycles: 22
-------------------------------------------------------------------
Vector a: 0.16283833704677364018, 0.38693165517060323921, -1.27228301608934368794, 0.00164516748988833813, 1.62208658731583765800, -0.44039414585477903996, -0.86432637572102799517, 0.01973294884545041122, 0.85227911872156747464, -1.22776362312481701622, -0.00059465127380372803, 1.75984799747365072697
Vector b: 0.32567667409354150720, 0.44818663624767191012, -2.99275266842634746212, 2.99604300340612406117, 0.24813017122553812643, -1.12891846293511410870, -0.59973428850691756775, 0.63920018619781748814, 1.06535805124529336929, -3.52088529749488987619, 3.51969599494728235811
-------------------------------------------------------------------
| Order |          Error^2           |         Efficiency         |
-------------------------------------------------------------------
|   2   | 2.76558004904982634053e-36 | 1.24240022561686125000e+15 |
|   4   | 3.46490663482811568225e-39 | 7.25209539781411250000e+13 |
|   6   | 7.98310681424051436682e-40 | 3.12160498056741821289e+11 |
|   8   | 2.63882168501950342210e-10 | 1.12179508083985153044e-06 |
-------------------------------------------------------------------

Scheme evaluation results:
Order: 8, No. cycles: 22
-------------------------------------------------------------------
Vector a: -0.42030412750545576017, -0.31421416641590033114, 0.89014409280005701852, 1.05533272073968831251, -0.00991127692317493592, -1.14238896560863034679, -0.01037840697233134019, 0.08705504104052731729, -0.45641161279570918730, 0.56861735782640365766, 0.50686133139661437852, 0.24559801241791123783
Vector b: -0.84060825501091174239, 0.21217992217911113562, 1.56810826342100373409, 0.54255717805837211376, -0.56237973190472190232, -1.72239819931253901331, 1.70164138536787645783, -1.52753130328682074079, 0.61470807769540158905, 0.52252663795740605934, 0.49119602483582253116
-------------------------------------------------------------------
| Order |          Error^2           |         Efficiency         |
-------------------------------------------------------------------
|   2   | 9.82926794815999686229e-41 | 2.08398242106645088000e+17 |
|   4   | 1.16875298417011367800e-41 | 1.24867066892587100000e+15 |
|   6   | 3.84749312376367409952e-43 | 1.42191943055638652344e+13 |
|   8   | 2.70157741089197298014e-10 | 1.10868927219905879405e-06 |
-------------------------------------------------------------------

Scheme evaluation results:
Order: 8, No. cycles: 22
-------------------------------------------------------------------
Vector a: 0.38112529801352901249, -0.31512055394541321762, -0.35264776111363499433, -0.17165937183508142572, -0.47449490769837687765, 0.73881989266837844177, -0.07482719830820096230, 0.01587355967050062960, 1.02161375940138143825, -0.99899645820641391758, -0.00076919029469743507, 1.23108293164802917730
Vector b: 0.76225059602705602657, -1.39249170391788212875, 0.68719618169061225110, -1.03051492536077393680, 0.08152510996402145826, 1.39611467537273536976, -1.54576907198912283370, 1.57751619133012366269, 0.46571132747262516949, -2.46370424388541620075, 2.46216586329602149519
-------------------------------------------------------------------
| Order |          Error^2           |         Efficiency         |
-------------------------------------------------------------------
|   2   | 1.56407329394078782188e-39 | 5.22427570235539120000e+16 |
|   4   | 5.26355729169687788180e-41 | 5.88395848032648875000e+14 |
|   6   | 2.41444820167591235083e-42 | 5.67616444154847070312e+12 |
|   8   | 2.75091444072525189621e-10 | 1.09870224485613648557e-06 |
-------------------------------------------------------------------

Scheme evaluation results:
Order: 8, No. cycles: 22
-------------------------------------------------------------------
Vector a: 0.13748443365426926688, -0.43412405459153563525, -0.32621910502368295370, 0.73450255741595849024, -0.21019019631397106718, -0.91738765310426684252, -0.04928162778796245369, 1.01147639712868997464, -0.01460279050653122933, -0.10724051830467178081, 0.96280928597787840406, 0.21277327145582580759
Vector b: 0.27496886730853853376, -1.14321697649160980426, 0.49077876644424384134, 0.97822634838767297261, -1.39860674101561510696, -0.43616856519291852257, 0.33760530961699364294, 1.68534748464038597326, -1.71455306565344844927, 1.50007202904410519295, 0.42554654291165161517
-------------------------------------------------------------------
| Order |          Error^2           |         Efficiency         |
-------------------------------------------------------------------
|   2   | 1.75061414551170747036e-40 | 1.56156268173118016000e+17 |
|   4   | 5.46383787471050236167e-42 | 1.82625061234836650000e+15 |
|   6   | 1.20853867343296792092e-43 | 2.53707694524309609375e+13 |
|   8   | 3.00546440412395675180e-10 | 1.05114531526078083571e-06 |
-------------------------------------------------------------------

Scheme evaluation results:
Order: 8, No. cycles: 22
-------------------------------------------------------------------
Vector a: 0.26111683254069928406, -0.14432186476665292973, -0.15937052010606200803, 0.81982501736628132782, 0.06137503537431659995, -0.33824188973202051756, 0.40492635117915654064, -0.40394009475754055760, -0.94685130062135658413, -0.04523497162197691324, 0.87880360163324600098, 0.61191380351190971520
Vector b: 0.52223366508139901221, -0.81087739461470487168, 0.49213635440258085563, 1.14751368032998146695, -1.02476360958134815604, 0.34827983011730723195, 0.46157287224100596035, -1.26945306175608707555, -0.62424953948662609271, 0.53377959624267223848, 1.22382760702381965245
-------------------------------------------------------------------
| Order |          Error^2           |         Efficiency         |
-------------------------------------------------------------------
|   2   | 2.29588740394978028900e-40 | 1.36357599049110576000e+17 |
|   4   | 5.28289521050456035738e-42 | 1.85726245123363525000e+15 |
|   6   | 1.64460985783746597250e-43 | 2.17486583264816289062e+13 |
|   8   | 3.23465872781667032183e-10 | 1.01322132057493985240e-06 |
-------------------------------------------------------------------

Scheme evaluation results:
Order: 8, No. cycles: 22
-------------------------------------------------------------------
Vector a: 0.41534090269783868754, -0.34975873351399211497, -0.97485916422163954032, 1.04456043145499100078, -0.00043220532588620871, -1.08048453483951445442, 0.30960499571618393944, 0.43885982848957871827, -0.19080004497992916757, 0.28211567293398848166, 0.94114551611343211235, 0.16470733547494861848
Vector b: 0.83068180539567748610, -1.53019927242366171605, -0.41951905601961714254, 2.50863991892959825591, -2.50950432958137037431, 0.34853525990234257570, 0.27067473153002552522, 0.60704492544913157825, -0.98864501540898985787, 1.55287636127696671018, 0.32941467094989729247
-------------------------------------------------------------------
| Order |          Error^2           |         Efficiency         |
-------------------------------------------------------------------
|   2   | 2.34252261684251020112e-39 | 4.26886815799965200000e+16 |
|   4   | 3.12258343297820611999e-41 | 7.63927688190207875000e+14 |
|   6   | 6.44454135634205071965e-43 | 1.09867162314252167969e+13 |
|   8   | 3.29327614700163172269e-10 | 1.00416361057465698874e-06 |
-------------------------------------------------------------------

Scheme evaluation results:
Order: 8, No. cycles: 22
-------------------------------------------------------------------
Vector a: 0.15263712340352550423, -0.66892869378683150750, 0.03244791912630318881, 0.49547379848003320069, -0.74347699041389092578, -0.10183793343690648869, 0.51792749673881288697, 0.44055106629641982430, 0.56767996493201844377, -0.51261517448275306652, -0.02721551378676887595, 0.84735693693003777405
Vector b: 0.30527424680705073090, -1.64313163438071341282, 1.70802747263331977656, -0.71707987567325348621, -0.76987410515452836535, 0.56619823828071536020, 0.46965675519691035822, 0.41144537739592945691, 0.72391455246810731960, -1.74914490143361334162, 1.69471387386007554809
-------------------------------------------------------------------
| Order |          Error^2           |         Efficiency         |
-------------------------------------------------------------------
|   2   | 7.17464813734306340313e-41 | 2.43923888577977536000e+17 |
|   4   | 2.88177029188398630635e-42 | 2.51466187088428100000e+15 |
|   6   | 1.74400249366460647043e-43 | 2.11198273824218554688e+13 |
|   8   | 3.31824352123015537405e-10 | 1.00037867621951677073e-06 |
-------------------------------------------------------------------

Scheme evaluation results:
Order: 8, No. cycles: 22
-------------------------------------------------------------------
Vector a: 0.15436663962363550429, -0.45713894974094204660, 0.06299437659607520779, 0.94192718570901701192, 0.31975275619542375960, -0.39216105816853757959, -0.31035175783072754818, -0.57881261721559196243, -0.73609716054647966743, 0.65352710777319777957, 1.00933514596207252190, 0.33265833164285696366
Vector b: 0.30873327924727128613, -1.22301117872915576790, 1.34899993192130618347, 0.53485443949672806241, 0.10465107289411952618, -0.88897318923119461598, 0.26826967356973907552, -1.42589490800092311140, -0.04629941309203609856, 1.35335362863843156056, 0.66531666328571381630
-------------------------------------------------------------------
| Order |          Error^2           |         Efficiency         |
-------------------------------------------------------------------
|   2   | 7.17464813734306340313e-40 | 7.71355063631539360000e+16 |
|   4   | 3.88580064157271773767e-42 | 2.16555400584305775000e+15 |
|   6   | 3.44741745154763689465e-44 | 4.75025558428331953125e+13 |
|   8   | 3.52088517761309440943e-10 | 9.71164105393198448513e-07 |
-------------------------------------------------------------------

Scheme evaluation results:
Order: 8, No. cycles: 22
-------------------------------------------------------------------
Vector a: 0.49517739825494588857, -0.60544733562096031410, -0.05015344773424052632, 0.17954199571048989892, -0.67857654829169711252, -0.06099134421283318452, -0.20890557783010446635, 1.05965771257721796950, 0.21279960403162215266, -0.22869190807082687145, 0.72965857156947377948, 0.15593087961691282084
Vector b: 0.99035479650989277633, -2.20124946775181484782, 2.10094257228333347598, -1.74185858086235323405, 0.38470548427896061883, -0.50668817270462807034, 0.08887701704441730577, 2.03043840811001974345, -1.60483920004677504956, 1.14745538390512069604, 0.31186175923382614128
-------------------------------------------------------------------
| Order |          Error^2           |         Efficiency         |
-------------------------------------------------------------------
|   2   | 1.03314933177740113005e-39 | 6.42795886359616080000e+16 |
|   4   | 5.47345428542193141881e-41 | 5.77003608416751000000e+14 |
|   6   | 1.82244687903363395922e-42 | 6.53335829491878417969e+12 |
|   8   | 3.53333149440084576408e-10 | 9.69452112118300565811e-07 |
-------------------------------------------------------------------

Scheme evaluation results:
Order: 8, No. cycles: 22
-------------------------------------------------------------------
Vector a: 0.24873590991451699495, 0.55359559804379687709, -0.40625751265708659465, -1.01721945231182631098, 0.02261773295890432203, 1.01554989980109389158, 0.22850923069152828671, -0.24218927678147947335, 0.34601940340115933115, -0.45700651018521581959, 0.06037523569097759391, 0.64726974143363080749
Vector b: 0.49747181982903404540, 0.60971937625855965326, -1.42223440157273284257, -0.61220450305091944632, 0.65743996896872813895, 1.37365983063345975523, -0.91664136925040307080, 0.43226281568744412409, 0.25977599111487470473, -1.17378901148530645493, 1.29453948286726161498
-------------------------------------------------------------------
| Order |          Error^2           |         Efficiency         |
-------------------------------------------------------------------
|   2   | 4.16129591965897677382e-40 | 1.01283881873741728000e+17 |
|   4   | 3.31827476352116682395e-42 | 2.34343603970250900000e+15 |
|   6   | 1.79118684039304367024e-43 | 2.08397963249212460938e+13 |
|   8   | 3.55848572371264140520e-10 | 9.66019603144903203171e-07 |
-------------------------------------------------------------------

Scheme evaluation results:
Order: 8, No. cycles: 22
-------------------------------------------------------------------
Vector a: 0.53197776038175237368, 0.12556566026716120543, -0.45664075381069707538, -0.61428383001189967860, -0.32430985014849117443, 0.43103727627525828536, 0.35562011062990023236, 0.34845645250475332233, -0.24517059497251242339, 0.09270508007465542988, 0.63852332792004795614, 0.11651936089007149111
Vector b: 1.06395552076350474735, -0.81282420022918233649, -0.10045730739221157835, -1.12811035263158787600, 0.47949065233460558266, 0.38258390021591082153, 0.32865632104388958767, 0.36825658396561722352, -0.85859777391064218133, 1.04400793405995306884, 0.23303872178014298222
-------------------------------------------------------------------
| Order |          Error^2           |         Efficiency         |
-------------------------------------------------------------------
|   2   | 9.32704257854598242407e-41 | 2.13935402577869472000e+17 |
|   4   | 3.37187442978159107691e-44 | 2.32473567488293360000e+16 |
|   6   | 3.23897655010167683280e-45 | 1.54974417689790656250e+14 |
|   8   | 3.66603136890711812590e-10 | 9.51744695665458791208e-07 |
-------------------------------------------------------------------

Scheme evaluation results:
Order: 8, No. cycles: 22
-------------------------------------------------------------------
Vector a: 0.17524346388093731131, -0.45304596099367261397, 0.23011161712437128157, 0.82222046401071613442, -0.91014854663414024305, -0.82779593903794579379, 0.11341976197232184198, 0.50641992909461075456, -0.19464647040974228376, 0.10663468028710072766, 1.08602017406625206419, 0.34556682663919080500
Vector b: 0.35048692776187462261, -1.25657884974921985055, 1.71680208399796252472, -0.07236115597653014486, -1.74793593729175023022, 0.09234405921585871202, 0.13449546472878481929, 0.87834439346043668984, -1.26763733427992120184, 1.48090669485412274042, 0.69113365327838161001
-------------------------------------------------------------------
| Order |          Error^2           |         Efficiency         |
-------------------------------------------------------------------
|   2   | 1.49232681256735718785e-40 | 1.69130786072781344000e+17 |
|   4   | 2.15519703813156865508e-42 | 2.90780839431892650000e+15 |
|   6   | 6.95123645084539809192e-44 | 3.34528315968308710938e+13 |
|   8   | 3.88284116841264810239e-10 | 9.24791310943756432237e-07 |
-------------------------------------------------------------------

Scheme evaluation results:
Order: 8, No. cycles: 22
-------------------------------------------------------------------
Vector a: -0.71265364120603347242, 0.11959526046993379511, 0.10466114047319100000, -0.29859600964879973173, 0.97194158723229995278, -0.11032655193832384410, -0.74515696213371807044, 0.47792253384578603503, -1.01593533129829061146, -0.00054722802587189477, 1.89714320693254934191, 0.31195199529727757337
Vector b: -1.42530728241206605666, 1.66449780335193397995, -1.45517552240555292364, 0.85798350310795390428, 1.08589967135664045017, -1.30655277523328927636, -0.18376114903414086932, 1.13960621672570994178, -3.17147687932228450336, 3.17038242327054087255, 0.62390399059455470265
-------------------------------------------------------------------
| Order |          Error^2           |         Efficiency         |
-------------------------------------------------------------------
|   2   | 1.15402780359535706227e-36 | 1.92329765563345000000e+15 |
|   4   | 2.12910275877814407399e-39 | 9.25147469723864218750e+13 |
|   6   | 2.02512313469960013121e-39 | 1.95991933604226318359e+11 |
|   8   | 4.00148007567158819071e-10 | 9.10978702883034995940e-07 |
-------------------------------------------------------------------

Scheme evaluation results:
Order: 8, No. cycles: 22
-------------------------------------------------------------------
Vector a: 0.17199310803613981902, -0.42128133543519835635, -0.35384799638224478935, 0.76837352427016480938, 0.67507154657974766110, -0.77670986117246976210, -0.14168696042901340881, 0.03686758201737467405, -0.98396763450326707456, -0.02135222824599039559, 1.13243793669863768159, 0.91410231856611912082
Vector b: 0.34398621607227974906, -1.18654888694267635074, 0.47885289417818682756, 1.05789415436214251365, 0.29224893879735286406, -1.84566866114229211071, 1.56229474028426551513, -1.48855957624951606988, -0.47937569275701830129, 0.43667123626503751010, 1.82820463713223801960
-------------------------------------------------------------------
| Order |          Error^2           |         Efficiency         |
-------------------------------------------------------------------
|   2   | 4.48415508583941462696e-40 | 9.75695554311910240000e+16 |
|   4   | 2.07174971458102579851e-41 | 9.37865656617172125000e+14 |
|   6   | 1.38952602626486266672e-42 | 7.48222169886100878906e+12 |
|   8   | 4.58993084753020180242e-10 | 8.50580617768646875826e-07 |
-------------------------------------------------------------------

Scheme evaluation results:
Order: 8, No. cycles: 22
-------------------------------------------------------------------
Vector a: -0.61785004456813630291, -0.16639313665504140705, 1.39150569826645975624, -0.01338063639194307479, -0.72821628215912148629, -0.63867816632916063480, -0.86321748293421585174, 0.93812857486101308702, -0.07466009325450272127, -0.02597585740854280525, 1.39243820464951628679, 0.40629922192367506906
Vector b: -1.23570008913627238378, 0.90291381582618934765, 1.88009758070673060892, -1.90685885349061678973, 0.45042628917237376163, -1.72778262183069530877, 0.00134765596226374602, 1.87490949375976212465, -2.02422968026876759495, 1.97227796545168221343, 0.81259844384735036016
-------------------------------------------------------------------
| Order |          Error^2           |         Efficiency         |
-------------------------------------------------------------------
|   2   | 2.11775523999582671083e-37 | 4.48969414121934900000e+15 |
|   4   | 1.57162909526042723553e-39 | 1.07679801576869109375e+14 |
|   6   | 9.99763543829116714040e-42 | 2.78942871262066943359e+12 |
|   8   | 4.84405323953226037863e-10 | 8.27969043678692022378e-07 |
-------------------------------------------------------------------

Scheme evaluation results:
Order: 8, No. cycles: 22
-------------------------------------------------------------------
Vector a: 0.13155356295981829318, -0.57923669665643551241, 0.47914650121386065384, -0.00085837850972026993, -0.89228165410837212423, 0.86381531998176730447, -0.06838272544282750220, -0.49164556189803182429, -0.22335027099864335209, 0.38310089432668920084, 1.07331458637616550256, 0.32482442275572964707
Vector b: 0.26310712591963547613, -1.42158051923250483561, 2.37987352166022114730, -2.38159027867966210934, 0.59702697046292130256, 1.13060366950061430558, -1.26736912038626936550, 0.28407799659020471772, -0.73077853858749142191, 1.49698032724087082279, 0.64964884551145951619
-------------------------------------------------------------------
| Order |          Error^2           |         Efficiency         |
-------------------------------------------------------------------
|   2   | 6.13288922780085059700e-39 | 2.63828724651243280000e+16 |
|   4   | 5.26187573353968810132e-41 | 5.88489858500806625000e+14 |
|   6   | 6.96333589145096307072e-43 | 1.05695194593651875000e+13 |
|   8   | 5.12474097511766946875e-10 | 8.04975372591649700787e-07 |
-------------------------------------------------------------------

Scheme evaluation results:
Order: 8, No. cycles: 22
-------------------------------------------------------------------
Vector a: 0.29048640413918508374, 1.22079667908828826128, 0.09871106564113990567, 0.34065643923131133652, 0.02293663697085012582, -1.14632815565989454321, 1.02081464120781140181, -0.07183544531281368939, -0.64276339362605194871, -0.16666428349642586904, -0.29018535433289427417, 0.32337476614949417497
Vector b: 0.58097280827837738393, 1.86062054989809233518, -1.66319841861583506137, 2.34451129707846783745, -2.29863802313677156874, 0.00598171181713505473, 2.03564757059832768249, -2.17931846122394068388, 0.89379167397185987909, -1.22712024096467042789, 0.64674953229895759677
-------------------------------------------------------------------
| Order |          Error^2           |         Efficiency         |
-------------------------------------------------------------------
|   2   | 2.20548683741925769012e-38 | 1.39124111330895660000e+16 |
|   4   | 3.03629399588231966944e-38 | 2.44983799728763398438e+13 |
|   6   | 1.27298151683136453871e-38 | 7.81722956921664123535e+10 |
|   8   | 5.48461320248223329059e-10 | 7.78118159805469809074e-07 |
-------------------------------------------------------------------

Scheme evaluation results:
Order: 8, No. cycles: 22
-------------------------------------------------------------------
Vector a: -0.58059726872391237418, 0.16654646342354051392, 0.80626799508860580445, -0.75250947632071152338, -0.40003038117281880526, 0.87217890042255841188, -0.18295447436820780340, -0.38430904882295241487, -0.18820049964372115303, 0.32697014332330176511, 1.04551462882005430366, 0.27112301797426330285
Vector b: -1.16119453744782474836, 1.49428746429490577619, 0.11824852588230565231, -1.62326747852372887948, 0.82320671617809126897, 0.92115108466702555479, -1.28706003340344121710, 0.51844193575753627634, -0.89484293504497858240, 1.54878322169158222366, 0.54224603594852660571
-------------------------------------------------------------------
| Order |          Error^2           |         Efficiency         |
-------------------------------------------------------------------
|   2   | 8.29389324676858129402e-40 | 7.17423201699933920000e+16 |
|   4   | 2.26309701988457956954e-43 | 8.97341369825818100000e+15 |
|   6   | 9.44812916885811636382e-44 | 2.86939940584980976562e+13 |
|   8   | 5.76937865237215213312e-10 | 7.58671957671935734200e-07 |
-------------------------------------------------------------------

Scheme evaluation results:
Order: 8, No. cycles: 22
-------------------------------------------------------------------
Vector a: 0.33713311852780625255, 0.52024577162783713913, -0.67723319361327083410, 0.60611286711754497336, 0.00021822379644370905, -1.26209187129143196593, 0.41134790451814623458, -0.40058650239270982008, 0.07078093650724155694, 0.19275447850674068406, 0.35775301026364547674, 0.84356525643200652720
Vector b: 0.67426623705560517763, 0.36622530620007609503, -1.72069169342664984867, 2.93291742766149576838, -2.93248098006860846709, 0.40829723748599128230, 0.41439857155033960057, -1.21557157633578816203, 1.35713344935027979687, -0.97162449233678738203, 1.68713051286404613904
-------------------------------------------------------------------
| Order |          Error^2           |         Efficiency         |
-------------------------------------------------------------------
|   2   | 4.66450421606780721172e-37 | 3.02518468684597450000e+15 |
|   4   | 2.67308612197980589852e-39 | 8.25662957999221875000e+13 |
|   6   | 2.60157585382104567430e-40 | 5.46821609094026062012e+11 |
|   8   | 6.83422073555109695242e-10 | 6.97066244562486007579e-07 |
-------------------------------------------------------------------

Scheme evaluation results:
Order: 8, No. cycles: 22
-------------------------------------------------------------------
Vector a: 0.14058041062278231470, -0.45396681119045928510, 0.09979303862592520113, 0.87142472337399068394, -0.54411607354055824270, -0.37841531350870649675, -0.12770553699401240855, -0.87437688950947889399, -0.00519699193062194732, 1.05861194836193428515, 0.93664515321648522672, 0.27672234247271948471
Vector b: 0.28116082124556451838, -1.18909444362648297755, 1.38868052087833349084, 0.35416892586964809908, -1.44240107295076480654, 0.68557044593335181304, -0.94098151992137668564, -0.80777225909758110234, 0.79737827523633719728, 1.31984562148753159505, 0.55344468494543896941
-------------------------------------------------------------------
| Order |          Error^2           |         Efficiency         |
-------------------------------------------------------------------
|   2   | 2.50538712956019774037e-39 | 4.12778641420216160000e+16 |
|   4   | 1.96812369314420557611e-42 | 3.04286778204244550000e+15 |
|   6   | 3.18819102711344981226e-43 | 1.56203854903908710938e+13 |
|   8   | 6.99419555573186567690e-10 | 6.89048303805033749304e-07 |
-------------------------------------------------------------------

Scheme evaluation results:
Order: 8, No. cycles: 22
-------------------------------------------------------------------
Vector a: 0.29741648573342238659, 1.03048069144242027129, 0.09477385897221712874, 0.04556356277477729283, -0.06910412113653112420, -1.19981262019848022859, -0.01658335176880948794, 0.74146879086659500668, -0.12486956276704178070, -0.24192592190002676356, 0.31836669096674075075, 0.12422549701471638506
Vector b: 0.59483297146684688261, 1.46612841141798910805, -1.27658069347355485057, 1.36770781902310933908, -1.50591606129617150422, -0.89370917910077807278, 0.86054247556315943690, 0.62239510617002147264, -0.87213423170410564467, 0.38828238790405084080, 0.24845099402943301992
-------------------------------------------------------------------
| Order |          Error^2           |         Efficiency         |
-------------------------------------------------------------------
|   2   | 5.79157112689265651033e-36 | 8.58531908998890000000e+14 |
|   4   | 2.55139267774609869797e-39 | 8.45124368264701250000e+13 |
|   6   | 1.01156007664911142258e-40 | 8.76936354622331665039e+11 |
|   8   | 7.41596089618982161446e-10 | 6.69167496581992021990e-07 |
-------------------------------------------------------------------

Scheme evaluation results:
Order: 8, No. cycles: 22
-------------------------------------------------------------------
Vector a: 0.48411991541314008947, -0.64488544833264604961, -0.64184520265001432371, 0.55881198555811117945, -0.51368383854996502169, 0.29962080093475984555, 1.22628037539778822484, -0.13800593321672743885, -0.31768867711052450886, -0.70077209866292333729, 0.26281742749957542893, 1.12523069371942607830
Vector b: 0.96823983082628006791, -2.25801072749157283326, 0.97432032219154385277, 0.14330364892467870042, -1.17067132602460910462, 1.76991292789412901776, 0.68264782290144820909, -0.95865968933490308679, 0.32328233511385429111, -1.72482653243970185386, 2.25046138743885304478
-------------------------------------------------------------------
| Order |          Error^2           |         Efficiency         |
-------------------------------------------------------------------
|   2   | 2.35586746237796829905e-38 | 1.34610584904984100000e+16 |
|   4   | 9.45659262157281176228e-41 | 4.38977172087775125000e+14 |
|   6   | 3.07036142511279886065e-42 | 5.03348947118455761719e+12 |
|   8   | 8.12711610536911370690e-10 | 6.39219950750769564972e-07 |
-------------------------------------------------------------------

Scheme evaluation results:
Order: 8, No. cycles: 22
-------------------------------------------------------------------
Vector a: 0.26592186754631130796, -0.42705779095635448828, 0.14514861914438642598, -0.03925937471510589777, -0.63183162015628524522, 0.93152997373538115600, -0.11886733190695669693, -0.54821019432158268891, -0.13479370832570522487, 0.46392030967825381715, 0.97442217369824934980, 0.11907707657940834467
Vector b: 0.53184373509262261592, -1.38595931700533170350, 1.67625655529410444444, -1.75477530472431619835, 0.49111206441174592996, 1.37194788305901615999, -1.60968254687292944283, 0.51326215822976428704, -0.78284957488117468127, 1.71069019423768220456, 0.23815415315881663383
-------------------------------------------------------------------
| Order |          Error^2           |         Efficiency         |
-------------------------------------------------------------------
|   2   | 3.24294095807906465821e-40 | 1.14732146141289424000e+17 |
|   4   | 3.46090067284322711145e-42 | 2.29464078806045800000e+15 |
|   6   | 2.54090805936039201869e-43 | 1.74972356025028437500e+13 |
|   8   | 8.29871731798741674796e-10 | 6.32576520062974298620e-07 |
-------------------------------------------------------------------

Scheme evaluation results:
Order: 8, No. cycles: 22
-------------------------------------------------------------------
Vector a: 0.16596228670998997012, 0.35888794920922034715, 0.49659698740252689042, -0.21846352006527008927, -0.29824384113409763142, -0.21394562608979311724, -0.38288716553643659113, 0.71893415217856471155, 0.61811632748936573556, -0.72224989782536130889, -0.09954459493136676163, 0.57683694259265783089
Vector b: 0.33192457341999409559, 0.38585132499842317300, 0.60734264980664531830, -1.04426968993719282430, 0.44778200766899212137, -0.87567325984858757071, 0.10989892877570478502, 1.32796937558144034774, -0.09173672060268628359, -1.35276307504806325710, 1.15367388518533009467
-------------------------------------------------------------------
| Order |          Error^2           |         Efficiency         |
-------------------------------------------------------------------
|   2   | 9.41313835619409918491e-40 | 6.73422181544422240000e+16 |
|   4   | 2.78578134707773633700e-42 | 2.55761849407303450000e+15 |
|   6   | 2.49806083465466852567e-43 | 1.76466555984513593750e+13 |
|   8   | 8.57431137854154231918e-10 | 6.22327407576704981502e-07 |
-------------------------------------------------------------------

Scheme evaluation results:
Order: 8, No. cycles: 22
-------------------------------------------------------------------
Vector a: -0.22681124250532841424, 0.61442462938804920380, 0.08033685527848272168, -0.58327664554061053881, 0.34166257809831401815, -0.54253371119280879853, -0.62942154340286882164, 0.61926347422218419592, 0.94082511533857160479, -0.69575653932427861115, -0.00659176280717096909, 1.08787879244746443774
Vector b: -0.45362248501065671746, 1.68247174378675490303, -1.52179803322978934865, 0.35524474214856860410, 0.32808041404805921015, -1.41314783643367669619, 0.15430474962793894189, 1.08422219881642933892, 0.79742803186071375965, -2.18894111050927087092, 2.17575758489492887549
-------------------------------------------------------------------
| Order |          Error^2           |         Efficiency         |
-------------------------------------------------------------------
|   2   | 1.14794370197489014450e-41 | 6.09809721444943872000e+17 |
|   4   | 5.54423737410113874111e-42 | 1.81296061132519950000e+15 |
|   6   | 7.51394471240925046425e-43 | 1.01748945608318066406e+13 |
|   8   | 8.70353975597237454878e-10 | 6.17690034504520019576e-07 |
-------------------------------------------------------------------

Scheme evaluation results:
Order: 8, No. cycles: 22
-------------------------------------------------------------------
Vector a: 0.12252580844268519400, -0.45419195236572390550, 0.12295745862041956853, 0.86724056372661495473, -0.57049522310915479206, -0.38751715750123655324, -0.15601362268373797360, 0.17627773588056711018, 1.17505549307485868127, -0.02769841995290327555, -0.19402991434507063651, 0.32588923021268173530
Vector b: 0.24505161688537052678, -1.15343552161681861534, 1.39935043885765764138, 0.33513068859557226808, -1.47612113481388185221, 0.70108681981140874573, -1.01311406517888480394, 1.36566953694001891328, 0.98444144920969822721, -1.03983828911550468810, 0.65177846042536347060
-------------------------------------------------------------------
| Order |          Error^2           |         Efficiency         |
-------------------------------------------------------------------
|   2   | 3.39791335784567482772e-39 | 3.54444701005004480000e+16 |
|   4   | 7.35541563924096480528e-42 | 1.57400340417315000000e+15 |
|   6   | 6.97907189391030750105e-44 | 3.33860530382064257812e+13 |
|   8   | 8.79114339523929097279e-10 | 6.14604691989724945557e-07 |
-------------------------------------------------------------------

Scheme evaluation results:
Order: 8, No. cycles: 22
-------------------------------------------------------------------
Vector a: 0.36214284559913606509, -0.15534857441421029423, 0.31708563224214869614, -0.00325721797925496333, -0.48857795910723961219, 0.51597932768932297520, 0.32486505897490247641, -0.37911935242748423525, -0.85460651061700343423, -0.08271413700872704000, 0.83909093290805591980, 0.60445995414035358362
Vector b: 0.72428569119827201916, -1.03498284002669271864, 1.66915410451099011091, -1.67566854046949997858, 0.69851262225502075420, 0.33344603312362525172, 0.31628408482617970110, -1.07452278968114822710, -0.63469023155285875237, 0.46926195753540467237, 1.20891990828070716724
-------------------------------------------------------------------
| Order |          Error^2           |         Efficiency         |
-------------------------------------------------------------------
|   2   | 5.24610271802524796037e-39 | 2.85256955978435600000e+16 |
|   4   | 1.52152987256388637561e-41 | 1.09438223612039500000e+15 |
|   6   | 1.33055102391220707430e-43 | 2.41795463401453320312e+13 |
|   8   | 9.70935575882733437015e-10 | 5.84821521428549361583e-07 |
-------------------------------------------------------------------

Scheme evaluation results:
Order: 8, No. cycles: 22
-------------------------------------------------------------------
Vector a: -0.04215298772405202260, -0.76759609091768821187, -0.15586790775009037868, 0.58980190180933123045, -1.15485677389978569352, -0.00142527176185188267, 0.51260998847491578978, 0.11367434251372592058, 1.04832511593220467638, 0.43234854842376924111, 0.29194256497160453456, 0.13319656992791678585
Vector b: -0.08430597545452184205, -1.45088620637442544670, 1.13915039087390890238, 0.04045341274597370057, -2.35016696054703499996, 2.34731641702332760602, -1.32209644007323201542, 1.54944512510093690416, 0.54720510676266742589, 0.31749199008635281549, 0.26639313985604717860
-------------------------------------------------------------------
| Order |          Error^2           |         Efficiency         |
-------------------------------------------------------------------
|   2   | 4.28631796601569244544e-35 | 3.15582161235258125000e+14 |
|   4   | 7.26228016769364063305e-37 | 5.00925080964853222656e+12 |
|   6   | 2.08499878836962538857e-39 | 1.93157249076550750732e+11 |
|   8   | 9.71255557492662416427e-10 | 5.84725178326167877316e-07 |
-------------------------------------------------------------------

Scheme evaluation results:
Order: 8, No. cycles: 22
-------------------------------------------------------------------
Vector a: 0.34403036506278700246, 0.51711422481580626709, -0.79493818807776450708, -0.88986310296068038550, 0.81985541669551909028, -0.07904488885210356197, -0.60434185694013076162, -0.05791670593936831118, 0.74565801027898959141, -0.19475227030262656780, -0.01026374701940028535, 1.20446274323897251080
Vector b: 0.68806073012557411595, 0.34616771950603819619, -1.93604409566156743239, 0.15631788974020663363, 1.48339294365083129712, -1.64148272135503825453, 0.43279900747477717537, -0.54863241935351381162, 2.03994843991149288343, -2.42945298051674596351, 2.40892548647794546568
-------------------------------------------------------------------
| Order |          Error^2           |         Efficiency         |
-------------------------------------------------------------------
|   2   | 2.95968584961676051506e-38 | 1.20096909117227840000e+16 |
|   4   | 1.36150158793799226611e-40 | 3.65847591787869687500e+14 |
|   6   | 2.92827109507440568768e-42 | 5.15416449306051562500e+12 |
|   8   | 1.00525856329736329246e-09 | 5.74750903647313988278e-07 |
-------------------------------------------------------------------

Scheme evaluation results:
Order: 8, No. cycles: 22
-------------------------------------------------------------------
Vector a: 0.47644141490418268070, -0.53448455362448565875, -0.16715846184434576815, 0.01993607909318407395, -0.62757852907366751261, 0.45120762613329357116, 0.65719173445303125103, 0.49967795169564194202, -0.44606044991908544439, -0.94200490528521940714, 0.60716429147988493220, 1.00566780198758554121
Vector b: 0.95288282980836536140, -2.02185193705733645686, 1.68753501336864530913, -1.64766285518227717510, 0.39250579703494198336, 0.50990945523164510345, 0.80447401367441706554, 0.19488188971686681850, -1.08700278955503781830, -0.79700702101540099598, 2.01133560397517108242
-------------------------------------------------------------------
| Order |          Error^2           |         Efficiency         |
-------------------------------------------------------------------
|   2   | 2.37060463806757953522e-39 | 4.24350847112353600000e+16 |
|   4   | 2.89241249686187813975e-41 | 7.93741636190575625000e+14 |
|   6   | 1.63200341027737439956e-42 | 6.90404135460161914062e+12 |
|   8   | 1.00551986885832852152e-09 | 5.74676218218195475791e-07 |
-------------------------------------------------------------------

Scheme evaluation results:
Order: 8, No. cycles: 22
-------------------------------------------------------------------
Vector a: -0.52015067709876761093, -0.46691594695664018211, 1.39379679837382308705, 0.15778560589252274560, -0.01496161020771722382, -0.11516704801794667989, 0.04687978817119920621, -0.04173352441896756304, -0.92407965739753938905, 0.62963043440713051258, 0.51851535815900218207, 0.33640047909390091707
Vector b: -1.04030135419753633208, 0.10646946028425401110, 2.68112413646342684359, -2.36555292467838418347, 2.33562970426294880255, -2.56596380029884008067, 2.65972337664124180989, -2.74319042547917613106, 0.89503111068406093764, 0.36422975813020114222, 0.67280095818780305539
-------------------------------------------------------------------
| Order |          Error^2           |         Efficiency         |
-------------------------------------------------------------------
|   2   | 2.94837860415230784714e-37 | 3.80507317343468950000e+15 |
|   4   | 1.22822969618991621376e-39 | 1.21806223910304390625e+14 |
|   6   | 2.71794944849977041693e-41 | 1.69177743327547656250e+12 |
|   8   | 1.08065804725555976092e-09 | 5.54337689705262350152e-07 |
-------------------------------------------------------------------

Scheme evaluation results:
Order: 8, No. cycles: 22
-------------------------------------------------------------------
Vector a: -0.70267004283584011404, 0.40283460906037638072, 0.03136082428988305748, 0.21051435488474790070, -0.00968866560004739454, -0.71807624809366166208, 0.92268009540104423127, -0.23903187523606933551, -0.65670428096931499073, 0.53417320806939239120, 0.91502206971427513249, 0.30958595131521449151
Vector b: -1.40534008567168022807, 2.21100930379243321156, -2.14828765521266706884, 2.56931636498216287023, -2.58869369618225730889, 1.15254119999493420679, 0.69281899080715414474, -1.17088274127929281576, -0.14252582065933694366, 1.21087223679812150401, 0.61917190263042898302
-------------------------------------------------------------------
| Order |          Error^2           |         Efficiency         |
-------------------------------------------------------------------
|   2   | 9.96989105165192090499e-39 | 2.06923317257765760000e+16 |
|   4   | 6.31214893255113849598e-41 | 5.37304722928897375000e+14 |
|   6   | 8.00656738847488098049e-42 | 3.11702821452109863281e+12 |
|   8   | 1.10514745780014470853e-09 | 5.48161385419989958932e-07 |
-------------------------------------------------------------------

Scheme evaluation results:
Order: 8, No. cycles: 22
-------------------------------------------------------------------
Vector a: -0.61971670542807666404, -0.21316005905674714760, -0.30989695759490287763, -0.71203634132022131098, 1.02434799984220448188, 0.34802835087362593569, -0.01634696909731160608, -0.37127677313032364514, -0.23621240549009947518, 1.21092943928774077200, 0.65782503776817680130, 0.23751538334593477741
Vector b: -1.23943341085614178176, 0.81311329274264998457, -1.43290720793244830134, 0.00883452529201275705, 2.03986147439238685308, -1.34380477264514053282, 1.31111083445051734842, -2.05366438071115853248, 1.58123956973096135847, 0.84061930884449476142, 0.47503076669186633518
-------------------------------------------------------------------
| Order |          Error^2           |         Efficiency         |
-------------------------------------------------------------------
|   2   | 6.52986250924004229509e-38 | 8.08542065991359400000e+15 |
|   4   | 4.59492772944429141641e-41 | 6.29752549223387500000e+14 |
|   6   | 3.16656053154641514742e-41 | 1.56736454291555493164e+12 |
|   8   | 1.34945927862469261009e-09 | 4.96065085866716278373e-07 |
-------------------------------------------------------------------

Scheme evaluation results:
Order: 8, No. cycles: 22
-------------------------------------------------------------------
Vector a: 0.25383137129087457451, -0.22340847308151046136, -0.95593433240493763670, 0.07637625503811104610, 1.06919480545633871493, 0.73923329242738766709, -0.39475224579964235394, -0.39923243946226300016, 0.40411561010379426495, -0.28570676869187200397, 0.12354479135357233910, 0.59273813377014672454
Vector b: 0.50766274258174914902, -0.95447968874476984968, -0.95738897606510597882, 1.11014148614132812654, 1.02824812477134996946, 0.45021846008342536472, -1.23972295168270996157, 0.44125807275818379471, 0.36697314744940451314, -0.93838668483314846558, 1.18547626754029344909
-------------------------------------------------------------------
| Order |          Error^2           |         Efficiency         |
-------------------------------------------------------------------
|   2   | 6.89914164886908976845e-39 | 2.48746573775101320000e+16 |
|   4   | 7.22509488205875681768e-42 | 1.58813530100942125000e+15 |
|   6   | 1.09895189918035898142e-43 | 2.66056928542172187500e+13 |
|   8   | 1.43143605164003709721e-09 | 4.81651123790590296995e-07 |
-------------------------------------------------------------------

Scheme evaluation results:
Order: 8, No. cycles: 22
-------------------------------------------------------------------
Vector a: -0.60458441682695696073, 0.06939280841726354343, 0.80473708126155518716, 0.29111679548293234454, -0.53589873878870974977, -0.30783386190528921889, -0.14110739184765586085, 0.20497454377891130561, 1.02972623727596701571, -0.46785329484481835705, -0.05287277107419949967, 0.71020300907100031296
Vector b: -1.20916883365391392147, 1.34795445048844109159, 0.26151971203466917171, 0.32071387893119557289, -1.39251135650861512794, 0.77684363269803669017, -1.05905841639334852289, 1.46900750395117096758, 0.59044497060076295281, -1.52615156029039966690, 1.42040601814200062591
-------------------------------------------------------------------
| Order |          Error^2           |         Efficiency         |
-------------------------------------------------------------------
|   2   | 1.95150429335731324565e-40 | 1.47900581943881568000e+17 |
|   4   | 6.56928720075474242849e-42 | 1.66552115047194725000e+15 |
|   6   | 1.27971290091448543935e-43 | 2.46551495406971601562e+13 |
|   8   | 1.49629873285791999841e-09 | 4.71095981142562589196e-07 |
-------------------------------------------------------------------

Scheme evaluation results:
Order: 8, No. cycles: 22
-------------------------------------------------------------------
Vector a: -0.53126702480889242963, -0.10023350665139388327, 0.76406468731296306451, 0.59595920970998306210, -0.87300799984781318752, 0.00766122874564405601, -0.21018100903507258570, -1.30365259056930726800, 0.11490120124084758635, -0.05097028704131362914, 1.23549014513796673320, 1.35123594580638850537
Vector b: -1.06253404961778463722, 0.86206703631499703722, 0.66606233831092853670, 0.52585608110903803158, -2.27187208080466396254, 2.28719453829595176231, -2.70755655636609660064, 0.10025137522748116259, 0.12955102725421407950, -0.23149160133684137941, 2.70247189161277567848
-------------------------------------------------------------------
| Order |          Error^2           |         Efficiency         |
-------------------------------------------------------------------
|   2   | 4.32602584089237350955e-37 | 3.14130484178614200000e+15 |
|   4   | 6.18566773316118050715e-40 | 1.71639002833166906250e+14 |
|   6   | 1.21074191420790175098e-40 | 8.01563857056593383789e+11 |
|   8   | 1.63106726713678097209e-09 | 4.51214053084320872575e-07 |
-------------------------------------------------------------------

Scheme evaluation results:
Order: 8, No. cycles: 22
-------------------------------------------------------------------
Vector a: 0.11755509092808080762, -0.38690444710344545909, -0.25767599151611869646, 1.04227860816733230997, 0.94485636721155696893, -0.06403173370852449642, -0.83517724755515254653, -0.30213693852038231435, 0.66271313027795364370, -0.46318018208229089216, -0.13227134934632062135, 0.67397469324731107410
Vector b: 0.23511018185616230913, -1.00891907606305419876, 0.49356709303081691687, 1.59099012330384792513, 0.29872261111926573518, -0.42678607853631472802, -1.24356841657398997647, 0.63929453953322545878, 0.68613172102268171759, -1.61249208518726327988, 1.34794938649462214819
-------------------------------------------------------------------
| Order |          Error^2           |         Efficiency         |
-------------------------------------------------------------------
|   2   | 5.38729979336815944814e-38 | 8.90162031962007000000e+15 |
|   4   | 4.12990683405810087143e-41 | 6.64261603344342875000e+14 |
|   6   | 4.81155122948921038880e-43 | 1.27151461965129824219e+13 |
|   8   | 1.89690506279734754077e-09 | 4.18403930441478657458e-07 |
-------------------------------------------------------------------

Scheme evaluation results:
Order: 8, No. cycles: 22
-------------------------------------------------------------------
Vector a: 0.41609882463493724769, 0.51886674745057781433, -0.18518139815178183416, -0.74978417393373320010, -0.66207112467378026466, 0.73622973575597883134, 0.65477662999354568907, -0.51178597748857246330, -0.48302301323519258869, -0.13588411996100155377, 0.51942822414247646901, 0.88232964546654590876
Vector b: 0.83219764926987449538, 0.20553584563128121654, -0.57589864193484485710, -1.40361342051221238414, 0.55941488574424247382, 0.91304458576771518885, 0.39650867421937607826, -1.42008062919652089384, 0.45403460272613566096, -0.72580284264813876849, 1.76465929093309181752
-------------------------------------------------------------------
| Order |          Error^2           |         Efficiency         |
-------------------------------------------------------------------
|   2   | 1.24264905738781858142e-39 | 5.86111700149359200000e+16 |
|   4   | 1.10534422865941570554e-41 | 1.28398663358202825000e+15 |
|   6   | 2.19181588181465836329e-43 | 1.88391749980279492188e+13 |
|   8   | 2.01240762431935913736e-09 | 4.06219321467277867524e-07 |
-------------------------------------------------------------------

Scheme evaluation results:
Order: 8, No. cycles: 22
-------------------------------------------------------------------
Vector a: -0.55820026418618517994, -0.50283011298524471488, 0.10692075755092460276, 0.45025038404855710628, 0.57029400837790333867, -0.48749641019620021387, 0.60424989424453467990, -0.00046970292943889549, -1.29566272497705936573, 0.66732766795794928871, 1.07239832898988218801, 0.37321817410437702067
Vector b: -1.11640052837237035988, 0.11074030240188069418, 0.10310121269996813664, 0.79739955539714668653, 0.34318846135866060143, -1.31818128175106163980, 2.52668107024013544049, -2.52762047609901330247, -0.06370497385511048050, 1.39836030977100977957, 0.74643634820875437441
-------------------------------------------------------------------
| Order |          Error^2           |         Efficiency         |
-------------------------------------------------------------------
|   2   | 4.19343834331427369786e-38 | 1.00894968109872280000e+16 |
|   4   | 3.19664205681777270219e-41 | 7.55026634579781125000e+14 |
|   6   | 7.77439304468595039572e-43 | 1.00030092055404863281e+13 |
|   8   | 2.25015713601541979850e-09 | 3.84159988504677717790e-07 |
-------------------------------------------------------------------

Scheme evaluation results:
Order: 8, No. cycles: 22
-------------------------------------------------------------------
Vector a: -0.55682644446798967852, -0.47383449106359221137, 0.18589024433085751808, 0.42585126864601824392, 0.46888461018669869151, -0.43953806517481575078, -0.64582467903579421353, 0.59684388718882586122, 1.05238200223134215072, -0.48707044437387569946, -0.00450573324511446566, 0.87774784477743950095
Vector b: -1.11365288893597957909, 0.16598390680879507308, 0.20579658185291996308, 0.64590595543911644150, 0.29186326493428094153, -1.17093939528391244309, -0.12070996278767598398, 1.31439773716532770642, 0.79036626729735659502, -1.76450715604510799395, 1.75549568955487900190
-------------------------------------------------------------------
| Order |          Error^2           |         Efficiency         |
-------------------------------------------------------------------
|   2   | 1.67169301600093377293e-40 | 1.59799852577190048000e+17 |
|   4   | 1.52461272918540097317e-42 | 3.45723981599852250000e+15 |
|   6   | 4.34588804949927877654e-43 | 1.33790306214606660156e+13 |
|   8   | 2.28164933148461092998e-09 | 3.81499615297490360158e-07 |
-------------------------------------------------------------------

Scheme evaluation results:
Order: 8, No. cycles: 22
-------------------------------------------------------------------
Vector a: 0.80390242495208108497, 0.04054436854172277505, -1.34914792300004315884, -0.34687427825041905471, 0.36584411238892783347, 0.30460119463699236730, -0.53518632868369631073, 0.02005056764058155139, 1.57245404550504708219, -0.02638739152119083664, -0.35786633116231569840, 0.50806553895231243434
Vector b: 1.60780484990416261404, -1.52671611282071695292, -1.17157973317936936475, 0.47783117667853114430, 0.25385704809932374548, 0.35534534117466243242, -1.42571799854205516489, 1.46581913382321848971, 1.67908895718687545262, -1.73186374022925715366, 1.01613107790462509072
-------------------------------------------------------------------
| Order |          Error^2           |         Efficiency         |
-------------------------------------------------------------------
|   2   | 7.00245658204682988145e-40 | 7.80781340865590080000e+16 |
|   4   | 4.23668577703965193223e-41 | 6.55837354768978125000e+14 |
|   6   | 6.33661572005696998525e-42 | 3.50376709618580078125e+12 |
|   8   | 2.45817807800686365905e-09 | 3.67546154089323122187e-07 |
-------------------------------------------------------------------

Scheme evaluation results:
Order: 8, No. cycles: 22
-------------------------------------------------------------------
Vector a: -0.46468539378601159129, -0.55549279947550656011, 0.41291153974441868746, 0.76589776427727096486, 0.46419121584647299317, 0.35555251004705717977, -0.24599650891639004979, 0.35613992543327477325, -0.00155187694629118039, -0.56907039399048331418, 0.33513102405780037518, 0.14697299370838781685
Vector b: -0.92937078757202684631, -0.18161481137899021521, 1.00743789086783053222, 0.52435763768671694862, 0.40402479400623220185, 0.30708022608788398955, -0.79907324392066558794, 1.51135309478722179577, -1.51445684867980423505, 0.37631606069882567178, 0.29394598741677574472
-------------------------------------------------------------------
| Order |          Error^2           |         Efficiency         |
-------------------------------------------------------------------
|   2   | 1.72909020109967828015e-39 | 4.96873475546090560000e+16 |
|   4   | 9.45632987811075085907e-41 | 4.38983270520374812500e+14 |
|   6   | 1.57923477926451792473e-41 | 2.21942546735271435547e+12 |
|   8   | 2.81448391510112298630e-09 | 3.43494009908055634118e-07 |
-------------------------------------------------------------------

Scheme evaluation results:
Order: 8, No. cycles: 22
-------------------------------------------------------------------
Vector a: -0.85951298809766485398, -0.01887686186581893563, 0.34743173736480359448, -0.39333306656385885747, 0.25052018422012539700, 0.56047111943685168356, -0.29632873935740683402, -0.28049402034221160296, -0.08795023789146445836, 0.24772403702139952908, 1.14584004376160875083, 0.38450879231363660482
Vector b: -1.71902597619532970796, 1.68127225246369182976, -0.98640877773408441875, 0.19974264460636692586, 0.30129772383388198076, 0.81964451503982405089, -1.41230199375463816303, 0.85131395307021440200, -1.02721442885314351301, 1.52266250289594307077, 0.76901758462727365373
-------------------------------------------------------------------
| Order |          Error^2           |         Efficiency         |
-------------------------------------------------------------------
|   2   | 1.14794370197489014450e-40 | 1.92838765907884832000e+17 |
|   4   | 3.12349427698001725109e-41 | 7.63816295367724500000e+14 |
|   6   | 3.58372738532921954582e-42 | 4.65903992795329101562e+12 |
|   8   | 3.30488056263618974564e-09 | 3.16986428741705188869e-07 |
-------------------------------------------------------------------

Scheme evaluation results:
Order: 8, No. cycles: 22
-------------------------------------------------------------------
Vector a: -0.57833503754165549449, 1.23988554010404516958, -0.00116302174668021481, -1.32154094042234238060, 0.82810540861049397598, -1.23953500010427353217, 0.01398137877535514384, 1.54937719047204391920, -1.62465312890153379399, -0.01078187520998720970, 1.86206440080401991466, 0.28259508516051473626
Vector b: -1.15667007508331121102, 3.63644115529140599108, -3.63876719878476606596, 0.99568531794007753000, 0.66052549928090942277, -3.13959549948946037290, 3.16755825704017057731, -0.06880387609607974131, -3.18050238170699151041, 3.15893863128701735121, 0.56519017032102858433
-------------------------------------------------------------------
| Order |          Error^2           |         Efficiency         |
-------------------------------------------------------------------
|   2   | 5.45264648860308006962e-37 | 2.79802098506044500000e+15 |
|   4   | 2.05712779569010527854e-38 | 2.97631326899710742188e+13 |
|   6   | 6.38762958163485860059e-39 | 1.10355517918939025879e+11 |
|   8   | 3.83036618484029266397e-09 | 2.94441082729132249861e-07 |
-------------------------------------------------------------------

Scheme evaluation results:
Order: 8, No. cycles: 22
-------------------------------------------------------------------
Vector a: -0.77694734005250043474, 0.14707007748271980208, 0.87958330159030673201, -0.89071412936951344097, 0.07608100415617952139, 0.05882773073221708032, -0.32618549283045561449, 1.56843330022671190171, -0.03439779336463159864, -0.83394439033505807224, 0.68186632050110196346, 0.45032741126292208378
Vector b: -1.55389468010499998130, 1.84803483507043964096, -0.08886823188982781452, -1.69256002684919804047, 1.84472203516155719427, -1.72706657369712268668, 1.07469558803621167975, 2.06217101241721101346, -2.13096659914647412748, 0.46307781847635942629, 0.90065482252584416756
-------------------------------------------------------------------
| Order |          Error^2           |         Efficiency         |
-------------------------------------------------------------------
|   2   | 3.79309297725053075997e-38 | 1.06085955942498060000e+16 |
|   4   | 7.74805946894477854855e-41 | 4.84967688254272687500e+14 |
|   6   | 8.26034008730065442941e-42 | 3.06877431838984179688e+12 |
|   8   | 4.62652920024087447826e-09 | 2.67911218520516244236e-07 |
-------------------------------------------------------------------

Scheme evaluation results:
Order: 8, No. cycles: 22
-------------------------------------------------------------------
Vector a: 1.87662153464990955065, -0.00021242382925762578, -1.44481745831105712341, -0.05958767103579083041, -0.19249083541119368923, 0.67615497808322611029, -0.15974263988119966062, -0.57914147069671229051, 1.11067156606032946264, 0.00470246602204761610, -0.69024216710675290187, 0.45808412145645149849
Vector b: 3.75324306929974227387, -3.75366791695825741115, 0.86403300033620467069, -0.98320834240779619861, 0.59822667158540465682, 0.75408328458106688164, -1.07356856434348224560, -0.08471437704990443518, 2.30605750917050800197, -2.29665257712641190935, 0.91616824291292608962
-------------------------------------------------------------------
| Order |          Error^2           |         Efficiency         |
-------------------------------------------------------------------
|   2   | 4.50332718059202276098e-35 | 3.07884544208367500000e+14 |
|   4   | 3.96836772547991031715e-37 | 6.77646691459012207031e+12 |
|   6   | 1.33085939892124783243e-37 | 2.41767448421778182983e+10 |
|   8   | 5.09079640728413130665e-09 | 2.55402820461746653491e-07 |
-------------------------------------------------------------------

Scheme evaluation results:
Order: 8, No. cycles: 22
-------------------------------------------------------------------
Vector a: 0.29680722366235745557, 0.85401300622795328632, 0.65562047936359935107, 0.15865712079425697834, -0.15782019147596257347, -1.07250304441518551357, 0.02241846403042649372, 0.22461877854264111765, -2.90108309922475049447, -0.00003667265516578777, 2.58405712364433526318, 0.33525081150549462805
Vector b: 0.59361444732479240471, 1.11441156513112371584, 0.19682939359611029140, 0.12048484799242444032, -0.43612523094436411730, -1.70888085788609744853, 1.75371778594695770792, -1.30448022886164705092, -4.49768596958825916943, 4.49761262427792729568, 0.67050162301103144458
-------------------------------------------------------------------
| Order |          Error^2           |         Efficiency         |
-------------------------------------------------------------------
|   2   | 7.03747460467557390531e-36 | 7.78836359364933750000e+14 |
|   4   | 3.03940179561649924874e-38 | 2.44858519268665468750e+13 |
|   6   | 1.02195703936395347545e-36 | 8.72464159468085670471e+09 |
|   8   | 5.38225048386441056483e-09 | 2.48391425967222207911e-07 |
-------------------------------------------------------------------

Scheme evaluation results:
Order: 8, No. cycles: 22
-------------------------------------------------------------------
Vector a: 0.26749397484873188580, 0.62894478803925901733, -0.31179103846752409535, 0.14266733264324715780, 1.04804352433045933068, -0.04468430690795930499, -1.12448279553115826346, -0.45124892104110192470, -0.19105259551863496004, -0.54412782653370894703, 0.81178893033812549174, 0.76844893380026457752
Vector b: 0.53498794969746410466, 0.72290162638105393000, -1.34648370331610167661, 1.63181836860259599220, 0.46426868005832311326, -0.55363729387424176487, -1.69532829718807542818, 0.79283045510587124571, -1.17493564614314149885, 0.08667999307572281376, 1.53689786760052915504
-------------------------------------------------------------------
| Order |          Error^2           |         Efficiency         |
-------------------------------------------------------------------
|   2   | 4.31196353054318110528e-40 | 9.94986295100405280000e+16 |
|   4   | 1.73640497908345382526e-40 | 3.23954312342928750000e+14 |
|   6   | 7.36030992044961491100e-42 | 3.25099172676578857422e+12 |
|   8   | 6.25045835368798004019e-09 | 2.30495589952923069942e-07 |
-------------------------------------------------------------------

Scheme evaluation results:
Order: 8, No. cycles: 22
-------------------------------------------------------------------
Vector a: 0.54037403820950535849, -0.49132832706977930259, -0.73432613870887386565, 0.59851550271645181933, 0.60773247851694589539, -0.16315812758903772139, -0.94984284952600106511, -0.29962309594337654950, 0.32849020574109061288, -0.17577062968350121164, 0.70757226576733278645, 1.03136467756924310457
Vector b: 1.08074807641901071698, -2.06340473055856943319, 0.59475245314082181292, 0.60227855229208171473, 0.61318640474181007605, -0.93950265991988546332, -0.96018303913211644485, 0.36093684724536301278, 0.29604356423681799093, -0.64758482360382030318, 2.06272935513848620914
-------------------------------------------------------------------
| Order |          Error^2           |         Efficiency         |
-------------------------------------------------------------------
|   2   | 3.33197834146349207505e-38 | 1.13188825495496400000e+16 |
|   4   | 4.22114888031645052296e-41 | 6.57043225303059375000e+14 |
|   6   | 2.55764014910827596353e-42 | 5.51498321120618457031e+12 |
|   8   | 2.33155733801637901618e-08 | 1.19342602249121307643e-07 |
-------------------------------------------------------------------

Scheme evaluation results:
Order: 8, No. cycles: 22
-------------------------------------------------------------------
Vector a: -0.20644010878650312368, -0.07169589737627823922, 0.38798049372183429639, 0.20644010878650312368, -1.54585767518157357614, 0.44246102642530621418, 1.15171387079917875162, -0.20042392441930242941, -0.47073452728697123826, -0.27452772731577723686, 0.43511863270643402757, 1.14596572792714956890
Vector b: 1.87979677340754225412, -1.22695020523475162300, -2.30591210786170375258, 0.42611533445416160948, -0.00524574720253131663, 0.89016780005314322111, 1.41325994154521428214, -1.81410779038381897443, 0.87263873580987660894, -1.42169419044143108266, 2.29193145585429913780
-------------------------------------------------------------------
| Order |          Error^2           |         Efficiency         |
-------------------------------------------------------------------
|   2   | 1.99260785253615165589e-37 | 4.62853678516086400000e+15 |
|   4   | 9.92595754219840924018e-41 | 4.28472615061665437500e+14 |
|   6   | 4.51273938498279038768e-42 | 4.15187039798685693359e+12 |
|   8   | 1.17145358874966210606e-07 | 5.32422021272146734150e-08 |
-------------------------------------------------------------------

Scheme evaluation results:
Order: 8, No. cycles: 22
-------------------------------------------------------------------
Vector a: 0.32976998923665068464, 0.71075885628074342293, -0.24879432090962841362, -1.63881855616088323302, -0.79998017725069192618, 1.13525823830900551847, 0.07216987349028758381, -0.86196209029282910841, -0.28874310056845126082, 0.69544023921815667499, 1.43557773600183335994, 0.45932331264580672503
Vector b: 0.65953997847330159132, 0.76197773408818558760, -1.25956637590744247035, -2.01807073641432577205, 0.41811038191294125355, 1.85240609470507067158, -1.70806634772449528192, -0.01585783286116297999, -0.56162836827574036391, 1.95250884671205438003, 0.91864662529161356108
-------------------------------------------------------------------
| Order |          Error^2           |         Efficiency         |
-------------------------------------------------------------------
|   2   | 1.78324444524034372272e-37 | 4.89270688310477900000e+15 |
|   4   | 4.44741304010481792336e-40 | 2.02420989804241968750e+14 |
|   6   | 2.70542697678467692226e-41 | 1.69568823498173999023e+12 |
|   8   | 1.22066672408356087131e-06 | 1.64937725219301203518e-08 |
-------------------------------------------------------------------

Scheme evaluation results:
Order: 8, No. cycles: 22
-------------------------------------------------------------------
Vector a: 1.57866865093967900791, -0.06045662923457791049, -0.87772992297514307314, -0.04251510630489959558, 0.69891002093631371395, 0.16359945176746404361, -0.34735172572500128130, -0.17851659939958364198, -2.07383985194598130519, -0.04909516466715727750, 1.52134282877013249369, 0.66698404783875464563
Vector b: 3.15733730187935712763, -3.27825056034851280984, 1.52279071439823110445, -1.60782092700803036500, 3.00564096888065357405, -2.67844206534572570888, 1.98373861389572359037, -2.34077181269489065230, -1.80690789119707106991, 1.70871756186275658429, 1.33396809567750840309
-------------------------------------------------------------------
| Order |          Error^2           |         Efficiency         |
-------------------------------------------------------------------
|   2   | 1.50479635103005943205e-36 | 1.68428574748999550000e+15 |
|   4   | 1.03566185992393552706e-38 | 4.19469400415477109375e+13 |
|   6   | 1.86977886348154991336e-38 | 6.45013481584697189331e+10 |
|   8   | 2.34542759757994193634e-06 | 1.18989198159952548202e-08 |
-------------------------------------------------------------------

